E2082	successor	E2102
E1959	predecessor	E150
E1339	spouse	E1690
E947	successor	E527
E2101	predecessor	E2093
E2094	predecessor	E402
E248	spouse	E1035
E1665	child	E1173
E1780	child	E1876
E1190	child	E1808
E1188	parent	E1899
E872	father	E877
E1234	parent	E1951
E572	parent	E243
E224	parent	E1339
E1007	father	E446
E651	parent	E914
E1621	spouse	E1490
E128	parent	E1951
E314	child	E1792
E15	parent	E677
E2167	spouse	E1703
E406	mother	E1559
E1377	father	E1759
E997	predecessor	E1023
E1611	spouse	E416
E1522	type	Person
E1815	type	Person
E1939	successor	E115
E299	child	E143
E313	child	E1463
E2189	mother	E1159
E1918	type	Person
E2211	successor	E1746
E1868	father	E304
E364	successor	E196
E1859	successor	E1109
E629	successor	E1769
E876	spouse	E2018
E1376	spouse	E364
E211	successor	E885
E1584	parent	E674
E778	predecessor	E514
E498	type	Person
E277	successor	E1622
E825	child	E416
E1569	parent	E1636
E1584	predecessor	E1797
E1847	parent	E2034
E1675	successor	E500
E57	child	E2021
E1805	mother	E2072
E276	parent	E592
E1693	child	E482
E964	father	E2137
E506	child	E1930
E2045	successor	E872
E1395	child	E717
E488	spouse	E446
E272	spouse	E831
E2095	type	Person
E516	successor	E711
E2014	child	E295
E958	child	E1492
E711	mother	E1958
E1640	successor	E598
E331	father	E914
E1753	parent	E463
E766	parent	E1659
E204	successor	E159
E1777	parent	E1980
E760	predecessor	E1150
E482	father	E1792
E932	successor	E123
E2119	successor	E1759
E912	spouse	E1650
E2121	spouse	E1211
E1803	parent	E2067
E1162	parent	E2081
E2167	successor	E95
E1878	child	E321
E102	successor	E2098
E927	successor	E2034
E1662	parent	E271
E331	child	E1211
E435	successor	E1162
E1994	spouse	E350
E508	successor	E111
E232	parent	E560
E49	successor	E493
E1815	spouse	E422
E168	predecessor	E1017
E839	successor	E600
E942	spouse	E378
E1879	parent	E1844
E931	child	E1848
E1500	mother	E212
E654	child	E295
E1563	mother	E1666
E967	child	E144
E1293	type	Person
E723	child	E871
E1715	spouse	E1307
E1411	spouse	E623
E1820	child	E2029
E1071	parent	E605
E445	type	Person
E604	type	Person
E1323	father	E276
E1376	predecessor	E1689
E271	type	Person
E1293	parent	E2062
E993	predecessor	E90
E322	predecessor	E1512
E1122	parent	E1201
E1666	spouse	E857
E209	type	Person
E1859	child	E1437
E33	mother	E1801
E1372	parent	E1696
E1529	successor	E1109
E2101	type	Person
E710	successor	E441
E318	type	Person
E823	successor	E1750
E1044	type	Person
E573	child	E1615
E448	father	E1159
E46	predecessor	E410
E1325	type	Person
E1162	parent	E1240
E677	spouse	E682
E1207	father	E1041
E238	spouse	E459
E665	father	E1051
E2137	parent	E881
E1428	predecessor	E593
E1770	child	E1251
E2086	parent	E745
E1288	parent	E1565
E371	child	E490
E220	parent	E645
E871	spouse	E1044
E1376	child	E307
E2099	predecessor	E1450
E2101	child	E1293
E785	successor	E1613
E914	father	E377
E1626	type	Person
E728	parent	E1603
E96	spouse	E565
E371	successor	E86
E424	father	E377
E463	type	Person
E448	father	E482
E756	successor	E654
E1636	father	E1376
E296	parent	E1132
E2100	successor	E1530
E1190	type	Person
E838	predecessor	E1522
E1981	child	E49
E1691	mother	E664
E700	predecessor	E1714
E1377	mother	E1439
E1970	child	E1885
E482	successor	E509
E1474	parent	E448
E2074	spouse	E2076
E142	predecessor	E2157
E1690	parent	E1264
E839	predecessor	E209
E1924	type	Person
E953	child	E378
E276	parent	E2076
E2188	type	Person
E1863	parent	E1104
E1672	child	E1445
E64	child	E1558
E1951	mother	E298
E715	parent	E1762
E321	successor	E111
E366	parent	E2061
E478	successor	E1175
E927	child	E1083
E2134	parent	E445
E2202	father	E469
E1884	child	E621
E1327	successor	E355
E465	mother	E658
E2067	mother	E1924
E1262	predecessor	E664
E516	successor	E1152
E617	mother	E2097
E442	child	E377
E459	spouse	E1093
E545	mother	E605
E46	parent	E720
E700	child	E825
E983	predecessor	E1715
E1144	father	E435
E224	parent	E86
E42	type	Person
E503	type	Person
E1293	mother	E732
E1900	predecessor	E1819
E1375	father	E1836
E1481	father	E125
E1170	spouse	E1277
E1691	spouse	E1473
E73	predecessor	E1519
E527	father	E1908
E2119	parent	E1949
E358	predecessor	E469
E942	child	E85
E1296	child	E1265
E515	predecessor	E156
E508	type	Person
E1534	father	E717
E1369	mother	E1208
E993	child	E2183
E1996	mother	E1033
E1889	child	E1175
E1473	successor	E2201
E267	predecessor	E2007
E764	spouse	E1949
E2201	child	E109
E1097	successor	E256
E823	parent	E727
E1696	father	E646
E1715	successor	E1815
E1171	successor	E1796
E2074	spouse	E66
E827	type	Person
E1654	spouse	E1208
E1437	successor	E686
E364	predecessor	E1304
E599	mother	E1102
E345	father	E646
E1779	father	E72
E730	type	Person
E613	type	Person
E286	predecessor	E796
E156	successor	E422
E1245	successor	E1740
E560	predecessor	E1187
E1216	mother	E1372
E1980	father	E325
E622	parent	E1044
E255	mother	E964
E829	parent	E1603
E1167	successor	E537
E1504	type	Person
E1160	father	E1092
E388	successor	E199
E1876	type	Person
E2030	spouse	E183
E987	mother	E1222
E304	spouse	E1165
E545	father	E1119
E2045	parent	E735
E1365	parent	E632
E743	parent	E1893
E440	successor	E1891
E1606	father	E851
E1929	parent	E334
E1960	predecessor	E1650
E2030	spouse	E2098
E71	father	E786
E56	child	E1268
E527	spouse	E993
E796	parent	E1715
E839	spouse	E721
E1818	spouse	E646
E485	successor	E1893
E1249	parent	E971
E1414	successor	E970
E25	father	E1071
E655	type	Person
E1606	spouse	E1868
E835	spouse	E438
E591	successor	E1169
E1139	predecessor	E868
E927	type	Person
E942	parent	E1929
E915	type	Person
E338	successor	E1844
E1060	child	E1136
E98	spouse	E275
E1397	successor	E1874
E1045	predecessor	E1269
E47	parent	E722
E1859	spouse	E680
E402	spouse	E1526
E2036	parent	E1818
E1488	spouse	E764
E857	predecessor	E1445
E1551	parent	E447
E957	parent	E526
E442	spouse	E892
E1043	father	E681
E1620	parent	E688
E447	child	E1019
E1639	spouse	E1654
E942	type	Person
E1244	mother	E1504
E882	type	Person
E2090	parent	E224
E321	type	Person
E482	predecessor	E1214
E1985	predecessor	E1570
E644	spouse	E1780
E598	parent	E371
E2047	successor	E1650
E2202	spouse	E1937
E94	spouse	E613
E193	mother	E2167
E1808	child	E1900
E1804	child	E75
E1955	successor	E1122
E1980	predecessor	E1112
E1180	type	Person
E1460	mother	E925
E1585	child	E2177
E1681	predecessor	E334
E1985	successor	E1612
E1053	predecessor	E1828
E932	spouse	E803
E1818	spouse	E2048
E421	predecessor	E249
E121	successor	E2142
E1542	father	E508
E1109	successor	E2006
E1306	parent	E737
E1876	father	E255
E333	type	Person
E157	predecessor	E165
E1024	parent	E960
E1367	predecessor	E2008
E46	type	Person
E304	spouse	E1750
E1095	parent	E1757
E717	child	E760
E1651	spouse	E1175
E636	father	E1996
E1708	parent	E782
E57	type	Person
E143	father	E796
E575	child	E581
E971	mother	E1231
E150	type	Person
E1312	successor	E1632
E958	child	E2164
E169	type	Person
E46	predecessor	E2074
E745	child	E1764
E1891	father	E1811
E1167	mother	E956
E1563	predecessor	E1328
E1589	mother	E229
E918	parent	E1180
E800	type	Person
E1393	parent	E246
E284	successor	E936
E1500	successor	E227
E1863	parent	E936
E1614	successor	E409
E882	child	E1266
E593	parent	E68
E1229	father	E1551
E621	spouse	E669
E2182	parent	E509
E504	child	E318
E1690	mother	E1476
E1690	spouse	E1656
E810	type	Person
E838	spouse	E1679
E1580	type	Person
E1384	type	Person
E1666	type	Person
E2072	child	E1483
E344	successor	E111
E1589	mother	E1796
E1376	father	E36
E970	type	Person
E1207	spouse	E1765
E609	child	E1708
E1437	spouse	E1691
E295	spouse	E1414
E1936	type	Person
E598	parent	E1644
E556	father	E338
E1428	successor	E2005
E90	predecessor	E144
E1710	parent	E1369
E307	predecessor	E1109
E1443	child	E1554
E812	successor	E78
E65	spouse	E1779
E1339	successor	E277
E77	father	E1632
E81	child	E1139
E1498	type	Person
E1517	parent	E1124
E914	spouse	E956
E377	successor	E94
E637	child	E304
E1595	father	E2086
E693	type	Person
E2186	spouse	E57
E1025	predecessor	E172
E1437	father	E1886
E756	spouse	E1678
E729	spouse	E2064
E1763	spouse	E643
E2136	successor	E1204
E1428	parent	E729
E209	mother	E857
E479	type	Person
E414	child	E350
E154	spouse	E211
E1310	successor	E741
E2003	type	Person
E2172	parent	E1033
E1288	child	E766
E937	type	Person
E1849	father	E275
E406	spouse	E1287
E266	parent	E2061
E155	type	Person
E109	spouse	E717
E862	successor	E592
E1582	type	Person
E77	successor	E1612
E871	successor	E979
E106	spouse	E1437
E328	successor	E479
E131	parent	E1662
E800	father	E1163
E830	parent	E1265
E144	child	E436
E1041	type	Person
E1323	spouse	E1622
E1964	child	E388
E2055	parent	E1900
E12	type	Person
E920	mother	E24
E821	spouse	E132
E881	parent	E662
E2116	mother	E1960
E220	successor	E449
E1715	successor	E135
E1500	successor	E275
E1229	child	E1045
E760	father	E1848
E240	spouse	E1675
E2003	father	E2211
E1122	parent	E1725
E1833	successor	E715
E13	parent	E2206
E588	spouse	E693
E1689	spouse	E131
E1431	successor	E831
E1962	successor	E2124
E277	predecessor	E1099
E184	predecessor	E700
E122	child	E327
E1216	predecessor	E824
E1375	spouse	E1963
E194	child	E369
E1749	child	E674
E682	spouse	E621
E798	father	E967
E613	parent	E299
E268	successor	E1470
E622	father	E1631
E524	type	Person
E1585	parent	E1446
E823	parent	E1261
E77	predecessor	E1375
E34	parent	E1811
E1966	spouse	E1995
E1746	type	Person
E307	child	E1281
E2094	parent	E358
E307	parent	E1158
E2183	father	E1142
E845	child	E1907
E551	spouse	E243
E1364	type	Person
E865	spouse	E1033
E1891	father	E946
E1104	father	E1963
E1121	father	E47
E2167	mother	E2074
E1074	parent	E1995
E25	child	E49
E1265	predecessor	E1889
E371	spouse	E1483
E1170	successor	E1825
E893	father	E1268
E1481	child	E1644
E1298	spouse	E1171
E1339	successor	E859
E1615	successor	E1365
E1879	parent	E1495
E1099	successor	E406
E920	predecessor	E319
E515	father	E1678
E2025	spouse	E1656
E815	parent	E2184
E276	spouse	E1296
E454	parent	E39
E1518	successor	E609
E736	parent	E2124
E1542	parent	E1967
E779	type	Person
E750	predecessor	E191
E2033	spouse	E1572
E2172	spouse	E174
E514	child	E773
E760	parent	E2003
E465	successor	E1143
E1842	child	E785
E1095	predecessor	E1277
E662	predecessor	E856
E170	father	E1201
E2002	parent	E1328
E2040	predecessor	E209
E350	parent	E1461
E1847	parent	E1591
E1467	predecessor	E1165
E33	child	E766
E1176	successor	E1404
E1201	successor	E2186
E877	parent	E768
E1025	spouse	E66
E955	successor	E447
E2016	spouse	E344
E2071	predecessor	E1495
E1192	parent	E728
E443	successor	E1324
E49	predecessor	E2042
E1725	child	E1818
E71	predecessor	E1439
E191	successor	E735
E884	father	E655
E170	successor	E403
E1463	successor	E1570
E14	parent	E1240
E712	successor	E540
E2142	type	Person
E882	spouse	E1500
E643	parent	E2208
E73	father	E1801
E574	successor	E118
E1027	type	Person
E1063	parent	E66
E1560	type	Person
E1007	parent	E2099
E1394	predecessor	E1467
E1107	father	E1998
E1967	successor	E629
E364	type	Person
E288	parent	E435
E1397	spouse	E581
E1582	predecessor	E1735
E1238	father	E158
E1786	spouse	E1317
E803	mother	E1808
E1032	father	E1865
E955	parent	E1878
E295	type	Person
E2072	father	E1836
E2052	father	E255
E1026	spouse	E109
E644	type	Person
E706	type	Person
E174	parent	E177
E756	parent	E1662
E1364	parent	E1375
E1662	successor	E1017
E812	child	E1317
E2018	type	Person
E1454	father	E735
E1548	spouse	E695
E125	type	Person
E65	type	Person
E1637	type	Person
E475	child	E2009
E1405	mother	E256
E46	spouse	E1474
E526	successor	E238
E489	predecessor	E720
E1848	type	Person
E1540	type	Person
E188	parent	E131
E1849	parent	E1639
E105	child	E1176
E1544	successor	E13
E1354	father	E1631
E812	type	Person
E581	parent	E531
E1580	predecessor	E463
E1798	type	Person
E1165	father	E771
E2142	successor	E1466
E232	mother	E716
E1157	child	E1472
E1470	successor	E1201
E12	parent	E598
E284	child	E1787
E733	successor	E95
E885	father	E259
E809	type	Person
E424	type	Person
E631	parent	E1083
E716	mother	E1863
E1521	successor	E704
E98	child	E810
E1301	type	Person
E1195	predecessor	E920
E1157	parent	E1277
E1996	parent	E881
E1956	child	E179
E1490	spouse	E647
E394	parent	E1065
E117	predecessor	E1631
E2191	father	E150
E1542	spouse	E1801
E655	father	E1429
E1484	child	E1845
E1873	father	E2100
E1637	predecessor	E1310
E1428	parent	E706
E786	type	Person
E697	type	Person
E758	predecessor	E1484
E1267	father	E2036
E508	successor	E95
E810	father	E1393
E911	child	E1062
E1672	parent	E1312
E1958	type	Person
E85	mother	E1047
E1423	parent	E1204
E1003	father	E1593
E917	spouse	E859
E1765	successor	E509
E1289	type	Person
E605	predecessor	E810
E932	spouse	E94
E889	parent	E2064
E63	mother	E406
E2101	parent	E2090
E1281	spouse	E2188
E1152	successor	E2032
E125	successor	E1327
E986	successor	E1614
E2121	mother	E1124
E288	predecessor	E827
E626	successor	E2076
E475	successor	E1541
E609	child	E1764
E1427	type	Person
E402	father	E23
E459	parent	E1025
E2021	spouse	E1874
E1057	type	Person
E411	successor	E940
E1498	successor	E631
E2097	child	E413
E275	spouse	E1124
E2040	child	E628
E286	spouse	E870
E65	spouse	E426
E1086	spouse	E752
E304	successor	E1894
E1342	successor	E862
E1870	parent	E1966
E827	child	E700
E1001	successor	E1289
E1959	parent	E2208
E1310	spouse	E633
E1171	spouse	E1132
E435	predecessor	E112
E1281	spouse	E1277
E308	parent	E1794
E1387	predecessor	E91
E975	predecessor	E1325
E1139	type	Person
E123	spouse	E2039
E1970	spouse	E1213
E870	child	E2075
E825	child	E1608
E1305	parent	E2121
E355	mother	E1872
E184	successor	E1124
E674	type	Person
E493	parent	E395
E1675	child	E1104
E132	parent	E2099
E190	parent	E342
E132	child	E856
E1408	successor	E1216
E2167	mother	E874
E918	successor	E12
E1735	father	E390
E1892	successor	E81
E1438	successor	E760
E128	mother	E957
E1633	father	E142
E73	successor	E350
E1347	type	Person
E967	type	Person
E1744	child	E2157
E193	child	E1134
E1024	spouse	E1157
E809	predecessor	E25
E1006	spouse	E750
E25	predecessor	E1542
E2099	parent	E1364
E276	spouse	E1171
E1881	spouse	E105
E1062	father	E1842
E947	father	E378
E756	spouse	E591
E1331	father	E280
E1277	predecessor	E674
E1526	child	E122
E852	successor	E733
E956	spouse	E1541
E1544	successor	E1349
E1589	mother	E424
E1175	mother	E801
E344	parent	E2096
E317	parent	E1951
E758	type	Person
E330	spouse	E34
E1696	mother	E275
E884	successor	E605
E1492	successor	E463
E1569	type	Person
E1431	type	Person
E1429	child	E942
E1249	parent	E1526
E1963	spouse	E752
E1124	successor	E2116
E2040	father	E884
E459	father	E485
E2005	type	Person
E1560	successor	E1762
E1662	mother	E1917
E2021	successor	E852
E217	spouse	E1454
E157	predecessor	E1985
E677	mother	E1198
E60	child	E272
E201	parent	E771
E606	successor	E1480
E1184	successor	E1794
E196	type	Person
E1367	parent	E643
E1811	child	E399
E1384	child	E409
E1429	parent	E183
E469	successor	E1328
E2137	child	E395
E859	predecessor	E1711
E693	spouse	E1703
E1035	type	Person
E655	father	E445
E1096	child	E1099
E613	parent	E2200
E1192	parent	E1136
E1735	mother	E1981
E441	spouse	E1672
E1165	child	E1644
E1051	successor	E217
E459	spouse	E1521
E1405	parent	E2201
E1281	type	Person
E54	predecessor	E1903
E1818	child	E1973
E1779	child	E411
E972	father	E1267
E2082	child	E826
E527	successor	E1646
E821	successor	E913
E1615	successor	E441
E952	spouse	E2198
E1296	spouse	E1060
E1518	spouse	E206
E294	child	E446
E2039	spouse	E243
E6	parent	E1470
E825	successor	E1979
E1955	successor	E435
E602	type	Person
E2124	successor	E220
E569	type	Person
E953	successor	E852
E1511	successor	E188
E626	predecessor	E1198
E158	father	E1833
E34	parent	E2080
E1818	successor	E617
E1092	parent	E1715
E362	successor	E666
E1208	parent	E913
E955	mother	E1970
E581	father	E1962
E560	type	Person
E2142	child	E1881
E168	parent	E971
E1463	child	E1261
E1680	father	E730
E1818	successor	E1415
E1534	spouse	E1062
E1112	parent	E859
E655	mother	E1157
E729	spouse	E1693
E125	mother	E1277
E2003	child	E1334
E621	predecessor	E196
E72	child	E911
E722	child	E786
E737	parent	E1053
E1517	parent	E459
E1053	type	Person
E958	child	E556
E824	predecessor	E338
E1879	type	Person
E1536	spouse	E1973
E932	type	Person
E99	parent	E448
E1184	mother	E1477
E548	predecessor	E1020
E723	child	E960
E56	successor	E50
E1472	spouse	E1425
E255	spouse	E99
E73	predecessor	E1495
E1262	child	E1995
E533	child	E132
E1137	successor	E373
E1488	father	E647
E1033	parent	E730
E1377	parent	E135
E27	successor	E199
E1466	mother	E1632
E1580	father	E596
E1425	spouse	E1129
E1112	successor	E267
E1198	spouse	E1017
E1306	father	E229
E482	parent	E2182
E1450	parent	E445
E527	parent	E1440
E782	predecessor	E1968
E2183	father	E2134
E276	father	E602
E1277	type	Person
E1558	parent	E1839
E666	child	E2136
E565	successor	E115
E2211	successor	E1001
E1868	predecessor	E1872
E704	father	E1007
E1271	child	E622
E2164	successor	E1735
E772	father	E1380
E983	child	E1008
E1458	mother	E1157
E914	spouse	E622
E1147	successor	E1029
E1176	parent	E94
E1769	type	Person
E1813	spouse	E1093
E1804	spouse	E725
E1818	type	Person
E1384	child	E1879
E893	spouse	E1402
E1349	parent	E892
E2211	child	E1949
E1265	predecessor	E1733
E1659	type	Person
E1905	predecessor	E1237
E1873	parent	E163
E1948	spouse	E441
E327	father	E430
E172	predecessor	E1316
E550	parent	E1455
E1966	parent	E1504
E1955	child	E969
E1962	mother	E541
E1797	parent	E422
E920	spouse	E2038
E317	spouse	E1616
E1656	predecessor	E1017
E181	parent	E1748
E946	mother	E1277
E1570	mother	E1434
E98	child	E1327
E647	successor	E1879
E49	father	E937
E1763	parent	E829
E409	parent	E266
E196	child	E1548
E2172	type	Person
E662	successor	E1461
E2090	successor	E541
E2015	child	E1450
E821	successor	E710
E1150	child	E1917
E34	parent	E1293
E145	spouse	E33
E508	predecessor	E1147
E1035	successor	E731
E702	child	E1008
E1768	parent	E288
E1377	successor	E102
E372	father	E1040
E609	spouse	E856
E86	spouse	E94
E130	spouse	E1731
E1488	predecessor	E1449
E886	successor	E1948
E1691	predecessor	E70
E1296	type	Person
E411	type	Person
E746	spouse	E403
E1656	child	E983
E2182	mother	E745
E1534	spouse	E1689
E1715	spouse	E317
E1374	predecessor	E307
E1119	mother	E1761
E771	successor	E1895
E955	type	Person
E1137	mother	E449
E1559	child	E852
E819	parent	E1876
E756	successor	E988
E1495	father	E1160
E1179	father	E1715
E1083	successor	E2166
E1855	type	Person
E721	type	Person
E2026	parent	E666
E319	parent	E1973
E1339	predecessor	E550
E746	successor	E731
E1132	type	Person
E1494	type	Person
E1811	parent	E469
E1558	child	E1631
E66	predecessor	E852
E1071	child	E531
E482	spouse	E726
E355	parent	E1870
E1049	spouse	E1740
E1119	predecessor	E2014
E2184	predecessor	E731
E1211	successor	E756
E223	successor	E815
E1951	parent	E1161
E1019	predecessor	E1213
E209	parent	E936
E1956	parent	E1693
E1460	child	E1333
E371	parent	E2198
E1334	mother	E605
E647	parent	E970
E1646	type	Person
E1198	successor	E1919
E892	parent	E1710
E1813	type	Person
E1204	parent	E972
E241	father	E1720
E1365	predecessor	E1423
E2208	predecessor	E1875
E1431	mother	E2053
E1635	parent	E464
E710	type	Person
E829	predecessor	E588
E307	predecessor	E1234
E50	type	Person
E1339	type	Person
E1762	predecessor	E1429
E1404	predecessor	E1929
E1998	spouse	E876
E243	child	E223
E2156	type	Person
E1964	father	E1027
E1593	successor	E1046
E1174	type	Person
E870	successor	E465
E1650	parent	E319
E952	father	E475
E1908	type	Person
E788	child	E106
E629	successor	E2137
E1948	spouse	E716
E592	child	E35
E617	mother	E1234
E1307	spouse	E1293
E764	parent	E993
E1962	type	Person
E1959	child	E177
E1387	parent	E470
E1349	spouse	E669
E1047	spouse	E86
E1020	parent	E1716
E2015	type	Person
E372	spouse	E311
E884	parent	E410
E1327	spouse	E917
E1267	father	E1838
E1147	predecessor	E810
E1863	parent	E972
E920	father	E886
E523	child	E1678
E2124	parent	E72
E2050	successor	E2090
E1434	mother	E527
E540	spouse	E1214
E1985	successor	E1161
E2119	spouse	E1284
E63	type	Person
E1949	predecessor	E1147
E366	father	E1367
E632	mother	E1307
E1438	type	Person
E1675	mother	E862
E1129	parent	E2029
E1838	spouse	E240
E1395	predecessor	E1998
E277	successor	E1160
E440	successor	E2106
E973	successor	E2191
E403	successor	E1006
E752	child	E1626
E732	parent	E135
E1240	father	E826
E217	spouse	E190
E318	successor	E1167
E1170	predecessor	E1540
E1633	father	E249
E1288	spouse	E1187
E574	successor	E831
E764	predecessor	E221
E796	successor	E654
E862	spouse	E538
E1763	child	E2106
E1162	spouse	E1180
E1710	spouse	E569
E1107	spouse	E438
E645	child	E972
E1903	parent	E1908
E899	type	Person
E158	successor	E1548
E1074	child	E112
E2082	mother	E983
E1498	parent	E1104
E712	spouse	E1137
E764	successor	E1591
E736	successor	E255
E604	child	E526
E923	type	Person
E193	type	Person
E527	predecessor	E1544
E565	child	E421
E2177	successor	E1632
E395	parent	E2016
E318	successor	E1425
E939	predecessor	E2026
E915	spouse	E388
E1875	type	Person
E723	father	E268
E1375	spouse	E599
E600	spouse	E1919
E922	parent	E1192
E2096	predecessor	E2007
E110	child	E803
E1042	type	Person
E1473	spouse	E2062
E964	predecessor	E1104
E1889	parent	E1844
E646	child	E803
E1272	parent	E1188
E81	type	Person
E1369	father	E1203
E1640	predecessor	E366
E2167	spouse	E1888
E2206	parent	E1540
E541	predecessor	E1959
E1873	parent	E544
E1769	mother	E2208
E2207	predecessor	E533
E525	parent	E421
E1070	spouse	E2009
E1639	successor	E282
E104	successor	E1415
E723	type	Person
E1872	type	Person
E121	parent	E987
E500	spouse	E749
E1777	successor	E540
E715	spouse	E1956
E146	mother	E1868
E86	type	Person
E655	spouse	E1964
E1051	type	Person
E931	child	E146
E1288	type	Person
E1187	child	E49
E2052	father	E1109
E259	spouse	E1551
E838	successor	E1948
E1560	father	E872
E817	predecessor	E855
E1815	mother	E1632
E2083	type	Person
E920	spouse	E1424
E1281	predecessor	E1393
E1939	mother	E2185
E1204	father	E1565
E588	father	E1049
E1249	type	Person
E516	type	Person
E971	spouse	E105
E636	spouse	E1423
E2030	predecessor	E598
E1364	mother	E387
E1540	father	E1595
E1565	type	Person
E112	type	Person
E168	predecessor	E688
E2120	spouse	E2072
E1305	mother	E1324
E2189	successor	E2164
E1870	parent	E967
E1855	parent	E1104
E1019	successor	E1272
E1298	parent	E1582
E835	type	Person
E1731	spouse	E1675
E1765	father	E102
E1888	predecessor	E1949
E1190	predecessor	E1905
E598	parent	E1198
E174	parent	E1615
E857	spouse	E2124
E170	predecessor	E760
E2061	mother	E531
E1173	predecessor	E341
E50	parent	E1522
E531	mother	E2007
E1480	mother	E970
E646	father	E121
E2053	father	E978
E1908	successor	E899
E1955	type	Person
E773	child	E1458
E2033	father	E721
E1970	parent	E1440
E1017	successor	E424
E1083	father	E1570
E2095	spouse	E194
E77	successor	E1881
E104	type	Person
E1746	child	E1711
E269	spouse	E782
E190	type	Person
E633	child	E2208
E1324	father	E64
E2094	spouse	E1271
E1910	successor	E122
E1801	parent	E36
E57	parent	E1025
E170	type	Person
E2026	type	Person
E1632	father	E817
E1639	child	E1907
E2189	child	E2064
E1541	type	Person
E680	successor	E211
E892	successor	E2195
E1779	parent	E131
E715	successor	E1730
E39	successor	E1881
E855	spouse	E868
E2133	predecessor	E1434
E1805	predecessor	E686
E807	father	E413
E2097	father	E681
E592	predecessor	E2062
E1725	successor	E1555
E50	successor	E1423
E1569	predecessor	E2116
E1608	mother	E2178
E57	child	E1725
E1870	predecessor	E1923
E1839	predecessor	E706
E2133	spouse	E838
E56	spouse	E525
E524	successor	E1085
E109	type	Person
E483	predecessor	E503
E1287	type	Person
E241	parent	E224
E1145	parent	E877
E331	spouse	E771
E852	type	Person
E651	father	E969
E1450	child	E1945
E1086	parent	E936
E321	successor	E64
E2158	spouse	E1312
E560	successor	E2006
E525	child	E275
E483	child	E1460
E1631	successor	E1844
E446	spouse	E1281
E2150	predecessor	E1387
E1369	father	E1811
E2009	spouse	E1325
E2062	mother	E572
E1240	mother	E2074
E1159	successor	E1956
E318	predecessor	E54
E441	parent	E163
E629	parent	E602
E298	successor	E1874
E599	father	E975
E1132	parent	E1029
E388	spouse	E94
E721	spouse	E60
E838	parent	E1762
E1334	spouse	E145
E953	child	E235
E1096	parent	E1204
E1899	parent	E1437
E1648	spouse	E1339
E2142	mother	E1096
E1794	father	E2083
E1808	predecessor	E1140
E2038	child	E1474
E963	child	E1175
E1511	successor	E1044
E275	predecessor	E174
E1024	father	E1473
E1836	father	E1003
E170	parent	E986
E443	mother	E500
E1661	predecessor	E1968
E1472	spouse	E493
E1918	predecessor	E1769
E243	successor	E1560
E932	spouse	E628
E735	type	Person
E2061	spouse	E1112
E104	father	E1839
E1195	mother	E267
E1899	predecessor	E2166
E573	spouse	E1838
E1003	spouse	E446
E1570	spouse	E63
E785	spouse	E609
E876	predecessor	E928
E150	successor	E64
E424	child	E15
E1644	mother	E403
E163	spouse	E920
E155	parent	E2156
E1165	father	E741
E1152	successor	E395
E957	parent	E1598
E865	parent	E1955
E1470	spouse	E1614
E1836	spouse	E430
E1466	mother	E1414
E2208	parent	E1376
E515	child	E304
E823	spouse	E801
E366	spouse	E2114
E299	type	Person
E154	child	E81
E1855	predecessor	E1906
E785	successor	E1272
E1312	spouse	E734
E1892	father	E446
E643	spouse	E1710
E1367	type	Person
E1763	father	E1985
E440	parent	E1563
E1156	child	E555
E42	parent	E655
E1873	type	Person
E1780	spouse	E227
E1234	child	E1461
E1674	spouse	E1696
E2119	mother	E2005
E1828	child	E1121
E799	successor	E2042
E647	spouse	E190
E1190	father	E1905
E602	successor	E240
E574	type	Person
E1042	child	E308
E508	parent	E1966
E2080	successor	E1595
E1180	successor	E1249
E217	father	E1116
E1007	predecessor	E839
E726	successor	E1603
E341	type	Person
E177	mother	E1819
E591	type	Person
E1044	successor	E2100
E2029	mother	E1873
E1296	successor	E85
E626	predecessor	E1888
E1593	predecessor	E1801
E318	parent	E870
E128	predecessor	E2137
E1548	child	E1372
E406	type	Person
E211	mother	E2167
E831	predecessor	E1402
E870	child	E399
E785	successor	E277
E1473	spouse	E299
E674	successor	E344
E1298	successor	E772
E362	child	E882
E1906	predecessor	E328
E2094	mother	E801
E163	successor	E1208
E1933	parent	E1466
E1152	type	Person
E235	child	E1504
E1860	successor	E25
E403	type	Person
E731	type	Person
E1766	spouse	E1859
E267	parent	E764
E33	successor	E887
E1612	parent	E1166
E1948	father	E1504
E49	successor	E581
E1109	spouse	E2120
E105	spouse	E717
E1140	parent	E1229
E1536	predecessor	E1144
E229	type	Person
E957	successor	E1620
E1261	father	E47
E1316	type	Person
E238	parent	E979
E923	successor	E633
E1202	parent	E715
E1102	mother	E2094
E1316	parent	E1159
E865	spouse	E931
E844	type	Person
E424	child	E150
E1137	father	E307
E1030	child	E953
E96	parent	E2075
E1	spouse	E839
E575	successor	E1284
E2121	father	E1585
E426	father	E2053
E2008	spouse	E741
E1268	predecessor	E1375
E1139	spouse	E917
E1893	successor	E1820
E1635	parent	E1240
E144	type	Person
E628	type	Person
E1844	parent	E1996
E1761	successor	E2021
E1840	child	E779
E2003	father	E604
E1832	successor	E1951
E1615	successor	E1289
E1964	successor	E416
E1806	spouse	E2200
E1526	type	Person
E172	father	E1680
E1962	spouse	E271
E1375	type	Person
E631	father	E454
E1070	successor	E773
E111	type	Person
E1007	parent	E130
E1081	successor	E600
E448	spouse	E623
E1027	parent	E936
E154	predecessor	E645
E946	predecessor	E1960
E1763	type	Person
E665	parent	E1840
E835	successor	E402
E1990	spouse	E445
E1808	spouse	E1425
E490	successor	E2064
E1635	child	E1326
E2178	type	Person
E1593	predecessor	E758
E1008	parent	E2200
E555	father	E1690
E893	child	E1884
E1408	spouse	E1847
E2055	spouse	E575
E2002	spouse	E2021
E2192	successor	E1173
E1445	parent	E1267
E621	predecessor	E1832
E1996	spouse	E1659
E750	parent	E36
E870	spouse	E1260
E1849	spouse	E2097
E227	predecessor	E946
E1683	spouse	E268
E1693	child	E758
E403	predecessor	E377
E1229	parent	E1633
E1272	parent	E1559
E651	parent	E1437
E937	parent	E1097
E94	parent	E1086
E1786	father	E1443
E1540	child	E1150
E358	spouse	E1040
E2025	child	E1119
E703	spouse	E1169
E593	successor	E1025
E2116	type	Person
E1699	father	E1894
E2081	type	Person
E442	spouse	E785
E1964	predecessor	E1635
E680	predecessor	E844
E1291	successor	E1460
E280	parent	E1866
E889	parent	E23
E1919	spouse	E733
E150	predecessor	E54
E704	successor	E34
E1203	child	E503
E1423	successor	E1063
E721	parent	E1542
E1423	parent	E304
E1874	spouse	E2178
E1333	mother	E2186
E1833	spouse	E366
E155	parent	E223
E1879	successor	E2120
E1906	mother	E1488
E1967	father	E967
E223	spouse	E1495
E575	successor	E1081
E1169	mother	E1796
E372	type	Person
E1636	successor	E34
E102	successor	E876
E128	spouse	E544
E200	father	E925
E1264	type	Person
E328	successor	E1211
E1488	successor	E1692
E1792	parent	E1387
E1211	parent	E2198
E581	child	E1053
E194	parent	E1296
E969	child	E621
E227	mother	E1886
E1644	spouse	E1886
E1204	parent	E1964
E1498	successor	E1347
E655	successor	E1565
E1317	child	E159
E369	parent	E1261
E1801	predecessor	E1160
E938	child	E973
E1237	successor	E1460
E436	father	E868
E1099	child	E831
E728	type	Person
E2166	spouse	E914
E1446	child	E387
E102	child	E483
E1175	spouse	E1306
E1839	mother	E1145
E1607	child	E1960
E35	type	Person
E662	type	Person
E2006	spouse	E1375
E1007	parent	E98
E2087	child	E345
E1585	type	Person
E835	spouse	E1096
E1848	predecessor	E411
E637	type	Person
E60	child	E1201
E831	child	E526
E256	predecessor	E366
E1296	spouse	E736
E271	parent	E871
E1380	parent	E385
E1180	successor	E1881
E286	father	E2018
E2184	predecessor	E318
E1376	child	E271
E1656	mother	E651
E1035	successor	E1042
E1429	successor	E823
E1763	predecessor	E140
E533	spouse	E1057
E169	child	E817
E2067	child	E411
E2080	successor	E979
E2157	child	E2048
E1706	spouse	E1962
E2064	type	Person
E830	child	E78
E721	predecessor	E654
E956	predecessor	E1140
E1347	child	E1281
E390	successor	E537
E1996	type	Person
E957	type	Person
E1603	parent	E735
E313	parent	E2075
E1467	type	Person
E1483	successor	E2014
E1019	type	Person
E920	mother	E236
E1589	father	E1731
E566	mother	E251
E188	predecessor	E1780
E715	parent	E1955
E1157	spouse	E1675
E374	mother	E170
E779	predecessor	E98
E1945	parent	E227
E817	parent	E807
E1001	successor	E923
E1542	child	E1884
E1359	father	E800
E2076	successor	E131
E1467	parent	E1281
E1945	parent	E112
E1901	predecessor	E1147
E655	predecessor	E345
E364	spouse	E27
E1786	predecessor	E887
E503	spouse	E390
E1186	parent	E1008
E518	parent	E1099
E1349	mother	E193
E1866	successor	E2060
E1188	parent	E887
E1238	mother	E1030
E293	predecessor	E704
E403	successor	E169
E1674	successor	E1063
E223	successor	E2032
E1041	child	E1541
E851	type	Person
E1325	spouse	E960
E469	predecessor	E1635
E15	successor	E1659
E281	predecessor	E1001
E327	father	E815
E1334	father	E1312
E1750	spouse	E1730
E724	parent	E479
E717	type	Person
E1170	mother	E1762
E796	spouse	E925
E647	predecessor	E786
E1845	child	E874
E1222	successor	E1544
E622	parent	E1429
E1544	predecessor	E664
E1615	predecessor	E1708
E296	type	Person
E311	successor	E1394
E128	spouse	E1326
E527	child	E506
E1323	successor	E1711
E839	type	Person
E2146	parent	E1472
E2192	father	E78
E1427	father	E1565
E2036	predecessor	E240
E545	father	E575
E1020	type	Person
E1474	spouse	E1001
E1157	successor	E1711
E2043	parent	E596
E1288	child	E2100
E2075	type	Person
E272	spouse	E721
E211	parent	E937
E1780	predecessor	E1631
E928	father	E1033
E1470	child	E1180
E1427	father	E1463
E1208	successor	E1801
E1051	parent	E664
E1070	father	E1930
E149	parent	E1720
E1553	mother	E772
E1402	type	Person
E377	successor	E159
E874	type	Person
E1324	parent	E1715
E1613	child	E1042
E1328	mother	E1973
E749	parent	E435
E1317	successor	E819
E1958	successor	E934
E1268	spouse	E720
E1872	parent	E293
E425	parent	E1171
E362	predecessor	E95
E421	successor	E2025
E104	spouse	E1006
E2158	child	E605
E1408	spouse	E399
E193	successor	E1516
E1646	parent	E732
E255	spouse	E1328
E1162	spouse	E1715
E1483	spouse	E884
E1907	father	E1593
E973	mother	E1377
E1589	successor	E388
E1632	mother	E2137
E575	predecessor	E1384
E1968	parent	E1962
E600	father	E1296
E509	child	E1402
E509	successor	E1738
E680	predecessor	E2208
E1244	child	E1708
E1425	mother	E1035
E938	successor	E2168
E2025	spouse	E884
E1607	predecessor	E542
E1769	predecessor	E1906
E1859	type	Person
E1650	parent	E144
E803	spouse	E2131
E1819	child	E581
E1519	predecessor	E626
E317	parent	E1886
E294	predecessor	E1481
E717	father	E647
E506	mother	E1086
E1786	predecessor	E1838
E625	type	Person
E1354	type	Person
E1731	type	Person
E1849	predecessor	E1797
E1423	parent	E1466
E479	spouse	E65
E798	mother	E871
E1134	mother	E71
E236	successor	E922
E91	father	E106
E1265	type	Person
E1157	predecessor	E388
E1262	successor	E2039
E540	child	E542
E1636	mother	E1740
E266	type	Person
E1637	predecessor	E128
E463	father	E1744
E229	spouse	E1703
E221	parent	E553
E1470	parent	E2039
E756	parent	E2119
E299	successor	E1589
E1512	successor	E169
E1949	successor	E2134
E914	spouse	E1910
E1240	father	E293
E1262	child	E286
E325	father	E855
E2055	successor	E912
E2106	spouse	E732
E845	successor	E1171
E1526	child	E435
E1818	parent	E751
E1159	type	Person
E99	predecessor	E613
E516	parent	E1770
E1202	spouse	E1847
E969	type	Person
E184	spouse	E1024
E681	predecessor	E2045
E2043	type	Person
E588	successor	E656
E1888	type	Person
E1635	successor	E1796
E1813	spouse	E673
E704	mother	E1665
E217	successor	E782
E1137	parent	E1042
E1646	parent	E1740
E1102	spouse	E934
E331	parent	E1160
E934	child	E1955
E436	child	E960
E2043	successor	E2072
E1393	type	Person
E772	parent	E2164
E2189	parent	E888
E1551	spouse	E1518
E1620	child	E146
E859	father	E800
E2124	type	Person
E734	predecessor	E1043
E599	successor	E212
E1746	child	E1449
E1585	predecessor	E294
E2047	parent	E1894
E726	parent	E447
E1738	parent	E170
E1820	type	Person
E23	spouse	E524
E1354	predecessor	E2047
E644	child	E1446
E796	successor	E211
E1819	child	E1859
E1855	parent	E238
E2087	mother	E1872
E2045	type	Person
E1780	mother	E414
E1481	successor	E1171
E1553	child	E2026
E969	successor	E830
E1529	type	Person
E1394	spouse	E1825
E873	child	E525
E200	parent	E651
E758	spouse	E159
E1104	type	Person
E488	child	E817
E901	parent	E438
E1572	type	Person
E1121	spouse	E1372
E606	mother	E47
E298	type	Person
E868	father	E1455
E1792	father	E656
E972	child	E872
E1461	father	E1103
E1553	successor	E399
E77	spouse	E1234
E131	type	Person
E1828	mother	E232
E2157	parent	E1460
E121	spouse	E506
E273	predecessor	E1930
E200	spouse	E885
E729	type	Person
E874	successor	E899
E1613	type	Person
E839	parent	E236
E721	parent	E1238
E2093	type	Person
E1251	parent	E1377
E934	father	E1173
E1874	child	E2009
E1794	parent	E1551
E179	child	E2178
E932	successor	E2182
E527	father	E1836
E373	father	E533
E913	parent	E1680
E443	successor	E1648
E987	parent	E2018
E1231	parent	E221
E1162	child	E181
E1393	father	E527
E1787	successor	E1234
E626	mother	E901
E2071	type	Person
E877	child	E479
E555	parent	E741
E1803	successor	E2067
E1132	spouse	E115
E441	predecessor	E81
E2146	type	Person
E98	parent	E232
E2067	type	Person
E1637	successor	E1122
E123	predecessor	E1848
E402	type	Person
E886	child	E227
E280	father	E796
E835	predecessor	E645
E308	type	Person
E1637	predecessor	E399
E2186	child	E1341
E411	spouse	E1820
E1542	type	Person
E1201	child	E2029
E2018	child	E2082
E1262	successor	E876
E1833	father	E731
E1044	spouse	E1759
E229	predecessor	E27
E821	type	Person
E299	successor	E1134
E94	type	Person
E1341	predecessor	E1536
E1939	spouse	E1152
E1990	parent	E1818
E25	type	Person
E256	successor	E964
E573	mother	E1085
E1169	predecessor	E2163
E1428	type	Person
E1924	father	E799
E1580	spouse	E1714
E1811	child	E730
E318	father	E1008
E66	spouse	E1277
E297	spouse	E2156
E932	child	E553
E1961	type	Person
E295	predecessor	E2015
E1589	successor	E125
E1832	child	E993
E1534	predecessor	E402
E1438	spouse	E1349
E125	predecessor	E711
E1560	predecessor	E56
E328	parent	E217
E868	spouse	E877
E925	successor	E1995
E121	spouse	E1534
E1341	type	Person
E2043	successor	E731
E599	father	E1121
E1521	successor	E1672
E2142	successor	E90
E115	predecessor	E177
E1424	predecessor	E1511
E531	successor	E946
E1593	successor	E1873
E1928	type	Person
E2016	mother	E593
E1825	parent	E91
E1813	successor	E1167
E60	parent	E2158
E925	type	Person
E1512	parent	E1901
E34	spouse	E542
E2198	child	E1095
E447	child	E249
E1836	father	E157
E1397	mother	E1107
E1735	spouse	E1692
E424	successor	E1699
E1948	mother	E183
E1425	parent	E1476
E1548	type	Person
E1484	spouse	E358
E1611	spouse	E533
E688	successor	E2038
E1136	spouse	E196
E311	type	Person
E470	predecessor	E1408
E438	type	Person
E1693	child	E516
E751	type	Person
E1425	child	E227
E800	parent	E445
E1190	mother	E1640
E643	parent	E485
E868	successor	E2038
E163	spouse	E1402
E997	mother	E657
E1484	parent	E223
E1354	parent	E508
E727	spouse	E1870
E1919	child	E773
E387	spouse	E1374
E1870	spouse	E988
E1207	mother	E884
E947	predecessor	E1622
E2053	child	E1032
E845	predecessor	E636
E569	father	E1492
E498	spouse	E1967
E170	parent	E1341
E1107	type	Person
E736	child	E1964
E1065	spouse	E1367
E140	spouse	E798
E475	parent	E2134
E717	successor	E2102
E2095	mother	E2164
E409	type	Person
E2045	child	E490
E686	type	Person
E1787	father	E394
E932	parent	E812
E1237	parent	E1780
E819	successor	E934
E1757	type	Person
E443	successor	E581
E2100	spouse	E25
E410	successor	E259
E1339	predecessor	E746
E1518	type	Person
E27	father	E1467
E441	spouse	E782
E1582	father	E727
E23	predecessor	E1440
E936	predecessor	E60
E651	child	E256
E63	father	E788
E1730	parent	E1342
E1706	parent	E527
E503	parent	E314
E66	type	Person
E1372	predecessor	E1093
E2101	successor	E1661
E294	predecessor	E1470
E1026	parent	E1384
E446	spouse	E912
E591	spouse	E277
E1231	type	Person
E269	parent	E1156
E1017	child	E1070
E823	child	E1415
E1659	child	E201
E256	spouse	E574
E1393	father	E1891
E1838	predecessor	E829
E288	successor	E1458
E560	spouse	E1961
E118	parent	E862
E1582	child	E2195
E728	predecessor	E1762
E2040	type	Person
E2007	successor	E1304
E1937	child	E1474
E1818	mother	E317
E1156	predecessor	E1188
E293	predecessor	E1873
E1020	successor	E1872
E1402	predecessor	E1560
E1134	father	E600
E1481	child	E2080
E193	parent	E224
E1956	mother	E2185
E589	parent	E1616
E865	spouse	E1798
E1936	spouse	E1019
E2047	type	Person
E734	spouse	E277
E445	successor	E1998
E1951	child	E1094
E1408	type	Person
E682	successor	E1364
E1958	parent	E903
E865	father	E50
E1560	mother	E600
E443	father	E2009
E1804	type	Person
E179	mother	E771
E1094	predecessor	E1961
E1423	successor	E1540
E316	father	E734
E2094	parent	E1021
E516	child	E1017
E591	successor	E735
E1214	mother	E778
E1415	spouse	E1631
E506	parent	E217
E1612	type	Person
E746	successor	E1137
E983	parent	E1998
E1845	successor	E295
E1267	successor	E2206
E1710	spouse	E1372
E827	predecessor	E1461
E2172	parent	E655
E1836	type	Person
E1229	type	Person
E1370	spouse	E2101
E1474	mother	E46
E591	predecessor	E702
E1339	child	E666
E845	type	Person
E212	successor	E1488
E1836	parent	E1281
E731	successor	E1995
E2098	parent	E2198
E1948	successor	E1021
E1176	spouse	E716
E1708	successor	E2121
E454	child	E1032
E1572	successor	E402
E882	mother	E344
E967	spouse	E2133
E441	father	E317
E1458	spouse	E1875
E1354	father	E942
E572	successor	E1964
E1786	parent	E1808
E212	spouse	E1819
E826	spouse	E2158
E726	successor	E1716
E604	child	E1598
E33	child	E81
E1231	child	E72
E1650	father	E1994
E156	child	E1107
E1678	child	E2067
E1349	father	E1848
E573	parent	E475
E482	spouse	E1461
E717	mother	E25
E1268	spouse	E1414
E736	successor	E1689
E2158	father	E174
E518	successor	E918
E1333	parent	E298
E1708	father	E766
E979	predecessor	E1884
E1865	successor	E1144
E50	father	E609
E1023	child	E851
E1895	predecessor	E1765
E785	child	E1347
E2158	successor	E1284
E322	parent	E2178
E641	successor	E1804
E602	father	E440
E1514	child	E1132
E1792	child	E592
E1703	child	E1563
E1994	spouse	E2025
E1659	mother	E115
E2048	successor	E903
E540	type	Person
E1803	type	Person
E768	predecessor	E735
E34	spouse	E749
E394	parent	E1631
E465	successor	E598
E1621	child	E1204
E155	father	E604
E899	child	E724
E1996	mother	E1157
E504	father	E338
E117	parent	E1136
E592	father	E859
E183	parent	E1805
E117	spouse	E745
E1558	spouse	E1956
E922	successor	E145
E1973	mother	E1901
E626	spouse	E712
E372	successor	E1184
E681	mother	E1267
E217	child	E2062
E749	successor	E1900
E2081	spouse	E1323
E2184	type	Person
E812	child	E993
E953	parent	E798
E38	type	Person
E344	successor	E2087
E596	predecessor	E2018
E1948	child	E1555
E1844	spouse	E2137
E887	type	Person
E73	type	Person
E110	spouse	E322
E504	spouse	E1042
E893	successor	E1265
E1021	successor	E971
E1998	child	E1006
E1104	predecessor	E1349
E695	type	Person
E515	successor	E436
E425	spouse	E1184
E1693	predecessor	E184
E1542	parent	E42
E1622	child	E1548
E96	spouse	E1955
E271	mother	E64
E1855	spouse	E645
E191	successor	E1558
E1380	mother	E1163
E181	predecessor	E1919
E1622	spouse	E1787
E168	type	Person
E132	child	E227
E1035	parent	E917
E2026	predecessor	E746
E1272	type	Person
E1480	parent	E1427
E703	successor	E1608
E2100	predecessor	E1949
E1803	father	E533
E1053	parent	E682
E819	successor	E636
E243	parent	E1731
E483	predecessor	E975
E1333	successor	E1112
E227	parent	E1460
E2182	successor	E2074
E1047	child	E1964
E729	father	E1429
E266	spouse	E143
E2206	successor	E256
E1062	parent	E2003
E1222	parent	E604
E1703	parent	E1331
E625	spouse	E1006
E42	predecessor	E1651
E893	father	E57
E874	successor	E2164
E604	parent	E1043
E1369	spouse	E969
E651	successor	E102
E179	spouse	E1184
E394	father	E1393
E1796	parent	E886
E307	mother	E1777
E727	spouse	E978
E2178	mother	E267
E1985	parent	E2096
E1140	type	Person
E1806	spouse	E1787
E1439	mother	E1711
E527	spouse	E1375
E296	mother	E1008
E920	type	Person
E845	predecessor	E1582
E297	type	Person
E1580	predecessor	E540
E515	spouse	E378
E426	spouse	E1651
E1062	type	Person
E489	spouse	E1305
E78	type	Person
E328	successor	E1124
E978	child	E1361
E1937	predecessor	E845
E1170	father	E435
E280	parent	E1825
E364	predecessor	E448
E2025	parent	E1838
E1748	father	E204
E2036	successor	E1678
E2072	parent	E1780
E1589	successor	E887
E1553	parent	E1765
E1192	parent	E350
E647	spouse	E887
E1631	successor	E1021
E771	parent	E1540
E632	spouse	E609
E1555	mother	E1860
E2164	parent	E1699
E227	spouse	E756
E1480	spouse	E358
E768	spouse	E144
E1470	successor	E179
E1060	type	Person
E918	parent	E971
E733	parent	E803
E191	spouse	E1202
E449	spouse	E1173
E15	parent	E1494
E1985	parent	E1427
E2052	parent	E1376
E729	spouse	E628
E613	mother	E1184
E1804	successor	E169
E102	spouse	E2045
E556	successor	E873
E1162	child	E99
E318	successor	E626
E1516	spouse	E2072
E1661	successor	E2081
E1	spouse	E889
E516	parent	E655
E1939	predecessor	E2119
E987	father	E1585
E78	father	E307
E1679	mother	E1341
E1307	mother	E810
E826	father	E1107
E1473	type	Person
E958	successor	E355
E1207	type	Person
E745	predecessor	E1281
E395	type	Person
E1124	spouse	E174
E810	parent	E1008
E299	parent	E1779
E2016	successor	E1874
E643	successor	E199
E441	parent	E1949
E442	predecessor	E592
E2040	predecessor	E170
E110	parent	E1580
E1490	parent	E1450
E1161	parent	E1306
E223	type	Person
E1962	father	E54
E2201	successor	E1157
E2184	father	E70
E1515	spouse	E345
E852	child	E724
E1136	successor	E956
E1203	predecessor	E1394
E622	successor	E272
E155	parent	E1706
E573	mother	E969
E1648	parent	E1615
E545	successor	E232
E1304	successor	E1333
E1163	child	E284
E680	type	Person
E1886	father	E1530
E782	successor	E1102
E1316	predecessor	E541
E1377	spouse	E1901
E1616	parent	E2007
E1042	spouse	E955
E75	child	E49
E443	child	E940
E550	spouse	E715
E533	father	E1063
E1099	spouse	E1868
E1229	successor	E1085
E1764	type	Person
E1377	spouse	E1032
E206	parent	E2052
E14	parent	E1438
E1107	child	E1140
E201	successor	E871
E2096	successor	E1591
E475	predecessor	E952
E174	predecessor	E1708
E737	parent	E1107
E500	successor	E12
E1735	parent	E946
E2150	predecessor	E1124
E1749	type	Person
E2071	parent	E1730
E1425	spouse	E766
E1749	parent	E2082
E454	child	E1963
E296	father	E91
E1044	father	E1886
E298	parent	E2060
E1175	type	Person
E955	child	E15
E1873	predecessor	E459
E743	predecessor	E884
E1516	parent	E36
E1910	type	Person
E54	predecessor	E503
E249	father	E12
E756	parent	E717
E2168	spouse	E1703
E1614	spouse	E85
E885	type	Person
E1555	successor	E1733
E1065	successor	E629
E1328	parent	E969
E782	child	E669
E855	spouse	E1427
E525	child	E723
E1473	parent	E1208
E1095	spouse	E2030
E697	parent	E2177
E268	father	E374
E625	spouse	E555
E1190	parent	E27
E1093	successor	E669
E1339	predecessor	E190
E1998	parent	E621
E531	successor	E1204
E307	mother	E2050
E2150	successor	E201
E1735	parent	E1092
E729	parent	E331
E817	parent	E633
E717	father	E1238
E1892	parent	E78
E470	child	E1662
E798	spouse	E1589
E236	parent	E1498
E1735	predecessor	E1620
E527	spouse	E1963
E1463	spouse	E1060
E1591	parent	E385
E486	parent	E1211
E1626	mother	E193
E1621	parent	E983
E2184	child	E1317
E1589	type	Person
E1170	spouse	E366
E799	child	E1099
E436	successor	E1621
E2166	parent	E227
E821	child	E1446
E751	parent	E551
E889	mother	E527
E786	father	E1301
E2025	successor	E1870
E1832	successor	E1886
E1908	successor	E1310
E2134	successor	E1376
E972	mother	E712
E550	parent	E369
E13	spouse	E1715
E593	child	E978
E33	predecessor	E469
E633	child	E38
E1040	predecessor	E1438
E209	predecessor	E903
E518	type	Person
E516	child	E1844
E1603	spouse	E1611
E2172	spouse	E946
E1786	predecessor	E1903
E446	type	Person
E1484	child	E267
E1738	type	Person
E1936	father	E745
E1881	parent	E735
E893	predecessor	E1611
E2014	parent	E1317
E2080	spouse	E509
E2021	predecessor	E1998
E1180	child	E868
E2093	child	E46
E1087	child	E821
E862	spouse	E721
E142	successor	E1483
E6	predecessor	E443
E66	child	E1672
E2016	parent	E721
E1813	successor	E1786
E493	predecessor	E1187
E1529	spouse	E155
E1589	parent	E1919
E1611	mother	E268
E2042	successor	E750
E1919	father	E865
E963	predecessor	E686
E1639	successor	E1622
E1342	successor	E2094
E2142	child	E464
E1616	child	E1955
E975	successor	E1473
E115	predecessor	E1173
E1518	predecessor	E1876
E2182	parent	E144
E1584	parent	E1275
E1364	father	E470
E1339	successor	E824
E526	successor	E372
E2083	predecessor	E1476
E1805	child	E1616
E824	successor	E1672
E540	successor	E1710
E892	type	Person
E1466	spouse	E485
E1808	successor	E1152
E856	father	E63
E772	predecessor	E1639
E1473	spouse	E555
E662	predecessor	E1429
E1598	father	E1063
E2168	type	Person
E1361	mother	E1289
E1481	child	E1301
E1558	predecessor	E1710
E275	predecessor	E973
E1161	parent	E1981
E807	successor	E1147
E1840	successor	E1375
E1175	mother	E800
E1195	father	E277
E656	parent	E1924
E469	parent	E2080
E8	child	E1936
E1027	spouse	E523
E1411	type	Person
E2055	parent	E1621
E845	successor	E1203
E1650	predecessor	E42
E1404	type	Person
E2045	spouse	E991
E1144	type	Person
E1435	type	Person
E646	parent	E286
E1007	predecessor	E1062
E799	spouse	E2026
E1762	parent	E1833
E1268	child	E1836
E447	mother	E723
E1818	spouse	E1710
E387	predecessor	E42
E1966	successor	E1035
E1885	successor	E1910
E862	child	E1461
E922	type	Person
E150	father	E2034
E1312	type	Person
E2095	spouse	E1569
E1317	successor	E633
E1845	successor	E39
E1281	parent	E831
E751	spouse	E1190
E2061	father	E85
E2093	mother	E387
E550	parent	E801
E246	predecessor	E1614
E725	mother	E1544
E145	mother	E2163
E314	mother	E626
E183	successor	E1541
E613	father	E1517
E1083	spouse	E523
E873	successor	E623
E1870	child	E1411
E1053	successor	E1244
E527	successor	E1626
E1216	type	Person
E436	type	Person
E1589	spouse	E1361
E927	predecessor	E304
E537	predecessor	E238
E2018	parent	E1203
E68	child	E1071
E1819	successor	E94
E1163	mother	E1190
E34	predecessor	E177
E920	father	E591
E1753	spouse	E388
E1672	type	Person
E27	type	Person
E1278	father	E2110
E1142	parent	E469
E983	parent	E98
E1222	parent	E2124
E857	spouse	E551
E2076	successor	E377
E475	parent	E355
E969	parent	E1740
E1463	type	Person
E2142	predecessor	E49
E1323	spouse	E435
E413	parent	E1899
E760	spouse	E325
E1367	predecessor	E723
E50	child	E311
E190	child	E1517
E732	type	Person
E243	successor	E1806
E324	child	E498
E1973	child	E308
E1455	mother	E446
E2192	predecessor	E525
E1262	successor	E486
E1828	mother	E1740
E931	successor	E1361
E695	predecessor	E115
E1201	child	E1504
E588	predecessor	E715
E1170	spouse	E2182
E1202	type	Person
E1446	spouse	E1589
E251	successor	E77
E91	successor	E27
E2164	parent	E1805
E1612	predecessor	E646
E970	mother	E1553
E238	predecessor	E1002
E2163	mother	E646
E238	parent	E47
E1973	type	Person
E488	spouse	E2200
E809	child	E2094
E1777	spouse	E1818
E86	successor	E824
E249	spouse	E626
E1750	mother	E655
E824	successor	E1519
E1053	parent	E1395
E2195	child	E1832
E2134	predecessor	E1472
E593	type	Person
E859	type	Person
E1057	mother	E1454
E106	spouse	E295
E1474	mother	E438
E1472	type	Person
E1395	type	Person
E1349	spouse	E1512
E803	father	E1632
E1551	parent	E2087
E1753	father	E1825
E623	successor	E1258
E1103	parent	E2150
E430	child	E1121
E527	type	Person
E1365	parent	E24
E1277	father	E209
E1675	father	E680
E490	father	E1962
E191	predecessor	E856
E1598	child	E251
E2025	parent	E993
E1811	type	Person
E2008	parent	E465
E1733	child	E1260
E1886	spouse	E2062
E1086	predecessor	E1367
E1244	child	E1595
E1582	successor	E964
E2090	spouse	E1933
E131	spouse	E1483
E591	spouse	E1654
E2090	successor	E1860
E479	parent	E1047
E387	spouse	E643
E1560	child	E1530
E2064	spouse	E159
E1306	father	E2188
E785	predecessor	E2096
E25	spouse	E953
E1900	child	E135
E1720	successor	E2168
E1326	father	E986
E715	child	E1204
E730	spouse	E1955
E2038	predecessor	E2100
E1060	predecessor	E548
E882	child	E1298
E2208	successor	E2100
E609	parent	E24
E49	parent	E1631
E1134	spouse	E1706
E154	child	E1277
E1264	mother	E1175
E644	successor	E1939
E449	parent	E212
E682	child	E1750
E486	parent	E657
E1760	child	E509
E72	type	Person
E1341	predecessor	E602
E591	spouse	E788
E409	predecessor	E1963
E779	parent	E1198
E390	parent	E1211
E168	predecessor	E1179
E987	child	E1798
E515	child	E2083
E2093	father	E2005
E1777	child	E810
E1863	child	E1323
E1187	parent	E459
E1145	type	Person
E1096	parent	E2021
E913	mother	E1847
E2002	mother	E267
E988	child	E1145
E1171	child	E122
E73	child	E1211
E2016	predecessor	E373
E809	successor	E1029
E915	mother	E1749
E1860	predecessor	E856
E297	spouse	E1839
E888	father	E277
E1008	predecessor	E1438
E986	successor	E711
E1584	successor	E1981
E1665	successor	E1820
E1187	parent	E2048
E1733	successor	E470
E1480	spouse	E158
E527	child	E688
E1473	child	E165
E1216	predecessor	E1431
E2190	mother	E1047
E1331	type	Person
E201	predecessor	E170
E1906	mother	E117
E1805	parent	E478
E2099	mother	E1145
E273	parent	E1424
E394	mother	E1910
E1714	spouse	E1958
E885	spouse	E1738
E972	predecessor	E177
E1995	parent	E1945
E2207	parent	E859
E1616	child	E506
E1251	father	E2087
E592	child	E2100
E1387	spouse	E856
E925	parent	E912
E1985	parent	E440
E1304	successor	E1169
E1132	spouse	E723
E419	successor	E1170
E2052	mother	E2183
E1693	parent	E1819
E1690	father	E1560
E2098	successor	E658
E1083	child	E464
E1023	successor	E1689
E1415	father	E334
E865	spouse	E112
E266	father	E1463
E1770	successor	E1500
E1161	mother	E54
E830	type	Person
E2183	child	E602
E2206	predecessor	E1370
E1377	parent	E626
E636	parent	E1021
E646	successor	E599
E682	type	Person
E1956	spouse	E1284
E1644	child	E2206
E1449	spouse	E2102
E972	mother	E1699
E1159	father	E604
E143	parent	E800
E478	child	E1229
E925	father	E2005
E57	child	E599
E1374	child	E1307
E531	spouse	E1397
E2038	type	Person
E454	parent	E1269
E475	child	E1868
E1162	parent	E1541
E159	type	Person
E1962	predecessor	E892
E71	parent	E700
E154	father	E328
E1956	child	E1042
E596	mother	E1112
E768	predecessor	E1354
E1347	successor	E1287
E1504	mother	E1377
E1454	child	E1815
E1730	mother	E533
E956	spouse	E406
E509	spouse	E1099
E542	child	E1152
E2098	successor	E1844
E284	predecessor	E844
E531	child	E901
E1500	type	Person
E1765	successor	E482
E1766	child	E43
E1928	spouse	E1119
E1745	child	E1608
E2182	predecessor	E796
E1848	successor	E964
E177	mother	E334
E206	parent	E1819
E1945	spouse	E859
E884	successor	E1347
E345	child	E2095
E1544	type	Person
E95	type	Person
E284	spouse	E596
E2114	type	Person
E1644	successor	E1323
E2043	successor	E483
E911	successor	E475
E778	type	Person
E938	father	E550
E1267	spouse	E256
E1872	parent	E1521
E555	type	Person
E81	spouse	E737
E1158	successor	E1065
E914	predecessor	E2032
E657	parent	E154
E952	parent	E1316
E1434	successor	E1530
E1033	successor	E871
E1293	mother	E2050
E117	parent	E1514
E830	father	E1595
E1706	parent	E1317
E1369	predecessor	E2131
E1761	child	E75
E592	successor	E798
E193	spouse	E1317
E1820	predecessor	E1515
E1040	spouse	E272
E232	mother	E712
E1458	predecessor	E235
E6	type	Person
E1213	type	Person
E932	successor	E236
E110	spouse	E703
E1792	mother	E1868
E2200	successor	E2040
E1745	parent	E1804
E1326	predecessor	E362
E1007	mother	E654
E1204	spouse	E1589
E1716	type	Person
E596	successor	E931
E669	type	Person
E1229	mother	E267
E2178	predecessor	E1893
E282	father	E1467
E1665	successor	E38
E142	predecessor	E666
E47	type	Person
E71	father	E1103
E1646	parent	E111
E1455	successor	E1818
E1175	child	E2186
E72	child	E969
E1359	mother	E256
E1397	mother	E193
E2076	spouse	E1873
E870	parent	E1777
E1749	mother	E1966
E232	successor	E1365
E443	child	E122
E735	mother	E1264
E975	parent	E1656
E1162	child	E1868
E2016	type	Person
E593	successor	E1616
E2048	successor	E771
E1359	type	Person
E128	type	Person
E1047	parent	E686
E1030	parent	E503
E1325	successor	E1129
E957	parent	E1046
E345	successor	E238
E358	predecessor	E1060
E1296	parent	E1496
E1884	spouse	E2087
E373	parent	E1563
E311	mother	E1620
E637	mother	E960
E737	spouse	E526
E2090	type	Person
E2195	child	E768
E617	child	E441
E964	successor	E729
E796	type	Person
E246	parent	E643
E200	parent	E1894
E1901	child	E246
E1020	predecessor	E1875
E886	child	E394
E801	parent	E625
E2039	predecessor	E1770
E227	successor	E1613
E1635	spouse	E824
E693	predecessor	E1832
E868	father	E1616
E304	type	Person
E2163	spouse	E2168
E166	child	E2067
E1558	father	E1312
E498	successor	E1675
E515	child	E1786
E1495	mother	E526
E1906	successor	E1990
E537	type	Person
E1364	parent	E86
E917	spouse	E724
E1580	predecessor	E1186
E47	mother	E297
E358	spouse	E1292
E623	predecessor	E1002
E730	father	E1872
E2093	successor	E229
E286	child	E882
E1085	type	Person
E2189	child	E410
E533	predecessor	E960
E49	type	Person
E478	mother	E200
E1291	predecessor	E1278
E911	type	Person
E2134	parent	E1229
E304	parent	E1179
E973	type	Person
E500	spouse	E986
E194	mother	E72
E256	spouse	E1801
E1271	spouse	E1167
E938	type	Person
E1267	type	Person
E475	spouse	E1425
E1893	successor	E1865
E2014	child	E1404
E1748	type	Person
E835	parent	E65
E1665	predecessor	E1792
E1805	successor	E1534
E179	spouse	E1377
E631	mother	E1359
E1963	father	E2067
E1439	father	E2087
E1251	type	Person
E778	predecessor	E812
E566	successor	E1661
E486	type	Person
E1759	successor	E1361
E629	spouse	E1924
E1842	spouse	E1580
E374	spouse	E1093
E122	successor	E821
E743	spouse	E2206
E812	predecessor	E953
E2208	spouse	E703
E1424	spouse	E155
E1542	successor	E229
E1805	successor	E1275
E545	spouse	E593
E2094	parent	E406
E1188	child	E1051
E2080	spouse	E1769
E174	predecessor	E682
E49	successor	E1815
E201	mother	E1794
E1761	predecessor	E35
E1264	spouse	E572
E710	mother	E469
E1342	spouse	E598
E91	mother	E971
E1081	type	Person
E1738	child	E46
E1093	parent	E1044
E2042	predecessor	E1730
E1608	spouse	E1159
E509	parent	E1696
E1680	parent	E693
E362	spouse	E1881
E128	spouse	E1405
E50	predecessor	E49
E132	parent	E617
E145	successor	E940
E734	mother	E1870
E1070	type	Person
E1900	spouse	E662
E1466	parent	E569
E229	successor	E695
E1797	successor	E2208
E1467	successor	E2099
E1156	parent	E932
E1152	parent	E1121
E157	spouse	E1190
E212	spouse	E488
E184	type	Person
E1488	father	E1961
E1	father	E1762
E858	successor	E362
E1945	spouse	E8
E1558	successor	E387
E934	type	Person
E341	successor	E142
E1292	successor	E940
E1370	predecessor	E2156
E1769	predecessor	E123
E957	successor	E824
E2095	successor	E1708
E1102	successor	E892
E2071	parent	E1411
E1548	successor	E715
E2192	successor	E1981
E1515	child	E331
E355	mother	E581
E1262	parent	E2119
E1387	successor	E155
E2015	parent	E537
E2167	predecessor	E827
E493	type	Person
E2133	parent	E655
E2183	predecessor	E1656
E729	spouse	E2096
E1394	spouse	E1099
E720	predecessor	E2081
E885	parent	E2094
E229	successor	E796
E128	father	E870
E799	mother	E730
E1065	father	E1437
E1169	type	Person
E651	parent	E1229
E327	parent	E1798
E938	parent	E1558
E1569	child	E1764
E1519	type	Person
E801	type	Person
E1116	predecessor	E227
E1995	successor	E1766
E1995	child	E446
E2026	child	E1614
E1158	child	E1825
E1569	predecessor	E1621
E724	mother	E1522
E1886	child	E369
E1632	successor	E1333
E1275	spouse	E809
E1162	spouse	E706
E589	predecessor	E1923
E1860	spouse	E1214
E743	type	Person
E2082	parent	E2072
E1948	child	E946
E235	spouse	E267
E623	father	E1162
E374	type	Person
E1866	type	Person
E85	type	Person
E975	father	E1777
E1553	successor	E1849
E2164	successor	E1621
E1917	parent	E2189
E184	child	E1607
E632	child	E1731
E556	successor	E766
E1654	spouse	E1167
E1269	successor	E1483
E1893	spouse	E1158
E155	parent	E411
E1711	child	E566
E183	child	E812
E1786	type	Person
E1035	successor	E516
E269	father	E1142
E6	successor	E125
E1500	successor	E2076
E1878	spouse	E1710
E1666	parent	E1492
E1440	parent	E680
E1763	parent	E1894
E276	successor	E223
E1202	predecessor	E1208
E1872	spouse	E1744
E1298	parent	E1455
E1202	predecessor	E1397
E369	successor	E807
E899	parent	E57
E1968	type	Person
E294	parent	E1715
E1526	child	E204
E1137	spouse	E1458
E1750	predecessor	E256
E1190	parent	E1873
E1580	spouse	E810
E493	spouse	E422
E1423	spouse	E970
E2074	parent	E2195
E1429	parent	E377
E333	child	E1496
E2116	spouse	E741
E1551	father	E1063
E1961	spouse	E2096
E156	type	Person
E796	predecessor	E942
E364	spouse	E2036
E110	father	E868
E399	successor	E240
E1112	type	Person
E988	father	E2074
E1733	successor	E2045
E958	father	E169
E194	spouse	E1162
E1980	parent	E589
E1606	spouse	E1716
E575	successor	E1492
E341	successor	E724
E304	predecessor	E1611
E378	parent	E1801
E1603	type	Person
E286	mother	E545
E447	parent	E1769
E1060	child	E409
E970	spouse	E416
E206	child	E1102
E224	spouse	E654
E241	successor	E325
E2192	child	E1238
E1361	predecessor	E1565
E2188	child	E1706
E42	child	E1595
E268	predecessor	E673
E531	successor	E436
E1137	parent	E166
E1616	child	E34
E1087	spouse	E2184
E2030	successor	E372
E159	spouse	E565
E939	child	E1769
E200	type	Person
E168	predecessor	E1325
E1019	predecessor	E604
E2131	spouse	E2009
E573	child	E1367
E2045	parent	E1367
E179	parent	E1192
E445	parent	E319
E1162	spouse	E454
E1529	successor	E409
E1806	child	E1287
E1397	successor	E2116
E2097	type	Person
E572	successor	E1967
E724	mother	E1414
E1593	spouse	E1923
E655	successor	E703
E1284	successor	E677
E914	spouse	E1122
E589	child	E1186
E1402	father	E1951
E1731	predecessor	E1237
E256	child	E201
E986	spouse	E1558
E637	successor	E1202
E1025	type	Person
E1551	mother	E325
E857	predecessor	E657
E1966	spouse	E1238
E735	spouse	E1819
E1474	type	Person
E2167	spouse	E2106
E1665	successor	E413
E96	parent	E730
E2164	type	Person
E295	parent	E669
E1109	parent	E2036
E1589	spouse	E973
E1769	predecessor	E277
E1798	father	E1339
E725	type	Person
E825	spouse	E1936
E2006	child	E2075
E1990	spouse	E722
E631	mother	E1306
E8	predecessor	E1264
E1879	child	E1716
E362	successor	E947
E34	parent	E1796
E246	type	Person
E308	parent	E269
E249	spouse	E1779
E184	father	E1268
E308	father	E313
E1895	spouse	E1511
E1434	spouse	E573
E1354	spouse	E2030
E1439	type	Person
E1387	successor	E1175
E1689	child	E2146
E267	child	E63
E637	child	E938
E27	father	E1593
E184	predecessor	E6
E1735	spouse	E1134
E2060	successor	E1848
E1749	parent	E662
E1384	father	E756
E2206	child	E1749
E1958	spouse	E342
E2034	child	E280
E1476	type	Person
E1794	predecessor	E1097
E422	father	E695
E1214	successor	E1844
E1171	parent	E681
E394	parent	E1716
E1746	spouse	E424
E1046	predecessor	E1866
E1222	successor	E2086
E1996	child	E1608
E1863	successor	E1725
E2075	parent	E997
E95	spouse	E2015
E2099	type	Person
E720	father	E504
E2177	type	Person
E199	father	E669
E664	mother	E815
E1376	parent	E2163
E1317	child	E132
E565	spouse	E710
E1868	parent	E812
E515	father	E1372
E1740	predecessor	E249
E36	spouse	E911
E1051	father	E243
E142	successor	E877
E730	child	E1762
E1565	father	E1423
E680	child	E1424
E1639	type	Person
E38	child	E463
E1886	successor	E1251
E629	father	E328
E1886	parent	E1393
E1620	predecessor	E266
E873	spouse	E889
E1107	spouse	E1540
E1062	successor	E1020
E1996	child	E1495
E217	father	E1792
E555	predecessor	E1198
E1394	child	E1622
E2100	type	Person
E1160	predecessor	E641
E1637	predecessor	E2097
E1116	child	E1633
E1923	successor	E1071
E342	successor	E1716
E1996	spouse	E737
E330	parent	E430
E749	mother	E1804
E1002	predecessor	E1614
E1341	parent	E1045
E2034	mother	E1306
E1968	spouse	E1245
E1027	parent	E1905
E800	successor	E1966
E1876	mother	E1395
E1748	successor	E1087
E788	spouse	E2042
E773	spouse	E815
E63	father	E2189
E211	successor	E1959
E2168	child	E206
E23	type	Person
E643	successor	E736
E771	predecessor	E1516
E1621	spouse	E596
E294	parent	E304
E508	predecessor	E1884
E2015	father	E1394
E588	type	Person
E1683	parent	E2190
E700	parent	E1949
E844	predecessor	E1328
E1158	mother	E931
E1870	parent	E1979
E1179	predecessor	E826
E596	spouse	E191
E1251	parent	E2188
E1112	mother	E782
E591	mother	E928
E394	successor	E196
E324	successor	E1166
E665	child	E2045
E1186	spouse	E1683
E1928	successor	E1310
E2167	child	E732
E2032	parent	E2094
E317	predecessor	E483
E328	father	E1683
E1706	parent	E2134
E1970	successor	E2021
E881	child	E1868
E1387	child	E2166
E1455	child	E1437
E1753	successor	E868
E77	mother	E1494
E334	parent	E766
E1678	type	Person
E1163	child	E751
E1768	parent	E1735
E825	predecessor	E613
E2195	mother	E1963
E736	type	Person
E1818	child	E636
E1738	spouse	E527
E330	child	E2002
E174	spouse	E2202
E1203	predecessor	E735
E221	spouse	E2185
E2086	parent	E751
E655	mother	E416
E1955	successor	E596
E414	successor	E446
E2110	spouse	E955
E750	child	E158
E95	spouse	E1035
E1995	successor	E1979
E1907	child	E1918
E946	parent	E960
E1161	mother	E575
E2095	successor	E387
E2047	spouse	E788
E1087	father	E1679
E613	successor	E1081
E2043	spouse	E1042
E827	successor	E936
E2163	type	Person
E269	parent	E823
E1167	parent	E1859
E1884	mother	E1636
E1766	parent	E68
E106	successor	E273
E183	parent	E2188
E1216	successor	E881
E56	type	Person
E815	successor	E2072
E6	parent	E664
E1496	child	E1730
E1423	predecessor	E211
E1171	type	Person
E1961	successor	E824
E1063	parent	E36
E730	predecessor	E23
E901	spouse	E445
E246	child	E1656
E77	successor	E888
E899	predecessor	E887
E498	spouse	E2121
E498	successor	E1703
E1948	father	E920
E1033	type	Person
E593	successor	E1132
E319	mother	E1484
E2053	parent	E443
E1692	mother	E1796
E1404	predecessor	E469
E318	predecessor	E1258
E106	parent	E819
E125	successor	E2060
E275	successor	E486
E946	child	E295
E1840	successor	E1237
E831	child	E371
E1310	spouse	E1730
E970	spouse	E1024
E1725	child	E729
E721	predecessor	E538
E102	successor	E2211
E1731	successor	E1711
E1163	child	E2158
E1558	child	E732
E824	father	E1460
E1333	type	Person
E464	spouse	E2045
E1026	father	E736
E110	type	Person
E43	spouse	E1198
E1833	parent	E406
E249	type	Person
E855	parent	E1515
E1768	predecessor	E882
E516	mother	E523
E2029	father	E409
E1049	parent	E1
E2124	spouse	E1186
E1893	type	Person
E2146	parent	E1359
E1888	mother	E1815
E973	parent	E1970
E815	spouse	E2029
E988	parent	E1894
E2061	spouse	E827
E1708	child	E194
E66	predecessor	E1305
E1948	successor	E1885
E486	child	E1895
E1415	child	E937
E1998	child	E308
E1808	type	Person
E307	type	Person
E710	successor	E1690
E1029	father	E98
E833	successor	E47
E2021	father	E1764
E2119	father	E829
E246	child	E1855
E835	spouse	E575
E2189	father	E723
E871	child	E1560
E1119	parent	E538
E1923	predecessor	E686
E1919	parent	E2002
E1963	child	E1554
E355	predecessor	E2178
E2208	successor	E1894
E838	father	E1636
E2182	successor	E1769
E1553	type	Person
E955	parent	E485
E333	parent	E1548
E1998	type	Person
E1757	father	E1020
E855	father	E831
E1764	child	E1029
E503	parent	E1585
E1779	predecessor	E617
E430	successor	E35
E1349	successor	E235
E745	spouse	E803
E720	mother	E1296
E706	successor	E1081
E445	parent	E395
E1699	predecessor	E1806
E514	parent	E1124
E1731	successor	E1326
E1833	mother	E104
E235	spouse	E1560
E1951	spouse	E947
E1071	predecessor	E548
E1092	type	Person
E2086	successor	E446
E721	father	E1251
E378	child	E2136
E688	parent	E1855
E602	parent	E609
E1374	parent	E1640
E733	successor	E373
E1763	successor	E463
E184	parent	E1708
E1966	type	Person
E680	parent	E991
E1470	spouse	E2018
E249	parent	E646
E1483	mother	E1632
E526	mother	E1142
E604	father	E1808
E1674	successor	E2189
E2150	successor	E1266
E1512	successor	E1519
E1085	child	E1519
E715	successor	E1476
E1287	successor	E503
E1899	spouse	E1427
E1208	child	E2150
E2131	father	E1166
E1881	type	Person
E972	father	E12
E1980	spouse	E251
E893	successor	E488
E2007	father	E1859
E823	type	Person
E912	predecessor	E1639
E1838	type	Person
E1606	spouse	E825
E1760	spouse	E338
E169	successor	E1304
E2009	child	E1278
E1305	successor	E1370
E829	parent	E1886
E2156	parent	E1759
E493	father	E914
E435	predecessor	E109
E531	predecessor	E155
E1636	parent	E328
E782	spouse	E1738
E819	mother	E2099
E923	predecessor	E1483
E248	spouse	E2190
E111	spouse	E184
E414	parent	E2158
E2071	parent	E1611
E298	parent	E918
E1245	spouse	E1585
E71	spouse	E751
E1522	successor	E2074
E550	parent	E1636
E1740	successor	E1918
E281	child	E500
E680	parent	E1063
E773	predecessor	E1706
E2137	child	E1473
E1936	child	E2211
E979	parent	E2033
E1198	parent	E1659
E1317	spouse	E1119
E1062	predecessor	E889
E2189	spouse	E419
E1288	successor	E1770
E1021	mother	E33
E658	mother	E240
E1093	spouse	E821
E782	mother	E465
E1085	father	E2062
E548	mother	E1770
E881	parent	E1443
E1518	spouse	E394
E350	successor	E917
E508	spouse	E482
E2110	predecessor	E2006
E327	spouse	E1339
E1260	predecessor	E593
E1661	mother	E2061
E1786	mother	E377
E1384	successor	E1907
E1745	parent	E645
E518	father	E1959
E2008	type	Person
E65	predecessor	E240
E606	father	E438
E1414	spouse	E2110
E1840	parent	E142
E1097	parent	E411
E1204	predecessor	E2087
E946	father	E1534
E934	spouse	E1467
E937	predecessor	E1580
E1071	type	Person
E1792	predecessor	E475
E99	parent	E1735
E2185	spouse	E1216
E1886	successor	E1825
E98	child	E1933
E870	father	E1828
E1563	father	E1779
E394	parent	E1910
E150	child	E2096
E1855	parent	E190
E746	spouse	E307
E1461	spouse	E1415
E892	predecessor	E803
E1047	type	Person
E835	spouse	E2124
E922	mother	E1990
E2166	successor	E1211
E1323	parent	E544
E483	successor	E1150
E1554	type	Person
E1096	spouse	E2003
E409	successor	E1251
E681	spouse	E465
E743	spouse	E14
E424	predecessor	E598
E1548	spouse	E2102
E1825	predecessor	E1748
E1092	spouse	E238
E970	child	E1937
E986	child	E2186
E1580	child	E1023
E78	father	E1240
E524	mother	E2137
E1434	child	E1761
E14	type	Person
E426	father	E342
E1836	child	E249
E915	successor	E1875
E1341	spouse	E732
E1633	successor	E1271
E1198	mother	E1900
E997	type	Person
E1710	parent	E1188
E1019	father	E937
E2158	type	Person
E321	predecessor	E1083
E27	father	E2183
E1467	child	E1708
E888	spouse	E395
E2030	parent	E888
E1901	father	E1962
E1901	predecessor	E633
E682	successor	E246
E1051	predecessor	E49
E1607	mother	E1222
E1049	father	E2025
E1637	father	E1967
E930	predecessor	E1307
E2164	predecessor	E1369
E311	successor	E796
E13	mother	E1271
E2195	successor	E2131
E1678	successor	E1085
E1317	parent	E483
E1476	father	E1481
E835	parent	E372
E1572	parent	E2157
E925	child	E131
E1889	father	E1186
E786	mother	E1051
E2038	successor	E525
E1515	spouse	E831
E177	type	Person
E488	spouse	E1651
E177	parent	E1570
E1458	child	E720
E1490	successor	E276
E695	spouse	E1404
E1683	successor	E454
E86	predecessor	E1466
E410	child	E1899
E2040	parent	E628
E2038	spouse	E1818
E1833	type	Person
E446	father	E421
E710	successor	E1495
E1768	type	Person
E2076	father	E1264
E1650	type	Person
E588	predecessor	E596
E350	type	Person
E712	successor	E1174
E2062	parent	E322
E2177	mother	E371
E121	parent	E311
E969	child	E223
E387	type	Person
E128	parent	E986
E489	parent	E1415
E857	parent	E2186
E1258	parent	E1794
E493	child	E1848
E1423	predecessor	E1806
E2150	predecessor	E1035
E569	parent	E1962
E1542	parent	E1376
E402	successor	E1140
E75	child	E331
E1384	parent	E111
E1836	father	E862
E1169	child	E1840
E1780	spouse	E395
E1460	predecessor	E1470
E333	parent	E1040
E86	successor	E2190
E364	parent	E1305
E1145	parent	E1614
E1470	mother	E1143
E2030	successor	E333
E1086	parent	E1455
E1454	type	Person
E1958	parent	E72
E931	successor	E1109
E23	successor	E2021
E1745	child	E63
E293	parent	E651
E930	child	E105
E46	parent	E165
E1293	spouse	E1614
E1214	successor	E1901
E1949	successor	E1137
E551	type	Person
E390	type	Person
E658	successor	E227
E1868	child	E1184
E6	predecessor	E430
E1081	child	E1786
E131	predecessor	E2124
E986	child	E286
E1380	successor	E1192
E1847	predecessor	E2029
E280	mother	E602
E403	predecessor	E2124
E1990	spouse	E272
E1007	successor	E42
E913	mother	E1622
E859	parent	E655
E1208	successor	E1483
E2053	successor	E1689
E1985	child	E36
E394	child	E500
E1435	predecessor	E1458
E115	father	E730
E75	type	Person
E191	father	E1894
E677	type	Person
E1689	mother	E1095
E454	predecessor	E131
E971	father	E682
E772	successor	E1696
E307	mother	E857
E2190	predecessor	E188
E812	successor	E662
E2047	parent	E1439
E489	child	E1342
E2014	type	Person
E403	parent	E168
E807	spouse	E1939
E194	mother	E212
E200	successor	E1516
E1889	successor	E1145
E2116	spouse	E920
E973	spouse	E1483
E782	child	E829
E764	child	E1611
E321	child	E413
E506	parent	E465
E255	predecessor	E259
E844	parent	E1937
E1170	successor	E1006
E2163	child	E1554
E1195	child	E1029
E121	father	E666
E1526	successor	E2090
E144	parent	E877
E115	type	Person
E1839	father	E1367
E1033	successor	E482
E658	mother	E318
E373	child	E688
E1517	successor	E1074
E1917	type	Person
E1405	successor	E441
E914	predecessor	E1339
E1612	father	E555
E266	predecessor	E1651
E623	spouse	E1188
E922	spouse	E308
E899	spouse	E1188
E1443	type	Person
E1306	spouse	E1585
E128	child	E1672
E1979	spouse	E1878
E1271	parent	E483
E130	successor	E827
E1204	predecessor	E268
E656	type	Person
E1714	successor	E1431
E979	successor	E1870
E2120	predecessor	E936
E1731	child	E2014
E697	spouse	E809
E609	spouse	E1461
E1744	type	Person
E1881	predecessor	E1716
E2061	parent	E73
E1903	predecessor	E281
E1158	type	Person
E1764	predecessor	E1328
E1372	spouse	E1819
E826	father	E712
E188	spouse	E693
E1023	spouse	E710
E106	spouse	E1933
E1512	father	E1481
E1394	successor	E1923
E548	type	Person
E169	successor	E1622
E807	parent	E443
E1288	father	E927
E1435	parent	E57
E815	parent	E2158
E1979	child	E281
E333	father	E1603
E125	child	E1023
E1445	spouse	E403
E1269	parent	E2008
E172	type	Person
E1572	spouse	E1152
E1720	successor	E201
E973	parent	E844
E646	successor	E1990
E956	successor	E697
E1500	successor	E1607
E973	predecessor	E2207
E1863	predecessor	E1878
E1959	spouse	E2098
E1492	father	E378
E448	type	Person
E2003	predecessor	E827
E1415	spouse	E2116
E1933	type	Person
E1145	successor	E1180
E1306	parent	E1043
E745	child	E104
E1681	successor	E227
E1298	child	E1761
E1237	successor	E508
E915	father	E1271
E838	parent	E956
E445	spouse	E1966
E1384	father	E1796
E2043	parent	E704
E409	spouse	E711
E1558	predecessor	E142
E1244	father	E2062
E1122	child	E799
E1204	father	E734
E812	successor	E975
E735	successor	E504
E42	parent	E1569
E1706	predecessor	E1266
E1512	spouse	E2015
E333	child	E1333
E1876	spouse	E1384
E430	spouse	E1277
E1192	predecessor	E2014
E1258	spouse	E1801
E241	type	Person
E6	spouse	E1107
E2062	spouse	E25
E2157	parent	E150
E1234	successor	E785
E1960	successor	E788
E758	successor	E1271
E589	spouse	E807
E1595	parent	E248
E2029	spouse	E2099
E1428	parent	E1203
E1370	type	Person
E591	spouse	E333
E2095	mother	E703
E125	successor	E60
E1612	successor	E1281
E1122	parent	E2002
E983	child	E1949
E2080	successor	E1173
E1893	predecessor	E1570
E402	successor	E1519
E1045	successor	E1030
E25	spouse	E969
E779	predecessor	E86
E14	parent	E884
E566	parent	E1062
E172	predecessor	E1678
E143	predecessor	E190
E978	type	Person
E626	child	E1264
E469	predecessor	E409
E1621	type	Person
E1542	predecessor	E1231
E440	parent	E730
E1874	father	E1249
E1585	spouse	E2192
E917	type	Person
E1849	father	E1548
E1891	type	Person
E1074	father	E12
E266	parent	E1962
E1680	child	E504
E2003	child	E632
E1324	father	E1124
E331	spouse	E94
E1907	predecessor	E2090
E1580	predecessor	E1765
E330	mother	E1408
E1692	child	E871
E1720	type	Person
E1894	predecessor	E857
E1526	father	E856
E2039	successor	E1621
E446	parent	E1496
E1298	parent	E1541
E1244	spouse	E636
E1815	mother	E2106
E1959	father	E43
E98	child	E1740
E717	spouse	E1692
E1614	mother	E1251
E314	successor	E1278
E1116	spouse	E1071
E121	parent	E454
E556	parent	E325
E1665	spouse	E717
E1811	predecessor	E821
E419	predecessor	E633
E1095	successor	E12
E144	mother	E1150
E722	child	E422
E686	successor	E565
E1043	spouse	E727
E1998	father	E1175
E1639	father	E1888
E845	predecessor	E858
E1029	spouse	E2178
E2071	father	E918
E643	child	E1278
E1889	spouse	E447
E341	successor	E1836
E1216	successor	E1377
E1777	predecessor	E1968
E964	mother	E1404
E2083	successor	E378
E1973	parent	E599
E960	successor	E345
E602	successor	E1361
E1476	successor	E1580
E1563	predecessor	E174
E971	type	Person
E1119	spouse	E1855
E715	successor	E273
E430	type	Person
E183	parent	E1095
E327	predecessor	E1180
E1429	type	Person
E870	type	Person
E1678	father	E669
E833	father	E953
E669	parent	E275
E1258	mother	E307
E1180	father	E1572
E324	predecessor	E1540
E1057	parent	E1463
E1328	type	Person
E920	spouse	E95
E424	spouse	E589
E447	spouse	E1186
E1188	successor	E918
E733	father	E1049
E1316	mother	E1364
E248	type	Person
E1042	spouse	E1140
E917	parent	E2167
E1284	father	E307
E1107	parent	E1995
E657	parent	E2185
E931	child	E1865
E442	type	Person
E548	parent	E1544
E184	parent	E760
E1847	predecessor	E1097
E1551	parent	E1923
E1584	child	E1466
E1065	child	E1361
E1002	type	Person
E485	parent	E1959
E680	mother	E1365
E1203	type	Person
E314	parent	E465
E1881	father	E459
E1030	child	E993
E851	parent	E1961
E1370	parent	E1515
E1765	mother	E673
E1342	spouse	E295
E2021	type	Person
E183	predecessor	E969
E1440	predecessor	E1514
E1104	child	E662
E1268	parent	E1521
E809	father	E688
E196	successor	E157
E1621	mother	E800
E1648	type	Person
E395	successor	E817
E1875	successor	E1187
E1498	spouse	E884
E1003	type	Person
E282	successor	E1258
E282	spouse	E49
E330	child	E493
E1466	parent	E1973
E1919	parent	E1027
E112	successor	E1683
E1740	mother	E1847
E810	mother	E856
E64	parent	E772
E441	parent	E1163
E1188	father	E57
E2133	mother	E1769
E271	successor	E1595
E2075	child	E387
E248	successor	E1466
E1186	spouse	E2040
E1608	parent	E1434
E1840	successor	E319
E1631	predecessor	E1222
E2039	type	Person
E1753	predecessor	E342
E1868	type	Person
E293	parent	E636
E150	predecessor	E2093
E1855	parent	E2192
E1961	child	E2040
E112	mother	E1928
E1222	parent	E651
E751	successor	E1848
E581	type	Person
E1708	predecessor	E1472
E1780	spouse	E631
E657	type	Person
E986	parent	E2005
E845	successor	E2137
E2007	parent	E1907
E402	child	E1271
E1349	predecessor	E1323
E627	successor	E1626
E184	father	E815
E2164	spouse	E1376
E573	type	Person
E932	predecessor	E2186
E248	parent	E646
E825	child	E1231
E1860	spouse	E1659
E953	type	Person
E2062	predecessor	E925
E868	father	E493
E771	type	Person
E2075	father	E2071
E1644	predecessor	E2094
E479	parent	E1480
E2133	father	E1635
E2189	child	E656
E773	successor	E735
E1121	spouse	E1103
E24	type	Person
E33	successor	E2190
E1201	type	Person
E1498	parent	E1633
E485	father	E42
E1047	mother	E314
E862	type	Person
E1504	successor	E57
E224	successor	E993
E1157	spouse	E338
E256	father	E281
E1042	child	E281
E1962	predecessor	E1516
E1860	father	E953
E369	type	Person
E835	child	E1818
E459	type	Person
E1265	mother	E2018
E938	successor	E33
E1675	parent	E1099
E1656	spouse	E1968
E2172	parent	E1237
E1203	mother	E1681
E940	father	E155
E723	spouse	E1838
E2064	predecessor	E1832
E931	successor	E54
E331	type	Person
E688	type	Person
E766	spouse	E2038
E478	spouse	E785
E1070	father	E632
E2087	type	Person
E1845	parent	E680
E1008	parent	E2061
E963	child	E1903
E2038	child	E2131
E441	parent	E963
E1714	child	E1237
E369	child	E1759
E2009	parent	E286
E217	successor	E313
E1794	child	E695
E809	successor	E1171
E2133	predecessor	E1190
E248	spouse	E1361
E1703	mother	E1021
E1213	spouse	E1745
E191	type	Person
E1445	predecessor	E1198
E560	successor	E60
E838	parent	E2007
E489	spouse	E1174
E248	mother	E1923
E1874	spouse	E286
E410	successor	E1611
E1325	successor	E2067
E824	successor	E930
E321	spouse	E24
E829	spouse	E885
E110	child	E248
E1662	successor	E727
E541	parent	E600
E1542	spouse	E64
E1427	successor	E1622
E2096	predecessor	E1121
E1275	parent	E598
E1796	father	E540
E1046	successor	E1284
E2075	father	E209
E971	successor	E809
E953	child	E104
E2021	child	E1387
E1288	successor	E566
E1266	spouse	E1825
E220	type	Person
E493	father	E1325
E1640	father	E669
E541	successor	E105
E622	successor	E1429
E200	parent	E1237
E294	mother	E1519
E625	predecessor	E1541
E1277	parent	E1519
E109	successor	E1797
E637	successor	E782
E815	successor	E833
E1083	spouse	E1316
E874	child	E1839
E986	successor	E2025
E833	child	E1794
E575	spouse	E1057
E955	child	E1514
E166	type	Person
E565	mother	E1327
E1049	child	E1504
E1405	child	E987
E967	predecessor	E1881
E1081	spouse	E527
E722	mother	E358
E2034	parent	E1393
E626	type	Person
E1860	type	Person
E662	parent	E632
E937	parent	E1832
E1614	child	E1404
E1563	spouse	E1919
E641	parent	E826
E2093	child	E1341
E1511	type	Person
E973	spouse	E1203
E1650	successor	E240
E725	child	E1998
E545	spouse	E1187
E964	spouse	E1435
E150	successor	E1376
E1840	spouse	E75
E695	spouse	E1262
E993	child	E1062
E1859	spouse	E1855
E1838	spouse	E743
E60	parent	E1959
E731	father	E1825
E1805	parent	E605
E856	spouse	E750
E1354	spouse	E1691
E1277	predecessor	E1192
E232	successor	E1394
E12	child	E602
E555	parent	E665
E372	spouse	E436
E1375	spouse	E643
E1277	mother	E1495
E1666	spouse	E2009
E930	type	Person
E826	successor	E334
E57	successor	E1646
E1041	spouse	E551
E655	parent	E416
E166	predecessor	E2043
E1027	spouse	E1580
E506	type	Person
E436	parent	E1521
E2093	spouse	E1162
E2110	child	E2060
E706	predecessor	E2101
E256	type	Person
E631	parent	E1288
E798	spouse	E1876
E1636	parent	E1603
E2183	father	E531
E1917	predecessor	E1636
E286	successor	E914
E1446	predecessor	E782
E71	spouse	E1635
E1892	spouse	E1109
E294	parent	E2002
E773	successor	E1603
E1047	father	E1868
E200	successor	E715
E565	parent	E1364
E479	father	E424
E1192	predecessor	E835
E2087	successor	E479
E1324	spouse	E385
E1361	child	E403
E1865	child	E2090
E1555	parent	E2042
E115	child	E2099
E1096	child	E2120
E2038	predecessor	E2200
E1184	successor	E1
E716	parent	E318
E831	predecessor	E749
E656	father	E1175
E2053	type	Person
E483	spouse	E1924
E1021	parent	E1271
E550	type	Person
E1380	successor	E868
E158	father	E43
E2034	type	Person
E96	mother	E1161
E2052	mother	E932
E1245	child	E1981
E221	mother	E1204
E422	parent	E1021
E979	spouse	E1536
E2075	mother	E248
E737	spouse	E986
E155	father	E2100
E150	spouse	E1167
E1201	father	E1268
E1918	father	E720
E399	spouse	E1973
E1003	successor	E1195
E131	spouse	E1955
E1334	father	E819
E545	type	Person
E1893	child	E1985
E1517	successor	E1364
E77	mother	E1607
E2021	predecessor	E1900
E269	father	E1494
E1354	spouse	E1249
E581	child	E1665
E1139	successor	E2086
E1517	predecessor	E622
E600	successor	E249
E544	successor	E1051
E2047	child	E1411
E743	predecessor	E602
E1970	successor	E772
E24	father	E2086
E1211	spouse	E1174
E1636	spouse	E796
E36	predecessor	E1333
E86	predecessor	E1895
E500	predecessor	E2062
E1733	spouse	E872
E27	parent	E1470
E621	mother	E2172
E695	father	E1855
E830	parent	E49
E249	successor	E952
E123	mother	E569
E1763	spouse	E2052
E1818	spouse	E1145
E1797	predecessor	E1024
E344	parent	E1985
E1640	successor	E637
E1096	parent	E825
E874	child	E2157
E106	child	E2061
E1956	successor	E930
E809	child	E872
E1699	father	E1316
E1377	predecessor	E200
E1414	spouse	E1354
E1786	spouse	E1203
E920	spouse	E1438
E314	predecessor	E1563
E319	spouse	E1899
E419	spouse	E1439
E56	successor	E1167
E1929	spouse	E912
E1404	predecessor	E2192
E1231	predecessor	E887
E606	father	E752
E1454	predecessor	E99
E717	mother	E47
E143	spouse	E2182
E1494	child	E1666
E1324	type	Person
E1289	predecessor	E2093
E39	mother	E295
E1845	type	Person
E1192	type	Person
E566	successor	E1731
E2163	predecessor	E1288
E170	spouse	E592
E1326	parent	E1951
E322	father	E449
E1603	mother	E403
E325	predecessor	E440
E71	type	Person
E1893	father	E308
E2202	spouse	E1820
E1104	father	E2121
E1234	spouse	E923
E1526	father	E2094
E1161	predecessor	E163
E358	successor	E1201
E927	parent	E798
E1958	successor	E917
E271	predecessor	E734
E2195	successor	E1730
E1860	successor	E1404
E500	parent	E1859
E394	parent	E413
E1083	parent	E1832
E1192	successor	E1996
E1334	type	Person
E319	spouse	E1414
E2098	spouse	E901
E132	mother	E1878
E256	child	E229
E2040	parent	E1087
E8	spouse	E1828
E817	type	Person
E8	type	Person
E726	child	E1746
E6	predecessor	E223
E1842	predecessor	E1103
E1484	successor	E413
E2053	child	E2102
E1137	spouse	E1267
E355	successor	E165
E1402	predecessor	E1339
E1261	spouse	E666
E1560	spouse	E1730
E912	parent	E90
E1137	successor	E1750
E1096	successor	E304
E34	type	Person
E743	child	E206
E2047	predecessor	E937
E66	spouse	E1162
E1460	successor	E1936
E1029	type	Person
E651	type	Person
E1968	mother	E991
E1744	predecessor	E1116
E1271	parent	E15
E1699	spouse	E1267
E1607	successor	E2067
E2157	type	Person
E122	successor	E169
E212	mother	E1542
E1325	child	E1112
E1656	spouse	E704
E447	parent	E704
E1062	parent	E872
E715	type	Person
E600	mother	E1766
E1041	spouse	E706
E2097	successor	E2093
E2142	spouse	E1603
E1840	type	Person
E1745	parent	E421
E2050	type	Person
E645	type	Person
E1886	predecessor	E1
E438	parent	E95
E1317	spouse	E716
E1288	parent	E183
E1180	mother	E1137
E2098	spouse	E2021
E447	successor	E227
E1693	type	Person
E735	parent	E1584
E115	parent	E1454
E1906	parent	E1637
E1134	spouse	E1956
E1333	spouse	E1762
E169	spouse	E893
E490	parent	E1730
E1008	successor	E1328
E1745	successor	E1614
E1870	mother	E1387
E824	predecessor	E1278
E2043	spouse	E212
E364	successor	E1818
E1375	parent	E1692
E1490	spouse	E81
E1045	father	E1917
E523	spouse	E733
E876	type	Person
E1139	child	E737
E1137	successor	E1370
E1995	successor	E1683
E1994	father	E1240
E920	parent	E940
E1393	predecessor	E1423
E1328	predecessor	E1919
E482	father	E328
E1374	child	E441
E1770	spouse	E2075
E886	parent	E885
E128	parent	E1703
E1918	child	E286
E277	child	E1081
E1845	predecessor	E1644
E1109	predecessor	E109
E912	spouse	E844
E1121	type	Person
E2192	child	E2067
E874	parent	E1272
E1855	predecessor	E556
E1288	predecessor	E1083
E1633	child	E378
E2042	successor	E1233
E1933	predecessor	E600
E1650	spouse	E1632
E2097	spouse	E957
E1512	successor	E104
E721	father	E1530
E1116	parent	E779
E1777	spouse	E78
E2036	child	E688
E156	successor	E2050
E338	type	Person
E358	predecessor	E947
E411	spouse	E1598
E1112	predecessor	E2015
E654	mother	E1175
E78	spouse	E1144
E1071	parent	E888
E733	parent	E85
E2033	child	E295
E1324	father	E1427
E1639	child	E1495
E256	predecessor	E677
E307	child	E829
E2033	parent	E325
E1376	successor	E1170
E1878	successor	E728
E1498	mother	E104
E1341	parent	E1749
E622	mother	E1249
E1990	father	E1166
E1094	successor	E1158
E14	spouse	E115
E259	successor	E1186
E515	spouse	E2136
E241	predecessor	E1323
E952	type	Person
E1150	spouse	E1466
E374	predecessor	E1305
E1201	successor	E86
E508	child	E91
E1636	successor	E711
E508	parent	E479
E385	father	E928
E1301	father	E1033
E1892	child	E901
E1173	parent	E1836
E884	mother	E1026
E1365	parent	E2005
E1384	successor	E1087
E1443	spouse	E942
E1278	parent	E1607
E1472	successor	E1805
E2100	child	E1879
E445	predecessor	E1690
E669	successor	E625
E1258	mother	E800
E1646	successor	E2114
E425	type	Person
E1435	child	E1027
E154	type	Person
E1070	child	E1792
E109	spouse	E1104
E2156	child	E609
E1979	spouse	E932
E1662	father	E1514
E1749	predecessor	E2067
E1589	successor	E681
E1679	predecessor	E809
E130	child	E717
E2134	type	Person
E1411	parent	E830
E2021	spouse	E60
E1369	type	Person
E852	spouse	E322
E1689	spouse	E135
E801	spouse	E1640
E710	successor	E422
E918	successor	E884
E1968	child	E1711
E1873	successor	E154
E486	spouse	E1
E1198	predecessor	E967
E824	parent	E892
E240	parent	E2075
E2200	parent	E2110
E414	parent	E196
E1959	parent	E1042
E1678	successor	E2061
E952	parent	E516
E1804	parent	E1870
E115	successor	E1132
E623	child	E871
E1292	spouse	E602
E1970	parent	E470
E912	successor	E243
E1170	type	Person
E1096	type	Person
E39	father	E581
E1163	spouse	E695
E768	parent	E1402
E179	type	Person
E328	type	Person
E125	predecessor	E1582
E871	mother	E1188
E1304	child	E835
E737	spouse	E2208
E760	father	E1049
E277	father	E121
E1855	child	E1666
E2190	predecessor	E1137
E1970	mother	E1873
E1043	predecessor	E771
E304	parent	E1595
E2016	successor	E658
E686	parent	E106
E1129	predecessor	E646
E1287	parent	E1083
E623	spouse	E39
E1394	type	Person
E697	spouse	E146
E1237	successor	E12
E117	predecessor	E1551
E1994	predecessor	E1097
E1498	spouse	E1213
E932	father	E1526
E1139	spouse	E782
E710	child	E68
E969	predecessor	E2039
E544	type	Person
E441	parent	E1689
E2014	spouse	E1376
E297	parent	E1234
E1960	spouse	E1900
E636	father	E1057
E1327	type	Person
E488	spouse	E629
E2067	parent	E1769
E409	parent	E939
E1996	parent	E1476
E1325	spouse	E1582
E746	type	Person
E1216	father	E2067
E680	successor	E2062
E1096	predecessor	E2043
E454	type	Person
E1855	successor	E964
E947	parent	E1615
E1764	spouse	E1001
E2184	predecessor	E730
E2038	spouse	E1749
E946	mother	E1384
E115	father	E193
E1598	child	E1674
E2016	child	E1156
E212	parent	E1906
E122	type	Person
E722	successor	E60
E369	child	E1266
E1675	parent	E2075
E1376	parent	E874
E1633	spouse	E1895
E1777	successor	E1563
E1021	father	E706
E1613	successor	E1129
E1258	child	E1317
E1492	successor	E177
E870	mother	E972
E1087	spouse	E1836
E1460	mother	E1512
E1662	parent	E2075
E1870	spouse	E170
E64	parent	E1124
E1598	spouse	E1324
E1825	predecessor	E327
E833	successor	E1746
E441	predecessor	E788
E2036	type	Person
E430	successor	E1580
E589	successor	E229
E548	predecessor	E751
E1905	child	E809
E574	successor	E1097
E682	father	E1529
E1238	child	E651
E1367	parent	E1472
E947	spouse	E70
E2134	father	E509
E325	successor	E1945
E294	mother	E1929
E600	parent	E193
E2167	parent	E1662
E2134	predecessor	E140
E1680	type	Person
E1840	parent	E12
E658	successor	E1859
E1380	spouse	E240
E545	successor	E1962
E560	spouse	E1192
E1019	successor	E1292
E807	type	Person
E1405	type	Person
E737	type	Person
E566	successor	E377
E1494	successor	E778
E246	parent	E953
E1748	spouse	E1278
E1766	predecessor	E1044
E1161	successor	E1595
E165	child	E2134
E366	predecessor	E1425
E1271	father	E2172
E330	parent	E515
E931	type	Person
E1593	child	E1963
E251	child	E1749
E27	predecessor	E1051
E1815	successor	E2080
E887	successor	E66
E1903	predecessor	E1116
E1894	type	Person
E1665	successor	E158
E60	parent	E1161
E1750	parent	E939
E651	mother	E1095
E1710	type	Person
E545	spouse	E548
E803	child	E1681
E170	successor	E1006
E538	child	E1744
E1144	spouse	E448
E280	mother	E2114
E988	child	E600
E1216	predecessor	E1460
E1179	type	Person
E503	child	E1112
E157	predecessor	E416
E724	successor	E1924
E572	mother	E1143
E1690	predecessor	E1870
E1968	successor	E1840
E716	spouse	E1770
E741	parent	E1291
E1414	parent	E542
E1384	successor	E1811
E1995	father	E240
E1397	spouse	E1530
E128	mother	E1888
E99	successor	E449
E395	predecessor	E677
E817	child	E1301
E1813	mother	E1530
E212	type	Person
E1428	mother	E1229
E2006	mother	E493
E542	type	Person
E1440	father	E308
E545	spouse	E267
E2208	father	E256
E574	father	E104
E2076	spouse	E2090
E1019	successor	E2206
E726	type	Person
E2097	father	E1394
E1929	type	Person
E600	parent	E1317
E50	parent	E1748
E446	parent	E983
E1484	successor	E1158
E674	parent	E73
E1650	predecessor	E1675
E1553	predecessor	E1405
E1622	parent	E735
E643	successor	E1435
E1540	parent	E1026
E1258	father	E647
E1169	parent	E874
E68	child	E1186
E358	successor	E1511
E181	predecessor	E1746
E238	predecessor	E622
E1467	successor	E665
E1691	type	Person
E2134	successor	E1825
E465	parent	E1672
E1798	spouse	E922
E90	spouse	E2052
E1158	successor	E827
E1211	parent	E2008
E1613	mother	E556
E227	type	Person
E1158	spouse	E1198
E952	father	E275
E1762	predecessor	E322
E788	father	E1945
E1249	spouse	E1542
E785	successor	E1284
E515	successor	E2116
E179	father	E2043
E788	spouse	E1003
E280	successor	E1370
E199	father	E177
E1794	child	E1179
E296	spouse	E731
E1405	child	E1746
E288	parent	E49
E1679	predecessor	E86
E1813	successor	E859
E1759	spouse	E2211
E284	predecessor	E1872
E344	type	Person
E773	parent	E1874
E531	mother	E1825
E771	parent	E2008
E1190	father	E1894
E1585	predecessor	E801
E1763	child	E1761
E868	spouse	E1582
E2048	successor	E508
E2048	predecessor	E1651
E1211	parent	E1662
E42	parent	E324
E912	type	Person
E424	predecessor	E1801
E2201	type	Person
E1326	successor	E622
E115	parent	E200
E449	spouse	E716
E1173	spouse	E1306
E338	predecessor	E1046
E1885	type	Person
E272	child	E1693
E419	father	E542
E506	father	E779
E1633	father	E2137
E636	child	E334
E1033	mother	E1515
E1744	child	E835
E1548	spouse	E937
E673	successor	E1803
E1759	father	E426
E2005	spouse	E1500
E1298	child	E447
E1002	child	E217
E987	parent	E1803
E1170	spouse	E1500
E240	type	Person
E238	mother	E1369
E2047	parent	E2098
E1923	spouse	E441
E2100	spouse	E485
E236	type	Person
E1534	spouse	E204
E829	successor	E799
E1511	predecessor	E1323
E1757	successor	E1292
E374	successor	E1792
E1234	spouse	E1184
E812	parent	E1832
E2007	successor	E817
E422	parent	E2087
E280	spouse	E940
E799	child	E1849
E743	successor	E488
E1394	child	E2146
E971	parent	E2015
E232	parent	E826
E987	parent	E825
E47	predecessor	E358
E1020	parent	E2083
E1662	successor	E121
E2033	child	E1678
E617	spouse	E782
E788	successor	E1622
E281	successor	E2083
E277	mother	E862
E1937	spouse	E914
E1813	mother	E1780
E1665	predecessor	E140
E934	mother	E702
E1733	father	E1637
E569	father	E1786
E14	successor	E1137
E1466	mother	E627
E1275	spouse	E39
E1878	mother	E697
E1711	type	Person
E2018	father	E1402
E504	type	Person
E1885	successor	E1267
E785	mother	E1512
E1735	predecessor	E1889
E269	predecessor	E877
E1875	mother	E272
E443	successor	E488
E402	parent	E341
E1021	successor	E892
E1124	father	E288
E387	parent	E873
E441	mother	E145
E295	successor	E1139
E1095	successor	E953
E1803	father	E73
E1103	parent	E865
E1819	predecessor	E1238
E1477	spouse	E831
E812	child	E1458
E617	father	E942
E12	successor	E1876
E1136	parent	E2099
E2052	predecessor	E593
E1156	parent	E958
E38	mother	E553
E1222	child	E1551
E1439	mother	E1365
E665	successor	E893
E1696	mother	E1985
E355	mother	E394
E2186	spouse	E1375
E833	father	E193
E1906	father	E1049
E1964	parent	E1565
E2146	spouse	E1267
E1517	parent	E1560
E955	spouse	E1770
E2033	successor	E146
E2083	mother	E782
E886	spouse	E1112
E955	mother	E2121
E604	mother	E636
E441	child	E760
E1184	successor	E443
E810	parent	E993
E515	child	E967
E1613	successor	E1740
E324	predecessor	E700
E596	father	E695
E2018	successor	E788
E1693	mother	E1304
E99	father	E2016
E1889	predecessor	E366
E1798	parent	E2021
E106	father	E2021
E272	mother	E1057
E856	type	Person
E1245	child	E632
E2163	successor	E680
E1306	parent	E1720
E745	parent	E1169
E1598	spouse	E46
E345	spouse	E1119
E622	child	E1470
E358	parent	E1045
E2018	successor	E1811
E1165	child	E721
E1307	type	Person
E1222	predecessor	E2040
E2116	successor	E873
E727	type	Person
E1692	child	E1873
E1325	child	E1437
E1466	predecessor	E525
E2090	child	E1994
E1692	type	Person
E1761	successor	E1595
E241	parent	E1936
E798	type	Person
E311	successor	E1408
E316	father	E2006
E435	type	Person
E426	spouse	E1429
E1443	child	E419
E637	successor	E271
E1956	predecessor	E1231
E272	parent	E1323
E1136	parent	E1768
E240	child	E1170
E1980	predecessor	E1095
E1961	successor	E2014
E403	parent	E2184
E1472	mother	E64
E206	type	Person
E1691	child	E1328
E490	successor	E604
E1714	successor	E2015
E1504	spouse	E50
E1966	parent	E2095
E1053	predecessor	E1711
E1160	father	E372
E475	type	Person
E1614	type	Person
E712	parent	E85
E1394	predecessor	E533
E538	type	Person
E862	child	E1672
E537	parent	E2045
E327	spouse	E796
E255	child	E402
E717	child	E1679
E901	spouse	E1049
E664	mother	E1962
E156	father	E859
E917	child	E145
E786	successor	E1393
E596	parent	E479
E1735	child	E1176
E1097	mother	E598
E1906	father	E829
E1231	father	E1428
E1450	type	Person
E1875	child	E711
E275	predecessor	E2025
E2005	successor	E702
E212	child	E2093
E1517	type	Person
E238	type	Person
E2094	child	E2158
E914	father	E1929
E2198	father	E1797
E827	predecessor	E212
E975	child	E1195
E1213	child	E238
E1158	successor	E2101
E184	predecessor	E730
E1085	parent	E1666
E328	father	E1375
E1046	successor	E903
E435	mother	E1907
E1960	successor	E1633
E1140	successor	E1136
E1269	parent	E181
E1560	child	E988
E1672	child	E888
E1271	type	Person
E1147	parent	E872
E86	successor	E1818
E1648	spouse	E504
E2207	type	Person
E1296	child	E756
E1057	child	E599
E728	successor	E123
E1936	spouse	E796
E1661	type	Person
E341	father	E1794
E1939	successor	E815
E229	successor	E682
E1376	child	E912
E743	parent	E1496
E1899	spouse	E78
E1885	spouse	E1411
E1134	parent	E319
E646	spouse	E1885
E25	child	E2034
E1387	successor	E2189
E1691	parent	E2121
E194	type	Person
E1087	type	Person
E1879	predecessor	E150
E508	successor	E1749
E1204	spouse	E1761
E1611	successor	E2095
E1288	mother	E66
E613	parent	E1614
E1656	parent	E125
E1885	parent	E1963
E1750	child	E1637
E366	type	Person
E293	type	Person
E625	predecessor	E24
E1461	successor	E150
E859	child	E1966
E1284	mother	E1900
E693	parent	E2208
E2137	successor	E70
E2192	parent	E644
E731	father	E454
E1500	father	E1281
E1907	type	Person
E443	successor	E657
E1112	successor	E885
E172	spouse	E2030
E1287	successor	E1477
E1648	successor	E483
E1262	successor	E917
E1872	spouse	E1271
E2082	parent	E1323
E1868	successor	E934
E1186	father	E1284
E1095	child	E2183
E782	parent	E2158
E1470	predecessor	E1305
E235	parent	E1689
E1162	type	Person
E631	child	E677
E540	predecessor	E957
E531	mother	E240
E2007	child	E1563
E865	child	E1046
E1025	successor	E2191
E1258	successor	E1269
E135	child	E2021
E1411	parent	E1746
E422	successor	E799
E1081	parent	E425
E884	predecessor	E1370
E485	type	Person
E728	parent	E680
E246	parent	E475
E831	type	Person
E987	type	Person
E117	predecessor	E172
E1484	father	E1764
E703	father	E1644
E876	predecessor	E1216
E1644	type	Person
E1749	father	E771
E1777	parent	E1481
E581	parent	E464
E1071	spouse	E621
E2097	spouse	E1347
E1981	parent	E355
E821	child	E979
E1768	child	E1847
E2158	successor	E657
E632	parent	E592
E1611	mother	E1085
E2030	successor	E204
E121	type	Person
E150	successor	E723
E177	predecessor	E1152
E1216	father	E1551
E824	child	E1057
E2102	successor	E154
E436	successor	E986
E414	successor	E825
E693	spouse	E533
E946	child	E1893
E146	mother	E2005
E706	spouse	E1500
E2072	parent	E1715
E1258	type	Person
E1334	spouse	E870
E1798	parent	E1316
E316	parent	E807
E1161	predecessor	E573
E1512	spouse	E1404
E217	type	Person
E934	predecessor	E1121
E1040	type	Person
E1304	predecessor	E1749
E115	predecessor	E1553
E1397	type	Person
E1654	type	Person
E56	spouse	E723
E2055	type	Person
E542	successor	E1842
E1650	predecessor	E710
E333	father	E2185
E2142	mother	E1033
E469	parent	E165
E413	spouse	E647
E1710	parent	E857
E2190	type	Person
E2120	child	E920
E2098	mother	E1808
E1045	predecessor	E1020
E733	father	E651
E715	predecessor	E1109
E526	child	E717
E284	parent	E2142
E947	successor	E1158
E647	type	Person
E1331	predecessor	E538
E2040	parent	E727
E157	child	E665
E159	predecessor	E1063
E334	type	Person
E158	spouse	E1032
E1187	spouse	E724
E1891	predecessor	E1769
E983	successor	E764
E566	child	E1081
E1659	predecessor	E1626
E1033	father	E1874
E2025	father	E1884
E286	parent	E1021
E1112	spouse	E1759
E1819	parent	E888
E682	spouse	E1656
E220	predecessor	E1905
E2202	spouse	E1875
E43	father	E1186
E1792	child	E1461
E184	successor	E1608
E1534	type	Person
E196	successor	E390
E723	successor	E1139
E937	successor	E1458
E911	successor	E1631
E973	successor	E1832
E1765	spouse	E657
E1515	predecessor	E217
E104	child	E609
E656	parent	E903
E1275	father	E2156
E664	predecessor	E273
E1049	type	Person
E1027	parent	E1696
E1521	spouse	E1359
E1264	father	E454
E1188	parent	E1514
E297	parent	E1855
E1615	child	E1762
E788	type	Person
E27	spouse	E34
E1291	predecessor	E706
E845	spouse	E592
E1825	spouse	E1035
E1233	type	Person
E1201	successor	E1656
E71	father	E1305
E2047	predecessor	E621
E515	parent	E318
E927	child	E395
E110	successor	E734
E1165	parent	E911
E1866	predecessor	E191
E1910	parent	E500
E605	predecessor	E788
E1438	father	E2131
E313	parent	E721
E454	successor	E1316
E644	spouse	E2038
E810	parent	E1903
E632	successor	E1876
E1521	successor	E1450
E1116	predecessor	E8
E2150	father	E85
E149	spouse	E1364
E199	spouse	E1572
E1063	spouse	E1001
E8	father	E1859
E440	mother	E25
E1001	type	Person
E1777	successor	E70
E2192	type	Person
E1516	parent	E1844
E1907	mother	E293
E131	parent	E90
E912	spouse	E888
E662	father	E1626
E1569	successor	E1888
E464	mother	E1519
E819	type	Person
E2064	successor	E277
E297	father	E1150
E1312	parent	E1492
E617	type	Person
E681	type	Person
E1107	spouse	E1443
E102	type	Person
E286	father	E56
E475	predecessor	E1900
E1349	successor	E280
E1777	successor	E112
E267	successor	E2211
E1249	predecessor	E1298
E1023	spouse	E1317
E2043	parent	E524
E1646	spouse	E1622
E1006	type	Person
E1195	spouse	E734
E2025	mother	E997
E1766	predecessor	E489
E845	successor	E1780
E1160	father	E892
E1019	parent	E1711
E1981	predecessor	E1484
E1948	type	Person
E1292	child	E1201
E1516	type	Person
E710	mother	E1770
E2200	spouse	E2008
E838	mother	E1797
E1842	type	Person
E881	child	E1580
E1180	spouse	E194
E6	parent	E1650
E1995	parent	E374
E928	spouse	E402
E117	mother	E1631
E1894	predecessor	E633
E179	predecessor	E1833
E913	spouse	E319
E838	spouse	E1779
E188	successor	E1277
E1158	spouse	E1288
E1214	type	Person
E1051	successor	E475
E111	successor	E1119
E275	spouse	E1429
E81	predecessor	E333
E1615	spouse	E1542
E419	successor	E307
E772	father	E2189
E2177	spouse	E1435
E294	type	Person
E280	father	E1007
E1278	type	Person
E1761	type	Person
E2034	father	E2106
E63	spouse	E56
E2009	child	E240
E2026	parent	E438
E716	type	Person
E1878	father	E2208
E2040	parent	E604
E654	parent	E859
E1725	father	E1753
E772	parent	E2034
E1901	child	E313
E911	parent	E877
E1333	spouse	E2183
E1958	parent	E844
E1792	parent	E993
E637	mother	E651
E33	type	Person
E1730	spouse	E144
E1083	predecessor	E1889
E2116	mother	E581
E1047	spouse	E1868
E1204	predecessor	E1102
E373	father	E1908
E772	successor	E276
E1811	parent	E946
E807	parent	E729
E1745	spouse	E2186
E726	parent	E256
E1611	spouse	E500
E655	parent	E331
E1939	successor	E313
E1411	successor	E117
E540	spouse	E1825
E1696	mother	E1863
E750	mother	E1498
E1411	spouse	E553
E1886	mother	E1872
E72	spouse	E1334
E920	father	E2002
E1152	parent	E643
E623	parent	E206
E1261	type	Person
E993	spouse	E627
E46	mother	E925
E217	child	E1188
E623	type	Person
E56	spouse	E1744
E1292	parent	E1365
E1808	child	E2188
E2098	parent	E1192
E876	father	E807
E588	spouse	E321
E1222	child	E1683
E2191	father	E1173
E2082	parent	E1429
E1427	parent	E1201
E1260	type	Person
E110	child	E703
E1272	successor	E2206
E2177	mother	E1112
E852	child	E629
E859	successor	E2005
E174	parent	E957
E236	parent	E664
E801	spouse	E447
E1607	successor	E1959
E1425	type	Person
E1981	type	Person
E779	successor	E362
E1049	spouse	E1304
E1907	predecessor	E1175
E623	parent	E758
E1041	spouse	E1124
E669	parent	E321
E1269	successor	E1958
E2182	parent	E975
E1979	type	Person
E1222	type	Person
E419	spouse	E2136
E1961	spouse	E957
E2076	type	Person
E2211	type	Person
E622	child	E1333
E644	spouse	E334
E953	successor	E454
E1437	father	E1746
E1380	father	E664
E1644	successor	E978
E1093	successor	E1644
E872	predecessor	E280
E1030	successor	E551
E991	spouse	E1674
E627	child	E964
E1746	father	E541
E317	spouse	E723
E1449	type	Person
E931	predecessor	E2172
E1074	parent	E1169
E66	parent	E90
E1301	successor	E341
E938	father	E425
E36	parent	E1327
E673	child	E1190
E135	type	Person
E212	successor	E369
E2158	successor	E724
E1443	father	E372
E1367	spouse	E1764
E1636	child	E318
E2032	child	E1027
E1494	child	E745
E971	spouse	E1884
E1122	type	Person
E1095	type	Person
E96	father	E410
E2172	successor	E1288
E2208	parent	E39
E421	child	E135
E617	parent	E99
E680	parent	E1140
E1008	type	Person
E1495	spouse	E1139
E345	spouse	E717
E544	spouse	E1175
E1041	successor	E1047
E766	type	Person
E465	type	Person
E915	parent	E1733
E277	successor	E1081
E1644	successor	E1710
E1176	child	E1267
E1584	spouse	E8
E928	successor	E565
E2015	child	E1169
E658	spouse	E1933
E2029	type	Person
E1981	child	E1020
E2120	successor	E1808
E1107	child	E390
E341	spouse	E338
E2198	type	Person
E1644	child	E435
E1032	child	E2075
E829	type	Person
E1265	predecessor	E1881
E122	predecessor	E821
E664	parent	E766
E1260	parent	E1208
E314	parent	E1640
E2177	predecessor	E436
E1466	type	Person
E621	spouse	E1918
E469	child	E1372
E1097	child	E1769
E188	successor	E1740
E1640	successor	E1480
E470	parent	E827
E636	mother	E1159
E1903	successor	E465
E2094	child	E665
E877	child	E871
E95	child	E321
E1025	mother	E338
E2167	spouse	E464
E1838	predecessor	E200
E598	type	Person
E1423	successor	E548
E304	successor	E2178
E1271	child	E2047
E479	predecessor	E1103
E1646	child	E606
E2008	father	E330
E838	successor	E1995
E1839	parent	E158
E1569	predecessor	E316
E1958	successor	E2164
E1797	mother	E1636
E1703	parent	E149
E1103	successor	E1553
E1045	successor	E1511
E629	type	Person
E135	spouse	E868
E1956	parent	E240
E2172	parent	E482
E838	type	Person
E440	parent	E1584
E1720	successor	E686
E1637	father	E1730
E1563	successor	E956
E1529	successor	E1637
E1490	parent	E1214
E609	predecessor	E313
E1764	predecessor	E1580
E1136	type	Person
E2040	child	E316
E1415	father	E1591
E1937	spouse	E572
E1325	spouse	E855
E884	type	Person
E146	type	Person
E1933	successor	E177
E2005	successor	E1317
E1347	predecessor	E1542
E345	type	Person
E77	parent	E613
E1063	parent	E1607
E1116	child	E548
E824	successor	E750
E385	child	E566
E695	father	E735
E1765	parent	E1021
E1025	spouse	E556
E807	spouse	E1376
E2119	type	Person
E1806	successor	E1595
E1512	spouse	E542
E1268	parent	E1777
E934	spouse	E700
E1134	predecessor	E1354
E2186	parent	E1198
E623	spouse	E1797
E1847	child	E874
E960	type	Person
E566	child	E1474
E1439	successor	E1179
E296	mother	E154
E1738	parent	E2042
E330	successor	E964
E716	spouse	E2081
E881	type	Person
E942	successor	E1769
E1359	predecessor	E809
E1995	spouse	E1260
E1023	predecessor	E851
E112	parent	E105
E1187	successor	E1455
E915	successor	E2146
E1292	predecessor	E1891
E1615	parent	E1526
E60	type	Person
E286	father	E2168
E2198	mother	E1893
E851	parent	E330
E1951	predecessor	E1266
E1162	father	E68
E1455	father	E191
E937	parent	E377
E1180	parent	E1157
E2207	parent	E42
E23	successor	E1863
E1449	child	E1548
E1021	type	Person
E855	predecessor	E1544
E1777	parent	E1990
E636	successor	E1488
E1598	child	E693
E1159	predecessor	E721
E314	predecessor	E979
E1620	type	Person
E63	predecessor	E544
E1622	parent	E46
E1160	parent	E158
E899	parent	E2003
E1750	spouse	E598
E281	parent	E669
E1715	spouse	E1613
E680	successor	E1893
E1156	child	E155
E13	parent	E726
E1801	predecessor	E1109
E504	parent	E1708
E1654	predecessor	E1570
E1937	mother	E1414
E2150	child	E1620
E71	spouse	E95
E1160	spouse	E1895
E697	mother	E102
E1023	parent	E475
E1461	child	E1070
E169	spouse	E316
E1868	child	E2178
E327	predecessor	E884
E132	type	Person
E1959	parent	E725
E704	type	Person
E1635	father	E1074
E2189	successor	E1065
E1495	successor	E1881
E1008	predecessor	E1518
E1017	spouse	E1797
E730	child	E798
E876	father	E2134
E1046	type	Person
E1496	successor	E537
E1766	type	Person
E421	type	Person
E1710	predecessor	E2005
E722	type	Person
E1636	type	Person
E504	parent	E1923
E646	predecessor	E1364
E1065	type	Person
E1480	child	E1973
E560	successor	E1293
E1735	child	E957
E1262	parent	E66
E1262	parent	E901
E179	child	E1929
E469	successor	E1651
E304	successor	E581
E2093	father	E2047
E1608	type	Person
E24	predecessor	E1007
E2060	spouse	E934
E1204	mother	E1365
E2142	father	E56
E1738	parent	E248
E2167	child	E1757
E1948	successor	E2166
E734	parent	E503
E1262	type	Person
E1598	parent	E295
E734	type	Person
E2062	parent	E874
E796	predecessor	E1616
E596	spouse	E2075
E1495	parent	E284
E1470	successor	E1323
E857	child	E493
E2136	father	E410
E77	spouse	E56
E1967	predecessor	E50
E855	successor	E514
E572	parent	E1955
E284	predecessor	E288
E1680	father	E717
E1094	type	Person
E1847	successor	E1563
E1804	parent	E1656
E2191	successor	E911
E331	predecessor	E2053
E1768	successor	E1803
E1474	parent	E308
E313	type	Person
E1872	mother	E1213
E2188	spouse	E2062
E673	spouse	E553
E958	parent	E2002
E35	father	E1369
E1316	predecessor	E545
E1558	type	Person
E2206	child	E1708
E631	predecessor	E1855
E2208	successor	E158
E1714	parent	E518
E829	parent	E508
E1328	father	E515
E322	type	Person
E1569	child	E722
E1298	successor	E1334
E953	parent	E1849
E1049	spouse	E2202
E633	successor	E1589
E1511	mother	E979
E979	father	E57
E2055	mother	E858
E255	type	Person
E1733	predecessor	E469
E573	child	E2167
E569	parent	E735
E470	successor	E858
E2098	predecessor	E1949
E598	child	E2101
E273	successor	E1208
E1633	spouse	E322
E1288	mother	E1757
E2208	type	Person
E1434	father	E605
E715	parent	E2026
E2121	child	E629
E920	successor	E143
E1650	parent	E1815
E1749	child	E821
E1933	child	E752
E272	mother	E421
E117	type	Person
E1615	child	E1492
E2136	type	Person
E702	child	E1833
E566	spouse	E248
E1967	type	Person
E2195	spouse	E1691
E779	child	E2067
E1839	parent	E105
E255	father	E1646
E42	father	E911
E1312	parent	E1665
E1298	type	Person
E1179	spouse	E2177
E1201	father	E2086
E641	parent	E47
E1307	spouse	E1289
E903	type	Person
E1895	father	E341
E810	parent	E1777
E483	successor	E988
E750	mother	E2097
E725	spouse	E333
E2009	type	Person
E1446	spouse	E2157
E1119	type	Person
E2200	type	Person
E1137	mother	E229
E1844	successor	E2039
E2207	spouse	E6
E387	spouse	E1565
E1043	predecessor	E342
E111	parent	E1662
E406	father	E1449
E1473	successor	E1514
E702	father	E1959
E322	successor	E235
E633	spouse	E918
E1565	mother	E1095
E1939	parent	E2038
E1169	parent	E241
E448	father	E1748
E703	spouse	E297
E267	parent	E922
E1244	child	E764
E179	successor	E2101
E1759	predecessor	E1622
E1245	spouse	E465
E15	parent	E2032
E109	spouse	E181
E1808	parent	E1749
E2116	predecessor	E227
E756	father	E823
E771	parent	E70
E629	spouse	E1496
E72	child	E823
E1159	child	E1744
E560	father	E986
E135	successor	E1872
E1237	child	E1204
E542	successor	E934
E1878	type	Person
E8	child	E105
E1745	successor	E1216
E785	type	Person
E217	spouse	E555
E2083	predecessor	E1560
E524	parent	E1614
E2146	parent	E1661
E1998	mother	E1328
E1570	child	E49
E1640	successor	E39
E544	spouse	E1023
E1083	mother	E720
E2029	father	E2119
E490	predecessor	E873
E1032	parent	E1461
E146	spouse	E1341
E1041	successor	E1169
E1981	father	E1397
E1762	parent	E1070
E1002	father	E123
E1720	father	E824
E1027	spouse	E316
E293	parent	E2168
E1145	mother	E304
E1787	predecessor	E438
E688	parent	E14
E2101	mother	E886
E2131	predecessor	E2043
E1496	father	E493
E2009	mother	E858
E666	child	E1860
E1074	parent	E1272
E2131	child	E1607
E1104	successor	E504
E1847	mother	E1195
E1881	mother	E1744
E1272	successor	E1093
E1832	child	E786
E1414	father	E2081
E1689	child	E972
E1885	successor	E1607
E2053	successor	E525
E328	child	E1156
E947	successor	E125
E2156	child	E1534
E1007	mother	E1656
E1020	spouse	E2208
E881	spouse	E1467
E711	successor	E727
E2183	father	E673
E1310	father	E569
E342	child	E956
E1198	spouse	E798
E656	predecessor	E1651
E1794	successor	E459
E445	father	E997
E1156	child	E364
E621	father	E122
E1948	parent	E2163
E1427	child	E1517
E987	successor	E2186
E971	successor	E1424
E540	predecessor	E1324
E575	predecessor	E1260
E14	predecessor	E269
E1849	parent	E1582
E1289	mother	E268
E86	predecessor	E1342
E812	spouse	E316
E1201	spouse	E341
E796	spouse	E625
E1150	spouse	E493
E829	spouse	E1102
E1384	successor	E374
E229	father	E199
E1173	predecessor	E118
E2096	child	E91
E1572	successor	E2097
E416	type	Person
E425	successor	E465
E2189	predecessor	E1779
E1249	spouse	E888
E1361	type	Person
E779	parent	E2083
E1806	type	Person
E1275	type	Person
E1763	father	E1939
E125	spouse	E504
E1490	type	Person
E654	predecessor	E319
E325	parent	E1580
E1440	predecessor	E556
E1109	type	Person
E229	spouse	E1411
E1939	type	Person
E1715	type	Person
E1832	child	E788
E1188	child	E986
E839	father	E1202
E1716	spouse	E643
E1137	father	E1495
E72	mother	E1251
E118	spouse	E304
E163	mother	E1446
E2045	parent	E1147
E1515	predecessor	E66
E1703	type	Person
E70	type	Person
E1706	child	E876
E1045	successor	E294
E626	parent	E677
E2047	successor	E1646
E1964	type	Person
E730	child	E1903
E1825	child	E657
E2086	parent	E443
E158	type	Person
E673	spouse	E2131
E1434	predecessor	E281
E555	parent	E2110
E1805	parent	E1435
E852	father	E294
E2183	mother	E515
E1839	mother	E2164
E1863	type	Person
E662	father	E666
E419	predecessor	E1166
E227	child	E324
E1163	type	Person
E1750	father	E1324
E986	spouse	E366
E122	spouse	E485
E1207	successor	E1045
E422	parent	E1136
E2082	successor	E2025
E1169	parent	E727
E1894	spouse	E96
E504	parent	E972
E1251	parent	E248
E1029	predecessor	E421
E241	parent	E364
E1454	successor	E1639
E1805	parent	E801
E1495	child	E2039
E465	spouse	E1804
E235	successor	E170
E1603	parent	E1808
E211	predecessor	E1840
E276	type	Person
E2072	spouse	E560
E372	father	E109
E1157	type	Person
E2061	type	Person
E1188	successor	E1244
E1544	parent	E118
E1170	successor	E1310
E1651	type	Person
E1053	mother	E2062
E551	successor	E1901
E1414	type	Person
E1674	successor	E1632
E983	predecessor	E2184
E157	successor	E123
E1307	parent	E1798
E1813	successor	E969
E1249	child	E447
E1615	type	Person
E566	successor	E56
E572	predecessor	E2182
E1293	parent	E1071
E223	spouse	E1606
E33	predecessor	E1803
E1691	successor	E248
E362	successor	E1777
E1070	father	E2025
E1981	successor	E1316
E1595	successor	E1437
E1542	parent	E592
E593	spouse	E2121
E1380	mother	E915
E498	spouse	E1450
E760	mother	E2163
E917	predecessor	E1095
E504	mother	E1745
E975	parent	E1427
E170	spouse	E1536
E1656	spouse	E625
E1689	predecessor	E1494
E1365	child	E844
E1870	type	Person
E1301	spouse	E459
E105	type	Person
E165	child	E1134
E27	successor	E1839
E821	successor	E1515
E731	child	E1951
E143	parent	E920
E893	parent	E322
E240	parent	E1839
E710	spouse	E1611
E1753	child	E172
E1411	successor	E14
E50	spouse	E406
E117	predecessor	E170
E168	successor	E973
E1268	father	E1021
E623	father	E958
E131	spouse	E1777
E868	type	Person
E2158	child	E674
E636	spouse	E1438
E1958	successor	E1162
E1973	successor	E967
E732	spouse	E573
E633	child	E150
E884	father	E445
E1888	child	E1868
E1266	parent	E63
E177	predecessor	E722
E163	successor	E56
E655	father	E271
E372	predecessor	E1287
E1607	successor	E409
E249	parent	E1316
E1312	child	E504
E1102	successor	E1429
E98	mother	E2029
E889	parent	E1924
E1899	child	E2190
E1798	spouse	E1522
E893	type	Person
E409	parent	E2025
E573	predecessor	E35
E1672	predecessor	E934
E1959	type	Person
E1847	successor	E410
E1291	type	Person
E1180	parent	E181
E829	spouse	E736
E1062	successor	E560
E469	type	Person
E602	predecessor	E130
E939	father	E1811
E1644	mother	E1620
E858	parent	E778
E2106	type	Person
E629	father	E54
E1293	child	E886
E1165	spouse	E1959
E2016	parent	E1328
E1292	spouse	E78
E1530	father	E525
E646	child	E1361
E936	parent	E758
E1179	parent	E1272
E1245	spouse	E170
E2034	mother	E1842
E1870	predecessor	E2086
E331	child	E1201
E1654	spouse	E1595
E508	spouse	E1081
E2087	father	E1715
E600	type	Person
E157	successor	E269
E922	successor	E1364
E1049	spouse	E1964
E2186	mother	E366
E729	child	E2168
E66	father	E43
E1838	child	E930
E682	spouse	E66
E721	predecessor	E889
E588	mother	E196
E1070	predecessor	E771
E1769	predecessor	E1342
E1679	parent	E1173
E1139	predecessor	E1062
E859	mother	E1517
E1298	mother	E1136
E1797	type	Person
E1792	father	E581
E317	predecessor	E730
E2177	child	E387
E736	mother	E745
E1765	mother	E2039
E447	parent	E839
E1204	mother	E341
E297	spouse	E1603
E1097	father	E986
E2083	spouse	E1910
E1249	mother	E387
E77	predecessor	E1431
E321	spouse	E1292
E1875	father	E938
E782	predecessor	E862
E286	mother	E821
E1245	parent	E204
E1364	successor	E1140
E1439	father	E240
E330	successor	E728
E165	type	Person
E1171	child	E1323
E768	predecessor	E440
E1558	father	E973
E2064	successor	E402
E1142	predecessor	E1500
E269	predecessor	E1251
E1017	spouse	E1102
E1176	child	E2146
E2121	type	Person
E1644	successor	E1607
E1201	spouse	E588
E296	predecessor	E666
E1492	mother	E144
E304	parent	E2083
E629	child	E1086
E1551	spouse	E1222
E1766	parent	E130
E169	spouse	E2060
E509	spouse	E1759
E426	type	Person
E741	mother	E1053
E1849	type	Person
E1245	parent	E1733
E2062	successor	E446
E688	child	E2008
E1872	spouse	E406
E817	successor	E435
E733	type	Person
E1238	parent	E955
E1779	predecessor	E188
E1541	child	E1848
E925	parent	E593
E328	predecessor	E851
E1140	mother	E2106
E551	spouse	E1656
E1998	spouse	E1017
E622	type	Person
E1494	predecessor	E2158
E321	child	E1387
E1213	mother	E766
E2086	spouse	E15
E766	child	E885
E710	spouse	E1071
E2074	predecessor	E454
E1186	parent	E504
E932	spouse	E232
E1466	predecessor	E1287
E284	predecessor	E1024
E371	predecessor	E504
E911	mother	E1159
E372	parent	E1665
E1648	predecessor	E121
E872	parent	E971
E1749	parent	E206
E2045	father	E1163
E773	spouse	E1519
E1488	mother	E42
E1251	predecessor	E172
E598	successor	E1959
E886	successor	E1662
E917	parent	E970
E1963	successor	E2026
E658	type	Person
E43	predecessor	E156
E1192	mother	E1888
E130	mother	E1495
E1551	predecessor	E131
E440	type	Person
E1293	spouse	E892
E873	father	E1480
E2018	parent	E1678
E2172	parent	E1794
E882	father	E478
E1848	spouse	E1139
E631	child	E1553
E1312	parent	E2142
E1287	father	E232
E1305	father	E1733
E877	successor	E123
E1749	spouse	E1387
E112	predecessor	E1222
E1786	parent	E939
E527	child	E766
E1024	spouse	E1933
E2163	predecessor	E1372
E2188	spouse	E1888
E2198	predecessor	E987
E1534	child	E915
E1632	child	E199
E799	type	Person
E1951	successor	E1613
E1053	predecessor	E1081
E975	mother	E403
E1866	parent	E1674
E1842	child	E2167
E524	parent	E2081
E46	mother	E1414
E482	type	Person
E1211	type	Person
E1534	predecessor	E1492
E1150	spouse	E1326
E2191	parent	E424
E243	predecessor	E1872
E1874	child	E1908
E328	predecessor	E1455
E1411	child	E1450
E1427	parent	E1981
E493	father	E629
E1937	parent	E2116
E241	parent	E194
E1035	spouse	E600
E440	child	E1085
E844	child	E1272
E1680	spouse	E2150
E488	predecessor	E1733
E2016	successor	E373
E1238	parent	E1968
E2040	mother	E1603
E2185	spouse	E366
E1825	child	E206
E1480	type	Person
E81	child	E1849
E131	parent	E296
E2006	child	E1262
E2075	parent	E246
E308	father	E915
E725	predecessor	E629
E99	parent	E144
E1190	father	E1674
E190	spouse	E726
E1753	type	Person
E726	predecessor	E605
E2134	spouse	E1917
E1874	type	Person
E1918	spouse	E313
E60	predecessor	E872
E294	successor	E308
E1806	spouse	E1703
E2003	predecessor	E1096
E887	predecessor	E1866
E646	spouse	E903
E972	child	E204
E1380	child	E704
E125	child	E42
E801	parent	E1065
E1555	successor	E2016
E533	type	Person
E2086	spouse	E845
E2158	successor	E938
E504	successor	E1017
E1306	child	E49
E1615	child	E1565
E1306	parent	E482
E1907	parent	E566
E482	father	E414
E830	spouse	E1156
E2106	predecessor	E1894
E177	parent	E1428
E1521	type	Person
E168	predecessor	E544
E756	type	Person
E172	parent	E95
E106	predecessor	E506
E825	successor	E2094
E2163	successor	E1081
E489	type	Person
E825	predecessor	E485
E1662	mother	E1892
E912	parent	E882
E592	spouse	E800
E799	spouse	E868
E342	successor	E856
E1949	type	Person
E1608	parent	E441
E749	spouse	E2120
E465	parent	E385
E1990	type	Person
E2080	spouse	E1981
E700	child	E1376
E1179	father	E2120
E1458	type	Person
E249	spouse	E1472
E193	mother	E268
E881	successor	E318
E1129	spouse	E1918
E1159	successor	E1492
E1029	successor	E1207
E2045	successor	E1333
E1615	father	E991
E1035	spouse	E1833
E1958	child	E664
E1367	parent	E295
E741	type	Person
E2185	child	E711
E821	predecessor	E1998
E773	spouse	E625
E556	parent	E1633
E1203	successor	E130
E1945	type	Person
E1674	child	E1102
E1198	child	E1761
E1720	child	E1703
E1021	father	E751
E1765	spouse	E782
E410	successor	E395
E947	type	Person
E1622	type	Person
E725	spouse	E2131
E293	successor	E1137
E956	child	E14
E1142	child	E2007
E327	type	Person
E1359	mother	E2003
E1161	parent	E1480
E1408	predecessor	E721
E2098	spouse	E2195
E143	type	Person
E2156	father	E581
E1559	successor	E1530
E1917	spouse	E1928
E2134	spouse	E341
E259	spouse	E1347
E1959	predecessor	E1960
E500	child	E1095
E779	successor	E1787
E1470	child	E682
E655	child	E106
E741	parent	E627
E1956	parent	E1040
E1102	parent	E106
E1748	spouse	E482
E889	father	E1798
E750	child	E655
E1176	type	Person
E1460	father	E1901
E172	parent	E1260
E1875	father	E1659
E548	child	E760
E1646	successor	E2192
E852	parent	E426
E1414	spouse	E1096
E2005	mother	E413
E1815	child	E525
E1933	parent	E1720
E1361	father	E1477
E149	successor	E486
E1766	predecessor	E1427
E1855	parent	E565
E1918	parent	E1365
E819	mother	E702
E374	predecessor	E551
E946	father	E1836
E1137	successor	E1292
E862	predecessor	E1272
E1240	mother	E751
E1188	predecessor	E111
E1083	successor	E2071
E2201	spouse	E1654
E295	predecessor	E373
E518	successor	E77
E947	parent	E516
E286	type	Person
E91	spouse	E629
E2002	predecessor	E355
E626	father	E1534
E1326	spouse	E1310
E232	successor	E2095
E2166	mother	E2163
E2133	successor	E1429
E1187	type	Person
E123	predecessor	E1958
E482	successor	E923
E1142	type	Person
E86	successor	E1918
E2198	child	E2191
E1339	predecessor	E71
E1157	predecessor	E77
E881	spouse	E1477
E106	child	E313
E1033	parent	E321
E1044	predecessor	E125
E1612	mother	E1757
E144	successor	E1967
E464	type	Person
E422	successor	E1606
E282	parent	E1188
E706	spouse	E2200
E47	parent	E1832
E1145	predecessor	E2136
E1445	child	E743
E1598	type	Person
E1394	parent	E2157
E1229	parent	E592
E436	spouse	E1044
E206	mother	E631
E626	successor	E1024
E307	spouse	E1845
E1613	parent	E768
E923	father	E581
E1029	father	E1162
E272	successor	E782
E372	successor	E190
E987	parent	E2032
E752	type	Person
E184	spouse	E1842
E1777	child	E1006
E1681	parent	E459
E1526	child	E1845
E1893	parent	E1680
E599	father	E2211
E36	parent	E1794
E1112	spouse	E1512
E1284	predecessor	E1085
E952	predecessor	E1063
E593	parent	E217
E885	successor	E27
E899	mother	E550
E1057	successor	E2032
E1833	spouse	E78
E644	predecessor	E1213
E2036	parent	E243
E1635	parent	E1919
E1323	successor	E573
E803	successor	E1804
E1431	spouse	E1553
E1893	child	E1198
E964	type	Person
E2093	predecessor	E1268
E746	parent	E1071
E1427	father	E1646
E1563	spouse	E631
E1094	predecessor	E199
E478	parent	E644
E284	successor	E1129
E1265	parent	E936
E465	predecessor	E1375
E986	parent	E525
E2055	spouse	E1540
E1865	parent	E553
E727	spouse	E946
E1714	parent	E1365
E1372	type	Person
E1394	spouse	E542
E1122	spouse	E2177
E475	parent	E1008
E275	successor	E1269
E57	successor	E2131
E940	spouse	E1140
E2036	spouse	E1759
E737	parent	E2043
E993	mother	E1836
E2163	spouse	E1342
E1316	spouse	E1147
E1918	spouse	E224
E1277	parent	E720
E551	parent	E621
E1024	type	Person
E1310	father	E987
E1144	successor	E1198
E1828	type	Person
E1878	parent	E1104
E647	parent	E2032
E913	predecessor	E366
E2006	type	Person
E193	spouse	E459
E1195	type	Person
E703	child	E493
E746	predecessor	E858
E199	type	Person
E2208	parent	E1923
E204	father	E1666
E953	spouse	E286
E275	type	Person
E1481	parent	E96
E1455	father	E1746
E1437	father	E1026
E1150	child	E538
E1053	spouse	E717
E1161	type	Person
E78	child	E2168
E1139	father	E470
E358	spouse	E1147
E1124	parent	E1572
E724	child	E991
E1204	successor	E154
E1488	type	Person
E149	spouse	E876
E371	child	E295
E621	predecessor	E865
E868	parent	E750
E1885	successor	E1711
E997	spouse	E2052
E923	father	E1284
E581	predecessor	E730
E1666	predecessor	E641
E877	type	Person
E1894	father	E2050
E936	child	E1229
E778	child	E1163
E918	child	E1364
E1865	predecessor	E922
E2110	father	E50
E1541	parent	E819
E469	parent	E56
E2137	father	E746
E1184	predecessor	E425
E1855	father	E1122
E1156	spouse	E1083
E2106	parent	E857
E255	father	E2166
E1675	child	E2116
E56	spouse	E34
E1045	child	E1787
E1762	type	Person
E993	type	Person
E993	spouse	E566
E1872	child	E993
E1884	successor	E316
E936	type	Person
E602	successor	E1041
E1374	spouse	E56
E249	spouse	E2131
E2099	mother	E1892
E1979	parent	E636
E1582	predecessor	E515
E1967	father	E1163
E858	child	E464
E199	successor	E1466
E871	type	Person
E111	successor	E604
E236	mother	E1116
E817	mother	E1490
E2045	successor	E86
E1032	successor	E102
E235	spouse	E1229
E928	mother	E606
E2191	type	Person
E1763	spouse	E102
E1327	child	E938
E1394	child	E703
E940	successor	E1473
E1876	spouse	E605
E646	father	E749
E1041	predecessor	E1304
E248	parent	E1749
E1473	successor	E702
E566	father	E464
E1516	successor	E1438
E1612	predecessor	E249
E1666	parent	E1803
E341	parent	E934
E548	father	E1973
E1260	father	E2026
E2206	child	E2201
E2002	child	E224
E1863	successor	E956
E1445	spouse	E589
E1860	parent	E1019
E64	parent	E1964
E1761	father	E604
E1696	mother	E873
E1287	predecessor	E256
E1083	type	Person
E2048	type	Person
E447	mother	E117
E1272	predecessor	E1207
E1272	child	E1042
E1136	predecessor	E38
E625	father	E1104
E1109	child	E15
E2157	predecessor	E831
E1099	type	Person
E1007	father	E1648
E2207	predecessor	E1277
E686	successor	E1466
E2121	parent	E656
E1042	child	E1041
E1021	successor	E2182
E1161	parent	E1424
E106	mother	E721
E598	mother	E677
E1103	type	Person
E809	parent	E1536
E975	child	E2095
E2198	successor	E490
E711	father	E387
E1041	predecessor	E1411
E2189	type	Person
E1024	predecessor	E251
E593	child	E1859
E1029	parent	E8
E75	child	E1483
E1560	spouse	E241
E1165	father	E592
E413	type	Person
E766	predecessor	E2080
E193	child	E1495
E470	predecessor	E1511
E1519	successor	E2114
E1514	type	Person
E478	type	Person
E964	successor	E923
E923	mother	E2185
E2042	predecessor	E731
E631	spouse	E544
E2146	child	E1460
E447	type	Person
E1745	predecessor	E1730
E1650	predecessor	E1233
E1815	child	E338
E1832	successor	E2034
E2094	mother	E697
E200	successor	E1514
E1945	predecessor	E1175
E631	predecessor	E681
E2119	parent	E1936
E1312	successor	E1116
E1480	father	E609
E1325	child	E1607
E157	spouse	E464
E1595	type	Person
E807	parent	E13
E482	parent	E2094
E803	successor	E1611
E1481	child	E807
E993	child	E1765
E1849	mother	E2206
E1188	successor	E646
E1006	successor	E952
E179	parent	E788
E1437	successor	E647
E1284	successor	E636
E986	successor	E2060
E1271	parent	E470
E623	successor	E629
E1598	predecessor	E2172
E1492	father	E319
E1244	father	E801
E899	mother	E1323
E903	child	E212
E493	father	E712
E1097	parent	E680
E1558	successor	E1924
E1813	parent	E1367
E1328	father	E179
E1901	father	E835
E1287	father	E1640
E1626	successor	E1544
E485	child	E498
E2168	spouse	E972
E299	spouse	E1375
E1884	spouse	E1548
E1787	child	E1819
E715	mother	E1973
E2095	spouse	E515
E493	parent	E259
E596	type	Person
E2166	type	Person
E246	parent	E2047
E729	parent	E286
E196	parent	E445
E1844	child	E1637
E371	father	E1811
E523	spouse	E824
E1161	mother	E174
E727	spouse	E1278
E2211	predecessor	E341
E1759	mother	E955
E826	type	Person
E2182	predecessor	E288
E1301	successor	E1832
E1249	predecessor	E1689
E993	child	E1796
E96	spouse	E1121
E91	father	E1231
E1207	parent	E2090
E1665	spouse	E338
E188	type	Person
E750	successor	E541
E2048	father	E825
E2110	type	Person
E1805	spouse	E581
E2006	child	E606
E1990	parent	E717
E304	father	E1725
E1865	type	Person
E508	parent	E1179
E1271	father	E810
E1174	spouse	E362
E2098	spouse	E889
E1132	predecessor	E975
E1689	successor	E540
E1167	type	Person
E888	type	Person
E1310	parent	E1062
E199	predecessor	E942
E1870	father	E169
E1466	spouse	E645
E177	child	E2067
E1680	successor	E132
E1779	parent	E2038
E1958	predecessor	E388
E2052	type	Person
E1180	spouse	E1651
E1264	predecessor	E857
E1372	spouse	E975
E735	child	E1166
E637	father	E800
E54	predecessor	E130
E1765	type	Person
E268	type	Person
E463	spouse	E2026
E715	father	E121
E509	spouse	E1794
E1145	spouse	E934
E819	successor	E1446
E946	successor	E1651
E1029	child	E1240
E1716	predecessor	E613
E1519	successor	E1787
E1990	father	E27
E745	father	E1449
E1949	successor	E673
E2124	child	E952
E1626	father	E955
E140	father	E243
E1731	predecessor	E299
E2038	child	E750
E1637	parent	E1440
E394	parent	E741
E2192	spouse	E1333
E1910	predecessor	E1678
E2191	successor	E1439
E1435	predecessor	E839
E1490	spouse	E57
E786	spouse	E91
E1919	predecessor	E1262
E508	parent	E1397
E1900	spouse	E912
E958	type	Person
E2134	predecessor	E1041
E823	father	E1516
E764	type	Person
E334	parent	E1096
E2042	parent	E1766
E435	spouse	E1769
E1204	predecessor	E2164
E2164	mother	E1683
E1266	predecessor	E1298
E592	type	Person
E515	type	Person
E1563	spouse	E2016
E1766	father	E1640
E1750	parent	E1271
E1170	father	E1116
E537	predecessor	E772
E760	type	Person
E1500	mother	E1650
E1517	successor	E1512
E179	successor	E1560
E201	successor	E914
E2101	predecessor	E825
E157	type	Person
E1692	successor	E1985
E1672	predecessor	E1572
E1970	type	Person
E1696	child	E307
E1777	predecessor	E986
E2006	predecessor	E720
E955	parent	E644
E1780	type	Person
E1696	spouse	E1460
E1063	type	Person
E2098	type	Person
E483	type	Person
E1334	parent	E509
E1708	successor	E1042
E470	type	Person
E1959	father	E1
E967	father	E1637
E201	child	E599
E782	successor	E1678
E1759	spouse	E479
E1122	successor	E1354
E986	spouse	E1026
E1310	successor	E1187
E1175	successor	E991
E936	successor	E402
E2190	father	E1152
E1665	predecessor	E2036
E350	child	E1306
E1374	type	Person
E655	spouse	E1190
E64	father	E163
E1522	parent	E1875
E459	predecessor	E1339
E1298	mother	E1806
E1463	parent	E1156
E1665	spouse	E1324
E1473	successor	E1888
E1908	parent	E410
E1637	parent	E1970
E212	successor	E1287
E1163	mother	E227
E249	father	E1201
E664	father	E489
E1086	type	Person
E1832	type	Person
E60	successor	E1324
E1176	parent	E750
E276	child	E229
E95	predecessor	E295
E1408	spouse	E760
E1136	child	E206
E196	spouse	E1918
E2040	child	E2026
E1086	child	E1680
E1438	successor	E736
E1894	mother	E621
E942	parent	E199
E277	type	Person
E366	spouse	E723
E1349	predecessor	E1233
E1631	predecessor	E1553
E1906	type	Person
E1708	spouse	E2045
E342	successor	E1044
E1240	type	Person
E8	predecessor	E973
E1820	father	E844
E2007	child	E54
E35	spouse	E2116
E1047	child	E872
E438	mother	E143
E2172	mother	E174
E592	parent	E1558
E325	mother	E1342
E575	predecessor	E1879
E956	father	E932
E1901	type	Person
E183	type	Person
E2099	mother	E1616
E166	spouse	E280
E194	successor	E206
E1572	mother	E43
E537	spouse	E1558
E1268	type	Person
E158	father	E1540
E1607	successor	E626
E1683	type	Person
E566	spouse	E1542
E508	predecessor	E181
E1435	predecessor	E1214
E2167	parent	E1689
E1087	child	E1136
E1483	father	E324
E1167	mother	E1060
E871	child	E488
E1374	father	E628
E2206	parent	E810
E1680	child	E706
E2195	mother	E1024
E1963	type	Person
E2189	mother	E911
E1621	successor	E857
E1305	type	Person
E98	spouse	E702
E229	father	E269
E711	type	Person
E969	predecessor	E399
E1805	child	E440
E1281	child	E454
E665	mother	E1446
E1515	parent	E322
E1917	spouse	E1958
E478	successor	E1085
E572	successor	E345
E1266	successor	E1269
E2188	successor	E1173
E723	spouse	E1859
E86	predecessor	E1467
E422	predecessor	E737
E1463	parent	E1384
E2201	parent	E2133
E1213	successor	E27
E200	successor	E617
E2074	type	Person
E155	parent	E541
E358	predecessor	E2009
E414	type	Person
E551	mother	E209
E550	spouse	E409
E2124	father	E2096
E1124	predecessor	E548
E1903	parent	E1042
E191	father	E2007
E2021	father	E729
E1699	mother	E430
E1515	type	Person
E946	spouse	E378
E144	successor	E248
E556	type	Person
E1	type	Person
E946	parent	E2172
E2102	predecessor	E109
E1484	successor	E2182
E886	father	E506
E1563	father	E34
E986	parent	E1626
E942	successor	E328
E1008	spouse	E1888
E78	child	E1806
E931	mother	E2102
E1558	spouse	E702
E1266	type	Person
E1860	child	E1706
E1291	spouse	E1818
E102	successor	E796
E1174	child	E971
E1405	successor	E322
E1633	type	Person
E1186	father	E1819
E928	child	E475
E249	spouse	E1156
E2167	mother	E1439
E1665	spouse	E1310
E333	parent	E1591
E469	successor	E952
E13	father	E1691
E500	spouse	E1970
E2080	type	Person
E927	spouse	E1874
E673	father	E839
E973	successor	E70
E75	predecessor	E2002
E1923	spouse	E2146
E454	mother	E862
E251	spouse	E556
E64	parent	E786
E1749	child	E1651
E1884	successor	E2158
E184	parent	E957
E1147	successor	E1071
E1474	spouse	E833
E275	successor	E1233
E1805	type	Person
E2200	mother	E1818
E1845	child	E238
E1142	predecessor	E38
E665	parent	E1744
E617	parent	E1439
E311	spouse	E1894
E542	mother	E939
E1032	parent	E2133
E953	successor	E889
E548	spouse	E328
E1738	father	E931
E2095	successor	E827
E72	child	E341
E1104	mother	E2116
E1996	spouse	E38
E809	parent	E1393
E1093	mother	E2099
E1646	child	E146
E1584	parent	E704
E1203	parent	E341
E1467	parent	E1213
E1699	parent	E658
E1365	child	E569
E1065	spouse	E1811
E325	type	Person
E1296	successor	E927
E1692	parent	E57
E812	child	E2007
E1289	child	E525
E523	spouse	E724
E1124	type	Person
E483	predecessor	E726
E574	successor	E121
E1434	parent	E1868
E1903	parent	E286
E12	spouse	E892
E1325	mother	E2032
E1293	predecessor	E1404
E373	parent	E934
E1136	child	E1693
E85	child	E857
E1740	child	E281
E1238	child	E1237
E1725	parent	E1480
E888	predecessor	E57
E1500	spouse	E1563
E695	father	E2185
E131	parent	E1644
E1492	spouse	E1765
E1521	spouse	E123
E259	predecessor	E731
E1848	spouse	E1234
E2185	mother	E267
E733	parent	E1307
E1633	father	E255
E2038	predecessor	E342
E1691	child	E483
E1466	predecessor	E1797
E1690	child	E35
E1517	parent	E1996
E2191	predecessor	E334
E350	child	E1376
E1278	parent	E1804
E1347	spouse	E605
E1518	spouse	E276
E1636	child	E1208
E1002	mother	E831
E1674	mother	E406
E440	father	E1899
E1844	parent	E145
E232	child	E1622
E201	successor	E445
E1759	parent	E1063
E469	predecessor	E1888
E541	child	E169
E2021	child	E617
E1665	spouse	E1879
E364	father	E633
E1960	spouse	E1339
E2150	successor	E394
E1375	father	E224
E1304	spouse	E1998
E330	mother	E1166
E1393	spouse	E1876
E1275	predecessor	E1980
E1551	type	Person
E1041	child	E1584
E1665	predecessor	E829
E617	predecessor	E1272
E442	parent	E435
E1990	spouse	E1107
E1415	predecessor	E1572
E387	child	E1666
E81	predecessor	E1828
E666	type	Person
E868	predecessor	E1905
E824	type	Person
E1964	parent	E655
E488	type	Person
E1711	child	E712
E862	spouse	E1244
E1832	child	E266
E2030	spouse	E1948
E1325	predecessor	E1264
E914	type	Person
E600	father	E889
E831	successor	E1879
E409	successor	E421
E6	spouse	E1733
E1845	successor	E1032
E1696	mother	E1521
E550	predecessor	E498
E1424	spouse	E548
E1137	type	Person
E931	spouse	E881
E1872	successor	E419
E1665	mother	E1161
E385	spouse	E130
E1207	father	E1770
E651	successor	E936
E49	spouse	E490
E1458	mother	E1514
E1949	child	E1979
E295	successor	E915
E1626	predecessor	E1333
E1145	child	E1143
E482	father	E2060
E1207	spouse	E1985
E2207	father	E196
E971	predecessor	E1903
E1529	successor	E1766
E914	spouse	E2014
E884	successor	E2184
E1365	successor	E1284
E1324	father	E24
E1278	spouse	E1260
E426	predecessor	E12
E1716	spouse	E1304
E796	spouse	E2208
E1836	spouse	E726
E596	parent	E1863
E267	type	Person
E673	type	Person
E163	type	Person
E1334	parent	E1905
E712	type	Person
E1558	father	E1759
E1591	mother	E2003
E1033	child	E1962
E224	parent	E2040
E538	child	E426
E720	parent	E144
E2114	parent	E449
E2039	parent	E110
E855	type	Person
E1514	predecessor	E958
E2183	parent	E191
E1364	mother	E807
E695	parent	E1187
E825	successor	E1202
E1042	spouse	E1325
E946	type	Person
E172	successor	E1341
E839	predecessor	E1730
E1849	spouse	E196
E130	type	Person
E224	predecessor	E938
E2018	parent	E1492
E1298	child	E695
E168	parent	E1187
E1094	spouse	E411
E575	successor	E963
E1811	mother	E651
E1042	spouse	E609
E243	predecessor	E1374
E364	parent	E1515
E1703	successor	E146
E1047	parent	E355
E1006	spouse	E2016
E1051	successor	E817
E1608	mother	E979
E1187	parent	E1648
E1659	parent	E2172
E2177	successor	E235
E1900	type	Person
E720	type	Person
E997	spouse	E1598
E46	child	E1536
E2074	spouse	E566
E2082	spouse	E122
E1380	type	Person
E201	mother	E1691
E411	parent	E2082
E1819	parent	E745
E555	child	E2186
E174	type	Person
E1341	spouse	E1053
E729	parent	E163
E1678	parent	E206
E266	spouse	E445
E123	parent	E545
E318	successor	E764
E1796	child	E830
E545	child	E914
E1632	parent	E1134
E330	predecessor	E1614
E1521	spouse	E682
E1365	mother	E1928
E1866	predecessor	E1488
E12	parent	E94
E785	mother	E1375
E297	child	E1086
E531	successor	E1496
E2098	successor	E34
E735	parent	E2201
E338	parent	E960
E121	parent	E1466
E1234	type	Person
E903	successor	E2099
E1175	successor	E2034
E588	parent	E1842
E925	father	E1659
E859	parent	E1939
E873	mother	E855
E33	predecessor	E297
E2018	successor	E442
E1116	predecessor	E1026
E341	child	E2102
E1779	spouse	E938
E825	spouse	E1044
E1458	spouse	E470
E1143	type	Person
E682	successor	E693
E272	spouse	E1530
E1959	parent	E967
E1334	child	E422
E1981	successor	E1281
E1470	spouse	E656
E686	parent	E641
E1738	child	E1049
E1377	mother	E574
E2034	child	E1787
E314	predecessor	E2137
E430	father	E930
E1007	spouse	E1798
E2178	spouse	E1129
E876	spouse	E1998
E826	mother	E1102
E973	father	E2167
E1570	type	Person
E297	spouse	E1910
E920	parent	E852
E280	predecessor	E1145
E1748	successor	E294
E1124	successor	E960
E2208	spouse	E969
E1753	predecessor	E1288
E1161	parent	E728
E871	predecessor	E872
E782	successor	E958
E1439	predecessor	E295
E1384	successor	E1662
E1461	parent	E272
E542	spouse	E1633
E710	child	E131
E1672	spouse	E1071
E1792	type	Person
E1900	successor	E364
E632	type	Person
E1046	successor	E1086
E1137	spouse	E2206
E163	parent	E131
E730	child	E2075
E1394	child	E1361
E1275	predecessor	E36
E440	successor	E551
E703	mother	E1811
E1002	predecessor	E2098
E1885	spouse	E1866
E1070	predecessor	E1979
E565	type	Person
E1998	predecessor	E741
E1787	type	Person
E1504	spouse	E1661
E319	child	E604
E1740	parent	E2018
E1387	parent	E829
E493	spouse	E1213
E1512	parent	E680
E1956	type	Person
E63	parent	E1611
E942	parent	E2168
E1733	mother	E500
E1939	child	E34
E957	spouse	E345
E931	child	E1284
E730	parent	E2032
E664	parent	E206
E1548	predecessor	E1292
E665	father	E1730
E1878	mother	E1885
E664	type	Person
E1689	type	Person
E1885	parent	E86
E827	spouse	E2071
E390	child	E1888
E1665	successor	E299
E90	child	E1958
E644	successor	E735
E438	spouse	E572
E447	parent	E655
E873	parent	E1298
E1207	predecessor	E128
E1326	father	E1187
E1651	father	E1874
E629	spouse	E1680
E506	parent	E1749
E1960	spouse	E1233
E874	parent	E1402
E1818	spouse	E851
E483	child	E424
E1735	child	E221
E333	spouse	E1051
E901	successor	E605
E2185	child	E887
E1140	father	E2156
E1937	father	E1184
E788	successor	E201
E1908	predecessor	E125
E636	father	E712
E2207	predecessor	E1813
E1675	successor	E102
E1863	child	E516
E2005	parent	E1593
E1481	child	E1051
E1467	successor	E1041
E1614	mother	E372
E1725	father	E1006
E1071	child	E1962
E541	spouse	E1287
E997	predecessor	E526
E823	child	E1689
E2014	successor	E112
E277	successor	E957
E2182	predecessor	E809
E887	spouse	E282
E1780	predecessor	E268
E1092	father	E486
E66	mother	E39
E631	spouse	E130
E1542	parent	E251
E43	parent	E1903
E1035	parent	E1092
E1287	father	E224
E1261	successor	E657
E125	predecessor	E1995
E465	child	E1683
E1530	successor	E1923
E506	father	E626
E1043	parent	E284
E1213	successor	E1325
E150	spouse	E8
E1656	type	Person
E1720	mother	E1889
E34	spouse	E1845
E1979	father	E1964
E872	predecessor	E1488
E915	successor	E728
E1325	spouse	E158
E2183	father	E1446
E541	parent	E90
E1207	spouse	E726
E1872	parent	E1023
E872	father	E1801
E936	mother	E1198
E788	spouse	E1301
E1644	successor	E1639
E957	father	E271
E889	type	Person
E2042	parent	E1086
E1691	father	E1845
E1923	child	E1797
E1908	predecessor	E1646
E1097	type	Person
E2081	child	E1750
E1267	child	E1143
E732	predecessor	E232
E940	spouse	E1598
E1656	successor	E2045
E745	father	E1277
E158	parent	E975
E206	child	E1635
E1768	father	E1070
E1007	type	Person
E1124	spouse	E565
E1208	spouse	E884
E485	spouse	E892
E156	successor	E702
E2177	mother	E551
E632	father	E1833
E1949	spouse	E1116
E2114	successor	E122
E1595	successor	E749
E358	type	Person
E229	predecessor	E1289
E64	spouse	E165
E2186	parent	E132
E1435	successor	E939
E1923	successor	E1323
E272	spouse	E1150
E158	parent	E1296
E681	child	E238
E1901	spouse	E2198
E2190	successor	E1598
E1244	spouse	E308
E1780	spouse	E1367
E94	spouse	E872
E70	spouse	E572
E447	parent	E2029
E132	parent	E1376
E369	mother	E2072
E1234	child	E1262
E200	parent	E430
E589	mother	E1156
E1017	parent	E14
E857	spouse	E163
E68	parent	E1815
E1598	parent	E1467
E489	predecessor	E54
E1512	successor	E196
E1470	parent	E1572
E1678	father	E1813
E1051	predecessor	E1738
E1598	parent	E200
E2082	successor	E70
E46	child	E294
E1083	child	E1070
E1245	type	Person
E2034	parent	E490
E2191	spouse	E1349
E1937	spouse	E1589
E1593	type	Person
E729	father	E281
E2032	mother	E1777
E454	child	E410
E2050	child	E1063
E1764	successor	E1438
E1650	spouse	E1042
E330	parent	E1222
E665	successor	E515
E2133	parent	E721
E1003	father	E483
E2064	father	E313
E2087	father	E146
E772	spouse	E1659
E441	child	E830
E2052	spouse	E1203
E273	predecessor	E170
E1548	parent	E6
E2178	child	E706
E2048	child	E1394
E1331	parent	E1780
E1691	successor	E2156
E979	child	E815
E1394	predecessor	E1990
E25	father	E851
E1425	spouse	E1007
E548	child	E1675
E1331	predecessor	E1970
E1150	type	Person
E1026	type	Person
E1006	child	E936
E628	successor	E697
E1470	type	Person
E1481	successor	E36
E1996	parent	E925
E1298	successor	E1644
E1234	father	E1124
E1272	spouse	E1611
E1460	type	Person
E282	type	Person
E324	type	Person
E2177	spouse	E1945
E1572	child	E731
E478	mother	E112
E14	spouse	E912
E470	successor	E1895
E972	child	E1818
E281	type	Person
E1445	type	Person
E1840	successor	E371
E2033	type	Person
E117	parent	E537
E859	predecessor	E855
E1786	parent	E1825
E24	successor	E211
E819	parent	E1339
E988	type	Person
E1214	predecessor	E1190
E877	successor	E240
E424	predecessor	E693
E378	type	Person
E1611	type	Person
E1367	father	E1540
E2030	spouse	E1287
E1431	child	E888
E117	father	E540
E2198	father	E1866
E2086	type	Person
E1725	successor	E1715
E1384	child	E1268
E1387	spouse	E741
E1440	father	E2081
E645	successor	E117
E662	successor	E374
E373	successor	E1289
E913	predecessor	E2167
E288	type	Person
E39	parent	E2034
E625	spouse	E2060
E764	successor	E1132
E758	child	E488
E1483	predecessor	E876
E736	parent	E932
E1097	spouse	E71
E613	predecessor	E2164
E1848	mother	E298
E1894	successor	E602
E566	type	Person
E1616	type	Person
E1936	child	E221
E1411	child	E817
E1521	predecessor	E1458
E682	spouse	E550
E2137	type	Person
E1109	predecessor	E1455
E2094	type	Person
E1237	type	Person
E1019	predecessor	E2202
E183	successor	E969
E1414	successor	E1162
E1585	successor	E2072
E1614	father	E809
E2002	parent	E593
E488	father	E1046
E1439	successor	E1654
E1324	successor	E1907
E1963	father	E1057
E1071	child	E1002
E872	type	Person
E277	predecessor	E1833
E1779	type	Person
E2075	parent	E1906
E703	parent	E27
E1152	mother	E1445
E722	parent	E181
E700	spouse	E1716
E752	father	E372
E406	successor	E1423
E1551	mother	E1304
E2030	successor	E604
E1766	father	E269
E241	predecessor	E749
E645	mother	E1326
E873	mother	E12
E609	spouse	E844
E940	spouse	E703
E2080	spouse	E1635
E66	spouse	E602
E1167	spouse	E1818
E2055	parent	E344
E1331	mother	E1095
E1476	predecessor	E163
E1288	successor	E324
E459	parent	E1446
E1425	mother	E711
E2014	mother	E785
E724	type	Person
E772	type	Person
E1683	predecessor	E645
E338	child	E169
E1616	spouse	E1284
E330	father	E695
E1405	predecessor	E1265
E1440	parent	E1024
E1753	spouse	E1815
E1264	parent	E1678
E1480	predecessor	E1553
E24	parent	E657
E1933	parent	E2076
E589	parent	E355
E884	predecessor	E1102
E979	spouse	E500
E1633	spouse	E964
E1281	child	E550
E955	successor	E438
E1466	father	E35
E1745	type	Person
E1040	child	E913
E1229	spouse	E1650
E2015	child	E1794
E1249	mother	E1158
E2014	successor	E1477
E388	successor	E918
E2064	successor	E1024
E1053	predecessor	E1996
E764	spouse	E997
E1979	parent	E958
E756	successor	E1140
E2060	type	Person
E772	spouse	E1923
E621	spouse	E1878
E560	predecessor	E2045
E1889	type	Person
E1514	predecessor	E2200
E123	type	Person
E514	type	Person
E1849	spouse	E395
E1979	father	E475
E2137	parent	E1375
E36	type	Person
E419	type	Person
E654	type	Person
E1376	successor	E872
E1672	successor	E421
E858	father	E1731
E1640	type	Person
E1264	predecessor	E569
E1143	predecessor	E779
E1598	child	E1173
E1738	parent	E1245
E96	spouse	E623
E1519	predecessor	E1900
E644	parent	E223
E856	spouse	E2167
E273	type	Person
E2102	predecessor	E622
E424	child	E1323
E1158	spouse	E1174
E1840	parent	E1446
E1769	mother	E1102
E1582	parent	E2168
E440	successor	E486
E1591	child	E525
E892	spouse	E314
E2166	father	E889
E1405	father	E66
E2134	parent	E145
E1759	spouse	E1757
E1681	predecessor	E1951
E651	parent	E288
E736	parent	E2082
E1886	type	Person
E773	type	Person
E1910	spouse	E617
E629	parent	E1450
E125	father	E2006
E1170	successor	E868
E1341	successor	E1661
E1710	predecessor	E785
E1964	predecessor	E1364
E470	child	E34
E928	child	E2016
E815	type	Person
E297	spouse	E654
E1094	spouse	E862
E1768	child	E1180
E1369	successor	E238
E500	type	Person
E1203	successor	E773
E1780	child	E1672
E1930	parent	E2183
E1766	parent	E1046
E464	child	E1598
E1208	parent	E1661
E1143	parent	E1970
E212	father	E144
E2025	father	E2156
E1306	type	Person
E1874	successor	E2099
E130	successor	E2164
E934	father	E1894
E1553	successor	E509
E609	successor	E736
E2047	father	E1764
E271	parent	E2036
E1937	mother	E1372
E1885	child	E1477
E730	parent	E831
E830	father	E609
E1811	mother	E251
E419	spouse	E422
E181	type	Person
E341	mother	E1923
E1134	type	Person
E394	type	Person
E1872	parent	E1714
E1777	type	Person
E986	successor	E1651
E1777	parent	E2033
E1544	successor	E2016
E1006	spouse	E1955
E851	spouse	E1405
E1324	child	E65
E1895	parent	E1554
E1266	successor	E1132
E531	type	Person
E449	predecessor	E1608
E366	predecessor	E8
E410	child	E1429
E448	spouse	E1530
E443	parent	E1606
E2207	parent	E609
E307	predecessor	E1140
E2131	father	E1267
E255	successor	E1930
E643	spouse	E2186
E2053	child	E1431
E1961	mother	E1104
E1515	mother	E143
E2167	predecessor	E2189
E1593	predecessor	E720
E1042	parent	E2211
E524	father	E1746
E371	father	E1840
E319	father	E1598
E1316	spouse	E1635
E1794	type	Person
E1518	parent	E647
E1460	parent	E728
E2016	parent	E1434
E1188	predecessor	E1324
E1691	parent	E1458
E641	parent	E1672
E1003	father	E721
E184	predecessor	E1863
E569	parent	E413
E2007	parent	E331
E782	mother	E298
E1554	predecessor	E885
E374	spouse	E1046
E1840	father	E1786
E526	type	Person
E470	parent	E157
E1474	predecessor	E1222
E800	successor	E493
E1591	type	Person
E1866	mother	E2050
E286	successor	E163
E1720	spouse	E2009
E537	successor	E446
E2168	parent	E1500
E1692	successor	E1779
E1086	mother	E1306
E551	successor	E2177
E314	parent	E865
E527	parent	E238
E1347	successor	E483
E227	predecessor	E598
E884	successor	E322
E454	predecessor	E1333
E556	spouse	E57
E633	predecessor	E1267
E711	successor	E1603
E493	mother	E1377
E859	predecessor	E362
E212	parent	E1607
E385	type	Person
E868	parent	E1860
E322	parent	E235
E1402	predecessor	E155
E859	father	E645
E1461	predecessor	E1598
E72	child	E1715
E1446	child	E1555
E2166	successor	E1584
E1679	successor	E2189
E1859	parent	E681
E1899	successor	E35
E884	spouse	E273
E1496	type	Person
E1435	successor	E575
E515	successor	E1266
E1043	child	E574
E27	spouse	E947
E6	parent	E749
E508	spouse	E1710
E2195	type	Person
E1023	type	Person
E2116	successor	E1929
E2072	type	Person
E1103	child	E166
E1870	successor	E734
E2042	type	Person
E73	spouse	E970
E96	successor	E874
E1866	child	E870
E1476	parent	E798
E1637	parent	E1725
E1699	type	Person
E1195	child	E479
E112	parent	E1163
E1554	parent	E1440
E680	parent	E406
E350	parent	E1291
E1907	parent	E402
E2124	successor	E1249
E448	parent	E915
E1394	child	E647
E2158	predecessor	E150
E105	successor	E2131
E1324	child	E669
E1710	spouse	E479
E930	spouse	E378
E741	spouse	E538
E885	father	E1292
E551	predecessor	E1716
E700	predecessor	E643
E364	child	E1449
E2198	spouse	E2184
E1384	predecessor	E1262
E1002	child	E531
E131	father	E1367
E68	parent	E1317
E629	parent	E1142
E1692	spouse	E1848
E589	type	Person
E1425	successor	E803
E2043	child	E154
E2087	parent	E1443
E1606	successor	E321
E1021	predecessor	E1534
E2052	mother	E1968
E809	predecessor	E485
E377	type	Person
E2071	successor	E1763
E1603	spouse	E665
E438	spouse	E1007
E1277	father	E1808
E839	spouse	E1980
E1169	child	E269
E2045	spouse	E1458
E276	mother	E2045
E454	predecessor	E983
E90	type	Person
E1269	parent	E2106
E760	spouse	E633
E298	spouse	E733
E1679	type	Person
E2146	parent	E758
E330	type	Person
E1929	father	E1435
E1796	predecessor	E410
E833	type	Person
E518	parent	E628
E1495	spouse	E1440
E1674	successor	E1860
E157	mother	E677
E1968	parent	E1615
E1819	spouse	E2050
E1341	successor	E419
E1488	successor	E90
E256	successor	E1367
E2080	predecessor	E2062
E2136	spouse	E1455
E856	mother	E206
E918	successor	E955
E1307	father	E144
E1650	predecessor	E1792
E2060	predecessor	E1900
E609	spouse	E1828
E448	successor	E1968
E2006	successor	E1878
E1968	spouse	E724
E1440	type	Person
E105	spouse	E1234
E609	type	Person
E605	successor	E2202
E826	predecessor	E1689
E1269	parent	E1428
E1725	type	Person
E892	father	E2060
E1962	successor	E1044
E2002	successor	E49
E956	predecessor	E2087
E2047	parent	E1046
E13	child	E1689
E1160	type	Person
E1377	successor	E1260
E1312	parent	E2208
E388	type	Person
E1746	father	E637
E969	predecessor	E903
E800	spouse	E1085
E700	child	E1956
E873	type	Person
E1145	child	E940
E1266	predecessor	E946
E2039	parent	E1517
E54	type	Person
E1258	mother	E1948
E604	parent	E1045
E573	parent	E1394
E316	type	Person
E1188	child	E179
E2043	predecessor	E47
E2182	parent	E657
E1202	successor	E1438
E912	successor	E238
E2124	mother	E1745
E1900	successor	E978
E2124	successor	E1347
E2134	spouse	E438
E421	father	E1990
E1981	child	E772
E1404	parent	E1966
E331	successor	E537
E390	spouse	E1096
E1569	child	E596
E158	parent	E973
E569	spouse	E887
E1889	spouse	E373
E378	spouse	E533
E865	type	Person
E266	mother	E321
E1872	father	E669
E1244	predecessor	E1753
E475	spouse	E177
E284	type	Person
E1180	spouse	E500
E2189	child	E130
E313	successor	E206
E1384	child	E1414
E1435	spouse	E803
E669	parent	E695
E1720	successor	E1470
E1025	successor	E1317
E1331	spouse	E255
E523	type	Person
E1511	father	E1377
E605	successor	E1289
E1071	spouse	E2198
E1733	parent	E493
E1848	spouse	E355
E2038	father	E1614
E117	spouse	E64
E1043	type	Person
E658	predecessor	E447
E1512	type	Person
E66	successor	E1541
E565	child	E1244
E2071	predecessor	E515
E915	child	E1735
E57	father	E1777
E2114	parent	E1361
E181	spouse	E882
E1326	type	Person
E741	successor	E1167
E1881	child	E313
E695	successor	E2137
E12	spouse	E1085
E2067	child	E442
E319	mother	E81
E1027	father	E183
E447	parent	E555
E934	mother	E868
E2093	child	E622
E1662	mother	E177
E609	predecessor	E1099
E1446	father	E1233
E190	predecessor	E830
E488	child	E2191
E1662	child	E859
E538	father	E338
E275	successor	E1753
E1733	successor	E1169
E224	type	Person
E631	type	Person
E1730	type	Person
E1349	spouse	E490
E2137	father	E1870
E1636	parent	E1372
E1233	spouse	E1534
E399	parent	E489
E1281	successor	E1201
E2096	type	Person
E1613	spouse	E36
E1024	mother	E1899
E1445	successor	E788
E1424	father	E1467
E1423	type	Person
E1918	father	E686
E1272	child	E1639
E1186	father	E824
E96	successor	E316
E940	child	E442
E873	predecessor	E1045
E1876	successor	E1536
E1102	type	Person
E693	spouse	E2102
E1484	spouse	E342
E1102	father	E459
E1414	child	E24
E498	successor	E181
E928	type	Person
E1296	parent	E1454
E475	predecessor	E1134
E269	type	Person
E317	predecessor	E1446
E1298	child	E2178
E1287	successor	E128
E704	predecessor	E419
E778	child	E1460
E1951	type	Person
E591	child	E565
E1839	type	Person
E1763	parent	E936
E1995	type	Person
E150	father	E1787
E223	parent	E181
E1886	parent	E2156
E1152	successor	E23
E956	type	Person
E1748	parent	E2007
E2045	father	E1327
E1463	successor	E374
E1393	father	E1176
E1750	type	Person
E419	successor	E95
E1428	father	E1261
E956	predecessor	E478
E1894	successor	E1293
E1860	parent	E328
E483	successor	E1374
E801	mother	E142
E2021	successor	E973
E488	predecessor	E1492
E581	parent	E829
E2188	mother	E876
E785	successor	E2131
E715	parent	E625
E1848	predecessor	E1665
E490	spouse	E1691
E922	mother	E390
E665	type	Person
E330	spouse	E281
E1458	spouse	E1260
E272	parent	E881
E1424	type	Person
E1428	parent	E194
E1796	type	Person
E1188	type	Person
E958	father	E1278
E1238	predecessor	E922
E1142	spouse	E737
E833	father	E823
E1769	successor	E2186
E1349	father	E544
E1304	type	Person
E2150	parent	E1906
E1112	successor	E737
E1948	spouse	E1176
E645	spouse	E1608
E706	father	E1312
E2055	spouse	E177
E986	type	Person
E741	parent	E2157
E655	spouse	E2016
E1580	spouse	E1612
E1979	spouse	E1049
E516	successor	E146
E2134	parent	E1958
E193	predecessor	E631
E409	spouse	E599
E940	type	Person
E2096	father	E143
E1918	successor	E537
E441	type	Person
E1339	spouse	E1176
E1045	type	Person
E217	spouse	E1763
E912	mother	E2072
E722	predecessor	E2045
E280	type	Person
E313	predecessor	E730
E60	parent	E1062
E1933	parent	E1994
E599	successor	E2207
E681	successor	E2188
E1272	father	E807
E188	successor	E824
E871	parent	E1964
E2055	father	E1312
E1674	type	Person
E589	predecessor	E1960
E1291	spouse	E851
E1828	parent	E6
E2018	father	E1548
E785	predecessor	E917
E1490	parent	E1092
E817	child	E1648
E204	father	E817
E503	child	E2207
E1622	father	E121
E1070	father	E872
E1094	child	E1095
E172	parent	E130
E2134	child	E1
E15	mother	E1970
E1198	mother	E646
E721	predecessor	E95
E1699	spouse	E125
E1467	successor	E449
E655	father	E288
E1731	successor	E1589
E1238	parent	E658
E1553	successor	E193
E1099	spouse	E135
E1394	spouse	E1889
E1530	parent	E149
E1477	type	Person
E874	child	E25
E1529	successor	E768
E2072	successor	E1872
E1103	predecessor	E1585
E1035	father	E785
E665	successor	E2133
E1053	mother	E1264
E1159	child	E868
E1437	type	Person
E979	parent	E1580
E978	father	E2038
E99	type	Person
E1848	spouse	E1844
E844	spouse	E358
E645	mother	E296
E1636	spouse	E156
E1372	predecessor	E1364
E1408	child	E1842
E768	parent	E424
E196	spouse	E956
E2116	parent	E313
E500	father	E1349
E1521	spouse	E1973
E1203	successor	E1937
E85	spouse	E102
E2133	spouse	E1798
E918	type	Person
E1216	child	E923
E1708	predecessor	E1049
E112	spouse	E169
E1122	father	E838
E1994	child	E425
E2182	predecessor	E715
E269	child	E33
E2150	type	Person
E1620	predecessor	E592
E1959	successor	E932
E509	parent	E165
E1994	successor	E1122
E1511	predecessor	E1794
E680	mother	E1414
E838	predecessor	E1195
E1083	successor	E1202
E508	predecessor	E421
E1514	spouse	E1454
E1093	type	Person
E259	type	Person
E812	predecessor	E1980
E658	parent	E485
E345	child	E655
E2094	predecessor	E2096
E885	predecessor	E1093
E720	successor	E1553
E1873	child	E1377
E1690	type	Person
E1140	mother	E889
E1411	spouse	E750
E702	parent	E13
E366	child	E1124
E1081	predecessor	E2005
E96	parent	E1492
E1204	predecessor	E1929
E729	successor	E2121
E1316	parent	E1187
E1476	child	E2142
E27	mother	E1292
E1891	child	E1692
E596	spouse	E135
E1844	successor	E2150
E636	type	Person
E2039	spouse	E385
E727	successor	E819
E868	successor	E140
E1548	parent	E746
E1494	child	E1369
E2005	predecessor	E1665
E2168	mother	E1675
E541	type	Person
E1945	spouse	E1002
E1633	mother	E1570
E493	predecessor	E1933
E1157	successor	E503
E901	type	Person
E259	successor	E68
E373	type	Person
E2106	parent	E1404
E1278	successor	E655
E969	parent	E411
E115	child	E1866
E724	parent	E1104
E63	spouse	E163
E1466	predecessor	E475
E1878	father	E887
E1899	type	Person
E1298	parent	E1870
E1796	spouse	E1644
E1893	predecessor	E1208
E1844	parent	E1192
E2200	father	E693
E1238	type	Person
E2200	mother	E1674
E1923	predecessor	E1842
E983	child	E881
E1245	child	E734
E2097	mother	E1043
E715	successor	E2157
E1143	parent	E223
E716	successor	E852
E212	child	E946
E1680	mother	E631
E2039	successor	E1203
E844	spouse	E1849
E146	parent	E2146
E1787	predecessor	E1714
E1569	spouse	E122
E969	predecessor	E169
E538	successor	E60
E1461	spouse	E1087
E344	child	E632
E482	father	E1439
E702	parent	E537
E1873	mother	E682
E72	spouse	E1761
E2048	spouse	E1278
E2137	successor	E749
E1074	child	E1233
E227	successor	E14
E1570	successor	E454
E163	successor	E1152
E821	mother	E1074
E1277	parent	E191
E745	type	Person
E2094	child	E1748
E1198	child	E144
E702	father	E2081
E1097	parent	E297
E821	predecessor	E527
E1744	predecessor	E406
E647	spouse	E1251
E1093	father	E1839
E664	mother	E1706
E1306	parent	E98
E1879	parent	E1439
E871	spouse	E1873
E132	mother	E2192
E399	parent	E839
E1049	successor	E651
E1514	predecessor	E1261
E144	parent	E1553
E872	child	E1748
E1434	parent	E1327
E281	parent	E922
E1203	spouse	E1699
E344	successor	E1804
E911	predecessor	E1081
E856	mother	E1631
E1500	child	E1495
E1893	predecessor	E2048
E1156	child	E482
E993	parent	E1891
E1580	successor	E307
E1832	spouse	E746
E2055	father	E865
E470	parent	E1477
E1888	father	E1023
E227	child	E1593
E399	type	Person
E155	parent	E196
E1631	successor	E2188
E1994	father	E922
E1483	type	Person
E43	mother	E1003
E211	type	Person
E2102	type	Person
E416	father	E829
E2002	type	Person
E1349	father	E212
E1570	predecessor	E54
E68	child	E540
E1865	successor	E1855
E1764	predecessor	E2114
E2207	spouse	E498
E241	child	E1328
E1616	child	E110
E1559	father	E236
E125	parent	E1446
E1804	mother	E750
E2025	type	Person
E2133	type	Person
E1304	successor	E402
E235	successor	E1139
E1936	successor	E2075
E1908	parent	E711
E2018	parent	E2071
E1633	predecessor	E313
E1374	father	E727
E1424	successor	E593
E1165	type	Person
E1405	mother	E768
E657	child	E2146
E911	father	E870
E723	successor	E636
E106	type	Person
E2030	spouse	E655
E604	parent	E1116
E1204	successor	E815
E1798	parent	E57
E899	successor	E1681
E983	type	Person
E1933	successor	E2150
E972	type	Person
E1157	predecessor	E1265
E1317	predecessor	E2081
E988	successor	E1603
E1266	parent	E1063
E2185	type	Person
E1603	predecessor	E1129
E1888	mother	E200
E1173	spouse	E486
E1908	father	E1317
E1805	parent	E1411
E542	successor	E1787
E1306	spouse	E778
E77	child	E1102
E952	spouse	E971
E1473	child	E764
E1674	child	E1380
E190	mother	E1646
E991	successor	E873
E1614	spouse	E1589
E801	spouse	E646
E1903	type	Person
E2002	successor	E1466
E98	parent	E135
E1615	child	E1563
E1312	child	E2021
E572	mother	E986
E1635	child	E656
E1901	parent	E674
E297	spouse	E2015
E441	predecessor	E1960
E1611	father	E514
E1769	spouse	E1195
E1891	spouse	E295
E581	successor	E235
E2185	child	E1425
E2018	successor	E725
E1720	spouse	E295
E1708	father	E1693
E817	parent	E111
E2182	child	E95
E1903	predecessor	E112
E1361	successor	E728
E15	parent	E1998
E553	type	Person
E475	predecessor	E712
E109	spouse	E2021
E702	type	Person
E702	spouse	E566
E1813	child	E855
E1715	successor	E316
E2102	parent	E782
E2192	successor	E1907
E1293	spouse	E1157
E1306	spouse	E1504
E2002	parent	E782
E43	type	Person
E56	spouse	E294
E2030	type	Person
E1030	predecessor	E422
E1593	spouse	E504
E221	type	Person
E345	spouse	E163
E42	parent	E1891
E858	type	Person
E445	parent	E2110
E345	spouse	E613
E2080	parent	E1467
E1472	child	E1598
E1797	predecessor	E1886
E333	parent	E2131
E1467	father	E572
E1792	child	E626
E15	spouse	E71
E673	parent	E1119
E500	successor	E983
E613	predecessor	E416
E1249	child	E1985
E2120	type	Person
E693	successor	E2172
E617	predecessor	E2186
E1262	parent	E913
E526	child	E2038
E1956	parent	E1674
E109	predecessor	E1317
E1928	successor	E876
E1580	child	E1074
E1490	parent	E1749
E469	child	E674
E884	father	E2016
E319	parent	E1214
E856	child	E1288
E150	child	E325
E2121	successor	E1542
E2038	parent	E1792
E963	spouse	E378
E697	parent	E1275
E295	successor	E972
E779	successor	E657
E1496	successor	E1903
E745	father	E1762
E2182	type	Person
E1234	child	E1494
E702	child	E1757
E917	parent	E2021
E1188	predecessor	E1693
E1847	type	Person
E333	child	E1158
E1145	predecessor	E752
E1615	successor	E2003
E416	father	E538
E972	spouse	E426
E1738	spouse	E241
E975	parent	E2146
E572	type	Person
E839	child	E229
E889	mother	E2177
E715	successor	E1529
E1607	type	Person
E1888	mother	E1463
E2018	spouse	E1150
E779	successor	E1753
E644	father	E2182
E2119	parent	E723
E1375	successor	E764
E833	mother	E1764
E276	successor	E1570
E324	parent	E2114
E1198	father	E140
E857	father	E2040
E54	father	E1963
E838	successor	E566
E2083	child	E958
E1803	child	E1083
E956	predecessor	E1570
E523	spouse	E1035
E430	child	E1231
E276	father	E722
E912	successor	E1431
E825	father	E1614
E870	predecessor	E1222
E807	predecessor	E1040
E852	spouse	E1049
E2131	father	E1174
E188	father	E918
E1878	parent	E1492
E1316	father	E723
E1731	spouse	E1838
E2206	spouse	E1214
E566	predecessor	E746
E142	spouse	E325
E1174	parent	E374
E657	spouse	E1245
E758	successor	E1140
E1603	spouse	E68
E2167	successor	E71
E1160	father	E1650
E946	father	E723
E1884	type	Person
E518	parent	E1620
E688	successor	E1820
E388	spouse	E304
E2067	predecessor	E181
E15	type	Person
E766	parent	E1170
E932	parent	E1496
E111	predecessor	E877
E881	spouse	E1763
E49	parent	E102
E158	spouse	E1140
E734	father	E1616
E1099	successor	E1879
E2185	child	E1347
E63	father	E2110
E2177	predecessor	E2200
E1665	type	Person
E1470	father	E632
E1262	parent	E313
E1939	spouse	E1394
E2098	spouse	E1339
E1124	child	E1342
E588	successor	E1094
E1801	successor	E917
E1995	successor	E756
E1065	father	E629
E1591	spouse	E1960
E1859	father	E1325
E617	predecessor	E1174
E1132	mother	E786
E821	child	E695
E629	parent	E1715
E1955	parent	E110
E12	parent	E1961
E1342	successor	E1103
E1939	parent	E411
E810	successor	E115
E1582	predecessor	E163
E1312	successor	E1792
E975	spouse	E2064
E248	predecessor	E221
E1425	child	E194
E479	successor	E1906
E1563	predecessor	E1307
E1327	father	E772
E1683	spouse	E1278
E1481	type	Person
E1740	type	Person
E541	father	E255
E1304	spouse	E143
E957	parent	E2114
E75	predecessor	E1397
E1899	father	E1369
E377	successor	E621
E553	spouse	E662
E1530	type	Person
E1580	spouse	E443
E334	parent	E448
E1515	spouse	E1973
E1261	spouse	E1998
E643	spouse	E544
E1365	type	Person
E2098	spouse	E1616
E1973	child	E756
E1848	spouse	E573
E504	successor	E647
E159	spouse	E293
E479	child	E913
E1428	successor	E1683
E2207	child	E1632
E1715	father	E1494
E1519	mother	E591
E235	type	Person
E786	child	E803
E725	parent	E824
E958	successor	E149
E706	successor	E6
E2101	spouse	E526
E827	spouse	E1347
E669	parent	E1876
E504	mother	E1044
E1825	mother	E768
E1662	parent	E177
E325	father	E1328
E1870	successor	E199
E1025	parent	E271
E1908	spouse	E144
E1860	father	E2062
E112	successor	E706
E1863	predecessor	E1291
E1369	parent	E2033
E1490	parent	E1262
E1387	parent	E1211
E276	spouse	E33
E1484	child	E743
E27	predecessor	E1813
E509	type	Person
E102	successor	E674
E387	successor	E1184
E2003	child	E1461
E1317	predecessor	E760
E1402	parent	E1305
E749	type	Person
E831	predecessor	E1301
E1990	predecessor	E937
E2200	parent	E2080
E1411	successor	E212
E1779	parent	E275
E1665	parent	E1214
E1979	predecessor	E1710
E1881	child	E217
E743	parent	E2040
E1156	type	Person
E803	successor	E243
E1780	child	E296
E2166	mother	E54
E1748	parent	E812
E1842	spouse	E482
E1548	child	E1359
E525	parent	E664
E750	type	Person
E121	predecessor	E1794
E2008	child	E1844
E1801	type	Person
E1929	child	E1553
E773	successor	E2182
E1540	successor	E930
E209	spouse	E488
E1792	mother	E1
E1876	parent	E1888
E2200	parent	E1278
E1317	type	Person
E1874	father	E304
E1046	predecessor	E2016
E963	type	Person
E1116	mother	E1859
E1607	successor	E1439
E1730	father	E199
E1292	parent	E2087
E2110	successor	E236
E750	successor	E1870
E443	spouse	E199
E527	successor	E1753
E1268	predecessor	E2192
E1268	child	E1779
E1393	spouse	E1121
E266	successor	E204
E627	type	Person
E313	spouse	E1748
E704	successor	E1074
E605	type	Person
E2060	successor	E454
E1495	successor	E1870
E2053	spouse	E2208
E1032	type	Person
E964	father	E1937
E2172	child	E449
E918	mother	E1498
E1425	spouse	E498
E1900	child	E66
E1765	parent	E987
E1703	mother	E1017
E886	predecessor	E1370
E1892	type	Person
E13	spouse	E544
E1608	father	E1580
E2168	spouse	E745
E1030	father	E641
E1132	spouse	E1612
E971	successor	E1317
E1607	parent	E1929
E313	spouse	E927
E181	child	E39
E773	child	E1929
E94	child	E550
E43	spouse	E1240
E1584	type	Person
E958	parent	E677
E931	parent	E829
E318	parent	E956
E209	successor	E166
E1301	child	E1292
E1074	parent	E1901
E1229	child	E170
E1234	parent	E1738
E1261	parent	E952
E355	type	Person
E674	spouse	E1435
E1529	mother	E2157
E387	mother	E115
E1930	child	E1973
E2164	successor	E288
E1476	child	E1763
E2076	parent	E1626
E1159	mother	E829
E2005	mother	E24
E314	type	Person
E311	spouse	E374
E955	mother	E395
E2081	mother	E693
E1786	father	E1296
E901	child	E424
E1425	mother	E927
E2081	child	E1342
E304	father	E47
E1648	father	E102
E73	successor	E666
E1637	predecessor	E1918
E953	spouse	E913
E1046	spouse	E731
E1074	type	Person
E555	child	E1208
E443	spouse	E362
E551	spouse	E874
E1711	father	E132
E64	type	Person
E201	spouse	E1081
E1720	father	E469
E2045	child	E1124
E506	child	E1260
E1395	spouse	E2015
E2124	parent	E746
E1680	child	E2206
E1606	type	Person
E1384	predecessor	E625
E1646	parent	E2137
E355	mother	E803
E717	child	E2038
E1484	mother	E1748
E1693	child	E711
E163	father	E736
E123	predecessor	E728
E1429	mother	E1637
E1393	father	E106
E1380	parent	E979
E299	successor	E812
E673	parent	E509
E1467	successor	E2100
E1160	spouse	E115
E845	parent	E963
E727	child	E1158
E251	father	E1070
E1415	type	Person
E1275	child	E1437
E102	parent	E2192
E1289	parent	E955
E91	type	Person
E12	father	E593
E1895	parent	E852
E1119	predecessor	E1316
E819	successor	E2043
E2208	father	E204
E232	type	Person
E1750	parent	E1923
E27	successor	E2076
E1427	father	E1544
E157	successor	E463
E913	spouse	E599
E1137	mother	E979
E928	child	E1844
E1377	type	Person
E443	type	Person
E591	father	E2106
E1744	predecessor	E602
E1595	predecessor	E1049
E525	type	Person
E35	spouse	E830
E1632	type	Person
E637	spouse	E2045
E390	predecessor	E399
E1245	mother	E1620
E1930	type	Person
E1132	mother	E1
E469	father	E86
E1614	child	E1476
E2050	predecessor	E39
E527	parent	E509
E551	father	E1963
E796	parent	E1595
E588	mother	E2207
E1517	spouse	E1603
E1895	type	Person
E1873	parent	E1635
E1749	spouse	E1261
E498	parent	E1730
E1288	successor	E548
E223	father	E2166
E1372	predecessor	E1265
E735	spouse	E697
E1249	child	E2207
E166	father	E1284
E657	predecessor	E1208
E575	type	Person
E697	successor	E1863
E1204	parent	E1924
E704	predecessor	E833
E463	predecessor	E1693
E641	type	Person
E316	predecessor	E1919
E1411	successor	E109
E1397	child	E728
E282	father	E605
E201	type	Person
E2198	successor	E628
E2156	spouse	E2110
E1030	type	Person
E1968	spouse	E75
E686	mother	E605
E803	type	Person
E1534	father	E715
E1415	child	E934
E971	father	E1288
E140	type	Person
E183	successor	E508
E342	predecessor	E785
E1312	successor	E2121
E654	successor	E1438
E1998	spouse	E445
E591	parent	E333
E142	type	Person
E1703	father	E1174
E377	successor	E1266
E720	father	E903
E599	parent	E712
E2192	child	E600
E1760	mother	E96
E1651	predecessor	E1696
E388	child	E307
E377	father	E623
E812	predecessor	E799
E632	successor	E1711
E1672	successor	E798
E251	type	Person
E212	parent	E573
E669	successor	E1832
E1025	parent	E917
E2055	spouse	E2094
E1665	parent	E573
E538	successor	E527
E647	predecessor	E488
E637	father	E308
E2021	successor	E1819
E1745	spouse	E1666
E782	type	Person
E2099	successor	E121
E952	child	E47
E2040	predecessor	E1570
E2072	successor	E1548
E1402	spouse	E786
E1264	predecessor	E1967
E399	successor	E249
E1614	parent	E330
E201	predecessor	E518
E918	mother	E1646
E1540	father	E2099
E1198	type	Person
E1331	successor	E1711
E1730	father	E1714
E1229	mother	E1190
E1474	predecessor	E882
E422	spouse	E2048
E70	spouse	E1024
E2119	spouse	E188
E1595	predecessor	E829
E1492	type	Person
E923	predecessor	E1002
E131	parent	E1585
E1530	successor	E1872
E970	parent	E877
E2053	predecessor	E697
E1745	predecessor	E1142
E217	successor	E730
E1476	parent	E1559
E2211	successor	E1190
E824	parent	E1431
E728	parent	E745
E149	type	Person
E1777	predecessor	E1112
E903	mother	E1472
E1470	parent	E1467
E677	child	E96
E327	spouse	E2189
E1648	predecessor	E1216
E2188	father	E296
E149	successor	E1865
E1213	predecessor	E1498
E1565	child	E1859
E1917	parent	E1324
E756	child	E964
E105	spouse	E1838
E772	predecessor	E2005
E1716	successor	E553
E96	child	E168
E2030	predecessor	E1375
E1334	spouse	E2029
E304	parent	E958
E723	predecessor	E1170
E1744	spouse	E314
E2043	successor	E1213
E1606	spouse	E641
E1137	spouse	E1872
E490	child	E1620
E1662	child	E1873
E1229	child	E2191
E1958	spouse	E1765
E1449	parent	E553
E1787	successor	E1024
E927	spouse	E824
E1659	child	E1836
E1455	spouse	E1933
E503	successor	E1208
E851	father	E1233
E903	successor	E157
E1646	father	E627
E2055	parent	E438
E314	successor	E1865
E1498	child	E892
E2071	child	E1632
E550	predecessor	E316
E892	successor	E1519
E1342	spouse	E1032
E1026	spouse	E1905
E960	child	E669
E268	predecessor	E132
E1515	child	E1530
E823	spouse	E1963
E593	spouse	E1102
E1393	child	E2207
E1140	mother	E1622
E284	child	E734
E297	father	E1316
E71	successor	E1980
E1116	type	Person
E1648	spouse	E1611
E1868	father	E2150
E1102	father	E1463
E857	type	Person
E1033	successor	E2189
E1770	spouse	E1970
E613	successor	E1109
E1690	parent	E325
E674	spouse	E110
E1119	successor	E1296
E488	predecessor	E358
E1134	child	E874
E1979	parent	E1956
E1611	child	E1929
E1461	type	Person
E1062	mother	E1674
E39	spouse	E2082
E2030	predecessor	E654
E144	child	E2055
E1065	spouse	E188
E807	parent	E809
E268	mother	E1161
E1949	parent	E1
E889	predecessor	E1261
E72	spouse	E1007
E931	successor	E314
E413	parent	E95
E2034	child	E266
E625	child	E1179
E122	parent	E1924
E1806	spouse	E809
E882	parent	E1607
E479	successor	E889
E1753	predecessor	E2025
E1873	child	E1032
E2021	predecessor	E986
E825	mother	E98
E882	successor	E75
E362	type	Person
E617	successor	E973
E109	predecessor	E1765
E633	type	Person
E725	child	E1258
E1806	parent	E372
E1872	child	E1675
E1455	mother	E852
E1708	parent	E1765
E449	type	Person
E819	successor	E1175
E1147	type	Person
E964	spouse	E2189
E1808	predecessor	E913
E548	parent	E454
E1994	type	Person
E1733	type	Person
E876	spouse	E720
E1277	father	E1930
E1238	predecessor	E1906
E1251	parent	E531
E1786	successor	E1865
E2163	child	E1683
E551	child	E249
E2002	mother	E1818
E637	spouse	E122
E665	successor	E1692
E1849	parent	E308
E844	parent	E448
E319	type	Person
E118	type	Person
E1087	predecessor	E686
E1404	child	E1150
E2048	predecessor	E1646
E411	child	E1158
E1195	spouse	E1626
E1198	parent	E2211
E1805	predecessor	E2202
E2071	successor	E1966
E1458	successor	E1542
E174	successor	E1998
E98	successor	E873
E599	parent	E2083
E877	parent	E928
E2007	type	Person
E886	type	Person
E1516	spouse	E246
E1763	child	E717
E1706	father	E1542
E1408	predecessor	E1087
E1964	father	E741
E706	mother	E1691
E2190	spouse	E706
E1099	successor	E2039
E1949	child	E1298
E1042	child	E1570
E1529	successor	E465
E1936	spouse	E1879
E1157	predecessor	E735
E284	parent	E143
E293	successor	E1891
E1674	predecessor	E2200
E1376	type	Person
E2083	father	E229
E194	successor	E1515
E1265	predecessor	E344
E1666	spouse	E1768
E591	child	E75
E1104	mother	E1264
E913	type	Person
E224	spouse	E1087
E609	spouse	E350
E1490	parent	E1928
E66	child	E720
E1651	parent	E1860
E1606	parent	E938
E1405	spouse	E1245
E1563	type	Person
E1963	parent	E2034
E311	spouse	E395
E179	predecessor	E221
E280	mother	E1706
E730	spouse	E1711
E1876	parent	E862
E1435	parent	E858
E1042	child	E1919
E566	predecessor	E873
E1466	spouse	E2002
E752	spouse	E78
E1648	spouse	E1119
E1640	child	E2025
E220	predecessor	E2190
E1693	predecessor	E1429
E284	spouse	E645
E235	child	E488
E838	parent	E796
E2189	spouse	E1979
E85	mother	E1129
E971	father	E1769
E132	predecessor	E1731
E1104	successor	E422
E750	parent	E884
E1326	parent	E1008
E844	spouse	E876
E1317	successor	E240
E2042	child	E809
E1083	spouse	E145
E621	type	Person
E598	child	E1962
E1139	spouse	E526
E2186	spouse	E1558
E862	spouse	E1175
E2208	parent	E424
E1613	parent	E711
E1970	spouse	E1955
E741	spouse	E1354
E421	father	E266
E1825	type	Person
E1839	child	E1268
E1445	spouse	E737
E858	father	E1238
E752	parent	E1565
E1492	parent	E2178
E1923	type	Person
E1476	parent	E550
E1746	predecessor	E643
E1043	successor	E1881
E991	type	Person
E1251	successor	E1998
E438	parent	E1144
E2096	father	E1
E140	child	E1979
E2136	successor	E760
E1002	predecessor	E1681
E1872	child	E241
E241	predecessor	E98
E868	predecessor	E2002
E810	successor	E1445
E1431	mother	E2050
E931	spouse	E1408
E387	successor	E1928
E145	parent	E430
E1370	successor	E2192
E1731	mother	E1819
E706	child	E1437
E1748	predecessor	E373
E1749	mother	E807
E565	father	E355
E286	spouse	E1636
E447	predecessor	E731
E516	spouse	E865
E768	type	Person
E1207	parent	E1002
E628	parent	E1787
E251	predecessor	E885
E2183	type	Person
E855	successor	E102
E525	parent	E1307
E1244	successor	E2026
E1512	child	E1032
E750	predecessor	E2048
E168	child	E406
E117	successor	E930
E188	father	E324
E1455	type	Person
E872	child	E1733
E1706	parent	E331
E1093	spouse	E2097
E922	spouse	E1480
E1504	predecessor	E503
E544	successor	E1019
E145	type	Person
E241	child	E201
E1325	successor	E211
E12	spouse	E81
E2172	child	E752
E1808	father	E1121
E1714	parent	E1188
E1631	type	Person
E123	child	E1608
E1894	successor	E830
E1811	child	E2007
E424	mother	E110
E565	parent	E1870
E1292	type	Person
E1764	parent	E2202
E1377	parent	E656
E338	spouse	E70
E2099	successor	E1030
E181	mother	E350
E688	spouse	E2185
E366	spouse	E1484
E174	child	E1292
E606	child	E1083
E1674	parent	E743
E490	mother	E2131
E1017	child	E122
E159	parent	E232
E369	parent	E1780
E809	parent	E1551
E750	child	E1848
E334	successor	E1964
E825	type	Person
E1666	child	E628
E1979	spouse	E1370
E1733	successor	E1291
E1085	mother	E75
E509	father	E27
E674	mother	E1692
E399	father	E788
E970	father	E449
E1945	spouse	E817
E1750	successor	E1324
E741	father	E2121
E2150	spouse	E997
E1463	child	E150
E541	successor	E1765
E925	predecessor	E750
E227	parent	E1760
E1312	predecessor	E1466
E503	child	E2053
E693	child	E1715
E1060	father	E693
E1980	type	Person
E1044	father	E1192
E325	child	E1648
E248	spouse	E1558
E892	spouse	E1272
E1930	parent	E2082
E35	spouse	E240
E410	predecessor	E131
E1495	successor	E1305
E319	father	E914
E2093	successor	E1245
E1666	parent	E785
E1006	spouse	E327
E1166	type	Person
E488	successor	E2082
E2003	successor	E911
E801	spouse	E1035
E730	parent	E165
E821	parent	E1893
E1895	father	E459
E1956	spouse	E1585
E170	predecessor	E1334
E722	successor	E778
E425	spouse	E478
E1606	spouse	E2043
E243	type	Person
E1327	mother	E972
E156	child	E2146
E2026	successor	E596
E2032	type	Person
E1404	parent	E345
E2096	successor	E2050
E1184	mother	E1939
E1716	child	E1201
E1175	parent	E2200
E1488	father	E446
E15	parent	E1936
E224	successor	E165
E1963	predecessor	E997
E1764	parent	E2032
E2202	type	Person
E700	type	Person
E752	parent	E700
E1045	parent	E112
E193	child	E1237
E1565	father	E508
E212	spouse	E2087
E144	parent	E1845
E606	type	Person
E1424	spouse	E243
E411	parent	E1047
E1955	child	E1951
E293	successor	E1666
E277	spouse	E2036
E657	father	E1933
E637	child	E1798
E1849	father	E1384
E1450	predecessor	E1998
E2101	child	E1960
E833	father	E939
E1411	father	E1996
E221	predecessor	E1640
E1192	successor	E2136
E1434	mother	E666
E2185	child	E39
E2087	child	E1443
E1207	predecessor	E2102
E206	successor	E669
E1190	successor	E1328
E1063	successor	E938
E1968	parent	E102
E1526	successor	E255
E722	mother	E1696
E1203	successor	E1840
E751	spouse	E809
E117	successor	E1559
E1521	child	E997
E316	predecessor	E256
E177	spouse	E572
E1903	child	E1693
E629	mother	E1021
E1454	parent	E1706
E515	successor	E2156
E1488	father	E144
E1327	child	E333
E1446	type	Person
E1192	successor	E1007
E2040	successor	E827
E724	successor	E613
E196	child	E569
E893	successor	E2100
E1917	child	E731
E1962	child	E1020
E1763	successor	E406
E1608	predecessor	E465
E277	predecessor	E923
E1828	child	E550
E1026	child	E2094
E1753	parent	E2101
E1675	type	Person
E483	father	E1631
E1092	successor	E538
E1271	spouse	E1099
E1142	successor	E2029
E2018	spouse	E294
E1025	child	E1966
E1003	spouse	E1885
E1662	type	Person
E2008	child	E1662
E1716	successor	E2033
E785	parent	E2142
E1377	child	E465
E932	parent	E440
E1159	child	E362
E1640	mother	E746
E978	mother	E1342
E1001	spouse	E1137
E2036	spouse	E227
E297	father	E556
E156	mother	E716
E729	predecessor	E2080
E1096	child	E937
E598	successor	E1439
E621	spouse	E1296
E2060	father	E64
E939	spouse	E1659
E693	successor	E1769
E1757	parent	E1152
E217	father	E39
E946	child	E1097
E1415	father	E199
E2076	parent	E2121
E426	successor	E1738
E345	father	E930
E1071	parent	E1885
E1555	type	Person
E1443	successor	E1261
E366	mother	E1347
E2156	mother	E2050
E810	spouse	E212
E1425	child	E1438
E1045	parent	E555
E1195	spouse	E1024
E1683	successor	E938
E856	spouse	E1504
E2050	parent	E371
E295	father	E249
E145	predecessor	E2172
E1397	spouse	E90
E785	predecessor	E1565
E1023	father	E1367
E858	father	E1408
E130	parent	E1872
E2005	spouse	E1735
E46	successor	E1143
E865	parent	E1093
E688	parent	E2100
E422	type	Person
E1838	child	E756
E1585	mother	E1819
E592	parent	E1435
E39	type	Person
E1635	parent	E1584
E266	father	E259
E1899	father	E1143
E1109	mother	E1104
E1354	child	E463
E533	successor	E1474
E57	successor	E190
E1288	spouse	E1347
E2015	parent	E830
E2067	successor	E1777
E1905	parent	E1222
E1380	successor	E2163
E1359	spouse	E2036
E1919	type	Person
E71	father	E1035
E196	mother	E284
E2072	spouse	E1908
E464	spouse	E328
E1483	mother	E1119
E636	mother	E632
E318	father	E229
E295	parent	E1260
E932	child	E1461
E1450	father	E459
E920	mother	E918
E1269	type	Person
E1041	successor	E399
E1820	child	E1449
E1903	parent	E1102
E1171	successor	E96
E2134	spouse	E1611
E1161	parent	E2016
E952	predecessor	E986
E91	spouse	E13
E1690	successor	E772
E2016	child	E2083
E1460	predecessor	E217
E1424	predecessor	E862
E865	parent	E628
E1892	predecessor	E2207
E807	parent	E735
E1541	predecessor	E1848
E1477	mother	E970
E1287	father	E2099
E1994	parent	E1136
E77	successor	E1498
E955	successor	E970
E1878	father	E922
E746	predecessor	E666
E636	predecessor	E36
E2064	successor	E406
E1049	predecessor	E2072
E2198	father	E1559
E2131	type	Person
E1415	successor	E1132
E2188	child	E111
E636	parent	E155
E144	parent	E328
E1720	child	E2090
E2074	predecessor	E1825
E1917	spouse	E746
E469	child	E1888
E873	spouse	E193
E852	predecessor	E1251
E1249	parent	E1541
E1995	successor	E46
E1122	predecessor	E925
E1640	parent	E232
E212	parent	E752
E1530	parent	E1467
E1917	successor	E682
E939	type	Person
E2102	predecessor	E1875
E424	child	E1051
E500	predecessor	E1341
E1848	child	E1955
E1107	spouse	E1372
E1874	spouse	E798
E710	spouse	E772
E1924	successor	E873
E717	father	E145
E953	parent	E2114
E1364	child	E1534
E1529	parent	E1646
E322	predecessor	E1692
E1589	successor	E2100
E1081	father	E1439
E1730	parent	E470
E2206	type	Person
E24	father	E1062
E917	child	E1995
E710	successor	E166
E1680	successor	E1129
E2100	spouse	E91
E1881	spouse	E1158
E276	mother	E724
E2106	predecessor	E1731
E1818	successor	E1876
E1759	type	Person
E269	spouse	E801
E1284	successor	E1845
E1733	predecessor	E970
E893	father	E1425
E2067	predecessor	E1476
E1103	spouse	E322
E1021	spouse	E893
E596	predecessor	E876
E223	child	E516
E574	spouse	E72
E1291	predecessor	E490
E745	predecessor	E1142
E889	spouse	E2136
E1570	predecessor	E1838
E750	successor	E1692
E378	child	E827
E1157	successor	E991
E1844	type	Person
E1284	type	Person
E2156	father	E697
E70	child	E1427
E2124	spouse	E2033
E1278	successor	E704
E1518	parent	E191
E1511	father	E238
E1376	predecessor	E1208
E298	parent	E132
E920	parent	E523
E1994	father	E872
E60	parent	E96
E746	father	E1238
E1387	type	Person
E436	successor	E752
E1237	mother	E2146
E710	successor	E2207
E1959	father	E1245
E964	child	E872
E669	father	E632
E1296	spouse	E1001
E410	successor	E200
E1003	father	E1035
E296	successor	E874
E613	parent	E489
E960	successor	E1087
E809	father	E626
E1595	predecessor	E1134
E1760	type	Person
E2072	predecessor	E745
E196	parent	E1188
E410	successor	E807
E2098	child	E515
E1494	child	E917
E123	spouse	E1438
E1455	successor	E86
E1662	spouse	E1157
E1458	father	E934
E181	successor	E1803
E655	father	E893
E876	predecessor	E378
E1948	child	E525
E1674	child	E299
E572	parent	E118
E988	parent	E2067
E1204	type	Person
E937	spouse	E2003
E1324	predecessor	E2206
E516	father	E1805
E1559	type	Person
E1415	successor	E2007
E1380	child	E1804
E503	father	E1370
E1905	child	E700
E1087	mother	E14
E1905	type	Person
E2026	predecessor	E845
E1229	successor	E2087
E746	spouse	E102
E1963	parent	E1019
E1484	type	Person
E625	father	E1626
E421	spouse	E622
E1620	father	E1559
E2206	predecessor	E275
E887	successor	E229
E1963	parent	E1973
E1865	successor	E1044
E515	father	E1730
E1062	spouse	E1825
E1289	child	E1555
E1910	spouse	E829
E91	successor	E1908
E745	mother	E978
E1237	successor	E140
E281	predecessor	E2157
E1284	spouse	E371
E1158	predecessor	E873
E229	child	E1720
E2067	spouse	E1516
E572	predecessor	E1769
E342	type	Person
E314	successor	E631
E1770	type	Person
E979	type	Person
E1443	child	E308
E1691	father	E296
E2211	successor	E704
E647	father	E1910
E1980	predecessor	E1449
E889	parent	E193
E1176	father	E72
E469	successor	E1706
E745	predecessor	E1328
E1093	spouse	E1905
E745	mother	E179
E1342	successor	E973
E316	parent	E1735
E33	parent	E637
E470	father	E1730
E1342	type	Person
E2121	mother	E104
E1434	predecessor	E764
E272	type	Person
E1024	child	E1900
E589	parent	E1611
E143	predecessor	E1759
E1021	father	E627
E179	spouse	E591
E1786	successor	E1291
E1238	successor	E1042
E271	parent	E565
E1674	successor	E1202
E1919	father	E914
E1995	child	E1238
E1659	father	E1544
E1530	spouse	E2096
E682	predecessor	E122
E2183	spouse	E2074
E276	parent	E145
E865	child	E1414
E1749	child	E1847
E613	child	E2072
E436	father	E1765
E1703	father	E548
E338	predecessor	E1292
E1365	spouse	E872
E1156	predecessor	E54
E798	child	E1437
E1960	type	Person
E1029	spouse	E38
E183	parent	E710
E1738	successor	E422
E1708	type	Person
E2025	predecessor	E988
E658	child	E978
E1779	successor	E1863
E771	mother	E596
E1271	parent	E764
E1251	successor	E2008
E1845	successor	E1328
E876	parent	E2191
E2172	predecessor	E419
E25	child	E394
E693	spouse	E681
E196	spouse	E1053
E771	predecessor	E622
E1518	successor	E70
E426	father	E295
E209	mother	E212
E298	parent	E1838
E1906	spouse	E1763
E1746	parent	E24
E1919	spouse	E819
E486	predecessor	E115
E741	child	E1481
E403	spouse	E922
E1572	parent	E1865
E2186	type	Person
E98	successor	E168
E526	predecessor	E319
E1428	father	E2182
E646	father	E2097
E63	successor	E677
E723	parent	E1873
E1454	spouse	E599
E1492	child	E212
E646	successor	E419
E2009	child	E1435
E1706	successor	E123
E596	successor	E665
E1907	child	E1049
E1878	mother	E318
E703	type	Person
E1310	type	Person
E1763	predecessor	E625
E1937	predecessor	E1096
E1349	type	Person
E1176	father	E490
E1598	father	E881
E1994	child	E1024
E1906	successor	E2009
E1045	parent	E940
E946	mother	E686
E2030	predecessor	E727
E1495	parent	E680
E313	predecessor	E1484
E865	child	E821
E1805	predecessor	E673
E1544	successor	E154
E1121	father	E75
E294	parent	E798
E443	spouse	E1569
E1156	predecessor	E1868
E2052	parent	E606
E646	type	Person
E1839	child	E12
E1134	predecessor	E1460
E588	parent	E325
E1870	spouse	E1530
E1035	spouse	E334
E1327	child	E1763
E885	mother	E1961
E632	predecessor	E809
E1559	parent	E1613
E1918	spouse	E1103
E2082	type	Person
E1231	spouse	E1516
E319	child	E1792
E889	successor	E2062
E602	spouse	E1281
E1007	spouse	E1231
E1917	mother	E378
E1714	type	Person
E1838	successor	E201
E2167	type	Person
E390	father	E1860
E2182	successor	E64
E1449	parent	E852
E800	successor	E1190
E1262	successor	E1427
E68	type	Person
E1365	child	E1889
E1881	child	E1044
E1488	father	E104
E2097	spouse	E722
E91	parent	E1635
E1261	child	E1720
E2005	spouse	E646
E627	parent	E2202
E2067	spouse	E749
E1666	successor	E1918
E1964	spouse	E1757
E1288	spouse	E657
E1370	successor	E1024
E1266	parent	E1680
E756	mother	E688
E313	spouse	E636
E835	father	E2121
E716	predecessor	E625
E1007	child	E1171
E542	child	E592
E2124	successor	E238
E1438	father	E598
E1053	spouse	E1636
E98	type	Person
E33	predecessor	E1805
E988	mother	E1438
E1171	parent	E514
E664	predecessor	E1762
E1563	parent	E1923
E979	predecessor	E2075
E911	parent	E988
E1536	type	Person
E631	father	E1692
E1733	spouse	E1046
E1615	successor	E550
E598	parent	E703
E1735	type	Person
E1614	father	E912
E1186	type	Person
E957	predecessor	E1086
E1460	father	E355
E1960	successor	E771
E314	parent	E1408
E146	spouse	E377
E266	spouse	E1908
E991	spouse	E6
E734	parent	E1615
E1428	father	E1347
E373	predecessor	E448
E1244	type	Person
E1738	parent	E35
E1425	mother	E1137
E378	child	E1201
E1488	successor	E1839
E1087	father	E632
E121	father	E591
E1184	type	Person
E236	parent	E651
E887	spouse	E756
E77	parent	E355
E1145	parent	E1875
E388	predecessor	E2036
E2093	spouse	E500
E66	successor	E964
E960	spouse	E1786
E1070	father	E830
E2087	child	E2008
E118	successor	E24
E280	successor	E627
E371	type	Person
E1339	predecessor	E1440
E541	mother	E1087
E235	successor	E1554
E1119	mother	E63
E1326	spouse	E862
E259	child	E1598
E643	type	Person
E1519	child	E1678
E903	spouse	E1966
E862	parent	E271
E1762	successor	E1839
E223	spouse	E193
E821	parent	E470
E573	mother	E1375
E2083	parent	E1760
E1699	spouse	E2050
E1017	type	Person
E937	father	E1213
E1167	spouse	E144
E402	child	E1103
E506	predecessor	E1035
E13	parent	E166
E2168	parent	E374
E1937	type	Person
E181	father	E395
E1323	parent	E825
E1238	child	E1544
E1150	spouse	E333
E1819	type	Person
E443	father	E1593
E1907	parent	E703
E1367	parent	E443
E327	predecessor	E318
E435	parent	E2014
E2097	predecessor	E425
E1112	successor	E664
E975	type	Person
E1534	spouse	E227
E1198	parent	E321
E159	father	E1710
E674	parent	E1162
E1842	predecessor	E1449
E1122	predecessor	E826
E498	parent	E2075
E1473	child	E345
E211	predecessor	E123
E629	spouse	E1706
E885	successor	E1511
E294	spouse	E835
E91	parent	E2202
E1777	father	E1265
E756	predecessor	E1033
E591	spouse	E1878
E96	type	Person
E1584	predecessor	E717
E1626	successor	E2192
E1888	spouse	E1425
E447	successor	E913
E85	parent	E1136
E726	spouse	E2195
E657	predecessor	E870
E1703	child	E2164
E956	successor	E1443
E1481	parent	E1008
E1333	successor	E1542
E200	successor	E1530
E259	parent	E314
E1129	type	Person
E1434	type	Person
E712	parent	E606
E184	spouse	E1470
E1408	spouse	E2002
E1696	type	Person
E1995	spouse	E862
E204	type	Person
E2164	child	E70
E824	successor	E1408
E86	child	E1849
E366	mother	E885
E1017	predecessor	E823
E852	spouse	E1027
E1317	parent	E1907
E271	parent	E307
E1794	predecessor	E111
E2026	spouse	E686
E1731	father	E1207
E877	spouse	E1615
E2002	child	E936
E1238	successor	E715
E1760	spouse	E1096
E1901	mother	E1251
E2146	father	E1979
E632	spouse	E1930
E1553	successor	E442
E2008	father	E1327
E876	spouse	E1405
E538	parent	E644
E872	predecessor	E1327
E199	spouse	E442
E443	father	E1591
E325	successor	E1208
E2206	child	E1878
E1803	parent	E1481
E110	father	E1139
E856	successor	E525
E1540	successor	E1859
E1288	spouse	E1026
E328	spouse	E800
E1163	mother	E741
E1674	father	E927
E447	child	E1961
E313	predecessor	E524
E317	type	Person
E13	type	Person
E1764	spouse	E827
E646	successor	E1291
E121	father	E1558
E1735	parent	E643
E606	child	E1711
E1424	child	E2158
E1746	parent	E490
E973	spouse	E111
E1681	type	Person
E1899	spouse	E1749
E831	parent	E1765
E1495	type	Person
E819	predecessor	E886
E1990	spouse	E2008
E1859	spouse	E338
E236	parent	E1021
E1985	type	Person
E338	spouse	E531
E807	child	E1203
E1885	parent	E1296
E362	child	E839
E236	successor	E273
E63	predecessor	E838
E1680	father	E1798
E2121	child	E1305
E1555	predecessor	E1156
E319	mother	E1637
E2201	parent	E410
E801	mother	E1008
E1207	predecessor	E2192
E409	parent	E771
E967	predecessor	E486
E1265	father	E416
E94	predecessor	E1446
E1376	spouse	E1063
E2061	successor	E1163
E2016	parent	E1740
E1049	father	E2190
E2036	mother	E1365
E1165	parent	E2198
E1103	successor	E2114
E800	spouse	E128
E1680	father	E117
E633	parent	E1659
E49	child	E1679
E227	parent	E972
E1305	predecessor	E1808
E674	predecessor	E936
E1024	mother	E1159
E1359	child	E773
E232	father	E157
E115	successor	E2039
E490	type	Person
E1585	parent	E525
E201	predecessor	E1769
E387	predecessor	E8
E6	mother	E871
E1804	spouse	E500
E732	parent	E851
E1558	spouse	E1245
E2098	parent	E1554
E1092	predecessor	E2096
E627	mother	E983
E915	predecessor	E1361
E334	parent	E551
E1873	parent	E1872
E238	successor	E1980
E631	predecessor	E280
E858	spouse	E737
E1706	type	Person
E2062	type	Person
E621	parent	E1681
E281	parent	E716
E1606	successor	E1554
E885	successor	E734
E1518	spouse	E952
E410	parent	E839
E2191	predecessor	E969
E1595	successor	E1261
E1265	successor	E2211
E2026	spouse	E142
E1190	parent	E680
E2042	parent	E656
E56	successor	E551
E2034	child	E664
E605	parent	E1496
E330	father	E1203
E1691	parent	E2100
E1291	successor	E2211
E1173	type	Person
E1762	predecessor	E1777
E374	parent	E1585
E1855	child	E191
E599	type	Person
E410	type	Person
E1766	mother	E1757
E1534	spouse	E825
E2086	child	E964
E598	parent	E1473
E939	parent	E827
E573	successor	E1251
E922	father	E636
E1603	successor	E1963
E2030	parent	E1470
E2047	successor	E1071
E1393	child	E1585
E49	parent	E859
E1607	mother	E362
E743	child	E644
E1635	type	Person
E1208	type	Person
E1900	child	E149
E1674	spouse	E183
E831	spouse	E221
E1828	parent	E1534
E85	mother	E125
E1818	parent	E1174
E49	child	E430
E1119	parent	E1949
E1521	spouse	E886
E745	predecessor	E1955
E722	successor	E978
E77	type	Person
E1542	mother	E621
E1936	spouse	E1003
E1166	successor	E1603
E1325	parent	E1480
E1889	parent	E1316
E267	successor	E238
E1167	predecessor	E454
E95	successor	E464
E768	successor	E1425
E1173	predecessor	E2043
E503	parent	E1472
E1529	parent	E572
E647	spouse	E112
E2094	successor	E581
E1404	child	E1863
E1323	type	Person
E1635	child	E1616
E463	parent	E1480
E591	spouse	E644
E465	successor	E531
E390	parent	E572
