Giovanni_il_Popolano	father	Pierfrancesco_the_Elder
Robert_II_of_Scotland	father	Walter_Stewart_6th_High_Steward_of_Scotland
Luitgarde_of_Vermandois	spouse	Theobald_I_Count_of_Blois
Leopold_Duke_of_Lorraine	type	Person
Maria_Anna_of_Neuburg	type	Person
Afonso_II_of_Portugal	successor	Sancho_II_of_Portugal
Amicie_de_Courtenay	type	Person
Matilda_of_Saxony_1172_1209/10	type	Person
Francis_Louis_of_Palatinate_Neuburg	type	Person
Charles_Emmanuel_III_of_Sardinia	child	Princess_Eleonora_of_Savoy
Philip_IV_of_Spain	mother	Margaret_of_Austria_Queen_of_Spain
Charles_Count_of_Valois	child	Isabella_of_Valois_Duchess_of_Bourbon
Anne_of_Austria	parent	Philip_III_of_Spain
Henry_II_of_Castile	child	Eleanor_of_Castile_Queen_of_Navarre
Lucrezia_Tornabuoni	type	Person
Stephen_III_Duke_of_Bavaria	type	Person
Elisabeth_of_Carinthia_Queen_of_the_Romans	spouse	Albert_I_of_Germany
Igor_of_Kiev	spouse	Olga_of_Kiev
Matthias_I_Duke_of_Lorraine	mother	Adelaide_of_Leuven
Wilhelmine_Amalie_of_Brunswick	father	John_Frederick_Duke_of_Brunswic_Calenberg
Philippe_II_Duke_of_Orl_ans	type	Person
Charles_IV_Duke_of_Lorraine	type	Person
Matthias_II_Duke_of_Lorraine	parent	Frederick_II_Duke_of_Lorraine
Louis_II_Elector_of_Brandenburg	type	Person
Prince_Henry_the_Navigator	type	Person
Empress_Matilda	child	Henry_II_of_England
Philippa_of_Luxembourg	spouse	John_II_Count_of_Holland
Maria_of_Naples	type	Person
Frederick_Prince_of_Wales	parent	Caroline_of_Ansbach
Maria_Beatrice_d_Este_Duchess_of_Massa	child	Francis_IV_Duke_of_Modena
Ren__II_Duke_of_Lorraine	successor	Antoine_Duke_of_Lorraine
Magnus_I_Duke_of_Brunswic_L_neburg	spouse	Sophia_of_Brandenburg
Henry_the_Fowler	child	Gerberga_of_Saxony
Gertrude_of_S_pplingenburg	spouse	Henry_X_Duke_of_Bavaria
Ren__of_Anjou	successor	Charles_IV_of_Anjou
Joan_of_Ponthieu_Dame_of_Epernon	spouse	John_VI_of_Vend_me
Maria_of_Montpellier	type	Person
Beatrice_of_England	child	Arthur_II_Duke_of_Brittany
John_II_Duke_of_Lorraine	predecessor	Isabella_Duchess_of_Lorraine
Louis_XV	parent	Louis_Duke_of_Burgundy
Philip_I_Landgrave_of_Hesse	type	Person
Louis_II_Duke_of_Bavaria	spouse	Maria_of_Brabant_Duchess_of_Bavaria
Nuno_Mendes_count	type	Person
Alice_Holland_Countess_of_Kent	mother	Eleanor_of_Lancaster
Berenguer_Ramon_I_Count_of_Barcelona	type	Person
Henry_the_Fowler	child	Henry_I_Duke_of_Bavaria
Princess_Maria_Carolina_of_Savoy	type	Person
Adele_of_Vermandois	type	Person
Francis_I_Holy_Roman_Emperor	successor	Joseph_II_Holy_Roman_Emperor
Edward_I_of_England	child	Edmund_of_Woodstock_1st_Earl_of_Kent
Eleanor_de_Medici	type	Person
Maria_Beatrice_d_Este_Duchess_of_Massa	parent	Maria_Teresa_Cybo_Malaspina_Duchess_of_Massa
Sancho_VII_of_Navarre	type	Person
Leopold_II_Holy_Roman_Emperor	child	Maria_Theresa_of_Austria_1767_1827
Elisabeth_of_Cleves	spouse	Stephen_III_Duke_of_Bavaria
Louis_Duke_of_Burgundy	spouse	Marie_Ad_la_de_of_Savoy
Princess_Christine_Louise_of_Oettinge_Oettingen	spouse	Louis_Rudolph_Duke_of_Brunswic_L_neburg
Henry_I_of_France	child	Philip_I_of_France
Elisabeth_of_Lorraine	type	Person
Giuseppe_Maria_Buonaparte	type	Person
Henry_I_of_Navarre	type	Person
Beatriz_Pereira_de_Alvim	type	Person
Anne_Marie_d_Orl_ans	parent	Henrietta_of_England
Lorenzo_de_Medici_Duke_of_Urbino	type	Person
Blanche_of_Navarre_Queen_of_France	parent	Philip_III_of_Navarre
Richardis	type	Person
Sancho_I_of_Portugal	father	Afonso_I_of_Portugal
Thierry_Count_of_Flanders	type	Person
Ramon_Berenguer_IV_Count_of_Barcelona	father	Ramon_Berenguer_III_Count_of_Barcelona
Afonso_V_of_Portugal	predecessor	Edward_King_of_Portugal
Louise_of_Savoy	parent	Philip_II_Duke_of_Savoy
John_II_of_France	mother	Joan_the_Lame
Baldwin_IV_Count_of_Hainaut	spouse	Alice_of_Namur
Louis_Dauphin_of_France_son_of_Louis_XIV	parent	Louis_XIV
Princess_Marie_Isabelle_of_Orl_ans	father	Antoine_Duke_of_Montpensier
Ladislaus_of_Naples	type	Person
Berengaria_of_Le_n	type	Person
John_Stewart_1st_Earl_of_Lennox	parent	Alan_Stewart_of_Darnley
Adelaide_of_Tours	spouse	Robert_the_Strong
Joan_II_of_Navarre	predecessor	Charles_IV_of_France
Magdalene_Sibylle_of_Prussia	mother	Marie_Eleonore_of_Cleves
Sviatopolk_I_of_Kiev	successor	Yaroslav_the_Wise
Charles_VI_Holy_Roman_Emperor	predecessor	Victor_Amadeus_II_of_Sardinia
Ferdinand_I_of_the_Two_Sicilies	child	Princess_Maria_Isabella_of_Naples_and_Sicily
Odo_II_Duke_of_Burgundy	child	Hugh_III_Duke_of_Burgundy
Alfonso_II_of_Aragon	type	Person
Hermann_Billung	type	Person
Charles_Martel	child	Grifo_noble
Marie_Countess_of_Ponthieu	parent	William_IV_Count_of_Ponthieu
Louis_I_Duke_of_Orl_ans	parent	Charles_V_of_France
Antoine_Duke_of_Lorraine	type	Person
William_X_Duke_of_Aquitaine	mother	Philippa_Countess_of_Toulouse
Archduchess_Eleanor_of_Austria	type	Person
John_II_of_Aragon	predecessor	Alfonso_V_of_Aragon
James_III_of_Scotland	mother	Mary_of_Guelders
Charles_Frederick_Grand_Duke_of_Saxe_Weimar_Eisenach	type	Person
Philippa_of_Hainault	parent	Joan_of_Valois_Countess_of_Hainaut
Matilda_of_Frisia	father	Liudolf_Margrave_of_Frisia
Clementia_of_Hungary	spouse	Louis_X_of_France
Maud_of_Apulia	type	Person
Charles_the_Simple	type	Person
Philip_III_of_Navarre	child	Blanche_of_Navarre_Queen_of_France
Odo_of_France	type	Person
Countess_Palatine_Dorothea_Sophie_of_Neuburg	child	Elisabeth_Farnese
Elizabeth_of_Lancaster_Duchess_of_Exeter	type	Person
Ermentrude_of_Orl_ans	child	Judith_of_Flanders
Magnus_II_Duke_of_Brunswic_L_neburg	father	Magnus_I_Duke_of_Brunswic_L_neburg
Rudolf_I_of_Germany	spouse	Gertrude_of_Hohenberg
John_Joseph_of_Austria	type	Person
Louis_Philippe_I	type	Person
Victor_Amadeus_I_Duke_of_Savoy	mother	Catalina_Micaela_of_Spain
Alfonso_V_of_Aragon	predecessor	Ren__of_Anjou
Alfonso_Fern_ndez_el_Ni_o	type	Person
Ernest_Augustus_King_of_Hanover	type	Person
Alfonso_II_of_Aragon	father	Ramon_Berenguer_IV_Count_of_Barcelona
Prince_William_of_Saxe_Gotha_Altenburg	type	Person
Pepin_the_Hunchback	type	Person
Claude_Fran_oise_de_Lorraine	spouse	Nicholas_Francis_Duke_of_Lorraine
Dirk_III_Count_of_Holland	parent	Lutgardis_of_Luxemburg
Otto_I_Duke_of_Saxony	spouse	Hedwig_of_Babenberg
Baldwin_II_of_Jerusalem	type	Person
Landgravine_Elisabeth_Amalie_of_Hesse_Darmstadt	type	Person
Ramon_Berenguer_IV_Count_of_Barcelona	type	Person
James_III_of_Scotland	father	James_II_of_Scotland
Willa_of_Tuscany	father	Boso_Margrave_of_Tuscany
Francis_II_Holy_Roman_Emperor	type	Person
Frederick_III_Holy_Roman_Emperor	parent	Cymburgis_of_Masovia
Conrad_IV_of_Germany	type	Person
Maria_Anna_of_Bavaria_born_1551	parent	Albert_V_Duke_of_Bavaria
Maria_Luisa_of_Spain	father	Charles_III_of_Spain
Maria_Theresa_of_Spain	father	Philip_IV_of_Spain
Henry_the_Lion	successor	Bernhard_Count_of_Anhalt
Otto_IV_Count_of_Burgundy	type	Person
Beatriz_of_Portugal_Duchess_of_Viseu	parent	Isabel_of_Barcelos
John_II_of_Aragon	successor	Ferdinand_II_of_Aragon
Willa_of_Burgundy	type	Person
Henry_the_Fowler	predecessor	Otto_I_Duke_of_Saxony
Hugh_of_Italy	predecessor	Rudolph_II_of_Burgundy
Henry_II_of_France	type	Person
Mahaut_of_Ch_tillon	spouse	Charles_Count_of_Valois
Eug_nie_de_Montijo	spouse	Napoleon_III
Clemence_of_Austria	child	Charles_I_of_Hungary
Peter_I_Duke_of_Bourbon	mother	Mary_of_Avesnes
Charles_VI_of_France	type	Person
Augustus_III_of_Poland	type	Person
Walter_I_Lord_of_Avesnes	type	Person
Duke_Charles_Louis_Frederick_of_Mecklenburg	type	Person
John_II_of_France	spouse	Joan_I_Countess_of_Auvergne
Gian_Galeazzo_Sforza	type	Person
Marie_Hedwig_of_Hesse_Darmstadt	type	Person
Albert_II_of_Germany	successor	Frederick_III_Holy_Roman_Emperor
Joan_of__vreux	father	Louis_Count_of__vreux
William_X_Duke_of_Aquitaine	spouse	A_nor_de_Ch_tellerault
Claude_of_France	type	Person
Louis_I_Duke_of_Bourbon	child	Marie_de_Bourbon_Princess_of_Achaea
Osburh	spouse	_thelwulf_King_of_Wessex
Marie_Antoinette	spouse	Charles_X
Beatriz_of_Portugal_Duchess_of_Viseu	parent	John_Constable_of_Portugal
Charles_III_Duke_of_Savoy	spouse	Beatrice_of_Portugal_Duchess_of_Savoy
Margaret_of_Bourbon_1438_1483	child	Louise_of_Savoy
Otto_III_Duke_of_Bavaria	type	Person
Wenceslaus_I_Duke_of_Luxembourg	type	Person
Vladimir_the_Great	father	Sviatoslav_I
John_of_Montfort	child	Joan_of_Brittany_Baroness_of_Drayton
Fulk_King_of_Jerusalem	child	Geoffrey_Plantagenet_Count_of_Anjou
Francis_Duke_of_Anjou	mother	Catherine_de_Medici
Henry_III_of_France	predecessor	Sigismund_II_Augustus
Th_odrate_of_Troyes	type	Person
Edward_III_of_England	spouse	Philippa_of_Hainault
Robert_II_of_Scotland	parent	Marjorie_Bruce
Henry_II_of_England	predecessor	Geoffrey_Plantagenet_Count_of_Anjou
Marie_Jos_phine_of_Savoy	parent	Victor_Amadeus_III_of_Sardinia
Louis_XII	successor	Maximilian_Sforza
Isabella_Duchess_of_Lorraine	child	John_II_Duke_of_Lorraine
Edward_Count_Palatine_of_Simmern	type	Person
Blanche_of_Valois	type	Person
Eleanor_of_Castile	child	Alphonso_Earl_of_Chester
Alfonso_IX_of_Le_n	mother	Urraca_of_Portugal
James_I_of_Scotland	parent	Anabella_Drummond
Alfonso_of_Molina	type	Person
Charles_VIII_of_France	predecessor	Louis_XI
Henry_IV_of_England	spouse	Mary_de_Bohun
Archduke_Charles_Joseph_of_Austria_born_1745	type	Person
Adela_of_Normandy	spouse	Stephen_Count_of_Blois
Walter_Stewart_3rd_High_Steward_of_Scotland	type	Person
Cosimo_I_de_Medici_Grand_Duke_of_Tuscany	spouse	Camilla_Martelli
Peter_I_of_Portugal	child	John_Duke_of_Valencia_de_Campos
Raymond_of_Burgundy	child	Sancha_Raim_ndez
Infante_Antonio_Duke_of_Galliera	type	Person
Louis_Philippe_I	successor	Napoleon_III
Hugh_of_Italy	child	Lothair_II_of_Italy
Jacquetta_of_Luxembourg	child	Anne_Woodville
George_I_of_Great_Britain	parent	Ernest_Augustus_Elector_of_Hanover
Isabella_Duchess_of_Lorraine	child	Margaret_of_Anjou
Charlotte_of_Bourbon_Queen_of_Cyprus	parent	John_I_Count_of_La_Marche
Princess_Elisabeth_Albertine_of_Saxe_Hildburghausen	type	Person
Matilda_II_Countess_of_Boulogne	type	Person
Charles_the_Simple	child	Louis_IV_of_France
Rogneda_of_Polotsk	type	Person
In_s_de_Castro	type	Person
Marie_of_Luxembourg_Queen_of_France	father	Henry_VII_Holy_Roman_Emperor
Saint_Margaret_of_Scotland	spouse	Malcolm_III_of_Scotland
Arnulf_I_Count_of_Flanders	parent	_lfthryth_Countess_of_Flanders
Adela_of_Milan	type	Person
Louis_XIII	mother	Marie_de_Medici
Charles_Count_of_Valois	child	Marie_of_Valois_Duchess_of_Calabria
Ermentrude_of_Orl_ans	spouse	Charles_the_Bald
Francis_Count_of_Vend_me	type	Person
Archduchess_Catherine_Renata_of_Austria	type	Person
Rudolph_Duke_of_Lorraine	spouse	Marie_de_Ch_tillon_1323_1363
Louis_Dauphin_of_France_son_of_Louis_XIV	child	Louis_Duke_of_Burgundy
John_I_of_Portugal	child	Prince_Henry_the_Navigator
Otto_IV_Count_of_Scheyern	parent	Eckhard_I_Count_of_Scheyern
Count_of_Montijo	type	Person
Beatrice_of_Albon	type	Person
Philip_I_of_Castile	type	Person
Piero_di_Cosimo_de_Medici	parent	Contessina_de_Bardi
Odo_IV_Duke_of_Burgundy	spouse	Joan_III_Countess_of_Burgundy
Eug_ne_de_Beauharnais	type	Person
Verdun	type	Person
Albert_V_Duke_of_Bavaria	type	Person
Rudolph_III_of_Burgundy	type	Person
Constance_of_Arles	father	William_I_of_Provence
John_I_of_Portugal	successor	Edward_King_of_Portugal
Adelaide_of_Auxerre_born_c._870	mother	Waldrada_of_Worms
Elisabeth_Farnese	child	Mariana_Victoria_of_Spain
James_I_of_Aragon	spouse	Teresa_Gil_de_Vidaure
Fran_oise_d_Aubign__Marquise_de_Maintenon	spouse	Louis_XIV
Maria_Amalia_of_Naples_and_Sicily	parent	Maria_Carolina_of_Austria
Marie_of_Brabant_Queen_of_France	type	Person
Matilda_of_Scotland	type	Person
Isabeau_of_Bavaria	father	Stephen_III_Duke_of_Bavaria
Cecile_of_France	type	Person
Hermann_II_Count_of_Celje	type	Person
Charles_Emmanuel_I_Duke_of_Savoy	child	Emanuel_Filibert_of_Savoy
Maria_Amalia_of_Saxony	child	Ferdinand_I_of_the_Two_Sicilies
William_Adelin	type	Person
Hedwig_of_Saxony	type	Person
Archduke_Joseph_Franz_of_Austria	type	Person
John_of_Montfort	predecessor	John_III_Duke_of_Brittany
Isabella_of_Hainault	parent	Margaret_I_Countess_of_Flanders
Archduchess_Maria_Clementina_of_Austria	type	Person
Charles_VII_of_France	predecessor	Charles_VI_of_France
Urraca_L_pez_de_Haro	type	Person
Charles_IX_of_France	predecessor	Francis_II_of_France
Philip_IV_of_France	predecessor	Philip_III_of_France
Louise_Marie_Anne_de_Bourbon	type	Person
Baldwin_II_Margrave_of_Flanders	mother	Judith_of_Flanders
Peter_I_Duke_of_Bourbon	father	Louis_I_Duke_of_Bourbon
Margaret_of_Bavaria	type	Person
Philip_III_of_Navarre	child	Maria_of_Navarre
Joan_of_Valois_Countess_of_Hainaut	parent	Charles_Count_of_Valois
Louis_IX_of_France	child	Philip_III_of_France
Violant_of_Hungary	type	Person
Barbara_of_Hesse	type	Person
Ferdinand_II_of_Le_n	father	Alfonso_VII_of_Le_n_and_Castile
Agust_n_Mar_a_Mu_oz_y_Borb_n_1st_Duke_of_Taranc_n	type	Person
Reginald_I_Count_of_Burgundy	mother	Ermentrude_de_Roucy
Prince_Francis_Xavier_of_Saxony	type	Person
Charles_Prince_of_Anhalt_Zerbst	type	Person
Virginia_de_Medici	type	Person
Sancha_of_Aragon_Countess_of_Toulouse	type	Person
Martin_of_Aragon	successor	Ferdinand_I_of_Aragon
Anna_von_Campe	type	Person
Princess_Marie_Isabelle_of_Orl_ans	type	Person
Robert_I_Duke_of_Burgundy	successor	Hugh_I_Duke_of_Burgundy
Simon_II_Duke_of_Lorraine	successor	Frederick_I_Duke_of_Lorraine
Isabella_of_Aragon_Queen_of_France	father	James_I_of_Aragon
Mary_of_Woodstock	type	Person
Robert_III_of_Scotland	spouse	Anabella_Drummond
Louis_the_Stammerer	parent	Ermentrude_of_Orl_ans
Guilla_of_Provence	spouse	Rudolph_I_of_Burgundy
Robert_I_Duke_of_Burgundy	spouse	Helie_of_Semur
Robert_Duke_of_Bar	type	Person
Sophia_of_Minsk	child	Valdemar_II_of_Denmark
Eleanor_of_Castile	father	Ferdinand_III_of_Castile
Agnes_de_Baudemont_Countess_of_Braine	type	Person
Fran_oise_Ath_na_s_de_Rochechouart_Marquise_de_Montespan	type	Person
Olga_of_Kiev	spouse	Igor_of_Kiev
Urraca_of_Portugal	type	Person
Elisiv_of_Kiev	type	Person
Henry_Stuart_Duke_of_Gloucester	type	Person
Bruno_the_Great	type	Person
Adelaide_of_Maurienne	spouse	Matthew_I_of_Montmorency
Maria_Luisa_of_Spain	parent	Maria_Amalia_of_Saxony
Rudolf_I_of_Germany	child	Matilda_of_Habsburg
_thelfl_d	type	Person
Peter_I_of_Portugal	parent	Beatrice_of_Castile_1293_1359
Madeleine_de_La_Tour_d_Auvergne	spouse	Lorenzo_de_Medici_Duke_of_Urbino
Judith_of_Flanders	type	Person
William_FitzEmpress	type	Person
Leopold_Duke_of_Lorraine	successor	Francis_I_Holy_Roman_Emperor
Emmanuel_Philibert_Duke_of_Savoy	spouse	Margaret_of_Valois_Duchess_of_Berry
Hedwig_Jagiellon_Duchess_of_Bavaria	type	Person
Philip_V_of_Spain	predecessor	Charles_II_of_Spain
John_III_Duke_of_Bavaria	type	Person
A_nor_de_Ch_tellerault	type	Person
Charlotte_of_Mecklenburg_Strelitz	child	Prince_Octavius_of_Great_Britain
Louis_IX_of_France	mother	Blanche_of_Castile
Ferdinand_VI_of_Spain	type	Person
Prince_Louis_Duke_of_Nemours	type	Person
John_Frederick_Duke_of_Brunswic_Calenberg	type	Person
Maximilian_I_Holy_Roman_Emperor	spouse	Bianca_Maria_Sforza
Eleanor_of_Viseu	spouse	John_II_of_Portugal
Theobald_III_Count_of_Champagne	type	Person
Odo_I_Duke_of_Burgundy	type	Person
Frederick_II_Duke_of_Lorraine	father	Frederick_I_Duke_of_Lorraine
Antoinette_of_Bourbon	child	Claude_Duke_of_Aumale
Lutgardis_of_Luxemburg	type	Person
Sophia_of_Minsk	spouse	Louis_III_Landgrave_of_Thuringia
John_Count_of_Angoul_me	type	Person
Louis_XVIII	mother	Maria_Josepha_of_Saxony_Dauphine_of_France
Joan_Beaufort_Queen_of_Scots	spouse	James_I_of_Scotland
Henrietta_Maria	child	Henry_Stuart_Duke_of_Gloucester
Hugh_the_Great	parent	Beatrice_of_Vermandois
Matthew_I_of_Montmorency	type	Person
Odo_II_Duke_of_Burgundy	type	Person
Louis_the_German	child	Charles_the_Fat
Hugh_Capet	predecessor	Louis_V_of_France
Gertrude_of_Flanders_Duchess_of_Lorraine	spouse	Theodoric_II_Duke_of_Lorraine
Marie_of_Orl_ans_Viscountess_of_Narbonne	type	Person
Joan_II_of_Navarre	child	Charles_II_of_Navarre
Carloman_II	predecessor	Louis_the_Stammerer
Prince_Christian_of_Hesse_Darmstadt	type	Person
Ferdinand_I_Holy_Roman_Emperor	child	Archduchess_Margaret_of_Austria_nun
Louis_XV	child	Louis_Dauphin_of_France_son_of_Louis_XV
Th_r_se_of_France_1736_1744	type	Person
Theobald_I_of_Navarre	mother	Blanche_of_Navarre_Countess_of_Champagne
Archduchess_Maria_Clementina_of_Austria	child	Marie_Caroline_of_Bourbo_Two_Sicilies_Duchess_of_Berry
Charles_I_Duke_of_Bourbon	spouse	Agnes_of_Burgundy_Duchess_of_Bourbon
Princess_Elizabeth_of_Great_Britain	type	Person
Bianca_Maria_Visconti	spouse	Francesco_I_Sforza
Archduchess_Anna_of_Austria	father	Ferdinand_I_Holy_Roman_Emperor
Louis_I_of_Anjou	type	Person
Louis_de_Bourbon_Bishop_of_Li_ge	type	Person
Charlotte_of_Savoy	child	Charles_VIII_of_France
Elisabeth_of_Sicily_Duchess_of_Bavaria	type	Person
William_X_Duke_of_Aquitaine	successor	Eleanor_of_Aquitaine
Benedicta_Henrietta_of_the_Palatinate	type	Person
Jacquetta_of_Luxembourg	spouse	Richard_Woodville_1st_Earl_Rivers
John_Albert_I_Duke_of_Mecklenburg	type	Person
Peter_I_of_Portugal	spouse	Teresa_Louren_o
Owen_Tudor	type	Person
Anne_of_Bohemia_and_Hungary	child	Catherine_of_Austria_Queen_of_Poland
Louis_of_Cyprus	type	Person
Vladimir_the_Great	child	Boris_and_Gleb
Hildegard_of_the_Vinzgau	type	Person
Claude_of_France	predecessor	Anne_of_Brittany
Theobald_I_Duke_of_Lorraine	type	Person
Charles_the_Bald	type	Person
_lffl_d_wife_of_Edward_the_Elder	child	Eadhild
Carloman_mayor_of_the_palace	successor	Pepin_the_Short
Ermentrude_de_Roucy	type	Person
Berengar_II_of_Italy	child	Rozala_of_Italy
Eleanor_of_Aquitaine	father	William_X_Duke_of_Aquitaine
Adelaide_of_Holland	type	Person
Matilda_of_Saxony_countess_of_Flanders	spouse	Baldwin_III_Count_of_Flanders
William_III_of_M_con	type	Person
Alfred_the_Great	mother	Osburh
Richeza_of_Denmark	type	Person
Dorothea_of_Denmark_Duchess_of_Brunswic_L_neburg	spouse	William_the_Younger_Duke_of_Brunswic_L_neburg
Philippa_of_Guelders	type	Person
John_III_Burgrave_of_Nuremberg	type	Person
Arnulf_of_Carinthia	predecessor	Charles_the_Fat
Rudolf_I_Duke_of_Bavaria	type	Person
Carloman_II	successor	Charles_the_Fat
Frederick_I_Duke_of_Lorraine	type	Person
Isabella_of_France	mother	Joan_I_of_Navarre
John_Count_of_Angoul_me	parent	Valentina_Visconti_Duchess_of_Orl_ans
Maria_Theresa_of_Spain	type	Person
Anne_Marie_d_Orl_ans	father	Philippe_I_Duke_of_Orl_ans
Elisabeth_Christine_of_Brunswic_Wolfenb_ttel	parent	Princess_Christine_Louise_of_Oettinge_Oettingen
Louis_XI	child	Anne_of_France
Sancho_III_of_Castile	parent	Berengaria_of_Barcelona
Alys_of_France_Countess_of_Vexin	spouse	William_IV_Count_of_Ponthieu
Catherine_of_Vend_me	spouse	John_I_Count_of_La_Marche
Patrick_de_Chaworth_Lord_of_Kidwelly	type	Person
Richende_De_Bourges	type	Person
Anna_Sforza	type	Person
Joan_of__vreux	type	Person
Matthias_II_Duke_of_Lorraine	type	Person
James_Stewart_5th_High_Steward_of_Scotland	type	Person
Joan_of_Ponthieu_Dame_of_Epernon	parent	Counts_and_dukes_of_Aumale
Marie_Eleonore_of_Cleves	child	Duchess_Sophie_of_Prussia
Charles_Duke_of_Vend_me	child	John_Count_of_Soissons_and_Enghien
Renata_of_Lorraine	type	Person
Yolanda_of_Courtenay	spouse	Andrew_II_of_Hungary
Prince_Philippe_Count_of_Paris	spouse	Princess_Marie_Isabelle_of_Orl_ans
Isabella_of_Valois_Duchess_of_Bourbon	child	Margaret_of_Bourbon_Lady_of_Albret
Constanza_Manuel	type	Person
William_IX_Count_of_Poitiers	type	Person
Isabelle_Duchess_of_Brittany	type	Person
Elizabeth_Charlotte_Madame_Palatine	type	Person
Henry_I_of_France	successor	Philip_I_of_France
Antoine_Duke_of_Montpensier	successor	Prince_Ferdinand_Duke_of_Montpensier
William_Longsword	spouse	Luitgarde_of_Vermandois
Elisabeth_Therese_of_Lorraine	type	Person
Charlotte_Christine_of_Brunswic_Wolfenb_ttel	type	Person
Richard_FitzRoy	type	Person
Ferdinand_III_of_Castile	father	Alfonso_IX_of_Le_n
Hugh_V_Duke_of_Burgundy	type	Person
Sancha_of_Castile_Queen_of_Aragon	spouse	Alfonso_II_of_Aragon
Agatha_wife_of_Edward_the_Exile	child	Cristina_daughter_of_Edward_the_Exile
Isabella_Duchess_of_Lorraine	child	Yolande_Duchess_of_Lorraine
Robert_II_of_France	spouse	Rozala_of_Italy
Margaret_I_Countess_of_Flanders	type	Person
Adelaide_of_Burgundy_Duchess_of_Brabant	parent	Hugh_IV_Duke_of_Burgundy
Odo_II_Duke_of_Burgundy	successor	Hugh_III_Duke_of_Burgundy
Francis_II_of_France	type	Person
Hildegard_of_the_Vinzgau	father	Gerold_of_Vinzgau
Charlotte_of_Savoy	type	Person
Elizabeth_of_Luxembourg	child	Ladislaus_the_Posthumous
Canute_VI_of_Denmark	type	Person
Anna_Eleonore_of_Hesse_Darmstadt	spouse	George_Duke_of_Brunswic_Calenberg
Adelaide_of_Leuven	spouse	Simon_I_Duke_of_Lorraine
Maximilian_II_Holy_Roman_Emperor	parent	Anne_of_Bohemia_and_Hungary
Baldwin_VI_Count_of_Flanders	father	Baldwin_V_Count_of_Flanders
Leopold_II_Holy_Roman_Emperor	type	Person
Maria_Theresa_of_Spain	spouse	Louis_XIV
Anne_Gonzaga	child	Benedicta_Henrietta_of_the_Palatinate
Otto_II_Duke_of_Bavaria	parent	Ludmilla_of_Bohemia
Theobald_I_Count_of_Blois	parent	Richende_De_Bourges
William_de_Beauchamp_9th_Earl_of_Warwick	spouse	Maud_FitzJohn_Countess_of_Warwick
Anna_Maria_of_Mecklenburg_Schwerin	child	Magdalena_Sibylla_of_Saxe_Weissenfels
Alfonso_II_Count_of_Provence	child	Ramon_Berenguer_IV_Count_of_Provence
Stephen_III_Duke_of_Bavaria	parent	Stephen_II_Duke_of_Bavaria
Margaret_of_England_Duchess_of_Brabant	type	Person
Patrick_Gordon_of_Auchindoun	type	Person
Bianca_Cappello	type	Person
Anna_Eleonore_of_Hesse_Darmstadt	type	Person
Charles_VII_of_France	child	Magdalena_of_Valois
Helie_of_Semur	type	Person
Louis_IX_of_France	child	Agnes_of_France_Duchess_of_Burgundy
Stephen_I_Count_of_Burgundy	type	Person
Berenguer_Ramon_II_Count_of_Barcelona	type	Person
Louis_Philippe_I	spouse	Maria_Amalia_of_Naples_and_Sicily
Louis_XVI	child	Marie_Th_r_se_of_France
Sophia_of_Istria	type	Person
Princess_Isabelle_of_Orl_ans_1878_1961	type	Person
Henry_V_of_England	child	Henry_VI_of_England
Mary_of_Hungary_Queen_of_Naples	father	Stephen_V_of_Hungary
Charles_I_of_England	spouse	Henrietta_Maria
Richard_Count_of__tampes	spouse	Margaret_of_Foix
Emma_of_Italy	child	Louis_V_of_France
John_VII_Duke_of_Mecklenburg_Schwerin	parent	Schwerin
John_Count_of_Chalon	spouse	Hugh_III_Duke_of_Burgundy
Robert_the_Strong	parent	Robert_III_of_Worms
Philip_IV_of_Spain	child	Charles_II_of_Spain
Margaret_of_Valois_Angoul_me	parent	Charles_Count_of_Angoul_me
William_IX_Duke_of_Aquitaine	mother	Hildegarde_of_Burgundy
Ferdinand_III_of_Castile	child	Ferdinand_of_Castile_born_1238
Radegonde_of_Valois	type	Person
Pietro_de_Medici	type	Person
Ferdinand_I_Holy_Roman_Emperor	child	Archduchess_Barbara_of_Austria
Lixheim	type	Person
J_r_me_Bonaparte	type	Person
Princess_Elisabeth_Albertine_of_Saxe_Hildburghausen	parent	Countess_Sophia_Albertine_of_Erbach_Erbach
Maximilian_I_Holy_Roman_Emperor	child	Philip_I_of_Castile
Pepin_of_Herstal	parent	Ansegisel
Francesco_I_de_Medici_Grand_Duke_of_Tuscany	child	Marie_de_Medici
Baldwin_IV_Count_of_Hainaut	type	Person
Matilda_of_Brandenburg_Duchess_of_Brunswic_L_neburg	spouse	Otto_I_Duke_of_Brunswic_L_neburg
Ludmilla_of_Bohemia	type	Person
Sviatoslav_I	child	Malusha
Anne_of_Austria	parent	Margaret_of_Austria_Queen_of_Spain
Sviatopolk_I_of_Kiev	predecessor	Vladimir_the_Great
Sophia_of_Minsk	child	Helena_of_Denmark
Elizabeth_Gordon_Countess_of_Huntly	child	Jean_Gordon_Countess_of_Bothwell
Eleanor_of_Castile	parent	Joan_Countess_of_Ponthieu
Judith_of_Flanders_died_1095	type	Person
Joan_I_of_Navarre	spouse	Philip_IV_of_France
William_V_Duke_of_Aquitaine	spouse	Agnes_of_Burgundy_Duchess_of_Aquitaine
Gaston_Prince_of_Viana	type	Person
Matthew_Stewart_4th_Earl_of_Lennox	parent	John_Stewart_3rd_Earl_of_Lennox
Louis_I_Duke_of_Bourbon	type	Person
George_II_Landgrave_of_Hesse_Darmstadt	spouse	Sophia_Eleonore_of_Saxony
James_VI_and_I	predecessor	Mary_Queen_of_Scots
John_I_Count_of_Hainaut	type	Person
Otto_I_Count_of_Scheyern	type	Person
Henri_Count_of_Chambord	type	Person
Rudolph_Duke_of_Lorraine	mother	Elisabeth_of_Austria_Duchess_of_Lorraine
Stephen_II_Duke_of_Bavaria	parent	Louis_IV_Holy_Roman_Emperor
Margaret_of_Bohemia_Duchess_of_Wroclaw	type	Person
Albert_II_Duke_of_Brunswic_L_neburg	parent	Albert_I_Duke_of_Brunswic_L_neburg
Berengar_II_of_Italy	father	Adalbert_I_of_Ivrea
James_of_Avesnes	parent	Nicholas_d_Oisy_Lord_of_Avesnes
Afonso_I_of_Portugal	parent	Henry_Count_of_Portugal
Charles_Prince_of_Taranto	type	Person
Archduchess_Maria_Elisabeth_of_Austria_born_1743	type	Person
Charles_Emmanuel_I_Duke_of_Savoy	parent	Margaret_of_Valois_Duchess_of_Berry
Alfonso_X_of_Castile	type	Person
Marie_de_Medici	child	Louis_XIII
Isabella_Duchess_of_Lorraine	successor	John_II_Duke_of_Lorraine
Philip_VI_of_France	successor	John_II_of_France
Princess_Anne_Charlotte_of_Lorraine	type	Person
Fulk_King_of_Jerusalem	child	Matilda_of_Anjou
Ermengarde_of_Hesbaye	type	Person
Margaret_of_Brittany	type	Person
Sviatoslav_I	successor	Yaropolk_I_of_Kiev
Maria_Teresa_Felicitas_d_Este	child	Louise_Marie_Ad_la_de_de_Bourbon_Duchess_of_Orl_ans
Anna_Maria_of_Ostfriesland	parent	Anna_of_Holstei_Gottorp
Agnes_of_France_Duchess_of_Burgundy	child	Blanche_of_Burgundy_Countess_of_Savoy
Mary_of_Burgundy_Duchess_of_Cleves	parent	John_the_Fearless
Eleanor_of_Aragon_Queen_of_Portugal	child	Joan_of_Portugal
Francis_I_Holy_Roman_Emperor	child	Joseph_II_Holy_Roman_Emperor
Joseph_I_Holy_Roman_Emperor	spouse	Wilhelmine_Amalie_of_Brunswick
Afonso_III_of_Portugal	parent	Afonso_II_of_Portugal
Albert_III_Count_of_Habsburg	type	Person
Yolanda_Latin_Empress	mother	Margaret_I_Countess_of_Flanders
Dirk_IV_Count_of_Holland	type	Person
Louis_XV	type	Person
Bertrade_of_Montfort	father	Simon_I_de_Montfort
Elisabeth_of_Carinthia_Queen_of_the_Romans	type	Person
Haziga_of_Diessen	type	Person
John_I_Count_of_La_Marche	type	Person
Beatrice_of_Silesia	spouse	Louis_IV_Holy_Roman_Emperor
Hugh_of_Italy	successor	Lothair_II_of_Italy
Matthew_Stewart_2nd_Earl_of_Lennox	parent	Margaret_Boswell
Teresa_Cristina_of_the_Two_Sicilies	type	Person
James_III_of_Scotland	successor	James_IV_of_Scotland
William_V_Duke_of_Aquitaine	father	William_IV_Duke_of_Aquitaine
Hildegarde_of_Burgundy	spouse	William_VIII_Duke_of_Aquitaine
Maria_Theresa_of_Naples_and_Sicily	type	Person
Frederick_II_Duke_of_Saxe_Gotha_Altenburg	type	Person
Frederick_I_Elector_of_Brandenburg	type	Person
Edward_I_of_England	child	Mary_of_Woodstock
Taddea_Visconti	parent	Beatrice_Regina_della_Scala
Ermentrude_de_Roucy	spouse	Otto_William_Count_of_Burgundy
Prince_Maurizio_Duke_of_Montferrat	type	Person
Antoine_of_Navarre	parent	Charles_Duke_of_Vend_me
Prince_Ferdinand_Duke_of_Montpensier	type	Person
Maria_Beatrice_of_Savoy	parent	Maria_Theresa_of_Austria_Este_Queen_of_Sardinia
Maria_Christina_Duchess_of_Teschen	type	Person
Louis_XIII	father	Henry_IV_of_France
Yolanda_Latin_Empress	child	Yolanda_of_Courtenay
James_IV_of_Scotland	type	Person
Philippe_Emmanuel_Duke_of_Merc_ur	type	Person
Cosimo_I_de_Medici_Grand_Duke_of_Tuscany	child	Francesco_I_de_Medici_Grand_Duke_of_Tuscany
Berengaria_of_Castile	successor	Ferdinand_III_of_Castile
Judith_of_Habsburg	father	Rudolf_I_of_Germany
Margaret_of_Provence	child	Philip_III_of_France
Maria_Theresa_of_Austria_Este_Queen_of_Sardinia	parent	Ferdinand_Karl_Archduke_of_Austria_Este
Odo_I_Count_of_Blois	spouse	Bertha_of_Burgundy
Magnus_I_Duke_of_Brunswic_L_neburg	parent	Rixa_of_Werle
Eleanor_of_Austria	type	Person
Isabella_of_France	type	Person
Robert_Count_of_Clermont	child	John_of_Charolais
Marie_Caroline_of_Bourbo_Two_Sicilies_Duchess_of_Berry	child	Princess_Louise_d_Artois
Hugh_of_Italy	parent	Bertha_daughter_of_Lothair_II
Drogo_of_Champagne	type	Person
Fran_oise_d_Aubign__Marquise_de_Maintenon	type	Person
Ferdinand_II_of_Aragon	child	John_Prince_of_Asturias
Eadgifu_of_Wessex	spouse	Herbert_III_of_Omois
Sophia_of_Brandenburg	spouse	Magnus_I_Duke_of_Brunswic_L_neburg
Adelaide_of_Maurienne	father	Humbert_II_Count_of_Savoy
Francis_I_of_France	child	Charles_II_de_Valois_Duke_of_Orl_ans
George_IV	type	Person
Adolphus_Frederick_I_Duke_of_Mecklenburg_Schwerin	father	John_VII_Duke_of_Mecklenburg_Schwerin
Rudolph_I_of_Burgundy	child	Willa_of_Burgundy
Hugh_IV_Duke_of_Burgundy	child	Isabella_of_Burgundy_Queen_of_Germany
Frederick_II_Duke_of_Lorraine	type	Person
Clementia_of_Z_hringen	spouse	Henry_the_Lion
Sophia_Dorothea_of_Hanover	type	Person
Philip_II_of_France	spouse	Isabella_of_Hainault
Agnes_of_Austria_1281_1364	type	Person
Charlemagne	child	Louis_the_Pious
Philip_IV_of_Spain	spouse	Elisabeth_of_France_1602_1644
Ernest_Duke_of_Austria	type	Person
Wilhelmine_Amalie_of_Brunswick	child	Maria_Amalia_Holy_Roman_Empress
Christina_of_Lorraine	type	Person
Roman_Catholic_Archdiocese_of_Cambrai	type	Person
Joan_I_Countess_of_Auvergne	parent	William_XII_Count_of_Auvergne
Louis_Philippe_I	predecessor	Louis_Philippe_II_Duke_of_Orl_ans
Henry_VI_of_England	predecessor	Charles_VI_of_France
Marie_Ad_la_de_of_Savoy	mother	Anne_Marie_d_Orl_ans
Philip_I_Count_of_Flanders	type	Person
James_IV_of_Scotland	predecessor	James_III_of_Scotland
Victor_Amadeus_III_of_Sardinia	child	Marie_Jos_phine_of_Savoy
Cosimo_I_de_Medici_Grand_Duke_of_Tuscany	child	Lucrezia_de_Medici_Duchess_of_Ferrara
Louis_IX_of_France	successor	Philip_III_of_France
Elizabeth_the_Cuman	type	Person
Luisa_Carlotta_of_the_Two_Sicilies	type	Person
Vladimir_the_Great	predecessor	Yaropolk_I_of_Kiev
Denis_Lord_of_Cifuentes	type	Person
Joan_II_Countess_of_Burgundy	spouse	Philip_V_of_France
Wierzchoslawa_Ludmilla_of_Greater_Poland	type	Person
Salomea_of_Berg	father	Henry_I_Count_of_Berg
Charles_of_Lorraine_bishop_of_Metz_and_Strasbourg	type	Person
Maria_Teresa_Felicitas_d_Este	parent	Francesco_III_d_Este_Duke_of_Modena
Richard_II_of_England	type	Person
Henry_the_Friendly	type	Person
Antoine_Duke_of_Montpensier	father	Louis_Philippe_I
Ferdinand_I_of_the_Two_Sicilies	parent	Maria_Amalia_of_Saxony
Marie_of_Brittany_Countess_of_Saint_Pol	mother	Beatrice_of_England
Rudolph_II_of_Burgundy	parent	Guilla_of_Provence
Louis_Philippe_I	successor	Jacques_Charles_Dupont_de_l_Eure
Marie_of_Anjou	mother	Yolande_of_Aragon
Joan_Fitzalan_Countess_of_Hereford	parent	Eleanor_of_Lancaster
James_of_Avesnes	type	Person
Robert_I_of_France	parent	Adelaide_of_Tours
Mary_Stewart_Countess_of_Buchan	type	Person
Margaret_of_Foix	father	Gaston_IV_Count_of_Foix
K_ten	type	Person
Anna_Maria_of_Mecklenburg_Schwerin	parent	Anna_Maria_of_Ostfriesland
Edward_King_of_Portugal	parent	Philippa_of_Lancaster
Berengaria_of_Barcelona	type	Person
Maria_of_Courtenay	type	Person
Agnes_of_France_Duchess_of_Burgundy	father	Louis_IX_of_France
Peter_Tempesta	type	Person
Henry_III_of_Castile	predecessor	John_I_of_Castile
Antoine_Duke_of_Lorraine	child	Anna_of_Lorraine
Peter_I_Duke_of_Bourbon	spouse	Isabella_of_Valois_Duchess_of_Bourbon
Henry_IV_of_France	type	Person
Henry_III_of_England	child	Margaret_of_England
Elizabeth_of_Austria_1436_1505	child	John_I_Albert
Francesco_I_de_Medici_Grand_Duke_of_Tuscany	spouse	Bianca_Cappello
Robert_II_Count_of_Dreux	type	Person
Hortense_de_Beauharnais	child	Napoleon_III
Anne_of_Kiev	child	Philip_I_of_France
Adelaide_of_Auxerre_born_c._870	parent	Conrad_II_Duke_of_Transjurane_Burgundy
Nicolas_Duke_of_Merc_ur	parent	Antoine_Duke_of_Lorraine
Louis_VIII_of_France	predecessor	John_King_of_England
Philip_II_Duke_of_Savoy	child	Antonia_of_Savoy
James_I_of_Scotland	parent	Robert_III_of_Scotland
Berengar_II_of_Italy	mother	Gisela_of_Friuli
Otto_I_Duke_of_Bavaria	mother	Heilika_of_Lengenfeld
Louis_XVI	child	Louis_XVII
Charles_Duke_of_Orl_ans	spouse	Marie_of_Cleves_Duchess_of_Orl_ans
Eleanor_of_England_Queen_of_Castile	child	Henry_I_of_Castile
Fran_oise_Ath_na_s_de_Rochechouart_Marquise_de_Montespan	father	Gabriel_de_Rochechouart_de_Mortemart
Albert_I_Duke_of_Brunswic_L_neburg	predecessor	Otto_I_Duke_of_Brunswic_L_neburg
Edward_the_Elder	child	Eadhild
Maria_Theresa	child	Ferdinand_Karl_Archduke_of_Austria_Este
Canute_Lavard	type	Person
_thelwulf_King_of_Wessex	spouse	Osburh
Elisabeth_Farnese	father	Odoardo_Farnese_Hereditary_Prince_of_Parma
Claude_of_France_1547_1575	type	Person
Elisabeth_of_Hesse_Electress_Palatine	type	Person
Thomas_Holland_2nd_Earl_of_Kent	type	Person
Charles_Martel	successor	Pepin_the_Short
Louis_Bonaparte	child	Napol_on_Charles_Bonaparte
Dulce_of_Le_n	type	Person
Sancho_Alfonso	type	Person
Isabella_of_Portugal	parent	Manuel_I_of_Portugal
Edward_II_of_England	child	Joan_of_the_Tower
Louis_the_German	successor	Charles_the_Fat
Cosimo_de_Medici	spouse	Contessina_de_Bardi
Richard_II_of_England	successor	Henry_IV_of_England
Charles_the_Child	type	Person
Louis_the_Pious	child	Pepin_I_of_Aquitaine
William_V_Duke_of_Aquitaine	parent	Emma_of_Blois
Adelaide_of_Tours	child	Hugh_the_Abbot
Napoleon_III	parent	Hortense_de_Beauharnais
Magnus_II_Duke_of_Brunswic_L_neburg	type	Person
Vladimir_the_Great	successor	Yaropolk_I_of_Kiev
John_of_Montfort	type	Person
Sviatoslav_I	predecessor	Olga_of_Kiev
Joan_Countess_of_Ponthieu	predecessor	Marie_Countess_of_Ponthieu
Maria_Amalia_of_Naples_and_Sicily	spouse	Louis_Philippe_I
George_III	child	Prince_Alfred_of_Great_Britain
Odo_of_France	successor	Charles_the_Simple
Charles_of_Saxony_Duke_of_Courland	type	Person
Princess_Antoinette_of_Brunswic_Wolfenb_ttel	type	Person
Alfonso_II_of_Aragon	spouse	Sancha_of_Castile_Queen_of_Aragon
Mary_of_Scotland_Countess_of_Boulogne	type	Person
Afonso_III_of_Portugal	spouse	Matilda_II_Countess_of_Boulogne
Matilda_of_Brandenburg_Duchess_of_Brunswic_L_neburg	type	Person
Philip_II_Duke_of_Savoy	type	Person
Ramon_Berenguer_IV_Count_of_Barcelona	successor	Alfonso_II_of_Aragon
Antonio_de_Medici	type	Person
Reginar_II_Count_of_Hainaut	type	Person
Galeazzo_Maria_Sforza	spouse	Dorotea_Gonzaga
Francis_II_Holy_Roman_Emperor	child	Archduke_Franz_Karl_of_Austria
Infante_Luis_of_Spain	type	Person
Isabeau_of_Bavaria	spouse	Charles_VI_of_France
Marie_Caroline_of_Bourbo_Two_Sicilies_Duchess_of_Berry	child	Henri_Count_of_Chambord
Philip_III_of_Spain	mother	Anna_of_Austria_Queen_of_Spain
Reginar_Longneck	type	Person
Jeanne_de_Laval	type	Person
Maria_Carolina_of_Austria	child	Maria_Clotilde_of_Naples_and_Sicily
James_IV_of_Scotland	mother	Margaret_of_Denmark_Queen_of_Scotland
Godfrey_III_Count_of_Louvain	type	Person
Princess_Marie_Isabelle_of_Orl_ans	child	Princess_Louise_of_Orl_ans
Prince_Carlo_Francesco_Duke_of_Aosta	type	Person
Robert_I_Duke_of_Burgundy	father	Robert_II_of_France
Theresa_Countess_of_Portugal	successor	Afonso_I_of_Portugal
Philip_IV_of_Spain	predecessor	Philip_III_of_Spain
Beatriz_of_Portugal_Duchess_of_Viseu	child	Isabel_of_Viseu
Odo_IV_Duke_of_Burgundy	parent	Agnes_of_France_Duchess_of_Burgundy
Berengaria_of_Barcelona	mother	Douce_I_Countess_of_Provence
Adelaide_of_Maurienne	mother	Gisela_of_Burgundy_Marchioness_of_Montferrat
Geoffrey_Plantagenet_Count_of_Anjou	spouse	Empress_Matilda
Beatrice_of_Portugal_Duchess_of_Savoy	spouse	Charles_III_Duke_of_Savoy
James_II_of_Scotland	child	David_Stewart_Earl_of_Moray
Yolande_of_Aragon	spouse	Louis_II_of_Anjou
Christine_of_Saxony	child	Elisabeth_of_Hesse_Electress_Palatine
Adam_Albert_von_Neipperg	type	Person
Hugh_Magnus	parent	Robert_II_of_France
Alpaida	type	Person
Henrietta_Maria	mother	Marie_de_Medici
Elisabeth_of_Swabia	type	Person
Yolande_of_Dreux_Duchess_of_Burgundy	spouse	Hugh_IV_Duke_of_Burgundy
Louis_II_of_Anjou	successor	Louis_III_of_Anjou
Princess_Augusta_of_Saxe_Gotha	child	George_III
Margaret_of_Provence	child	Agnes_of_France_Duchess_of_Burgundy
Marie_de_Medici	parent	Francesco_I_de_Medici_Grand_Duke_of_Tuscany
Manuel_I_of_Portugal	type	Person
John_Duke_of_Valencia_de_Campos	type	Person
Louis_IV_Landgrave_of_Hesse_Marburg	type	Person
Charles_III_of_Spain	parent	Philip_V_of_Spain
Marie_Eleonore_of_Cleves	father	William_Duke_of_J_lich_Cleves_Berg
Agnes_of_Beaujeu	type	Person
Carloman_of_Bavaria	successor	Charles_the_Fat
Catherine_de_Medici	child	Claude_of_France_1547_1575
Pepin_of_Herstal	child	Drogo_of_Champagne
Arnulf_II_Count_of_Flanders	type	Person
Carloman_mayor_of_the_palace	type	Person
Philip_I_of_France	parent	Henry_I_of_France
Lorenzo_de_Medici_Duke_of_Urbino	successor	Pope_Clement_VII
Louis_VII_of_France	mother	Adelaide_of_Maurienne
Maria_Josepha_of_Austria	child	Prince_Francis_Xavier_of_Saxony
Lambert_I_Count_of_Louvain	spouse	Gerberga_of_Lower_Lorraine
Matilda_of_France	child	Gerberga_of_Burgundy
Baldwin_V_Count_of_Flanders	child	Robert_I_Count_of_Flanders
Henry_I_Duke_of_Brabant	parent	Godfrey_III_Count_of_Louvain
Alfonso_II_Count_of_Provence	successor	Ramon_Berenguer_IV_Count_of_Provence
Stephen_King_of_England	type	Person
Louis_Philippe_II_Duke_of_Orl_ans	mother	Louise_Henriette_de_Bourbon
Anne_of_Austria	predecessor	Louis_XIV
Pepin_of_Herstal	predecessor	Berchar
Charles_d_Orl_ans_Duke_of_Penthi_vre	type	Person
Mar_a_de_Molina	type	Person
Charles_d_vreux	type	Person
Margaret_Tudor	spouse	James_IV_of_Scotland
Ferdinand_I_of_the_Two_Sicilies	child	Luisa_of_Naples_and_Sicily
Bianca_Maria_Sforza	spouse	Maximilian_I_Holy_Roman_Emperor
Margaret_of_Bourbon_1438_1483	mother	Agnes_of_Burgundy_Duchess_of_Bourbon
Maria_Anna_of_Bavaria_born_1551	child	Margaret_of_Austria_Queen_of_Spain
Henry_V_of_England	successor	Henry_VI_of_England
Robert_II_Count_of_Dreux	predecessor	Agnes_de_Baudemont
Maria_Josepha_of_Austria	child	Albert_Casimir_Duke_of_Teschen
Maria_Theresa	type	Person
Elisabeth_of_Meissen	child	Margaret_of_Hohenzoller_Nuremberg
Francis_I_Duke_of_Lorraine	type	Person
Odo_II_Count_of_Blois	parent	Bertha_of_Burgundy
Philip_IV_of_Spain	successor	Charles_II_of_Spain
Henry_I_of_England	spouse	Matilda_of_Scotland
Anne_of_Austria	father	Philip_III_of_Spain
John_I_of_Aragon	type	Person
_thelbald_King_of_Wessex	type	Person
Francis_II_Holy_Roman_Emperor	child	Archduchess_Marie_Anne_of_Austria
Yaroslav_the_Wise	child	Anne_of_Kiev
Philip_I_of_France	child	Louis_VI_of_France
Philip_of_Artois	spouse	Blanche_of_Brittany
Matthias_II_Duke_of_Lorraine	father	Frederick_II_Duke_of_Lorraine
Louis_XI	mother	Marie_of_Anjou
Joan_the_Lame	type	Person
Arthur_II_Duke_of_Brittany	successor	John_III_Duke_of_Brittany
Henry_3rd_Earl_of_Lancaster	type	Person
Edward_I_of_England	child	Margaret_of_England_Duchess_of_Brabant
Louise_Marie_Ad_la_de_de_Bourbon_Duchess_of_Orl_ans	parent	Maria_Teresa_Felicitas_d_Este
Emma_of_Italy	type	Person
Philip_Duke_of_Parma	type	Person
Beatrice_of_Silesia	mother	Beatrice_of_Brandenburg
Louis_XV	father	Louis_Duke_of_Burgundy
Louis_I_Duke_of_Orl_ans	spouse	Valentina_Visconti_Duchess_of_Orl_ans
Boso_Margrave_of_Tuscany	type	Person
Bertrada_of_Laon	spouse	Pepin_the_Short
Maria_of_Navarre	type	Person
Philip_the_Good	spouse	Michelle_of_Valois
Louis_IX_of_France	predecessor	Louis_VIII_of_France
Anna_von_Campe	spouse	Henry_the_Middle_Duke_of_Brunswic_L_neburg
Henry_IX_Duke_of_Bavaria	spouse	Wulfhilde_of_Saxony
Louis_Charles_Count_of_Beaujolais	type	Person
Afonso_IV_of_Portugal	parent	Elizabeth_of_Portugal
John_I_Duke_of_Lorraine	mother	Marie_de_Ch_tillon_1323_1363
Maria_Josepha_of_Austria	child	Maria_Kunigunde_of_Saxony
Henry_I_of_France	successor	Robert_I_Duke_of_Burgundy
Otto_IV_Count_of_Scheyern	spouse	Heilika_of_Lengenfeld
Robert_of_Courtenay_Lord_of_Champignelles	type	Person
William_the_Younger_Duke_of_Brunswic_L_neburg	child	Ernest_II_Duke_of_Brunswic_L_neburg
Robert_I_Duke_of_Burgundy	parent	Constance_of_Arles
Margaret_of_Foix	parent	Eleanor_of_Navarre
Galeazzo_Maria_Sforza	predecessor	Francesco_I_Sforza
Ercole_III_d_Este_Duke_of_Modena	spouse	Maria_Teresa_Cybo_Malaspina_Duchess_of_Massa
Agnes_of_Merania	parent	Berthold_Duke_of_Merania
Maria_Luisa_of_Spain	spouse	Leopold_II_Holy_Roman_Emperor
Joan_of_France_Duchess_of_Berry	type	Person
Luitgarde_of_Vermandois	spouse	William_Longsword
John_Duke_of_Touraine	type	Person
Louis_Count_of__vreux	child	Joan_of__vreux
Charlotte_de_Br_z_	type	Person
Henry_VII_of_England	predecessor	Richard_III_of_England
Philip_I_of_France	successor	Louis_VI_of_France
Mar_a_Isabella_of_Spain	child	Teresa_Cristina_of_the_Two_Sicilies
Edward_I_of_England	child	Eleanor_of_England_Countess_of_Bar
Ingelger	type	Person
John_II_of_Portugal	predecessor	Afonso_V_of_Portugal
Ferdinand_Duke_of_Viseu	child	Manuel_I_of_Portugal
Philip_the_Bold	type	Person
Prince_Philippe_Duke_of_Orl_ans_1869_1926	predecessor	Prince_Philippe_Count_of_Paris
Maria_Henrietta_of_Naples_and_Sicily	type	Person
Maria_Anna_of_Bavaria_born_1551	child	Charles_of_Austria_Bishop_of_Wroclaw
Yolanda_of_Courtenay	type	Person
Napoleon_II	type	Person
Giovanni_de_Medici_cardinal	type	Person
Infante_Antonio_Pascual_of_Spain	type	Person
William_of_Winchester_Lord_of_Lunenburg	type	Person
John_I_of_Castile	spouse	Eleanor_of_Aragon_Queen_of_Castile
Pope	type	Person
Baldwin_III_Count_of_Flanders	parent	Arnulf_I_Count_of_Flanders
Leopold_II_Holy_Roman_Emperor	child	Archduke_Rudolf_of_Austria
Marie_of_Cleves_Duchess_of_Orl_ans	parent	Mary_of_Burgundy_Duchess_of_Cleves
Duke_George_Augustus_of_Mecklenburg	type	Person
Vladimir_the_Great	child	Maria_Dobroniega_of_Kiev
Louis_the_German	type	Person
Ferdinand_Karl_Archduke_of_Austria_Este	child	Maria_Theresa_of_Austria_Este_Queen_of_Sardinia
In_s_de_Castro	spouse	Peter_I_of_Portugal
Catherine_of_Valois	child	Edmund_Tudor_1st_Earl_of_Richmond
Ercole_III_d_Este_Duke_of_Modena	successor	Francis_IV_Duke_of_Modena
Isabella_Countess_of_Gloucester	type	Person
Francis_I_of_France	spouse	Claude_of_France
Lorenzo_the_Elder	mother	Piccarda_Bueri
Margaret_of_Brieg	child	Katherine_of_Bavaria
Rozala_of_Italy	type	Person
Berengaria_of_Barcelona	father	Ramon_Berenguer_III_Count_of_Barcelona
Childeric_III	type	Person
Sophia_of_Saxe_Weissenfels_Princess_of_Anhalt_Zerbst	spouse	Charles_Prince_of_Anhalt_Zerbst
Princess_Louise_of_Hesse_Darmstadt_1757_1830	parent	Louis_IX_Landgrave_of_Hesse_Darmstadt
John_I_Count_of_La_Marche	spouse	Catherine_of_Vend_me
Elizabeth_of_Austria_1436_1505	parent	Elizabeth_of_Luxembourg
Charles_II_Archduke_of_Austria	type	Person
Leopold_Duke_of_Lorraine	mother	Eleonore_of_Austria_Queen_of_Poland
Charlemagne	successor	Louis_the_Pious
Maria_Anna_of_Bavaria_born_1551	father	Albert_V_Duke_of_Bavaria
Mary_Queen_of_Scots	parent	James_V_of_Scotland
Beatrice_of_England	mother	Eleanor_of_Provence
John_of_Castile_Lord_of_Valencia_de_Campos	type	Person
Adele_of_Vermandois	spouse	Arnulf_I_Count_of_Flanders
Urraca_of_Castile_Queen_of_Portugal	spouse	Afonso_II_of_Portugal
Mahaut_Countess_of_Artois	type	Person
Ferdinand_Karl_Archduke_of_Austria_Este	child	Archduke_Karl_Ambrosius_of_Austria_Este
Francis_II_Duke_of_Lorraine	spouse	Christina_of_Salm
Anne_of_Cyprus	spouse	Louis_Duke_of_Savoy
Charles_VI_of_France	child	Joan_of_France_Duchess_of_Brittany
Charles_Martel	father	Pepin_of_Herstal
Isabella_of_Valois_Duchess_of_Bourbon	parent	Charles_Count_of_Valois
Marie_of_Brabant_Queen_of_France	child	Blanche_of_France_Duchess_of_Austria
Thomas_Holland_2nd_Earl_of_Kent	spouse	Alice_Holland_Countess_of_Kent
Margaret_Douglas	type	Person
Madame_Ad_la_de	type	Person
Boso_II_of_Italy	type	Person
Stephen_II_Duke_of_Bavaria	child	John_II_Duke_of_Bavaria
Dirk_III_Count_of_Holland	type	Person
Alexander_Stewart_Duke_of_Albany	type	Person
Margaret_Stewart_Dauphine_of_France	spouse	Louis_XI
Alfonso_IX_of_Le_n	type	Person
Louis_Count_of_Vend_me	parent	John_I_Count_of_La_Marche
Charles_IX_of_France	child	Marie_Elisabeth_of_France
Margaret_Holland_Duchess_of_Clarence	spouse	John_Beaufort_1st_Earl_of_Somerset
Mary_Woodville	type	Person
Margaret_of_Bourbon_Lady_of_Albret	type	Person
Beatriz_Pereira_de_Alvim	father	Nuno__lvares_Pereira
Louis_XVII	predecessor	Louis_XVI
Conrad_I_Count_of_Auxerre	type	Person
Igor_of_Kiev	type	Person
Adolphus_Frederick_II_Duke_of_Mecklenburg_Strelitz	predecessor	Frederick_William_Duke_of_Mecklenburg_Schwerin
Bonne_of_Luxembourg	child	Charles_V_of_France
Anne_of_Foix_Candale	parent	Gaston_de_Foix_Count_of_Candale
Princess_Elizabeth_of_the_United_Kingdom	type	Person
Raymond_of_Burgundy	predecessor	Nuno_Mendes_count
Margaret_of_Foix	type	Person
Marie_of_Blois_Duchess_of_Anjou	type	Person
Archduchess_Maria_Maddalena_of_Austria	type	Person
Antoine_Count_of_Vaud_mont	spouse	Marie_Countess_of_Harcourt
Henry_II_of_France	child	Francis_Duke_of_Anjou
Louis_Duke_of_Orl_ans_1703_1752	parent	Fran_oise_Marie_de_Bourbon
Odo_I_Count_of_Blois	mother	Luitgarde_of_Vermandois
John_of_Foix_Viscount_of_Narbonne	type	Person
Edward_the_Elder	type	Person
Gerold_of_Vinzgau	type	Person
Gertrude_of_Hohenberg	child	Clemence_of_Austria
Agnes_of_Burgundy_Duchess_of_Aquitaine	spouse	William_V_Duke_of_Aquitaine
Antoine_Philippe_Duke_of_Montpensier	successor	Antoine_Duke_of_Montpensier
Maria_Theresa_of_Naples_and_Sicily	mother	Maria_Carolina_of_Austria
Maria_Luisa_of_Parma	father	Philip_Duke_of_Parma
Christine_of_Saxony	child	George_I_Landgrave_of_Hesse_Darmstadt
Leopold_Duke_of_Lorraine	child	Louis_Hereditary_Prince_of_Lorraine
Henry_the_Lion	parent	Henry_X_Duke_of_Bavaria
Henri_Count_of_Chambord	predecessor	Louis_Antoine_Duke_of_Angoul_me
Maria_Theresa_of_Savoy	child	Louis_Antoine_Duke_of_Angoul_me
Baldwin_III_of_Jerusalem	type	Person
Philip_III_of_France	parent	Louis_IX_of_France
Marie_Eleonore_of_Cleves	child	Magdalene_Sibylle_of_Prussia
William_the_Younger_Duke_of_Brunswic_L_neburg	type	Person
Charlotte_of_Bourbon_Queen_of_Cyprus	father	John_I_Count_of_La_Marche
Philippe_I_Duke_of_Orl_ans	child	Philippe_II_Duke_of_Orl_ans
Elizabeth_of_Bohemia_1292_1330	type	Person
Henry_VI_Count_of_Luxembourg	predecessor	Henry_V_Count_of_Luxembourg
Matilda_of_Bavaria_Margravine_of_Meissen	spouse	Frederick_II_Margrave_of_Meissen
Mary_I_of_England	spouse	Philip_II_of_Spain
Arthur_II_Duke_of_Brittany	predecessor	John_II_Duke_of_Brittany
Rudolf_II_Duke_of_Austria	type	Person
Eleanor_of_England_Queen_of_Castile	type	Person
Adelaide_of_Tours	child	Robert_I_of_France
Wulfoald	type	Person
Charles_IV_Duke_of_Alen_on	spouse	Margaret_of_Valois_Angoul_me
John_Frederick_Duke_of_Brunswic_Calenberg	successor	Ernest_Augustus_Elector_of_Hanover
Elias_I_Count_of_Maine	type	Person
Louis_II_of_Anjou	parent	Louis_I_of_Anjou
Louis_XIV	spouse	Fran_oise_d_Aubign__Marquise_de_Maintenon
Cardinal_Infante_Ferdinand_of_Austria	type	Person
Margaret_Holland_Duchess_of_Clarence	spouse	Thomas_of_Lancaster_Duke_of_Clarence
Prince_John_August_of_Saxe_Gotha_Altenburg	type	Person
Marie_of_Anjou	child	Louis_XI
Margaret_of_Burgundy_Queen_of_France	type	Person
Valdemar_I_of_Denmark	spouse	Sophia_of_Minsk
Ingegerd_Olofsdotter_of_Sweden	child	Anne_of_Kiev
Louis_XV	child	Madame_Ad_la_de
Charles_Duke_of_Orl_ans	spouse	Bonne_of_Armagnac
Catherine_of_Valois	child	Jasper_Tudor
Louis_Bonaparte	child	Napol_on_Louis_Bonaparte
Napoleon_III	predecessor	Louis_Philippe_I
Richard_Woodville_3rd_Earl_Rivers	type	Person
Charles_Duke_of_Vend_me	mother	Marie_of_Luxembourg_Countess_of_Vend_me
Welf_I	type	Person
A_nor_de_Ch_tellerault	mother	Dangereuse_de_l_Isle_Bouchard
Edward_the_Exile	type	Person
Charles_VI_of_France	child	Catherine_of_Valois
William_VIII_Duke_of_Aquitaine	type	Person
Alfonso_de_Castilla_y_Molina	type	Person
Otto_IV_Count_of_Burgundy	spouse	Philippa_of_Bar
Hugh_III_Duke_of_Burgundy	type	Person
Eleonore_of_Austria_Queen_of_Poland	type	Person
Archduke_Charles_Duke_of_Teschen	type	Person
Louis_Dauphin_of_France_son_of_Louis_XIV	child	Charles_Duke_of_Berry_1686_1714
Maria_Carolina_of_Austria	child	Maria_Henrietta_of_Naples_and_Sicily
Maria_Josepha_of_Saxony_Dauphine_of_France	child	Marie_Z_phyrine_of_France
Napoleon_II	parent	Napoleon
Francesco_I_de_Medici_Grand_Duke_of_Tuscany	predecessor	Cosimo_I_de_Medici_Grand_Duke_of_Tuscany
Childeric_III	successor	Pepin_the_Short
Princess_Maria_Antonia_of_Naples_and_Sicily	type	Person
Joan_of_Valois_Countess_of_Hainaut	father	Charles_Count_of_Valois
Dirk_III_Count_of_Holland	parent	Arnulf_Count_of_Holland
Balthasar_Charles_Prince_of_Asturias	type	Person
Robert_I_Count_of_Dreux	parent	Louis_VI_of_France
Dirk_I_Count_of_Holland	child	Dirk_II_Count_of_Holland
Eleanor_of_Woodstock	type	Person
Philip_III_of_France	child	Blanche_of_France_Duchess_of_Austria
Brun_I_Count_of_Brunswick	type	Person
Henry_I_of_Navarre	mother	Margaret_of_Bourbon_Queen_of_Navarre
Sophia_of_Minsk	type	Person
Robert_II_of_France	parent	Hugh_Capet
Gisela_of_France_Countess_of_Ponthieu	type	Person
John_the_Fearless	child	Mary_of_Burgundy_Duchess_of_Cleves
Isabella_de_Beauchamp	parent	Maud_FitzJohn_Countess_of_Warwick
Ferdinand_II_of_Le_n	spouse	Urraca_of_Portugal
Lucrezia_Tornabuoni	spouse	Piero_di_Cosimo_de_Medici
Princess_Augusta_of_Saxe_Gotha	parent	Princess_Magdalena_Augusta_of_Anhalt_Zerbst
Robert_I_Duke_of_Burgundy	type	Person
James_Stewart_the_Black_Knight_of_Lorn	spouse	Joan_Beaufort_Queen_of_Scots
Charlotte_of_Mecklenburg_Strelitz	spouse	George_III
Elizabeth_Mure	type	Person
Ferdinand_II_Archduke_of_Austria	predecessor	Ferdinand_I_Holy_Roman_Emperor
Louis_Count_of_Vend_me	successor	John_VIII_Count_of_Vend_me
Charles_I_of_England	type	Person
Princess_Caroline_Elizabeth_of_Great_Britain	type	Person
Marie_of_Cleves_Duchess_of_Orl_ans	spouse	Charles_Duke_of_Orl_ans
Elisabeth_Therese_of_Lorraine	spouse	Charles_Emmanuel_III_of_Sardinia
Maria_Anna_Victoria_of_Bavaria	spouse	Louis_Dauphin_of_France_son_of_Louis_XIV
Maria_Amalia_of_Saxony	spouse	Charles_III_of_Spain
John_I_Duke_of_Brittany	parent	Peter_I_Duke_of_Brittany
Lothair_of_France	parent	Gerberga_of_Saxony
Louis_the_Stammerer	child	Carloman_II
John_II_of_France	child	Marie_of_France_Duchess_of_Bar
Robert_I_Count_of_Dreux	type	Person
Charles_III_Duke_of_Savoy	child	Emmanuel_Philibert_Duke_of_Savoy
Adelaide_of_Aquitaine	mother	Gerloc
Jeanne_de_Bourbon_Duchess_of_Bourbon	spouse	John_II_Duke_of_Bourbon
Rudolph_II_of_Burgundy	predecessor	Rudolph_I_of_Burgundy
Louis_V_Duke_of_Bavaria	type	Person
John_I_of_Portugal	child	Beatrice_Countess_of_Arundel
Landgravine_Elisabeth_Amalie_of_Hesse_Darmstadt	child	Countess_Palatine_Hedwig_Elisabeth_of_Neuburg
Ren__II_Duke_of_Lorraine	child	Fran_ois_de_Lorraine
Humphrey_de_Bohun_7th_Earl_of_Hereford	type	Person
Lanzelin_Count_of_Habsburg	type	Person
Louis_V_of_France	parent	Lothair_of_France
_thelstan_of_Kent	type	Person
Otto_I_Holy_Roman_Emperor	predecessor	Henry_the_Fowler
Eug_nie_de_Montijo	parent	Count_of_Montijo
Hugh_IV_Duke_of_Burgundy	mother	Alice_of_Vergy
Pepin_of_Herstal	successor	Drogo_of_Champagne
Albert_II_Duke_of_Austria	parent	Elisabeth_of_Carinthia_Queen_of_the_Romans
Ferdinand_III_Grand_Duke_of_Tuscany	type	Person
Eleanor_of_Prussia	type	Person
Vsevolod_I_of_Kiev	type	Person
Ansegisel	type	Person
Margaret_Marchioness_of_Namur	type	Person
Francis_I_Holy_Roman_Emperor	predecessor	Leopold_Duke_of_Lorraine
Charles_II_of_Naples	successor	Margaret_Countess_of_Anjou
Francis_II_Holy_Roman_Emperor	child	Maria_Leopoldina_of_Austria
Margaret_of_Bavaria	child	Margaret_of_Nevers
Wenceslaus_II_of_Bohemia	type	Person
Frederick_II_Duke_of_Lorraine	child	Theobald_I_Duke_of_Lorraine
Victor_Amadeus_II_of_Sardinia	predecessor	Charles_VI_Holy_Roman_Emperor
Vladimir_the_Great	child	Yaroslav_the_Wise
Philippe_Duke_of_Anjou	type	Person
Catherine_of_Vend_me	mother	Joan_of_Ponthieu_Dame_of_Epernon
Charles_the_Simple	child	Gisela_of_France
Philippe_I_Duke_of_Orl_ans	type	Person
Sibylla_of_Anjou	child	Roman_Catholic_Archdiocese_of_Cambrai
Charles_VII_Holy_Roman_Emperor	type	Person
Charles_Felix_of_Sardinia	type	Person
Hugh_Capet	child	Robert_II_of_France
Maria_Theresa	child	Archduchess_Maria_Johanna_Gabriela_of_Austria
Louis_I_of_Anjou	child	Louis_II_of_Anjou
George_I_Landgrave_of_Hesse_Darmstadt	type	Person
Joanna_of_Castile	predecessor	Ferdinand_II_of_Aragon
William_the_Younger_Duke_of_Brunswic_L_neburg	parent	Ernest_I_Duke_of_Brunswic_L_neburg
Maria_of_Brabant_Duchess_of_Bavaria	type	Person
Emmanuel_Philibert_Duke_of_Savoy	successor	Charles_Emmanuel_I_Duke_of_Savoy
Ferdinand_I_of_the_Two_Sicilies	child	Maria_Amalia_of_Naples_and_Sicily
Adela_of_Milan	spouse	Albert_Azzo_I_Margrave_of_Milan
Eleanor_of_England_Queen_of_Castile	child	Urraca_of_Castile_Queen_of_Portugal
John_I_of_France	type	Person
George_I_of_Great_Britain	successor	George_II_of_Great_Britain
Charles_Emmanuel_IV_of_Sardinia	predecessor	Victor_Amadeus_III_of_Sardinia
Marie_of_France_Countess_of_Champagne	spouse	Henry_I_Count_of_Champagne
James_Stewart_1st_Earl_of_Moray	type	Person
Louis_Dauphin_of_France_son_of_Louis_XIV	father	Louis_XIV
Anna_Maria_of_Ostfriesland	type	Person
Anund_Jacob	type	Person
Louis_Antoine_Duke_of_Angoul_me	father	Charles_X
Robert_Stewart_Duke_of_Albany	type	Person
Louis_Philippe_I	predecessor	Henri_Count_of_Chambord
John_II_of_Portugal	mother	Isabel_of_Coimbra
Hemma	predecessor	Judith_of_Bavaria_died_843
Charles_the_Bald	father	Louis_the_Pious
Louis_Prince_of_Cond__1530_1569	type	Person
Charles_Duke_of_Orl_ans	parent	Louis_I_Duke_of_Orl_ans
Theobald_I_of_Navarre	child	Henry_I_of_Navarre
Saint_Margaret_of_Scotland	type	Person
Adelaide_Blanche_of_Anjou	parent	Fulk_II_Count_of_Anjou
Henry_II_of_England	parent	Empress_Matilda
Ramon_Berenguer_II_Count_of_Barcelona	type	Person
Afonso_II_of_Portugal	child	Eleanor_of_Portugal_Queen_of_Denmark
Isabella_Duchess_of_Lorraine	spouse	Ren__of_Anjou
Anna_Maria_of_Ostfriesland	parent	Enno_III_Count_of_East_Frisia
Maria_Josepha_of_Saxony_Dauphine_of_France	child	Clotilde_of_France
George_III	child	William_IV
Madeleine_de_La_Tour_d_Auvergne	mother	Jeanne_de_Bourbon_Duchess_of_Bourbon
Margaret_of_Brieg	child	Margaret_of_Bavaria
Prince_Francis_Count_of_Trapani	type	Person
Henry_son_of_Edward_I	type	Person
Henry_VII_Holy_Roman_Emperor	predecessor	Frederick_II_Holy_Roman_Emperor
Marie_of_France_Duchess_of_Bar	mother	Bonne_of_Luxembourg
Louis_I_Grand_Duke_of_Hesse	type	Person
Marie_Jos_phine_of_Savoy	type	Person
Elizabeth_the_Cuman	parent	Cumans
Infanta_Luisa_Fernanda_Duchess_of_Montpensier	child	Princess_Mar_a_Cristina_of_Orl_ans
John_I_Duke_of_Lorraine	spouse	Eberhard_II_Count_of_W_rttemberg
Nicolas_Duke_of_Merc_ur	mother	Ren_e_of_Bourbon
Matilda_of_Anjou	type	Person
Eleanor_of_Aquitaine	child	Matilda_of_England_Duchess_of_Saxony
Maria_Theresa_of_Naples_and_Sicily	child	Marie_Louise_Duchess_of_Parma
Charles_Count_of_Angoul_me	spouse	Louise_of_Savoy
Melisende_Queen_of_Jerusalem	type	Person
Peter_I_of_Portugal	child	Beatrice_of_Portugal_died_1381
Blanche_of_Castile	child	Charles_I_of_Anjou
Anne_of_Brittany	spouse	Louis_XII
Louis_Count_of__vreux	child	Philip_III_of_Navarre
Theobald_I_of_Navarre	child	Beatrice_of_Navarre_Duchess_of_Burgundy
Marie_Th_r_se_of_France	father	Louis_XVI
Alfonso_IX_of_Le_n	spouse	Theresa_of_Portugal_Queen_of_Le_n
Victor_Amadeus_III_of_Sardinia	child	Prince_Maurizio_Duke_of_Montferrat
Arthur_III_Duke_of_Brittany	type	Person
Sancho_IV_of_Castile	mother	Violant_of_Aragon
Charles_IX_of_France	parent	Catherine_de_Medici
Isabella_of_Angoul_me	spouse	John_King_of_England
Margaret_of_Baux	type	Person
Otto_I_Duke_of_Saxony	type	Person
_lfthryth_Countess_of_Flanders	type	Person
Mary_of_Burgundy_Duchess_of_Cleves	parent	Margaret_of_Bavaria
_thelwulf_King_of_Wessex	predecessor	Ecgberht_King_of_Wessex
Frederick_Prince_of_Wales	child	Caroline_Matilda_of_Great_Britain
Elisabeth_of_Nuremberg	father	Frederick_V_Burgrave_of_Nuremberg
Elizabeth_of_York	child	Elizabeth_Tudor_1492_1495
Manuel_I_of_Portugal	spouse	Maria_of_Aragon_Queen_of_Portugal
Marie__milie_de_Joly_de_Choin	type	Person
Wilfred_the_Hairy	parent	Sunifred_Count_of_Barcelona
Margaret_of_Brabant	parent	John_I_Duke_of_Brabant
John_of_Montfort	mother	Yolande_of_Dreux_Queen_of_Scotland
Violant_of_Hungary	mother	Yolanda_of_Courtenay
Princess_Maria_Antonia_of_the_Two_Sicilies	type	Person
Henri_Jules_Prince_of_Cond_	successor	Louis_Duke_of_Orl_ans_1703_1752
Ernest_Augustus_Elector_of_Hanover	successor	George_I_of_Great_Britain
Louis_XI	predecessor	Charles_VII_of_France
Magnus_II_Duke_of_Brunswic_L_neburg	spouse	Catherine_of_Anhalt_Bernburg
Matilda_of_Ringelheim	type	Person
Francis_I_Holy_Roman_Emperor	child	Archduchess_Maria_Josepha_of_Austria
Louis_the_German	parent	Louis_the_Pious
Sibylla_of_Burgundy_Duchess_of_Burgundy	spouse	Odo_I_Duke_of_Burgundy
Mary_of_Burgundy_Duchess_of_Savoy	type	Person
James_VI_and_I	type	Person
Philippa_of_Bar	spouse	Otto_IV_Count_of_Burgundy
Almodis_de_la_Marche	type	Person
Odo_of_France	father	Robert_the_Strong
Stephen_III_Duke_of_Bavaria	father	Stephen_II_Duke_of_Bavaria
Hugh_I_Duke_of_Burgundy	type	Person
Philippe_II_Duke_of_Orl_ans	child	Louise__lisabeth_d_Orl_ans
George_II_of_Great_Britain	type	Person
Bonne_of_Luxembourg	child	Louis_I_of_Anjou
Charles_Prince_of_Anhalt_Zerbst	spouse	Sophia_of_Saxe_Weissenfels_Princess_of_Anhalt_Zerbst
Anne_of_Cyprus	parent	Janus_of_Cyprus
Louis_Dauphin_of_France_son_of_Louis_XIV	child	Philip_V_of_Spain
John_of_Bohemia	child	Nicolaus_of_Luxemburg
Blanche_of_Bourbon	type	Person
_thelweard_son_of_Alfred	type	Person
Baldwin_V_Count_of_Flanders	child	Matilda_of_Flanders
Catherine_de_Medici	type	Person
Nicolas_Henri_Duke_of_Orl_ans	type	Person
Robert_the_Strong	father	Robert_III_of_Worms
Matilda_of_England_Duchess_of_Saxony	type	Person
Margaret_of_Valois_Angoul_me	spouse	Charles_IV_Duke_of_Alen_on
Charles_III_of_Spain	spouse	Maria_Amalia_of_Saxony
Arnulf_I_Count_of_Flanders	spouse	Adele_of_Vermandois
Geoffrey_Plantagenet_Count_of_Anjou	type	Person
Oleg_of_Novgorod	predecessor	Rurik
Margaret_of_Bar	type	Person
Catherine_of_Cleves_1417_1479	type	Person
Eleanor_of_Aragon_Queen_of_Portugal	child	Catherine_of_Portugal_nun
Maria_of_Austria_Holy_Roman_Empress	child	Albert_VII_Archduke_of_Austria
Pepin_of_Herstal	father	Ansegisel
Liudolf_Margrave_of_Frisia	type	Person
James_V_of_Scotland	child	Mary_Queen_of_Scots
Ferdinand_I_Holy_Roman_Emperor	child	Maria_of_Austria_Duchess_of_J_lich_Cleves_Berg
Philip_II_of_Spain	spouse	Mary_I_of_England
Cosimo_I_de_Medici_Grand_Duke_of_Tuscany	father	Giovanni_delle_Bande_Nere
Gerberga_of_M_con	predecessor	Willa_of_Tuscany
Louis_II_of_Italy	successor	Charles_the_Bald
Philip_the_Good	type	Person
Henry_II_of_Navarre	type	Person
Adelaide_of_Italy	type	Person
Gisela_of_Burgundy_Marchioness_of_Montferrat	spouse	Humbert_II_Count_of_Savoy
Judith_of_Habsburg	spouse	Wenceslaus_II_of_Bohemia
Princess_Caroline_Louise_of_Saxe_Weimar_Eisenach	mother	Princess_Louise_of_Hesse_Darmstadt_1757_1830
William_I_of_Geneva	type	Person
Stephen_II_Duke_of_Bavaria	father	Louis_IV_Holy_Roman_Emperor
Maria_Carolina_of_Austria	child	Maria_Anna_of_Naples_and_Sicily
Andrew_II_of_Hungary	spouse	Yolanda_of_Courtenay
Arthur_II_Duke_of_Brittany	child	John_III_Duke_of_Brittany
Beatrice_of_Savoy	parent	Margaret_of_Geneva
Anne_Marie_d_Orl_ans	child	Marie_Ad_la_de_of_Savoy
Otto_IV_Count_of_Scheyern	father	Eckhard_I_Count_of_Scheyern
Yaroslav_the_Wise	child	Igor_Yaroslavich
In_s_de_Castro	father	Pedro_Fern_ndez_de_Castro
Charlemagne	spouse	Hildegard_of_the_Vinzgau
Arnulf_I_Count_of_Flanders	type	Person
Beatrice_of_Portugal	spouse	John_I_of_Castile
Conrad_I_of_Burgundy	child	Gerberga_of_Burgundy
Mary_of_Burgundy_Duchess_of_Cleves	father	John_the_Fearless
Mary_of_Hungary_Queen_of_Naples	parent	Elizabeth_the_Cuman
Maria_Carolina_of_Austria	child	Prince_Gennaro_of_Naples_and_Sicily
Lambert_II_Count_of_Louvain	type	Person
Ren__II_Duke_of_Lorraine	parent	Yolande_Duchess_of_Lorraine
Peter_of_Aragon_Count_of_Alburquerque	type	Person
Louis_the_Pious	child	Lothair_I
_lffl_d_wife_of_Edward_the_Elder	child	Edwin_son_of_Edward_the_Elder
Lucia_Migliaccio	spouse	Ferdinand_I_of_the_Two_Sicilies
Ferdinand_I_Holy_Roman_Emperor	parent	Philip_I_of_Castile
Maria_Beatrice_d_Este_Duchess_of_Massa	type	Person
Louis_I_of_Spain	successor	Philip_V_of_Spain
Margaret_Stewart_Dauphine_of_France	type	Person
Liudolf_Margrave_of_Frisia	parent	Brun_I_Count_of_Brunswick
Philippe_I_Duke_of_Orl_ans	successor	Philippe_II_Duke_of_Orl_ans
Louis_the_Stammerer	child	Louis_III_of_France
James_V_of_Scotland	successor	Mary_Queen_of_Scots
Maria_Amalia_of_Saxony	type	Person
Dobroniega_Ludgarda_of_Poland	type	Person
Infante_Carlos_of_Spain_1607_1632	type	Person
Princess_Augusta_of_Saxe_Gotha	type	Person
Maria_Elisabetta_Carlotta_of_Savoy	type	Person
Marie_of_Blois_Duchess_of_Anjou	spouse	Louis_I_of_Anjou
Charles_III_Duke_of_Lorraine	type	Person
Louis_Count_of__vreux	type	Person
Dangereuse_de_l_Isle_Bouchard	spouse	Aimery_I_Viscount_of_Ch_tellerault
Antoine_of_Navarre	father	Charles_Duke_of_Vend_me
Alfonso_XI_of_Castile	mother	Constance_of_Portugal
Louis_I_Duke_of_Bavaria	father	Otto_I_Duke_of_Bavaria
Philip_V_of_France	child	Blanche_of_France_nun
Louis_V_of_France	father	Lothair_of_France
Henry_VII_Holy_Roman_Emperor	predecessor	Conrad_IV_of_Germany
Maria_Theresa_of_Austria_Este_Queen_of_Sardinia	father	Ferdinand_Karl_Archduke_of_Austria_Este
Philip_I_of_Castile	spouse	Joanna_of_Castile
Theobald_II_Count_of_Champagne	mother	Adela_of_Normandy
Louise_of_Savoy	mother	Margaret_of_Bourbon_1438_1483
John_of_Bohemia	child	Wenceslaus_I_Duke_of_Luxembourg
Isabella_of_Hainault	type	Person
Dorothea_of_Lorraine	type	Person
Countess_Caroline_of_Nassau_Saarbr_cken	type	Person
Archduke_Alexander_Leopold_of_Austria	type	Person
Bonne_of_Luxembourg	parent	Elizabeth_of_Bohemia_1292_1330
Otto_William_Count_of_Burgundy	mother	Gerberga_of_M_con
Cosimo_de_Medici	mother	Piccarda_Bueri
Sophia_of_Minsk	child	Richeza_of_Denmark
Margaret_of_Saxony_Duchess_of_Brunswic_L_neburg	type	Person
Isabella_I_of_Castile	spouse	Ferdinand_II_of_Aragon
Robert_Count_of_Clermont	child	Louis_I_Duke_of_Bourbon
Christina_of_Salm	type	Person
Duke_Charles_Louis_Frederick_of_Mecklenburg	child	Charlotte_of_Mecklenburg_Strelitz
Alfonso_XI_of_Castile	child	Tello_Alfonso
John_Hereditary_Prince_of_Saxony	type	Person
Ermengarde_of_Tuscany	successor	Willa_of_Tuscany
Gertrude_of_Dagsburg	type	Person
Henry_II_of_Castile	predecessor	Peter_of_Castile
Rudolph_I_of_Burgundy	spouse	Guilla_of_Provence
Liudolf_Margrave_of_Frisia	mother	Gisela_of_Swabia
Edward_the_Exile	spouse	Agatha_wife_of_Edward_the_Exile
Maria_Luisa_of_Spain	type	Person
James_I_of_Scotland	child	Annabella_of_Scotland
Charles_II_Duke_of_Bourbon	type	Person
Charles_VIII_of_France	parent	Louis_XI
Odo_of_France	spouse	Th_odrate_of_Troyes
Robert_I_Duke_of_Burgundy	spouse	Ermengarde_of_Anjou_Duchess_of_Burgundy
Marie_of_Cleves_Duchess_of_Orl_ans	child	Louis_XII
Gerberga_of_Saxony	parent	Henry_the_Fowler
Archduke_Rainer_Joseph_of_Austria	type	Person
Maria_Teresa_Felicitas_d_Este	spouse	Louis_Jean_Marie_de_Bourbon_Duke_of_Penthi_vre
Maria_of_Aragon_Queen_of_Portugal	child	Lu_s_of_Portugal_Duke_of_Beja
Ferdinand_IV_of_Castile	type	Person
Louis_IX_of_France	child	Isabella_of_France_Queen_of_Navarre
Henry_X_Duke_of_Bavaria	spouse	Gertrude_of_S_pplingenburg
Beatrice_of_Bourbon_Queen_of_Bohemia	spouse	John_of_Bohemia
Theobald_III_Count_of_Champagne	parent	Marie_of_France_Countess_of_Champagne
Theobald_II_Duke_of_Lorraine	father	Frederick_III_Duke_of_Lorraine
Alice_of_Vergy	type	Person
Baldwin_V_Count_of_Flanders	type	Person
Eadburh_of_Winchester	type	Person
Adelaide_Blanche_of_Anjou	father	Fulk_II_Count_of_Anjou
Louis_XIII	child	Louis_XIV
Charles_III_Duke_of_Savoy	successor	Emmanuel_Philibert_Duke_of_Savoy
Henry_IV_of_France	child	Nicolas_Henri_Duke_of_Orl_ans
Charles_IV_Holy_Roman_Emperor	type	Person
Margaret_of_Savoy_Vicereine_of_Portugal	type	Person
Claude_of_France	successor	Francis_III_Duke_of_Brittany
Ermengarde_of_Auvergne	type	Person
Oberto_I	type	Person
Maria_Teresa_Rafaela_of_Spain	type	Person
Louis_IV_Holy_Roman_Emperor	type	Person
Maximilian_I_Holy_Roman_Emperor	successor	Charles_V_Holy_Roman_Emperor
Victoire_of_France_1733_1799	type	Person
Catherine_de_Medici	mother	Madeleine_de_La_Tour_d_Auvergne
Nicolas_Duke_of_Merc_ur	father	Antoine_Duke_of_Lorraine
Maria_Theresa_of_Naples_and_Sicily	child	Maria_Leopoldina_of_Austria
Alfonso_VII_of_Le_n_and_Castile	type	Person
James_I_of_Scotland	father	Robert_III_of_Scotland
Elizabeth_the_Cuman	parent	K_ten
David_Stewart_Earl_of_Moray	type	Person
John_I_Count_of_Hainaut	parent	Margaret_II_Countess_of_Flanders
Duchess_Charlotte_Felicitas_of_Brunswic_L_neburg	type	Person
John_II_of_Portugal	spouse	Eleanor_of_Viseu
Princess_Louise_of_Hesse_Darmstadt_1757_1830	child	Prince_Bernhard_of_Saxe_Weimar_Eisenach_1792_1862
Louis_VI_of_France	parent	Bertha_of_Holland
Louis_C_sar_Count_of_Vexin	type	Person
John_II_of_Castile	spouse	Isabella_of_Portugal_Queen_of_Castile
Maria_Anna_Sophia_of_Saxony	type	Person
Benedicta_Henrietta_of_the_Palatinate	child	Duchess_Charlotte_Felicitas_of_Brunswic_L_neburg
Isabella_of_Portugal	father	Manuel_I_of_Portugal
John_I_Duke_of_Brabant	type	Person
Alderano_I_Cybo_Malaspina	successor	Maria_Teresa_Cybo_Malaspina_Duchess_of_Massa
James_I_of_Scotland	child	Eleanor_of_Scotland
Elisabeth_of_Meissen	child	Elisabeth_of_Nuremberg
Charles_Emmanuel_III_of_Sardinia	child	Princess_Maria_Felicita_of_Savoy
Louis_I_Duke_of_Orl_ans	child	Philip_Count_of_Vertus
Henry_II_of_Castile	child	John_I_of_Castile
Maria_Carolina_of_Austria	parent	Francis_I_Holy_Roman_Emperor
Anna_of_Austria_Queen_of_Spain	type	Person
Catherine_of_Austria_Queen_of_Poland	type	Person
Louis_VII_of_France	spouse	Constance_of_Castile
Princess_Amelia_of_the_United_Kingdom	type	Person
Charles_II_of_Naples	type	Person
Francesco_Farnese_Duke_of_Parma	type	Person
Waldrada_of_Worms	type	Person
Wenceslaus_III_of_Bohemia	type	Person
Joan_II_Countess_of_Burgundy	child	Blanche_of_France_nun
Sviatoslav_I	successor	Vladimir_the_Great
Louis_XVI	predecessor	Louis_XV
Ferdinand_II_Archduke_of_Austria	type	Person
Catherine_of_Valois	spouse	Owen_Tudor
Joseph_II_Holy_Roman_Emperor	successor	Leopold_II_Holy_Roman_Emperor
Nicolaus_of_Luxemburg	type	Person
Guillaume_de_Montfort_of_Hainaut	successor	Amaury_I_de_Montfort
John_II_Duke_of_Brittany	child	Eleanor_of_Brittany_abbess
Albert_I_of_Germany	type	Person
Hugh_the_Great	parent	Robert_I_of_France
Constant_d_Aubign_	type	Person
Conrad_II_Duke_of_Transjurane_Burgundy	type	Person
Beatrice_Regina_della_Scala	type	Person
Eleanor_of_Aquitaine	child	Eleanor_of_England_Queen_of_Castile
Maria_Anna_of_Bavaria_born_1551	child	Archduchess_Catherine_Renata_of_Austria
Blanche_of_Brittany	type	Person
Constance_of_Castile	child	Margaret_of_France_Queen_of_England_and_Hungary
Mary_of_Burgundy_Duchess_of_Cleves	child	Catherine_of_Cleves_1417_1479
Marie_of_Brittany_Countess_of_Saint_Pol	spouse	Guy_IV_Count_of_Saint_Pol
Marie_of_Brittany_Countess_of_Saint_Pol	parent	John_II_Duke_of_Brittany
Henry_the_Middle_Duke_of_Brunswic_L_neburg	type	Person
Henry_I_of_Castile	predecessor	Alfonso_VIII_of_Castile
Afonso_II_of_Portugal	type	Person
Edward_the_Elder	spouse	_lffl_d_wife_of_Edward_the_Elder
Elisabeth_of_Meissen	parent	Frederick_II_Margrave_of_Meissen
Louis_II_of_Anjou	type	Person
Archduchess_Maria_Dorothea_of_Austria	type	Person
Ren__II_Duke_of_Lorraine	spouse	Philippa_of_Guelders
Isabella_of_France_Queen_of_Navarre	type	Person
Charles_II_de_Valois_Duke_of_Orl_ans	type	Person
Charles_Emmanuel_III_of_Sardinia	type	Person
Charlotte_Agla__d_Orl_ans	child	Maria_Teresa_Felicitas_d_Este
Jeanne_de_Bourbon_Duchess_of_Bourbon	parent	Isabelle_de_Beauvau
Charles_Martel_of_Anjou	type	Person
Ralph_IV_of_Valois	spouse	Anne_of_Kiev
Alfonso_X_of_Castile	parent	Ferdinand_III_of_Castile
Elizabeth_of_Austria_1436_1505	child	Hedwig_Jagiellon_Duchess_of_Bavaria
Philip_III_of_France	spouse	Marie_of_Brabant_Queen_of_France
William_Longesp_e_3rd_Earl_of_Salisbury	type	Person
Yolanda_Latin_Empress	spouse	Peter_II_of_Courtenay
Marie_of_Luxembourg_Queen_of_France	parent	Margaret_of_Brabant
Albert_II_Duke_of_Austria	child	Albert_III_Duke_of_Austria
Eleonore_Magdalene_of_Neuburg	type	Person
Louis_Count_of__vreux	parent	Marie_of_Brabant_Queen_of_France
Charles_III_of_Spain	father	Philip_V_of_Spain
Louis_the_Stammerer	predecessor	Charles_the_Bald
Ramon_Borrell_Count_of_Barcelona	parent	Borrell_II_Count_of_Barcelona
Ernest_Duke_of_Austria	mother	Viridis_Visconti
Edward_the_Elder	child	Eadgifu_of_Wessex
Alfonso_XI_of_Castile	child	Peter_of_Castile
Irmgard_of_Chiemsee	type	Person
Blanche_of_France_Duchess_of_Orl_ans	type	Person
Blanche_of_Artois	child	Joan_I_of_Navarre
Philip_V_of_Spain	mother	Maria_Anna_Victoria_of_Bavaria
Margaret_of_Savoy_Countess_of_Saint_Pol	parent	Louis_Duke_of_Savoy
Francis_III_Duke_of_Brittany	predecessor	Claude_of_France
Margaret_of_Artois	parent	Philip_of_Artois
Philip_I_of_France	father	Henry_I_of_France
Charles_Emmanuel_III_of_Sardinia	spouse	Anne_Christine_of_Sulzbach_Princess_of_Piedmont
Theobald_I_Count_of_Blois	spouse	Luitgarde_of_Vermandois
Elizabeth_the_Cuman	child	Anna_of_Hungary_Byzantine_empress
Emmanuel_Philibert_Duke_of_Savoy	predecessor	Charles_III_Duke_of_Savoy
Sviatoslav_I	child	Oleg_of_Drelinia
Isabella_of_Valois	type	Person
Joan_of_France_1351_1371	type	Person
Joseph_I_Holy_Roman_Emperor	type	Person
Louis_IV_of_France	mother	Eadgifu_of_Wessex
Henry_I_Duke_of_Brabant	father	Godfrey_III_Count_of_Louvain
Bathilde_d_Orl_ans	type	Person
Agnes_of_Loon	spouse	Otto_I_Duke_of_Bavaria
Edward_II_of_England	successor	Edward_III_of_England
Berengar_II_of_Neustria	type	Person
Valdemar_I_of_Denmark	child	Helena_of_Denmark
William_Duke_of_J_lich_Cleves_Berg	spouse	Maria_of_Austria_Duchess_of_J_lich_Cleves_Berg
Ramon_Borrell_Count_of_Barcelona	type	Person
Philip_II_Marquis_of_Namur	type	Person
Hugh_Capet	type	Person
John_III_Duke_of_Brittany	type	Person
Charles_VII_Holy_Roman_Emperor	predecessor	Maria_Theresa
Maria_Theresa	child	Archduchess_Maria_Elisabeth_of_Austria_born_1737
Maximilian_II_Holy_Roman_Emperor	parent	Ferdinand_I_Holy_Roman_Emperor
Anne_of_Foix_Candale	spouse	Vladislaus_II_of_Hungary
Maria_Josepha_of_Saxony_Dauphine_of_France	type	Person
Louis_XIV	father	Louis_XIII
Charles_IX_of_France	type	Person
Ramon_Berenguer_IV_Count_of_Barcelona	spouse	Petronilla_of_Aragon
Berengaria_of_Castile	spouse	Alfonso_IX_of_Le_n
Louise_of_Great_Britain	type	Person
Maria_Theresa	child	Archduke_Maximilian_Francis_of_Austria
Catherine_de_Medici	spouse	Henry_II_of_France
Engeltrude_de_F_zensac	type	Person
Adelaide_of_Maurienne	child	Henry_of_France_Archbishop_of_Reims
Barbara_Jagiellon	child	Magdalena_of_Saxony
Margaret_of_Joinville	spouse	Frederick_I_Count_of_Vaud_mont
Charles_IV_of_Anjou	type	Person
Matilda_of_Ringelheim	spouse	Henry_the_Fowler
Louis_Duke_of_Savoy	child	Charlotte_of_Savoy
Louis_VIII_of_France	child	Alphonse_Count_of_Poitiers
Sibylla_of_Anjou	child	Margaret_I_Countess_of_Flanders
Rupert_King_of_the_Romans	type	Person
Maria_of_Montpellier	spouse	Peter_II_of_Aragon
Edward_the_Elder	child	Edwin_son_of_Edward_the_Elder
Antoine_Duke_of_Montpensier	child	Infante_Antonio_Duke_of_Galliera
Robert_Count_of_Clermont	type	Person
Auda_of_France	type	Person
Maximiliana_Maria_of_Bavaria	type	Person
Sigismund_Holy_Roman_Emperor	successor	Frederick_III_Holy_Roman_Emperor
Piero_the_Unfortunate	parent	Clarice_Orsini
Alan_Stewart_of_Darnley	parent	John_Stewart_of_Darnley
Bona_of_Savoy	parent	Louis_Duke_of_Savoy
Marie_Anne_de_Bourbon	type	Person
Rudolph_II_of_Burgundy	successor	Conrad_I_of_Burgundy
Vladimir_the_Great	child	Agatha_wife_of_Edward_the_Exile
Willa_of_Tuscany	child	Adalbert_of_Italy
Fulk_III_Count_of_Anjou	type	Person
James_II_of_Scotland	parent	Joan_Beaufort_Queen_of_Scots
Valentina_Visconti_Duchess_of_Orl_ans	spouse	Louis_I_Duke_of_Orl_ans
Charles_IV_of_France	mother	Joan_I_of_Navarre
Henry_II_of_Castile	parent	Eleanor_de_Guzm_n
Philip_III_of_Spain	child	Philip_IV_of_Spain
Marie_of_Brabant_Queen_of_France	father	Henry_III_Duke_of_Brabant
Princess_Caroline_Louise_of_Saxe_Weimar_Eisenach	child	Duchess_Helene_of_Mecklenburg_Schwerin
Joan_of_Valois_Countess_of_Hainaut	child	Joanna_of_Hainaut
Sophia_Eleonore_of_Saxony	child	Louis_VI_Landgrave_of_Hesse_Darmstadt
Eleanor_of_England_Queen_of_Castile	spouse	Alfonso_VIII_of_Castile
Agnes_of_Merania	father	Berthold_Duke_of_Merania
Ferdinand_Philippe_Duke_of_Orl_ans	parent	Louis_Philippe_I
Bertha_of_Burgundy	parent	Conrad_I_of_Burgundy
Philip_V_of_France	successor	Charles_IV_of_France
Henry_VII_Holy_Roman_Emperor	predecessor	Henry_VI_Count_of_Luxembourg
Philip_of_France_1116_1131	parent	Louis_VI_of_France
Joanna_of_Austria_Princess_of_Portugal	type	Person
Margaret_of_Bohemia_Duchess_of_Bavaria	type	Person
Bouchard_IV_of_Avesnes	spouse	Margaret_II_Countess_of_Flanders
Hugh_Magnus	parent	Constance_of_Arles
Matilda_of_Brabant_Countess_of_Artois	father	Henry_II_Duke_of_Brabant
Willa_of_Tuscany	predecessor	Adelaide_of_Italy
Christian_III_Count_Palatine_of_Zweibr_cken	spouse	Countess_Caroline_of_Nassau_Saarbr_cken
Robert_II_of_Scotland	child	Thomas_Stewart_bishop_of_St_Andrews
Henry_VI_of_England	predecessor	Henry_V_of_England
Anne_of_Bohemia_and_Hungary	type	Person
Eleanor_of_Navarre	child	Margaret_of_Foix
Eleanor_of_Aquitaine	child	Richard_I_of_England
Leopold_Duke_of_Lorraine	parent	Charles_V_Duke_of_Lorraine
Blanche_of_Brittany	mother	Beatrice_of_England
_thelwulf_King_of_Wessex	child	_thelstan_of_Kent
Charles_Emmanuel_I_Duke_of_Savoy	child	Victor_Amadeus_I_Duke_of_Savoy
Fran_oise_Marie_de_Bourbon	parent	Louis_XIV
Robert_the_Strong	type	Person
Eleanor_of_Castile_died_1244	spouse	James_I_of_Aragon
Charles_Martel	type	Person
Countess_Caroline_of_Nassau_Saarbr_cken	father	Louis_Crato_Count_of_Nassau_Saarbr_cken
Blanche_of_Artois	mother	Matilda_of_Brabant_Countess_of_Artois
Valdemar_I_of_Denmark	predecessor	Sweyn_III_of_Denmark
Philip_III_of_France	spouse	Isabella_of_Aragon_Queen_of_France
Piero_di_Cosimo_de_Medici	successor	Lorenzo_de_Medici
Baldwin_III_Count_of_Flanders	father	Arnulf_I_Count_of_Flanders
Sophia_Jagiellon_Margravine_of_Brandenburg_Ansbach	type	Person
Philip_Prospero_Prince_of_Asturias	type	Person
Rudolph_I_of_Burgundy	mother	Waldrada_of_Worms
Philip_II_Duke_of_Savoy	predecessor	Charles_II_Duke_of_Savoy
Philip_V_of_France	type	Person
Francis_I_Duke_of_Lorraine	parent	Antoine_Duke_of_Lorraine
William_IV_Duke_of_Aquitaine	parent	Gerloc
Odo_IV_Duke_of_Burgundy	child	Philip_I_Count_of_Auvergne
Theobald_II_Count_of_Champagne	parent	Stephen_Count_of_Blois
Ren__II_Duke_of_Lorraine	type	Person
Louis_the_Younger	predecessor	Louis_the_German
Juana_Enr_quez	spouse	John_II_of_Aragon
Beatrice_Countess_of_Arundel	type	Person
Louise_Marie_Ad_la_de_de_Bourbon_Duchess_of_Orl_ans	child	Louis_Philippe_I
Lutgardis_of_Luxemburg	spouse	Arnulf_Count_of_Holland
Sophia_Eleonore_of_Saxony	parent	John_George_I_Elector_of_Saxony
Margaret_of_Provence	child	Isabella_of_France_Queen_of_Navarre
Marie_Th_r_se_of_France	spouse	Louis_Antoine_Duke_of_Angoul_me
Henry_Stuart_Lord_Darnley	mother	Margaret_Douglas
Joan_I_of_Navarre	successor	Louis_X_of_France
Robert_II_of_France	child	Hugh_Magnus
John_King_of_England	child	Richard_FitzRoy
Dirk_I_Count_of_Holland	type	Person
Maria_Kunigunde_of_Saxony	type	Person
Maria_of_Austria_Duchess_of_J_lich_Cleves_Berg	spouse	William_Duke_of_J_lich_Cleves_Berg
Philip_VI_of_France	parent	Charles_Count_of_Valois
Henry_VIII	predecessor	Henry_VII_of_England
Louis_XV	child	Th_r_se_of_France_1736_1744
Barbara_Jagiellon	parent	Casimir_IV_Jagiellon
Margaret_of_Brabant	type	Person
Louis_XVII	mother	Marie_Antoinette
Christine_of_Saxony	mother	Barbara_Jagiellon
Mary_Queen_of_Scots	father	James_V_of_Scotland
Sophia_Eleonore_of_Saxony	mother	Magdalene_Sibylle_of_Prussia
Margaret_of_Artois	type	Person
Elisabeth_Farnese	type	Person
Henry_II_of_Navarre	spouse	Margaret_of_Valois_Angoul_me
Isabella_of_Valois_Duchess_of_Bourbon	father	Charles_Count_of_Valois
Mahaut_Countess_of_Artois	parent	Robert_II_Count_of_Artois
Charles_Emmanuel_III_of_Sardinia	child	Victor_Amadeus_III_of_Sardinia
Emmanuel_Philibert_Duke_of_Savoy	type	Person
Godfrey_III_Count_of_Louvain	father	Godfrey_II_Count_of_Louvain
Agnes_of_Burgundy_Duchess_of_Bourbon	child	John_II_Duke_of_Bourbon
Simon_Count_of_Ponthieu	spouse	Marie_Countess_of_Ponthieu
John_de_Beaumont_2nd_Baron_Beaumont	spouse	Eleanor_of_Lancaster
Louise_Marie_Ad_la_de_de_Bourbon_Duchess_of_Orl_ans	spouse	Louis_Philippe_II_Duke_of_Orl_ans
Louis_XIV	child	Louis_C_sar_Count_of_Vexin
Beatrice_of_Castile_1293_1359	spouse	Afonso_IV_of_Portugal
Louis_Philippe_I_Duke_of_Orl_ans	spouse	Louise_Henriette_de_Bourbon
William_IV_Count_of_Ponthieu	type	Person
Louis_Count_of_Vend_me	father	John_I_Count_of_La_Marche
Louis_I_Cardinal_of_Guise	type	Person
John_II_of_France	predecessor	Philip_VI_of_France
Landgravine_Elisabeth_Amalie_of_Hesse_Darmstadt	mother	Sophia_Eleonore_of_Saxony
Anne_Marie_Th_r_se_de_Lorraine	type	Person
Yolanda_of_Courtenay	child	Violant_of_Hungary
Maximilian_II_Holy_Roman_Emperor	child	Rudolf_II_Holy_Roman_Emperor
Louis_XIII	successor	Louis_XIV
Ferdinand_Duke_of_Viseu	parent	Edward_King_of_Portugal
Louis_II_of_Anjou	spouse	John_I_of_Aragon
Infante_Philip_Duke_of_Calabria	type	Person
John_Duke_of_Berry	type	Person
Maria_Antonia_Ferdinanda_of_Spain	child	Charles_Felix_of_Sardinia
predecessor	type	http://www.w3.org/1999/02/22_rdf_syntax_ns#Property
Louis_Antoine_Duke_of_Angoul_me	spouse	Marie_Th_r_se_of_France
Philip_V_of_France	spouse	Joan_II_Countess_of_Burgundy
Henry_of_Castile_the_Senator	type	Person
Dorotea_Gonzaga	spouse	Galeazzo_Maria_Sforza
Otto_V_Margrave_of_Brandenburg_Salzwedel	type	Person
Adolf_Duke_of_Holstei_Gottorp	spouse	Christine_of_Hesse
Eleanor_of_Aquitaine	parent	A_nor_de_Ch_tellerault
Ramon_Berenguer_IV_Count_of_Barcelona	parent	Douce_I_Countess_of_Provence
Isabeau_of_Bavaria	parent	Taddea_Visconti
John_of_Gaunt	child	Philippa_of_Lancaster
John_I_Albert	type	Person
Alfonso_XI_of_Castile	spouse	Constanza_Manuel
Henry_VI_of_England	child	Edward_of_Westminster_Prince_of_Wales
Jeanne_d_Albret	spouse	Antoine_of_Navarre
Charlotte_of_Mecklenburg_Strelitz	child	Prince_Edward_Duke_of_Kent_and_Strathearn
Fran_ois_d_Orl_ans_Prince_of_Joinville	type	Person
Henry_I_Duke_of_Brabant	spouse	Marie_of_France_Duchess_of_Brabant
Elisabeth_of_France_1602_1644	child	Maria_Theresa_of_Spain
Henry_III_of_France	spouse	Louise_of_Lorraine
John_I_of_Portugal	child	John_Constable_of_Portugal
Philip_III_of_France	father	Louis_IX_of_France
Princess_Christine_Louise_of_Oettinge_Oettingen	type	Person
Thankmar	type	Person
Alfred_the_Great	child	_thelfl_d
Yaroslav_the_Wise	parent	Rogneda_of_Polotsk
Louis_XIV	child	Louise_Fran_oise_de_Bourbon_Duchess_of_Bourbon
Theobald_III_Count_of_Champagne	spouse	Blanche_of_Navarre_Countess_of_Champagne
Otto_I_Duke_of_Bavaria	parent	Otto_IV_Count_of_Scheyern
Isabella_of_Burgundy_Queen_of_Germany	type	Person
Theobald_the_Elder	type	Person
Bertrade_of_Montfort	spouse	Philip_I_of_France
Alfonso_X_of_Castile	father	Ferdinand_III_of_Castile
Louis_XIII	child	Philippe_I_Duke_of_Orl_ans
Elisabeth_of_Nuremberg	child	Louis_III_Elector_Palatine
Willa_of_Tuscany	child	Rozala_of_Italy
Agnes_of_Poland	type	Person
Maria_Josepha_of_Austria	type	Person
Lucienne_of_Rochefort	type	Person
Saint_Margaret_of_Scotland	child	Matilda_of_Scotland
Clarice_Orsini	spouse	Lorenzo_de_Medici
George_Gordon_5th_Earl_of_Huntly	type	Person
John_Stewart_3rd_Lord_of_Aubigny	predecessor	John_Stewart_of_Darnley
Margaret_Holland_Duchess_of_Clarence	mother	Alice_Holland_Countess_of_Kent
Philip_the_Bold	mother	Bonne_of_Luxembourg
Baldwin_III_Count_of_Flanders	type	Person
Eleanor_de_Guzm_n	spouse	Alfonso_XI_of_Castile
Sunifred_Count_of_Barcelona	type	Person
Amadeus_VII_Count_of_Savoy	type	Person
Katherine_of_England	type	Person
Louis_the_Pious	predecessor	Charlemagne
Infante_Gabriel_of_Spain	type	Person
Eleanor_of_Provence	type	Person
Charles_IV_of_France	type	Person
Constance_of_Burgundy	type	Person
Victor_Emmanuel_I_of_Sardinia	type	Person
Joan_II_Countess_of_Burgundy	type	Person
Princess_Augusta_of_Great_Britain	type	Person
Judith_of_Habsburg	child	Wenceslaus_III_of_Bohemia
Margaret_I_Countess_of_Flanders	father	Thierry_Count_of_Flanders
Isabella_of_France_Dauphine_of_Viennois	type	Person
Archduchess_Anna_of_Austria	successor	Renata_of_Lorraine
Margaret_Countess_of_Anjou	child	Philip_VI_of_France
Gerberga_of_M_con	type	Person
Louis_Philippe_I_Duke_of_Orl_ans	predecessor	Louis_Duke_of_Orl_ans_1703_1752
Philippe_I_Duke_of_Orl_ans	child	Marie_Louise_d_Orl_ans
Lorenzo_de_Medici	parent	Piero_di_Cosimo_de_Medici
Otto_I_Duke_of_Brunswic_L_neburg	parent	William_of_Winchester_Lord_of_Lunenburg
Prince_Philippe_Count_of_Paris	father	Ferdinand_Philippe_Duke_of_Orl_ans
Robert_Count_of_Clermont	mother	Margaret_of_Provence
Urraca_of_Le_n	spouse	Raymond_of_Burgundy
_thelwulf_King_of_Wessex	child	_thelred_I_King_of_Wessex
Bonne_of_Berry	type	Person
Otto_William_Count_of_Burgundy	father	Adalbert_of_Italy
Francis_I_of_the_Two_Sicilies	type	Person
Charles_VI_of_France	child	Marie_of_Valois_Prioress_of_Poissy
Rudolf_I_of_Germany	spouse	Isabella_of_Burgundy_Queen_of_Germany
Beorhtric_of_Wessex	type	Person
Princess_Louise_of_Hesse_Darmstadt_1757_1830	mother	Countess_Palatine_Caroline_of_Zweibr_cken
Agatha_of_Lorraine	type	Person
Joan_I_Countess_of_Auvergne	spouse	John_II_of_France
Barbara_Jagiellon	child	Frederick_Hereditary_Prince_of_Saxony
Maria_Amalia_Duchess_of_Parma	type	Person
Manuel_I_of_Portugal	predecessor	John_II_of_Portugal
Maria_Anna_of_Savoy_Duchess_of_Chablais	type	Person
Ermengarde_of_Hesbaye	parent	Ingerman_Count_of_Hesbaye
Francesco_I_de_Medici_Grand_Duke_of_Tuscany	parent	Eleanor_of_Toledo
Antoinette_of_Bourbon	parent	Francis_Count_of_Vend_me
Philip_II_of_Spain	child	Philip_III_of_Spain
Robert_I_Count_of_Dreux	father	Louis_VI_of_France
A_nor_de_Ch_tellerault	father	Aimery_I_Viscount_of_Ch_tellerault
Marjorie_Bruce	type	Person
Guy_IV_Count_of_Saint_Pol	type	Person
Alfonso_X_of_Castile	child	John_of_Castile_Lord_of_Valencia_de_Campos
Dirk_III_Count_of_Holland	child	Dirk_IV_Count_of_Holland
Robert_II_of_France	father	Hugh_Capet
Philip_I_of_Castile	child	Isabella_of_Austria
Ferdinand_II_of_Aragon	child	Alonso_de_Arag_n
Yaroslav_the_Wise	child	Elisiv_of_Kiev
Mary_of_Guise	type	Person
Bernard_son_of_Charles_Martel	type	Person
Theobald_II_of_Navarre	predecessor	Theobald_I_of_Navarre
Henry_II_of_Namur	type	Person
Edward_III_of_England	mother	Isabella_of_France
Ferdinand_I_Holy_Roman_Emperor	mother	Joanna_of_Castile
Rudolph_III_of_Burgundy	predecessor	Conrad_I_of_Burgundy
Archduke_Franz_Karl_of_Austria	type	Person
Maria_of_Portugal_Queen_of_Castile	spouse	Alfonso_XI_of_Castile
Ercole_III_d_Este_Duke_of_Modena	type	Person
John_of_Charolais	type	Person
Guigues_VI_of_Viennois	type	Person
Margaret_Stewart_Dauphine_of_France	mother	Joan_Beaufort_Queen_of_Scots
Maria_Amalia_of_Saxony	mother	Maria_Josepha_of_Austria
John_I_Duke_of_Brittany	father	Peter_I_Duke_of_Brittany
Henry_I_Count_of_Champagne	mother	Matilda_of_Carinthia
Louis_X_of_France	successor	John_I_of_France
Andrew_Duke_of_Slavonia	type	Person
Marie_Th_r_se_of_France	type	Person
Charles_V_Duke_of_Lorraine	parent	Claude_Fran_oise_de_Lorraine
Eadgifu_of_Wessex	type	Person
Henry_the_Fowler	parent	Otto_I_Duke_of_Saxony
Rudolf_I_of_Germany	successor	Adolf_King_of_the_Romans
Andrew_II_of_Hungary	type	Person
Ren__of_Anjou	child	Louis_of_Anjou_Marquis_of_Pont___Mousson
Margaret_Stewart_born_c._1455	type	Person
Frederick_II_Count_of_Vaud_mont	type	Person
Adelaide_of_Maurienne	spouse	Louis_VI_of_France
Eug_nie_de_Montijo	mother	Mar_a_Manuela_Kirkpatrick_de_Grevign_e
Rozala_of_Italy	spouse	Robert_II_of_France
Jacquetta_of_Luxembourg	mother	Margaret_of_Baux
Ferdinand_Philippe_Duke_of_Orl_ans	father	Louis_Philippe_I
Sviatoslav_I	parent	Olga_of_Kiev
John_I_of_France	parent	Louis_X_of_France
Mary_Tudor_Queen_of_France	mother	Elizabeth_of_York
Fran_oise_Madeleine_d_Orl_ans	type	Person
Frederick_II_Duke_of_Lorraine	parent	Wierzchoslawa_Ludmilla_of_Greater_Poland
Joan_Countess_of_Ponthieu	parent	Marie_Countess_of_Ponthieu
Marie_Countess_of_Harcourt	type	Person
Ferdinand_Karl_Archduke_of_Austria_Este	child	Maria_Ludovika_of_Austria_Este
Marie_Ad_la_de_of_Savoy	parent	Victor_Amadeus_II_of_Sardinia
Elizabeth_of_Luxembourg	mother	Barbara_of_Cilli
Isabella_of_Portugal	child	Philip_II_of_Spain
Peter_I_Count_of_Alen_on	type	Person
Sancho_I_of_Portugal	child	Peter_I_Count_of_Urgell
Isabella_Duchess_of_Lorraine	predecessor	Charles_II_Duke_of_Lorraine
William_the_Younger_Duke_of_Brunswic_L_neburg	father	Ernest_I_Duke_of_Brunswic_L_neburg
Fran_oise_Marie_de_Bourbon	mother	Fran_oise_Ath_na_s_de_Rochechouart_Marquise_de_Montespan
Henry_VI_Count_of_Luxembourg	mother	Margaret_of_Bar
Fran_oise_Marie_de_Bourbon	father	Louis_XIV
Albert_Casimir_Duke_of_Teschen	type	Person
Henry_the_Lion	spouse	Clementia_of_Z_hringen
Henry_Stuart_Lord_Darnley	type	Person
Conrad_I_Count_of_Auxerre	spouse	Adelaide_of_Tours
Maria_Teresa_Cybo_Malaspina_Duchess_of_Massa	spouse	Eugene_Jean_Count_of_Soissons
Berchar	type	Person
Louis_the_Pious	child	Charles_the_Bald
Francis_I_Duke_of_Lorraine	mother	Ren_e_of_Bourbon
Philip_II_of_France	mother	Adela_of_Champagne
Philip_V_of_Spain	predecessor	Louis_I_of_Spain
Beatrice_of_Silesia	child	Louis_V_Duke_of_Bavaria
Sancha_heiress_of_Le_n	type	Person
Alfonso_X_of_Castile	child	James_of_Castile_Lord_of_Cameros
Charles_VII_of_France	child	Louis_XI
Blanche_of_Navarre_Queen_of_France	mother	Joan_II_of_Navarre
Philip_IV_of_Spain	parent	Philip_III_of_Spain
Maria_Amalia_of_Naples_and_Sicily	child	Ferdinand_Philippe_Duke_of_Orl_ans
Henry_son_of_Robert_I_of_Burgundy	parent	Helie_of_Semur
Isabella_II_of_Spain	type	Person
Galeazzo_Maria_Sforza	parent	Bianca_Maria_Visconti
Ermengarde_Countess_of_Maine	parent	Elias_I_Count_of_Maine
Hugh_II_Duke_of_Burgundy	predecessor	Odo_I_Duke_of_Burgundy
Baldwin_II_Count_of_Hainaut	type	Person
Anna_Maria_of_Ostfriesland	father	Enno_III_Count_of_East_Frisia
Peter_I_Duke_of_Brittany	predecessor	Alix_Duchess_of_Brittany
Richard_I_of_England	predecessor	Henry_II_of_England
Bertha_of_Holland	child	Constance_of_France_Princess_of_Antioch
Maria_Theresa_of_Spain	parent	Elisabeth_of_France_1602_1644
Sancho_I_of_Portugal	child	Sancha_Lady_of_Alenquer
Henry_VIII	type	Person
Margaret_of_Valois_Angoul_me	parent	Louise_of_Savoy
James_I_of_Aragon	spouse	Eleanor_of_Castile_died_1244
Sophia_Eleonore_of_Saxony	father	John_George_I_Elector_of_Saxony
Henry_Stuart_Lord_Darnley	parent	Margaret_Douglas
Clemens_Wenceslaus_of_Saxony	type	Person
John_Beaufort_1st_Earl_of_Somerset	type	Person
Ferdinand_II_of_Aragon	parent	Juana_Enr_quez
Victor_Amadeus_I_Duke_of_Savoy	predecessor	Charles_Emmanuel_I_Duke_of_Savoy
Philip_III_of_Spain	successor	Philip_IV_of_Spain
Yolande_of_Dreux_Duchess_of_Burgundy	father	Robert_III_Count_of_Dreux
Edgar__theling	type	Person
Charles_III_Duke_of_Savoy	predecessor	Philibert_II_Duke_of_Savoy
Ferdinand_II_of_Le_n	spouse	Urraca_L_pez_de_Haro
Isabelle_de_Beauvau	type	Person
John_II_Duke_of_Brittany	predecessor	John_I_Duke_of_Brittany
Constance_of_Arles	spouse	Robert_II_of_France
Louis_Count_of__vreux	child	Charles_d_vreux
Jacquetta_of_Luxembourg	parent	Peter_I_Count_of_Saint_Pol
Fulk_IV_Count_of_Anjou	predecessor	Geoffrey_III_Count_of_Anjou
Cosimo_I_de_Medici_Grand_Duke_of_Tuscany	spouse	Eleanor_of_Toledo
Henry_VI_of_England	predecessor	Edward_IV_of_England
Anne_of_Kiev	child	Hugh_Count_of_Vermandois
Blanca_of_Navarre_Queen_of_Castile	type	Person
Maria_Antonia_Ferdinanda_of_Spain	parent	Elisabeth_Farnese
Wilfred_the_Hairy	father	Sunifred_Count_of_Barcelona
Albert_I_of_Germany	mother	Gertrude_of_Hohenberg
Margaret_of_Brabant	father	John_I_Duke_of_Brabant
Frederuna	type	Person
Marie_Jeanne_Baptiste_of_Savoy_Nemours	type	Person
Wilhelmine_Amalie_of_Brunswick	mother	Benedicta_Henrietta_of_the_Palatinate
Louis_Philippe_II_Duke_of_Orl_ans	child	Louis_Philippe_I
Anna_Gr_fin_D_nhoff	type	Person
Philippa_Countess_of_Toulouse	type	Person
Judith_of_Poland	type	Person
Philip_II_of_France	child	Philip_I_Count_of_Boulogne
Marie_Jos_phine_of_Savoy	parent	Maria_Antonia_Ferdinanda_of_Spain
Louis_the_German	father	Louis_the_Pious
Eleanor_of_Navarre	spouse	Gaston_IV_Count_of_Foix
Philip_V_of_Spain	successor	Louis_I_of_Spain
Isabel_of_Barcelos	parent	Beatriz_Pereira_de_Alvim
Robert_II_of_Scotland	child	Robert_Stewart_Duke_of_Albany
Countess_Sophia_Albertine_of_Erbach_Erbach	parent	George_Louis_I_Count_of_Erbach_Erbach
Louis_I_Duke_of_Orl_ans	mother	Joanna_of_Bourbon
Teutberga	type	Person
Duchess_Helene_of_Mecklenburg_Schwerin	parent	Frederick_Louis_Hereditary_Grand_Duke_of_Mecklenburg_Schwerin
Robert_II_Duke_of_Burgundy	child	Blanche_of_Burgundy_Countess_of_Savoy
Philippe_I_Duke_of_Orl_ans	mother	Anne_of_Austria
Francesco_I_Sforza	type	Person
Louise_Ad_la_de_d_Orl_ans	type	Person
Anne_of_Bohemia_and_Hungary	child	Elizabeth_of_Austria_1526_1545
Henry_I_Count_of_Champagne	parent	Theobald_II_Count_of_Champagne
Anne_of_Cyprus	father	Janus_of_Cyprus
Francis_I_Holy_Roman_Emperor	parent	_lisabeth_Charlotte_d_Orl_ans
Eleanor_of_Viseu	type	Person
Marie_Eleonore_of_Cleves	type	Person
Antoine_Duke_of_Lorraine	predecessor	Ren__II_Duke_of_Lorraine
Elisabeth_of_France_1602_1644	parent	Marie_de_Medici
Wilhelmine_Amalie_of_Brunswick	type	Person
Willa_of_Burgundy	spouse	Boso_Margrave_of_Tuscany
Bonne_of_Artois	type	Person
Adelaide_Blanche_of_Anjou	spouse	Louis_V_of_France
Sibylla_of_Anjou	child	Philip_I_Count_of_Flanders
Louis_IX_of_France	parent	Louis_VIII_of_France
James_II_of_Scotland	child	Alexander_Stewart_Duke_of_Albany
Charles_Ren__de_Bombelles	type	Person
Frederick_I_Duke_of_Lorraine	parent	Bertha_Duchess_of_Lorraine
Cosimo_I_de_Medici_Grand_Duke_of_Tuscany	child	Maria_de_Medici_1540_1557
Remigius_of_Rouen	type	Person
Marie_Countess_of_Ponthieu	type	Person
Bianca_Cappello	spouse	Francesco_I_de_Medici_Grand_Duke_of_Tuscany
Matthew_Stewart_4th_Earl_of_Lennox	type	Person
Infanta_Maria_Josefa_of_Spain	type	Person
George_I_of_Great_Britain	mother	Sophia_of_Hanover
James_I_Count_of_La_Marche	parent	Louis_I_Duke_of_Bourbon
John_I_of_Castile	father	Henry_II_of_Castile
Christine_of_Saxony	child	Louis_IV_Landgrave_of_Hesse_Marburg
John_IV_Duke_of_Brittany	child	John_V_Duke_of_Brittany
Margaret_of_Foix	child	Anne_of_Brittany
Willa_of_Tuscany	predecessor	Ermengarde_of_Tuscany
Piero_the_Unfortunate	type	Person
Catherine_of_Foix_Countess_of_Candale	type	Person
Mary_of_Hungary_Queen_of_Naples	child	Raymond_Berengar_of_Andria
Margaret_Countess_of_Anjou	parent	Charles_II_of_Naples
Alix_of_Brittany_Dame_de_Pontarcy	type	Person
Maria_Anna_of_Bavaria_born_1551	child	Archduchess_Eleanor_of_Austria_1582_1620
Antoine_Duke_of_Lorraine	mother	Philippa_of_Guelders
John_I_Count_of_La_Marche	parent	James_I_Count_of_La_Marche
Albert_I_of_Germany	predecessor	Adolf_King_of_the_Romans
Ingegerd_Olofsdotter_of_Sweden	child	Elisiv_of_Kiev
Louis_II_of_Italy	type	Person
Maria_of_Aragon_Queen_of_Portugal	type	Person
Charles_V_Duke_of_Lorraine	spouse	Eleonore_of_Austria_Queen_of_Poland
Ida_Countess_of_Hainaut	type	Person
Ferdinand_I_Holy_Roman_Emperor	child	Archduchess_Eleanor_of_Austria
Henry_IV_of_England	type	Person
Jehan_de_Braine	type	Person
Hemma	child	Carloman_of_Bavaria
Pope_Clement_VII	type	Person
Ralph_IV_of_Valois	type	Person
Matthias_Holy_Roman_Emperor	type	Person
Maria_Theresa_of_Austria_Este_Queen_of_Sardinia	child	Maria_Anna_of_Savoy
Charles_II_of_Spain	predecessor	Philip_IV_of_Spain
Carloman_II	parent	Louis_the_Stammerer
Margaret_of_Savoy_Countess_of_Saint_Pol	spouse	Peter_II_Count_of_Saint_Pol
Margaret_of_Burgundy_Queen_of_France	spouse	Louis_X_of_France
Mieszko_III_the_Old	type	Person
Blanche_I_of_Navarre	type	Person
Baldwin_VI_Count_of_Flanders	type	Person
Louis_XVIII	spouse	Marie_Jos_phine_of_Savoy
Richard_Woodville_1st_Earl_Rivers	type	Person
Ferdinand_I_Holy_Roman_Emperor	child	Catherine_of_Austria_Queen_of_Poland
Charles_IV_Holy_Roman_Emperor	predecessor	Louis_IV_Holy_Roman_Emperor
Emma_of_Blois	spouse	William_IV_Duke_of_Aquitaine
Beatrice_of_Avesnes	spouse	Henry_VI_Count_of_Luxembourg
Aelis	type	Person
Afonso_V_of_Portugal	parent	Edward_King_of_Portugal
Ecgberht_King_of_Wessex	parent	Ealhmund_of_Kent
Ferdinand_Karl_Archduke_of_Austria_Este	child	Archduchess_Maria_Leopoldine_of_Austria_Este
Beatrice_of_Silesia	child	Matilda_of_Bavaria_Margravine_of_Meissen
Leopold_III_Duke_of_Austria	parent	Joanna_of_Pfirt
Prince_Vittorio_Amedeo_Teodoro_Duke_of_Aosta	type	Person
Hedwig_of_Formbach	spouse	Theodoric_II_Duke_of_Lorraine
Charles_V_of_France	type	Person
Marie_Antoinette	father	Francis_I_Holy_Roman_Emperor
John_II_Duke_of_Bavaria	type	Person
Claude_of_France	parent	Anne_of_Brittany
Elizabeth_of_Austria_1436_1505	child	Anna_Jagiellon_Duchess_of_Pomerania
Adelaide_of_Auxerre_born_c._870	parent	Waldrada_of_Worms
Adelaide_of_Tours	child	Odo_of_France
Rudolph_of_France	parent	Richard_Duke_of_Burgundy
Francis_I_of_the_Two_Sicilies	spouse	Mar_a_Isabella_of_Spain
Averardo_de_Medici	type	Person
Benedicta_Henrietta_of_the_Palatinate	parent	Edward_Count_Palatine_of_Simmern
Margaret_of_Bavaria	child	Philip_the_Good
Philip_II_Duke_of_Savoy	parent	Anne_of_Cyprus
Agnes_of_Rochlitz	father	Dedi_III_Margrave_of_Lusatia
Henry_II_Duke_of_Brabant	parent	Matilda_of_Boulogne_Duchess_of_Brabant
Frederick_III_Duke_of_Lorraine	spouse	Theobald_I_of_Navarre
Charles_III_of_Spain	predecessor	Charles_VI_Holy_Roman_Emperor
Sancha_of_Castile_Queen_of_Aragon	type	Person
Anne_of_Bohemia_1290_1313	type	Person
Dirk_III_Count_of_Holland	father	Arnulf_Count_of_Holland
Fernando_Mar_a_Mu_oz_y_Borb_n_2nd_Duke_of_Taranc_n	type	Person
Napoleon	mother	Letizia_Bonaparte
Afonso_of_Portugal_Lord_of_Portalegre	type	Person
Blanche_of_Castile	father	Alfonso_VIII_of_Castile
Blanche_of_Burgundy_Countess_of_Savoy	type	Person
Benedicta_Henrietta_of_the_Palatinate	mother	Anne_Gonzaga
Arnulf_II_Count_of_Flanders	mother	Matilda_of_Saxony_countess_of_Flanders
Maria_Anna_of_Bavaria_born_1551	child	Archduchess_Maria_Maddalena_of_Austria
Simon_II_Duke_of_Lorraine	type	Person
Maria_Amalia_of_Naples_and_Sicily	child	Prince_Louis_Duke_of_Nemours
John_King_of_England	predecessor	Richard_I_of_England
Margaret_of_Savoy_Countess_of_Saint_Pol	mother	Anne_of_Cyprus
Maria_Theresa_of_Savoy	child	Charles_Ferdinand_Duke_of_Berry
Theobald_III_Count_of_Blois	parent	Odo_II_Count_of_Blois
Henry_the_Fowler	father	Otto_I_Duke_of_Saxony
Philippe_Charles_Duke_of_Anjou	type	Person
Eleanor_of_Lancaster	parent	Henry_3rd_Earl_of_Lancaster
Alpaida	child	Charles_Martel
Arthur_II_Duke_of_Brittany	mother	Beatrice_of_England
Ren__of_Anjou	child	John_II_Duke_of_Lorraine
Guy_of_Ivrea	type	Person
Louis_VIII_of_France	parent	Isabella_of_Hainault
Dorotea_Gonzaga	type	Person
Katherine_of_Bavaria	type	Person
Henry_VII_of_England	child	Margaret_Tudor
_lffl_d_wife_of_Edward_the_Elder	spouse	Edward_the_Elder
Jacquetta_of_Luxembourg	type	Person
Countess_Palatine_Caroline_of_Zweibr_cken	parent	Countess_Caroline_of_Nassau_Saarbr_cken
Eleanor_of_Castile	child	Elizabeth_of_Rhuddlan
Margaret_Countess_of_Anjou	successor	Philip_VI_of_France
Simon_Count_of_Ponthieu	successor	Joan_Countess_of_Ponthieu
Beatrice_of_Portugal	type	Person
Frederick_IV_Duke_of_Brunswic_L_neburg	type	Person
Mary_of_Burgundy	predecessor	Charles_the_Bold
Catherine_I_Latin_Empress	type	Person
Christina_of_Salm	spouse	Francis_II_Duke_of_Lorraine
Peter_II_of_Aragon	type	Person
Theodoric_II_Duke_of_Lorraine	type	Person
Mary_of_Guise	spouse	Louis_II_d_Orl_ans_Duke_of_Longueville
Anne_Queen_of_Great_Britain	type	Person
Lothair_of_France	predecessor	Louis_IV_of_France
Ren__of_Anjou	child	Margaret_of_Anjou
Sibylla_of_Anjou	child	Matthew_Count_of_Boulogne
Alfred_the_Great	predecessor	_thelred_I_King_of_Wessex
Margaret_Stewart_Dauphine_of_France	father	James_I_of_Scotland
James_Stewart_Duke_of_Ross	type	Person
James_I_of_Aragon	child	Peter_III_of_Aragon
Philip_II_of_Spain	successor	Philip_III_of_Spain
Th_odrate_of_Troyes	spouse	Odo_of_France
Isabella_of_France	parent	Philip_IV_of_France
Cardinal_Infante_Afonso_of_Portugal	type	Person
Charles_Count_of_Valois	child	Joan_of_Valois_Countess_of_Hainaut
Herbert_III_of_Omois	type	Person
Louise_Marie_Ad_la_de_de_Bourbon_Duchess_of_Orl_ans	parent	Louis_Jean_Marie_de_Bourbon_Duke_of_Penthi_vre
Charles_VIII_of_France	father	Louis_XI
Francis_Hyacinth_Duke_of_Savoy	type	Person
Dirk_III_Count_of_Holland	successor	Dirk_IV_Count_of_Holland
Rudolph_II_of_Burgundy	predecessor	Berengar_I_of_Italy
Margaret_of_Bourbon_1438_1483	spouse	Philip_II_Duke_of_Savoy
Henry_X_Duke_of_Bavaria	type	Person
Anna_of_Austria_Queen_of_Spain	spouse	Philip_II_of_Spain
Marie_of_France_Duchess_of_Bar	child	Henry_of_Bar
Maria_Teresa_Felicitas_d_Este	mother	Charlotte_Agla__d_Orl_ans
Hedwig_of_Habsburg	type	Person
Charles_VI_Holy_Roman_Emperor	successor	Charles_III_of_Spain
Matilda_of_Carinthia	parent	Engelbert_Duke_of_Carinthia
John_de_Beaumont_2nd_Baron_Beaumont	type	Person
Maria_Anna_of_Naples_and_Sicily	type	Person
John_I_of_Portugal	predecessor	1383_1385_Portuguese_interregnum
Louis_IV_of_France	type	Person
Charles_Emmanuel_II_Duke_of_Savoy	spouse	Marie_Jeanne_Baptiste_of_Savoy_Nemours
Francis_I_of_France	mother	Louise_of_Savoy
Henry_VI_Count_of_Luxembourg	parent	Henry_V_Count_of_Luxembourg
Marie_Viscountess_of_Limoges	type	Person
Henri_Count_of_Chambord	spouse	Archduchess_Maria_Theresa_of_Austria_Este_1817_1886
Jacquetta_of_Luxembourg	child	John_Woodville
Giuliano_de_Medici_Duke_of_Nemours	type	Person
Ferdinand_I_of_the_Two_Sicilies	child	Maria_Clotilde_of_Naples_and_Sicily
Geoffrey_II_Count_of_G_tinais	spouse	Ermengarde_of_Anjou_Duchess_of_Burgundy
Charles_X	parent	Maria_Josepha_of_Saxony_Dauphine_of_France
Sviatoslav_I	spouse	Malusha
Marie_Elisabeth_of_France	type	Person
Henry_I_Duke_of_Brabant	type	Person
Francis_Duke_of_Guise	type	Person
Joan_of_Valois_Countess_of_Hainaut	mother	Margaret_Countess_of_Anjou
Charles_VII_of_France	child	Joan_of_France_Duchess_of_Bourbon
Elizabeth_of_Austria_1436_1505	child	Sigismund_I_the_Old
Charles_Martel	child	Hieronymus_son_of_Charles_Martel
Ren__II_Duke_of_Lorraine	father	Frederick_II_Count_of_Vaud_mont
Lorenzo_de_Medici_Duke_of_Urbino	parent	Piero_the_Unfortunate
Louis_the_Pious	spouse	Judith_of_Bavaria_died_843
Charles_Duke_of_Orl_ans	father	Louis_I_Duke_of_Orl_ans
Heilika_of_Lengenfeld	type	Person
John_of_Bohemia	parent	Henry_VII_Holy_Roman_Emperor
Princess_Maria_Fortunata_d_Este	type	Person
Ferdinand_III_of_Castile	parent	Berengaria_of_Castile
Leopold_I_Duke_of_Austria	type	Person
Archduke_Maximilian_of_Austria_Este	type	Person
Joan_I_of_Navarre	mother	Blanche_of_Artois
Charles_VII_Holy_Roman_Emperor	successor	Francis_I_Holy_Roman_Emperor
Louis_XV	parent	Marie_Ad_la_de_of_Savoy
Victor_Amadeus_II_of_Sardinia	child	Maria_Luisa_Gabriella_of_Savoy
Johann_Wilhelm_Elector_Palatine	type	Person
Maria_Theresa	child	Maria_Christina_Duchess_of_Teschen
Isabella_of_France	spouse	Edward_II_of_England
Fran_oise_Marie_de_Bourbon	child	Philippine__lisabeth_d_Orl_ans
Bertha_of_Holland	child	Louis_VI_of_France
Elisabeth_of_Courtenay	type	Person
Anna_Sophia_II_Abbess_of_Quedlinburg	type	Person
Dirk_II_Count_of_Holland	predecessor	Dirk_I_Count_of_Holland
Francis_I_of_France	child	Margaret_of_Valois_Duchess_of_Berry
Charles_VI_of_France	child	Isabella_of_Valois
Ferdinand_Karl_Archduke_of_Austria_Este	child	Francis_IV_Duke_of_Modena
Ramon_Berenguer_III_Count_of_Barcelona	type	Person
Charles_VII_of_France	father	Charles_VI_of_France
Maria_Luisa_of_Spain	child	Archduke_Joseph_of_Austria_Palatine_of_Hungary
Francesco_I_de_Medici_Grand_Duke_of_Tuscany	parent	Cosimo_I_de_Medici_Grand_Duke_of_Tuscany
Louis_Jean_Marie_de_Bourbon_Duke_of_Penthi_vre	spouse	Maria_Teresa_Felicitas_d_Este
Blanche_of_Brittany	parent	John_II_Duke_of_Brittany
Henry_Duke_of_Villena	type	Person
Mary_de_Bohun	parent	Joan_Fitzalan_Countess_of_Hereford
Catherine_de_Medici	child	Elisabeth_of_Valois
County_of_Trast_mara	type	Person
Sancho_Count_of_Provence	successor	Alfonso_II_Count_of_Provence
Edward_II_of_England	child	John_of_Eltham_Earl_of_Cornwall
Hugh_the_Great	father	Robert_I_of_France
Louis_XV	child	Philippe_Duke_of_Anjou
Maria_Beatrice_of_Savoy	type	Person
Marie_of_Brabant_Queen_of_France	mother	Adelaide_of_Burgundy_Duchess_of_Brabant
Charles_Count_of_Valois	mother	Isabella_of_Aragon_Queen_of_France
_lffl_d_wife_of_Edward_the_Elder	child	_lfweard_of_Wessex
William_I_Count_of_Burgundy	parent	Reginald_I_Count_of_Burgundy
Maria_of_Portugal_nun	type	Person
Constance_of_France_Princess_of_Antioch	type	Person
Edward_I_of_England	type	Person
Beatrice_of_England	child	Eleanor_of_Brittany_abbess
Denis_of_Portugal	predecessor	Afonso_III_of_Portugal
Frederick_II_Duke_of_Brunswic_L_neburg	spouse	Magdalene_of_Brandenburg_1412_1454
Louis_Bonaparte	type	Person
John_I_of_Castile	type	Person
Rudolph_Duke_of_Lorraine	child	John_I_Duke_of_Lorraine
Nicolas_Duke_of_Merc_ur	child	Charles_de_Lorraine_de_Vaud_mont
Gaston_IV_Count_of_Foix	type	Person
Maria_Amalia_of_Saxony	child	Infanta_Maria_Josefa_of_Spain
Maria_Teresa_Felicitas_d_Este	type	Person
Robert_I_Count_of_Dreux	mother	Adelaide_of_Maurienne
Afonso_III_of_Portugal	predecessor	Sancho_II_of_Portugal
Simon_Count_of_Ponthieu	type	Person
Poppa_of_Bayeux	type	Person
Jacquetta_of_Luxembourg	child	Lionel_Woodville
Napoleon_III	parent	Louis_Bonaparte
Charles_de_Lorraine_de_Vaud_mont	type	Person
Maria_Josepha_of_Austria	parent	Wilhelmine_Amalie_of_Brunswick
Philip_III_of_Navarre	child	Louis_Duke_of_Durazzo
Agnes_of_France_Duchess_of_Burgundy	child	Louis_of_Burgundy
Charles_the_Fat	parent	Hemma
Princess_Magdalena_Augusta_of_Anhalt_Zerbst	child	Fredericka_of_Saxe_Gotha_Altenburg
George_II_of_Great_Britain	parent	George_I_of_Great_Britain
Duchess_Anna_of_Prussia	type	Person
Mary_Stewart_Countess_of_Arran	type	Person
Eleanor_of_Aragon_Queen_of_Portugal	parent	Ferdinand_I_of_Aragon
Napoleon	child	Napoleon_II
Francis_I_Holy_Roman_Emperor	parent	Leopold_Duke_of_Lorraine
Dulce_of_Aragon	type	Person
Annabella_of_Scotland	type	Person
Maria_of_Swabia	type	Person
John_I_of_Aragon	spouse	Violant_of_Bar
Albert_Frederick_Duke_of_Prussia	type	Person
Ramon_Berenguer_II_Count_of_Barcelona	father	Ramon_Berenguer_I_Count_of_Barcelona
John_I_Count_of_La_Marche	father	James_I_Count_of_La_Marche
John_IV_Duke_of_Brittany	spouse	Joan_Holland_Duchess_of_Brittany
Charles_III_Duke_of_Lorraine	parent	Christina_of_Denmark
Hugh_IV_Duke_of_Burgundy	spouse	Beatrice_of_Navarre_Duchess_of_Burgundy
Beatrice_of_Provence	type	Person
John_IV_Marquis_of_Montferrat	type	Person
John_VII_Duke_of_Mecklenburg_Schwerin	parent	John_Albert_I_Duke_of_Mecklenburg
Ramon_Borrell_Count_of_Barcelona	father	Borrell_II_Count_of_Barcelona
Arnulf_Count_of_Holland	child	Dirk_III_Count_of_Holland
Baldwin_I_Margrave_of_Flanders	type	Person
Princess_Marie_Isabelle_of_Orl_ans	spouse	Prince_Philippe_Count_of_Paris
Robert_I_of_France	type	Person
Margaret_of_Savoy_Countess_of_Saint_Pol	father	Louis_Duke_of_Savoy
Carloman_II	father	Louis_the_Stammerer
Albert_I_of_Germany	child	Anne_of_Austria_Margravine_of_Brandenburg
Agnes_of_Beaujeu	spouse	Theobald_I_of_Navarre
Ernest_Augustus_Elector_of_Hanover	predecessor	John_Frederick_Duke_of_Brunswic_Calenberg
Napol_on_Charles_Bonaparte	type	Person
Margaret_of_Artois	father	Philip_of_Artois
Marie_Th_r_se_of_France	parent	Marie_Antoinette
Ferdinand_I_of_the_Two_Sicilies	spouse	Lucia_Migliaccio
Richeza_of_Poland_Queen_of_Sweden	parent	Salomea_of_Berg
Gertrude_of_Flanders_Countess_of_Savoy	type	Person
Margaret_of_the_Palatinate	type	Person
James_V_of_Scotland	child	Robert_Stewart_1st_Earl_of_Orkney
Constance_of_Portugal	spouse	Ferdinand_IV_of_Castile
Frederick_Duke_of_Bavaria	type	Person
Marie_of_Brittany_Lady_of_La_Guerche	type	Person
Gisela_of_Burgundy_Marchioness_of_Montferrat	type	Person
Countess_of_Pembroke	type	Person
Baldwin_II_Margrave_of_Flanders	type	Person
Louis_Duke_of_Savoy	spouse	Anne_of_Cyprus
George_III	predecessor	George_II_of_Great_Britain
Sancho_IV_of_Castile	spouse	Mar_a_de_Molina
Maximilian_II_Holy_Roman_Emperor	father	Ferdinand_I_Holy_Roman_Emperor
Eberhard_II_Count_of_W_rttemberg	spouse	John_I_Duke_of_Lorraine
Hugh_III_Duke_of_Burgundy	child	Guigues_VI_of_Viennois
Louis_IV_Holy_Roman_Emperor	child	Otto_V_Duke_of_Bavaria
Augustus_the_Elder_Duke_of_Brunswic_L_neburg	type	Person
Joanna_of_Pfirt	type	Person
Maria_Anna_Victoria_of_Bavaria	type	Person
Joanna_Sophia_of_Bavaria	type	Person
Anne_of_Kiev	parent	Ingegerd_Olofsdotter_of_Sweden
Isabella_of_Castile_Queen_of_Aragon	type	Person
Otto_II_Duke_of_Bavaria	spouse	Agnes_of_the_Palatinate
Philippe_II_Duke_of_Orl_ans	spouse	Fran_oise_Marie_de_Bourbon
Owen_Tudor	parent	Maredudd_ap_Tudur
Ren__of_Anjou	child	Yolande_Duchess_of_Lorraine
John_VI_of_Vend_me	type	Person
Alfonso_II_of_Aragon	predecessor	Ramon_Berenguer_IV_Count_of_Barcelona
John_IV_Duke_of_Brittany	successor	John_V_Duke_of_Brittany
Louis_Duke_of_Savoy	predecessor	Amadeus_VIII_Duke_of_Savoy
Philip_V_of_Spain	spouse	Elisabeth_Farnese
Sancho_III_of_Castile	successor	Alfonso_VIII_of_Castile
Louise_Marie_Ad_la_de_de_Bourbon_Duchess_of_Orl_ans	child	Antoine_Philippe_Duke_of_Montpensier
Alan_Stewart_of_Darnley	father	John_Stewart_of_Darnley
Empress_Matilda	type	Person
Margaret_of_France_Duchess_of_Brabant	type	Person
Stephen_King_of_England	successor	Henry_II_of_England
Robert_I_Count_of_Flanders	type	Person
Alfonso_VIII_of_Castile	successor	Henry_I_of_Castile
Charles_the_Simple	spouse	Eadgifu_of_Wessex
Mar_a_Isabella_of_Spain	child	Charles_Ferdinand_Prince_of_Capua
Charles_the_Simple	parent	Adelaide_of_Paris
Henry_VII_Holy_Roman_Emperor	type	Person
Ansgarde_of_Burgundy	type	Person
Louis_I_Duke_of_Orl_ans	child	Margaret_Countess_of_Vertus
Isabel_of_Coimbra	type	Person
Eleanor_of_Navarre	parent	John_II_of_Aragon
L_opold_Cl_ment_Hereditary_Prince_of_Lorraine	type	Person
Princess_Henriette_Adelaide_of_Savoy	type	Person
Elisabeth_of_Nuremberg	type	Person
Berthold_I_of_Istria	type	Person
Henry_II_Duke_of_Brabant	type	Person
Philip_William_Elector_Palatine	spouse	Landgravine_Elisabeth_Amalie_of_Hesse_Darmstadt
Beatrice_of_Castile_Marchioness_of_Montferrat	type	Person
Alexander_I_of_Scotland	type	Person
Joanna_of_Bourbon	spouse	Charles_V_of_France
Philip_III_of_Spain	spouse	Margaret_of_Austria_Queen_of_Spain
Stephen_III_Duke_of_Bavaria	spouse	Elisabeth_of_Cleves
Gaston_IV_Count_of_Foix	spouse	Eleanor_of_Navarre
Alfonso_II_of_Aragon	parent	Petronilla_of_Aragon
Louise_of_Orl_ans	type	Person
Emma_of_France	type	Person
John_of_Gaunt	child	Henry_Beaufort
Louis_I_Duke_of_Bourbon	parent	Robert_Count_of_Clermont
Anne_of_Bohemia_and_Hungary	mother	Anne_of_Foix_Candale
Bertha_of_Burgundy	father	Conrad_I_of_Burgundy
Princess_Matilde_d_Este	type	Person
Peter_II_of_Courtenay	type	Person
Peter_of_Courtenay_Lord_of_Conches	father	Robert_of_Courtenay_Lord_of_Champignelles
Counts_and_dukes_of_Aumale	type	Person
Philip_of_France_1116_1131	father	Louis_VI_of_France
Alice_Holland_Countess_of_Kent	parent	Eleanor_of_Lancaster
Robert_II_Count_of_Dreux	predecessor	Robert_I_Count_of_Dreux
Henry_IV_of_England	predecessor	John_of_Gaunt
Maria_Carolina_of_Austria	child	Leopold_Prince_of_Salerno
Charles_Duke_of_Orl_ans	mother	Valentina_Visconti_Duchess_of_Orl_ans
Gaston_de_Foix_Count_of_Candale	type	Person
Alice_of_Namur	type	Person
Louis_I_of_Spain	type	Person
Maria_Beatrice_d_Este_Duchess_of_Massa	mother	Maria_Teresa_Cybo_Malaspina_Duchess_of_Massa
Letizia_Bonaparte	type	Person
Henry_the_Fowler	child	Thankmar
Marie_de_Ch_tillon_1323_1363	spouse	Rudolph_Duke_of_Lorraine
Adalbert_I_of_Ivrea	type	Person
Marie_of_Savoy_Countess_of_Saint_Pol	type	Person
Edward_King_of_Portugal	child	Joan_of_Portugal
Isabella_Duchess_of_Lorraine	type	Person
Margaret_of_Brieg	child	John_III_Duke_of_Bavaria
Louis_Philippe_I	predecessor	Charles_X
John_of_Bohemia	mother	Margaret_of_Brabant
Blanche_of_Castile	child	Isabelle_of_France_saint
Alexander_Stewart_Duke_of_Rothesay	type	Person
Eleanor_of_Portugal_Holy_Roman_Empress	parent	Eleanor_of_Aragon_Queen_of_Portugal
Charles_IX_of_France	parent	Henry_II_of_France
Odo_I_Duke_of_Burgundy	child	Helie_of_Burgundy
Marie_de_Medici	child	Henrietta_Maria
Henry_II_of_England	type	Person
Charles_VIII_of_France	successor	Louis_XII
Theobald_II_Count_of_Champagne	father	Stephen_Count_of_Blois
Amadeus_II_Count_of_Savoy	type	Person
Philip_III_of_Navarre	parent	Louis_Count_of__vreux
Gertrude_of_Hohenberg	child	Albert_I_of_Germany
Afonso_I_of_Portugal	successor	Sancho_I_of_Portugal
Hortense_de_Beauharnais	mother	Empress_Jos_phine
Marie_de_Medici	spouse	Henry_IV_of_France
Louis_XIV	child	Louis_Count_of_Vermandois
Philip_II_of_Spain	successor	Elizabeth_I
Empress_Jos_phine	type	Person
Robert_II_of_France	parent	Adelaide_of_Aquitaine
Philip_of_Artois	type	Person
Theobald_II_of_Navarre	successor	Henry_I_of_Navarre
Richard_Count_of__tampes	spouse	Margaret_Countess_of_Vertus
Philip_the_Good	successor	Charles_the_Bold
Beatrice_of_Savoy	child	Margaret_of_Provence
Louis_Duke_of_Burgundy	mother	Maria_Anna_Victoria_of_Bavaria
Robert_II_Duke_of_Burgundy	predecessor	Hugh_IV_Duke_of_Burgundy
Lady_Margaret_Beaufort	type	Person
Edward_King_of_Portugal	type	Person
James_III_of_Scotland	parent	Mary_of_Guelders
Marie_Antoinette	child	Marie_Th_r_se_of_France
Count_of_Boulogne	type	Person
Rudolph_of_France	type	Person
Charles_IV_of_France	spouse	Blanche_of_Burgundy
Louis_Antoine_Duke_of_Angoul_me	parent	Charles_X
Maximilian_I_Holy_Roman_Emperor	child	Margaret_of_Austria_Duchess_of_Savoy
Casimir_II_the_Just	type	Person
Beatrice_of_Brandenburg	type	Person
Henry_I_of_France	spouse	Anne_of_Kiev
Yolande_of_Aragon	mother	Violant_of_Bar
Mahaut_Countess_of_Artois	father	Robert_II_Count_of_Artois
Victor_Amadeus_I_Duke_of_Savoy	parent	Catalina_Micaela_of_Spain
Louis_Philippe_II_Duke_of_Orl_ans	type	Person
Maria_Teresa_of_Savoy_1803_1879	type	Person
Philip_II_of_France	type	Person
Joan_II_of_Navarre	mother	Margaret_of_Burgundy_Queen_of_France
John_I_of_Portugal	parent	Teresa_Louren_o
Theobald_III_Count_of_Champagne	father	Henry_I_Count_of_Champagne
Emmanuel_Philibert_Duke_of_Savoy	parent	Beatrice_of_Portugal_Duchess_of_Savoy
William_de_Beauchamp_9th_Earl_of_Warwick	type	Person
Rotrude_of_Hesbaye	type	Person
Albert_II_Duke_of_Austria	parent	Albert_I_of_Germany
Thomas_of_Lancaster_Duke_of_Clarence	type	Person
Henry_III_of_England	type	Person
Louis_III_of_France	successor	Carloman_II
Countess_Palatine_Dorothea_Sophie_of_Neuburg	father	Philip_William_Elector_Palatine
Ferdinand_Duke_of_Viseu	father	Edward_King_of_Portugal
Bonne_of_Luxembourg	child	Isabella_Countess_of_Vertus
Henry_the_Lion	successor	Otto_I_Duke_of_Bavaria
Robert_II_of_Scotland	child	Robert_III_of_Scotland
Beatriz_of_Portugal_Duchess_of_Viseu	mother	Isabel_of_Barcelos
Margaret_Countess_of_Vertus	type	Person
Richard_Fitzalan_3rd_Earl_of_Arundel	type	Person
Bernard_I_Duke_of_Brunswic_L_neburg	parent	Magnus_II_Duke_of_Brunswic_L_neburg
Isabelle_de_Beauvau	spouse	John_VIII_Count_of_Vend_me
Margaret_of_Flanders_Duchess_of_Brabant	mother	Matilda_of_B_thune
Theobald_I_of_Navarre	type	Person
parent	type	http://www.w3.org/1999/02/22_rdf_syntax_ns#Property
Judith_of_Habsburg	type	Person
Philip_Count_of_Longueville	type	Person
Tribal_chief	type	Person
Louis_I_Duke_of_Bar	type	Person
Hemma	child	Louis_the_Younger
Marie_of_France_Duchess_of_Bar	child	Louis_I_Duke_of_Bar
Philip_I_of_France	mother	Anne_of_Kiev
Rudolf_I_of_Germany	child	Clemence_of_Austria
Louise__lisabeth_of_France	spouse	Philip_Duke_of_Parma
Princess_Louise_of_Hesse_Darmstadt_1757_1830	child	Princess_Caroline_Louise_of_Saxe_Weimar_Eisenach
Marie_de_Bourbon_Princess_of_Achaea	type	Person
Begga	type	Person
Alexandre_de_Beauharnais	type	Person
August_of_Saxe_Weissenfels_1650_1674	type	Person
Francis_Duke_of_Anjou	parent	Catherine_de_Medici
Edward_the_Elder	child	_lfweard_of_Wessex
Charles_I_of_Anjou	type	Person
Margaret_of_Provence	parent	Beatrice_of_Savoy
Otto_I_Duke_of_Bavaria	father	Otto_IV_Count_of_Scheyern
Louis_Alexandre_Prince_of_Lamballe	type	Person
Anne_of_Brittany	child	Ren_e_of_France
Richard_Count_of__tampes	parent	Joan_of_Navarre_Queen_of_England
Ragenfrid	successor	Charles_Martel
Elisabeth_of_Sicily_Duchess_of_Bavaria	spouse	Stephen_II_Duke_of_Bavaria
Adolf_Duke_of_Holstei_Gottorp	type	Person
Welf_I_Duke_of_Bavaria	type	Person
Richilde_Countess_of_Hainaut	spouse	Baldwin_VI_Count_of_Flanders
Jacquetta_of_Luxembourg	child	Elizabeth_Woodville
Charles_Count_of_Valois	child	Catherine_of_Valois_Courtenay
Gertrude_of_Hohenberg	child	Albert_II_Duke_of_Saxony
James_I_of_Scotland	mother	Anabella_Drummond
Pauline_Bonaparte	type	Person
Anna_Porphyrogenita	spouse	Vladimir_the_Great
Desiderius	type	Person
Alfred_the_Great	child	_thelweard_son_of_Alfred
Denis_of_Portugal	child	Afonso_IV_of_Portugal
Christine_of_Saxony	parent	George_Duke_of_Saxony
Philip_III_of_Spain	type	Person
Princess_Eleonora_of_Savoy	type	Person
Bonne_of_Luxembourg	type	Person
Henry_V_Count_of_Luxembourg	successor	Henry_VI_Count_of_Luxembourg
Fernando_S_nchez_2nd_Count_of_Alburquerque	type	Person
Bertha_of_Holland	father	Floris_I_Count_of_Holland
Alexander_Sigismund_von_der_Pfalz_Neuburg	type	Person
Ferdinand_I_of_Aragon	spouse	Eleanor_of_Alburquerque
Robert_II_of_France	child	Henry_I_of_France
Antoine_of_Navarre	type	Person
Raymond_Berengar_of_Andria	type	Person
Duchess_Helene_of_Mecklenburg_Schwerin	spouse	Ferdinand_Philippe_Duke_of_Orl_ans
Afonso_IV_of_Portugal	type	Person
John_Constable_of_Portugal	spouse	Isabel_of_Barcelos
Mary_of_Guise	parent	Claude_Duke_of_Guise
Louis_VI_of_France	child	Henry_of_France_Archbishop_of_Reims
Elizabeth_Woodville	child	Elizabeth_of_York
Blanche_II_of_Navarre	type	Person
Archduke_Karl_Ambrosius_of_Austria_Este	type	Person
John_II_of_Portugal	parent	Afonso_V_of_Portugal
Charles_Emmanuel_II_Duke_of_Savoy	spouse	Fran_oise_Madeleine_d_Orl_ans
Ernest_Augustus_Elector_of_Hanover	spouse	Sophia_of_Hanover
Otto_I_Duke_of_Brunswic_L_neburg	father	William_of_Winchester_Lord_of_Lunenburg
George_III	parent	Frederick_Prince_of_Wales
Alfonso_V_of_Aragon	type	Person
Rudolph_I_of_Burgundy	parent	Conrad_II_Duke_of_Transjurane_Burgundy
Prince_Octavius_of_Great_Britain	type	Person
Princess_Marie_Isabelle_of_Orl_ans	mother	Infanta_Luisa_Fernanda_Duchess_of_Montpensier
Frederick_III_Duke_of_Lorraine	type	Person
John_II_of_Aragon	predecessor	Blanche_I_of_Navarre
Louis_Dauphin_of_France_son_of_Louis_XV	spouse	Maria_Teresa_Rafaela_of_Spain
Francis_II_Holy_Roman_Emperor	parent	Maria_Luisa_of_Spain
Hugh_II_Duke_of_Burgundy	successor	Odo_II_Duke_of_Burgundy
Ermengarde_of_Hesbaye	father	Ingerman_Count_of_Hesbaye
Antoinette_of_Bourbon	father	Francis_Count_of_Vend_me
Gerard_Duke_of_Lorraine	child	Theodoric_II_Duke_of_Lorraine
Charles_X	spouse	Marie_Antoinette
Victor_Amadeus_I_Duke_of_Savoy	type	Person
Bernard_of_Gothia	successor	Wilfred_the_Hairy
Ladislaus_IV_of_Hungary	type	Person
Louise__lisabeth_of_France	child	Princess_Isabella_of_Parma
Ferdinand_Philippe_Duke_of_Orl_ans	mother	Maria_Amalia_of_Naples_and_Sicily
Henry_Count_of_Portugal	father	Henry_son_of_Robert_I_of_Burgundy
Louis_Philippe_I	successor	Ferdinand_Philippe_Duke_of_Orl_ans
Archduchess_Anna_of_Austria	child	Ferdinand_of_Bavaria_soldier
Sophia_of_Minsk	parent	Richeza_of_Poland_Queen_of_Sweden
Catherine_Henriette_de_Bourbon	type	Person
Giovanni_di_Bicci_de_Medici	type	Person
George_I_of_Great_Britain	type	Person
Denis_of_Portugal	successor	Afonso_IV_of_Portugal
Violant_of_Bar	spouse	John_I_of_Aragon
Pedro_Fern_ndez_de_Castro	type	Person
Henry_III_of_France	predecessor	Charles_IX_of_France
Louis_XIV	child	Louise_de_Maisonblanche
Rudolph_of_France	successor	Louis_IV_of_France
Maria_of_Austria_Holy_Roman_Empress	child	Archduke_Wenceslaus_of_Austria
Emanuel_Filibert_of_Savoy	type	Person
Baldwin_II_Margrave_of_Flanders	parent	Judith_of_Flanders
Catherine_of_Valois	child	Henry_VI_of_England
John_III_Duke_of_Brittany	predecessor	Arthur_II_Duke_of_Brittany
Reginald_I_Count_of_Burgundy	parent	Ermentrude_de_Roucy
Otto_I_Duke_of_Bavaria	type	Person
Frederick_II_Count_of_Vaud_mont	parent	Marie_Countess_of_Harcourt
Robert_I_of_France	parent	Robert_the_Strong
James_Stewart_the_Black_Knight_of_Lorn	type	Person
Prince_Frederick_of_Great_Britain	type	Person
Catherine_de_Medici	child	Louis_of_Valois
Eleanor_of_Aquitaine	spouse	Henry_II_of_England
Engeltrude_de_F_zensac	parent	Leuthard_I_of_Paris
Bona_of_Savoy	father	Louis_Duke_of_Savoy
Isabel_of_Barcelos	type	Person
James_II_of_Majorca	type	Person
Frederick_of_Castile	type	Person
Philip_V_of_Spain	parent	Louis_Dauphin_of_France_son_of_Louis_XIV
Leopold_II_Holy_Roman_Emperor	parent	Francis_I_Holy_Roman_Emperor
John_Stewart_3rd_Lord_of_Aubigny	type	Person
Princess_Magdalena_Augusta_of_Anhalt_Zerbst	child	Princess_Augusta_of_Saxe_Gotha
John_I_of_France	father	Louis_X_of_France
Margaret_of_Bavaria	father	Albert_I_Duke_of_Bavaria
Edward_IV_of_England	type	Person
John_I_of_Aragon	spouse	Louis_II_of_Anjou
Owen_Tudor	spouse	Catherine_of_Valois
Jeanne_d_Albret	mother	Margaret_of_Valois_Angoul_me
Maria_Anna_of_Bavaria_born_1551	type	Person
Maria_Theresa	predecessor	Charles_VI_Holy_Roman_Emperor
Joan_Holland_Duchess_of_Brittany	spouse	John_IV_Duke_of_Brittany
Marie_Ad_la_de_of_Savoy	father	Victor_Amadeus_II_of_Sardinia
Francis_II_of_France	spouse	Mary_Queen_of_Scots
Marie_Antoinette	child	Louis_XVII
Albert_I_Duke_of_Bavaria	spouse	Margaret_of_Brieg
Louis_Philippe_II_Duke_of_Orl_ans	child	Antoine_Philippe_Duke_of_Montpensier
Ealhswith	spouse	Alfred_the_Great
Isabella_I_of_Castile	parent	John_II_of_Castile
Maria_Teresa_Cybo_Malaspina_Duchess_of_Massa	successor	Maria_Beatrice_d_Este_Duchess_of_Massa
Prince_Bernhard_of_Saxe_Weimar_Eisenach_1792_1862	type	Person
Sancho_II_of_Portugal	predecessor	Afonso_II_of_Portugal
Louis_Dauphin_of_France_son_of_Louis_XIV	type	Person
Peter_I_of_Portugal	mother	Beatrice_of_Castile_1293_1359
Princess_Magdalena_Augusta_of_Anhalt_Zerbst	child	Johann_Adolf_of_Saxe_Gotha_Altenburg
Robert_Stewart_1st_Earl_of_Orkney	type	Person
Sophia_of_Istria	spouse	Berthold_II_Count_of_Andechs
Cosimo_de_Medici	type	Person
Elizabeth_I	type	Person
Yolande_of_Aragon	child	Ren__of_Anjou
Philippa_of_Bar	type	Person
Maud_FitzJohn_Countess_of_Warwick	spouse	William_de_Beauchamp_9th_Earl_of_Warwick
Sancho_I_of_Portugal	mother	Matilda_of_Savoy_Queen_of_Portugal
Mar_a_Manuela_Kirkpatrick_de_Grevign_e	type	Person
Archduchess_Maria_Anna_of_Austria_born_1738	type	Person
Henry_Beaufort	type	Person
Beatrice_of_Vermandois	type	Person
Louise_of_Savoy	spouse	Charles_Count_of_Angoul_me
Elizabeth_Gordon_Countess_of_Huntly	child	Adam_Gordon_of_Auchindoun
James_I_of_Aragon	child	James_II_of_Majorca
Albert_IV_Count_of_Habsburg	father	Rudolf_II_Count_of_Habsburg
Albert_II_of_Germany	type	Person
Hugh_II_Duke_of_Burgundy	type	Person
Francis_I_of_the_Two_Sicilies	spouse	Archduchess_Maria_Clementina_of_Austria
Anne_of_Bohemia_and_Hungary	child	Charles_II_Archduke_of_Austria
Marie_of_Luxembourg_Countess_of_Vend_me	spouse	Francis_Count_of_Vend_me
Malusha	type	Person
Bernab__Visconti	spouse	Beatrice_Regina_della_Scala
Edward_Woodville_Lord_Scales	type	Person
Philip_IV_of_Spain	father	Philip_III_of_Spain
Louis_XVIII	parent	Maria_Josepha_of_Saxony_Dauphine_of_France
Anne_of_Cyprus	type	Person
James_I_Count_of_La_Marche	mother	Mary_of_Avesnes
Jean_de_Montagu	type	Person
Empress_Matilda	spouse	Henry_V_Holy_Roman_Emperor
Anne_of_Austria	type	Person
Adelaide_of_Tours	parent	Hugh_of_Tours
Anne_of_Kiev	father	Yaroslav_the_Wise
House_of_Wittelsbach	type	Person
Ermengarde_Countess_of_Maine	father	Elias_I_Count_of_Maine
Charles_V_of_France	child	Jean_de_Montagu
Robert_II_Duke_of_Burgundy	child	Margaret_of_Burgundy_Queen_of_France
Matilda_of_Scotland	spouse	Henry_I_of_England
Anne_of_Cyprus	child	Margaret_of_Savoy_Countess_of_Saint_Pol
John_I_Count_of_Aumale	predecessor	Joan_Countess_of_Ponthieu
Maria_Josepha_of_Austria	child	Frederick_Christian_Elector_of_Saxony
Maria_Vittoria_of_Savoy	type	Person
Catherine_de_Medici	parent	Lorenzo_de_Medici_Duke_of_Urbino
Alexander_Jagiellon	type	Person
Antoine_Philippe_Duke_of_Montpensier	type	Person
John_Stewart_of_Darnley	parent	Alexander_Stewart_of_Darnley_died_1404
Theobald_I_of_Navarre	parent	Blanche_of_Navarre_Countess_of_Champagne
Yolande_of_Aragon	child	Charles_Count_of_Maine
Louise_of_Lorraine	parent	Nicolas_Duke_of_Merc_ur
Francis_II_Duke_of_Lorraine	child	Marguerite_of_Lorraine
Antoinette_of_Bourbon	child	Ren__Marquis_of_Elbeuf
Otto_I_Holy_Roman_Emperor	predecessor	Berengar_II_of_Italy
Salomea_of_Berg	child	Casimir_II_the_Just
John_II_of_France	parent	Joan_the_Lame
Eleanor_of_Castile_died_1244	type	Person
Johann_Adolf_I_Duke_of_Saxe_Weissenfels	type	Person
Elizabeth_of_Luxembourg	type	Person
Henry_VI_of_England	type	Person
Elisabeth_of_Nuremberg	child	Otto_I_Count_Palatine_of_Mosbach
Henry_I_of_Navarre	successor	Joan_I_of_Navarre
Jacquetta_of_Luxembourg	father	Peter_I_Count_of_Saint_Pol
William_X_Duke_of_Aquitaine	parent	Philippa_Countess_of_Toulouse
Alfonso_VII_of_Le_n_and_Castile	child	Urraca_of_Castile_Queen_of_Navarre
Estrid_of_the_Obotrites	child	Ingegerd_Olofsdotter_of_Sweden
Isabella_Clara_Eugenia	type	Person
Prince_Philippe_Count_of_Paris	successor	French_Revolution_of_1848
Alfonso_II_of_Aragon	child	Constance_of_Aragon
John_Count_of_Chalon	spouse	Hugh_de_Courtenay
Ramon_Berenguer_II_Count_of_Barcelona	mother	Almodis_de_la_Marche
Mar_a_Isabella_of_Spain	parent	Charles_IV_of_Spain
Madeleine_of_Valois	type	Person
Muzio_Attendolo_Sforza	type	Person
Simon_I_de_Montfort	predecessor	Amaury_I_de_Montfort
Henrietta_Maria	child	Henrietta_of_England
Gertrude_of_Saxony	type	Person
Maria_Josepha_of_Austria	child	Clemens_Wenceslaus_of_Saxony
Ferdinand_I_of_Aragon	child	John_II_of_Aragon
Elisabeth_Christine_of_Brunswic_Wolfenb_ttel	mother	Princess_Christine_Louise_of_Oettinge_Oettingen
Francis_IV_Duke_of_Modena	father	Ferdinand_Karl_Archduke_of_Austria_Este
Simon_I_Duke_of_Lorraine	child	Matthias_I_Duke_of_Lorraine
Elizabeth_Gordon_Countess_of_Huntly	spouse	George_Gordon_4th_Earl_of_Huntly
Joan_Fitzalan_Countess_of_Hereford	spouse	Humphrey_de_Bohun_7th_Earl_of_Hereford
Mary_of_Guelders	type	Person
Ferdinand_II_of_Aragon	parent	John_II_of_Aragon
Frederick_Prince_of_Wales	parent	George_II_of_Great_Britain
Catherine_of_Valois_Courtenay	type	Person
Christine_of_Saxony	child	Agnes_of_Hesse
Otto_II_Count_of_Chiny	spouse	Godfrey_I_Count_of_Louvain
Countess_Sophia_Albertine_of_Erbach_Erbach	father	George_Louis_I_Count_of_Erbach_Erbach
Joan_II_Countess_of_Burgundy	predecessor	Otto_IV_Count_of_Burgundy
Ferdinand_I_of_the_Two_Sicilies	child	Prince_Gennaro_of_Naples_and_Sicily
Maria_Christina_of_the_Two_Sicilies	parent	Francis_I_of_the_Two_Sicilies
Henry_VI_Count_of_Luxembourg	child	Baldwin_of_Luxembourg
Ebalus_Duke_of_Aquitaine	type	Person
Marie_Louise_of_France_1728_1733	type	Person
Thomas_Count_of_Savoy	spouse	Margaret_of_Geneva
Louis_Duke_of_Savoy	successor	Amadeus_IX_Duke_of_Savoy
Princess_Augusta_of_Saxe_Gotha	mother	Princess_Magdalena_Augusta_of_Anhalt_Zerbst
Beatriz_of_Portugal_Duchess_of_Viseu	type	Person
Louise_of_Lorraine	spouse	Henry_III_of_France
Matilda_of_France	type	Person
Adelaide_of_Burgundy_Duchess_of_Brabant	parent	Yolande_of_Dreux_Duchess_of_Burgundy
Berthold_Duke_of_Merania	parent	Berthold_I_of_Istria
Louis_IV_Holy_Roman_Emperor	child	Stephen_II_Duke_of_Bavaria
Henry_I_Count_of_Champagne	father	Theobald_II_Count_of_Champagne
Philip_IV_of_France	spouse	Joan_I_of_Navarre
Edward_the_Elder	child	Edith_of_Polesworth
Peter_I_Duke_of_Bourbon	parent	Mary_of_Avesnes
George_Duke_of_Saxony	spouse	Barbara_Jagiellon
Mary_Queen_of_Scots	type	Person
Louis_IX_of_France	father	Louis_VIII_of_France
John_II_of_Aragon	spouse	Juana_Enr_quez
Joan_II_Countess_of_Burgundy	mother	Mahaut_Countess_of_Artois
Maria_Teresa_Cybo_Malaspina_Duchess_of_Massa	predecessor	Alderano_I_Cybo_Malaspina
Louis_Alexandre_Count_of_Toulouse	type	Person
Berthold_Duke_of_Merania	parent	House_of_Wittelsbach
Archbishop_of_Cologne	type	Person
Schwerin	type	Person
Louis_II_of_Anjou	child	Louis_III_of_Anjou
Alfonso_VIII_of_Castile	spouse	Eleanor_of_England_Queen_of_Castile
Ermengarde_of_Anjou_d._1146	type	Person
Geoffrey_IV_Count_of_Anjou	type	Person
Afonso_II_of_Portugal	spouse	Urraca_of_Castile_Queen_of_Portugal
Francesco_I_de_Medici_Grand_Duke_of_Tuscany	child	Antonio_de_Medici
Princess_Caroline_Louise_of_Saxe_Weimar_Eisenach	type	Person
Isabella_de_Beauchamp	parent	William_de_Beauchamp_9th_Earl_of_Warwick
Henry_the_Fowler	type	Person
James_I_Count_of_La_Marche	father	Louis_I_Duke_of_Bourbon
Maria_Luisa_of_Spain	child	Archduke_John_of_Austria
Philippe_I_Duke_of_Orl_ans	spouse	Elizabeth_Charlotte_Madame_Palatine
Galeazzo_Maria_Sforza	father	Francesco_I_Sforza
Frederick_III_Holy_Roman_Emperor	parent	Ernest_Duke_of_Austria
George_III	child	Prince_Edward_Duke_of_Kent_and_Strathearn
Hugh_de_Courtenay	spouse	John_Count_of_Chalon
John_I_of_Castile	child	Ferdinand_I_of_Aragon
Margaret_Countess_of_Anjou	father	Charles_II_of_Naples
Charlotte_of_Savoy	parent	Louis_Duke_of_Savoy
William_of_Winchester_Lord_of_Lunenburg	parent	Matilda_of_England_Duchess_of_Saxony
Matilda_of_T_bingen	type	Person
Alfonso_IX_of_Le_n	parent	Urraca_of_Portugal
Princess_Magdalena_Augusta_of_Anhalt_Zerbst	child	Prince_William_of_Saxe_Gotha_Altenburg
Albrecht_of_Saxe_Weissenfels	type	Person
Catherine_of_Lancaster	type	Person
Bertrade_of_Montfort	child	Fulk_King_of_Jerusalem
Hugh_de_Courtenay	type	Person
Victor_Amadeus_III_of_Sardinia	predecessor	Charles_Emmanuel_III_of_Sardinia
Albert_I_Duke_of_Bavaria	type	Person
John_Stewart_3rd_Earl_of_Lennox	type	Person
Peter_II_of_Aragon	parent	Alfonso_II_of_Aragon
Matilda_of_Bavaria_Margravine_of_Meissen	type	Person
Philip_of_Castile_Lord_of_Cabrera_and_Ribera	type	Person
Yaroslav_the_Wise	child	Anastasia_of_Kiev
Eadgifu_of_Wessex	mother	_lffl_d_wife_of_Edward_the_Elder
Theresa_of_Portugal_Queen_of_Le_n	type	Person
Charles_Count_of_Valois	child	Philip_VI_of_France
George_III	father	Frederick_Prince_of_Wales
Henry_I_of_Castile	type	Person
Louis_Philippe_I_Duke_of_Orl_ans	child	Louis_Philippe_II_Duke_of_Orl_ans
Sverker_I_of_Sweden	type	Person
Piccarda_Bueri	spouse	Giovanni_di_Bicci_de_Medici
James_I_of_Aragon	child	Isabella_of_Aragon_Queen_of_France
Rudolph_I_of_Burgundy	father	Conrad_II_Duke_of_Transjurane_Burgundy
Charles_Ferdinand_Prince_of_Capua	type	Person
Beatrice_of_Castile_1242_1303	spouse	Afonso_III_of_Portugal
Princess_H_l_ne_of_Orl_ans	type	Person
Princess_Marie_Isabelle_of_Orl_ans	child	Princess_Isabelle_of_Orl_ans_1878_1961
Victor_Amadeus_III_of_Sardinia	child	Princess_Maria_Carolina_of_Savoy
Joan_I_of_Navarre	type	Person
Beatriz_Pereira_de_Alvim	parent	Leonor_de_Alvim
Margaret_of_Brabant	mother	Margaret_of_Flanders_Duchess_of_Brabant
Lorenzo_de_Medici	father	Piero_di_Cosimo_de_Medici
Charles_de_Morny_Duke_of_Morny	type	Person
1383_1385_Portuguese_interregnum	type	Person
Jeanne_de_Laval	spouse	Ren__of_Anjou
Alys_of_France_Countess_of_Vexin	type	Person
Alfonso_X_of_Castile	child	Sancho_IV_of_Castile
Arnulf_Count_of_Holland	type	Person
A_nor_de_Ch_tellerault	parent	Dangereuse_de_l_Isle_Bouchard
Edmund_Crouchback	spouse	Blanche_of_Artois
Anne_Henriette_of_Bavaria	type	Person
Louise_Henriette_de_Bourbon	spouse	Louis_Philippe_I_Duke_of_Orl_ans
Maria_Theresa	child	Archduchess_Maria_Carolina_of_Austria_born_1740
Vladislaus_II_of_Hungary	spouse	Anne_of_Foix_Candale
Margaret_Countess_of_Anjou	child	Isabelle_Duchess_of_Brittany
Countess_Palatine_Caroline_of_Zweibr_cken	child	Prince_Christian_of_Hesse_Darmstadt
Claude_Duke_of_Guise	type	Person
Walter_archbishop_of_Sens	type	Person
Elizabeth_the_Cuman	spouse	Stephen_V_of_Hungary
Yolande_Duchess_of_Lorraine	type	Person
Baldred_of_Kent	type	Person
Charles_Emmanuel_III_of_Sardinia	predecessor	Victor_Amadeus_II_of_Sardinia
John_of_Bohemia	spouse	Beatrice_of_Bourbon_Queen_of_Bohemia
Robert_Duke_of_Bar	spouse	Marie_of_France_Duchess_of_Bar
Henry_I_of_France	mother	Constance_of_Arles
Radbot_of_Klettgau	type	Person
Alfonso_X_of_Castile	mother	Elisabeth_of_Swabia
Francis_II_Holy_Roman_Emperor	predecessor	Leopold_II_Holy_Roman_Emperor
Emma_of_Italy	parent	Lothair_II_of_Italy
Theobald_III_Count_of_Blois	father	Odo_II_Count_of_Blois
Eleanor_of_Lancaster	father	Henry_3rd_Earl_of_Lancaster
John_the_Fearless	type	Person
Margaret_Tudor	type	Person
Marie_of_Anjou	child	Yolande_of_Valois
Golden_Ambrosian_Republic	successor	Francesco_I_Sforza
Otto_II_Duke_of_Bavaria	father	Louis_I_Duke_of_Bavaria
Anne_of_Cyprus	child	Philip_II_Duke_of_Savoy
Robert_II_Count_of_Artois	spouse	Amicie_de_Courtenay
Joan_of_Navarre_Queen_of_England	type	Person
Louis_XIV	parent	Louis_XIII
Blanche_I_of_Navarre	spouse	John_II_of_Aragon
Lothair_II_of_Italy	spouse	Adelaide_of_Italy
Louis_III_of_Anjou	predecessor	Louis_II_of_Anjou
Gaston_de_Foix_Count_of_Candale	spouse	Catherine_of_Foix_Countess_of_Candale
Joan_Beaufort_Queen_of_Scots	type	Person
Matilda_of_France	father	Louis_IV_of_France
Philip_III_of_Navarre	successor	Joan_II_of_Navarre
Anne_of_Austria_Margravine_of_Brandenburg	type	Person
Francesco_I_de_Medici_Grand_Duke_of_Tuscany	type	Person
Fran_ois_de_Lorraine	type	Person
Magdalene_Sibylle_of_Prussia	parent	Albert_Frederick_Duke_of_Prussia
Stephen_II_Duke_of_Bavaria	child	Stephen_III_Duke_of_Bavaria
Agnes_of_the_Palatinate	spouse	Otto_II_Duke_of_Bavaria
C_sar_Duke_of_Vend_me	type	Person
Joan_of_the_Tower	type	Person
Louis_XVII	father	Louis_XVI
Baldwin_V_Count_of_Hainaut	parent	Alice_of_Namur
Maria_Josepha_of_Saxony_Dauphine_of_France	child	Louis_XVIII
Marie_Caroline_of_Bourbo_Two_Sicilies_Duchess_of_Berry	mother	Archduchess_Maria_Clementina_of_Austria
Eleanor_of_Provence	parent	Beatrice_of_Savoy
Henry_III_of_Castile	type	Person
Charles_V_Duke_of_Lorraine	type	Person
Edmund_I	type	Person
Francis_III_Duke_of_Brittany	type	Person
Baldwin_IV_Count_of_Flanders	type	Person
Isabella_of_France	father	Philip_IV_of_France
Margaret_of_Bourbon_1438_1483	type	Person
Ferdinand_II_of_Aragon	predecessor	Isabella_I_of_Castile
Henry_II_of_France	child	Elisabeth_of_Valois
Louise_Marie_Ad_la_de_de_Bourbon_Duchess_of_Orl_ans	father	Louis_Jean_Marie_de_Bourbon_Duke_of_Penthi_vre
Louis_Dauphin_of_France_son_of_Louis_XV	child	Marie_Z_phyrine_of_France
Adolphus_Frederick_II_Duke_of_Mecklenburg_Strelitz	child	Adolphus_Frederick_III_Duke_of_Mecklenburg_Strelitz
John_the_Fearless	successor	Philip_the_Good
Countess_Sophia_Albertine_of_Erbach_Erbach	type	Person
Emma_of_Blois	type	Person
Agnes_de_Baudemont	type	Person
Henry_VII_of_England	parent	Lady_Margaret_Beaufort
Janus_of_Cyprus	type	Person
Duchess_Helene_of_Mecklenburg_Schwerin	child	Prince_Robert_Duke_of_Chartres
Catherine_of_Vend_me	parent	Joan_of_Ponthieu_Dame_of_Epernon
Yaroslav_the_Wise	parent	Anna_Porphyrogenita
Adam_FitzRoy	type	Person
John_of_Montfort	child	John_IV_Duke_of_Brittany
Hortense_de_Beauharnais	parent	Alexandre_de_Beauharnais
Joan_I_of_Navarre	child	Isabella_of_France
Yaropolk_I_of_Kiev	type	Person
Matilda_of_Carinthia	father	Engelbert_Duke_of_Carinthia
Lothair_II_of_Italy	successor	Berengar_II_of_Italy
Maria_Anna_of_Bavaria_born_1551	child	Archduke_Maximilian_Ernest_of_Austria
Maria_Theresa_of_Spain	child	Philippe_Charles_Duke_of_Anjou
Juana_Enr_quez	type	Person
Afonso_IV_of_Portugal	child	Peter_I_of_Portugal
Henry_son_of_Robert_I_of_Burgundy	type	Person
Ferdinand_I_of_Aragon	child	Eleanor_of_Aragon_Queen_of_Portugal
Ren__II_Duke_of_Lorraine	child	Jean_Cardinal_of_Lorraine
Henry_VI_Count_of_Luxembourg	father	Henry_V_Count_of_Luxembourg
Letizia_Bonaparte	child	Pauline_Bonaparte
Margaret_of_Bavaria	child	Anne_of_Burgundy
Richeza_of_Poland_Queen_of_Sweden	spouse	Magnus_the_Strong
Raymond_of_Burgundy	parent	William_I_Count_of_Burgundy
Louis_IX_of_France	parent	Blanche_of_Castile
Margaret_of_Bavaria	spouse	John_the_Fearless
Claudine_de_Brosse	type	Person
Isabella_Countess_of_Vertus	type	Person
Sancho_II_of_Portugal	type	Person
Edward_II_of_England	child	Adam_FitzRoy
Margaret_of_the_Palatinate	spouse	Charles_II_Duke_of_Lorraine
Louis_II_Duke_of_Bavaria	type	Person
Bonne_of_Bourbon	type	Person
Arthur_II_Duke_of_Brittany	father	John_II_Duke_of_Brittany
Louis_II_Duke_of_Bavaria	spouse	Matilda_of_Habsburg
Frederuna	child	Gisela_of_France
Fulk_King_of_Jerusalem	type	Person
Lorenzo_de_Medici_Duke_of_Urbino	father	Piero_the_Unfortunate
Valdemar_I_of_Denmark	type	Person
Margaret_of_Valois_Angoul_me	type	Person
Alix_Duchess_of_Brittany	type	Person
Beatrice_of_Vermandois	spouse	Robert_I_of_France
Charles_Duke_of_Orl_ans	spouse	Isabella_of_Valois
Louis_Bonaparte	father	Carlo_Buonaparte
Philip_I_Duke_of_Burgundy	predecessor	Joan_I_Countess_of_Auvergne
Barbara_of_Cilli	parent	Hermann_II_Count_of_Celje
Teresa_Gil_de_Vidaure	type	Person
William_II_Count_of_Hainaut	type	Person
Margaret_Lyle	spouse	Matthew_Stewart_2nd_Earl_of_Lennox
Marie_Jos_phine_of_Savoy	spouse	Louis_XVIII
Ansgarde_of_Burgundy	spouse	Louis_the_Stammerer
James_I_of_Aragon	child	Violant_of_Aragon
Louis_the_German	spouse	Hemma
Louis_XI	type	Person
Robert_III_of_Worms	type	Person
Jeanne_d_Albret	child	Henry_IV_of_France
Yaroslav_the_Wise	child	Vladimir_of_Novgorod
Marie_Ad_la_de_of_Savoy	child	Louis_XV
Izyaslav_of_Polotsk	type	Person
William_V_Duke_of_Aquitaine	type	Person
Geoffrey_Plantagenet_Count_of_Anjou	child	Hamelin_de_Warenne_Earl_of_Surrey
Joan_of__vreux	mother	Margaret_of_Artois
George_Gordon_4th_Earl_of_Huntly	child	James_Gordon_Jesuit
Judith_of_Bavaria_died_843	type	Person
Sibylla_of_Anjou	type	Person
Eleanor_of_England_Queen_of_Castile	child	Eleanor_of_Castile_died_1244
Charles_VII_of_France	type	Person
Ferdinand_I_of_the_Two_Sicilies	mother	Maria_Amalia_of_Saxony
Baldwin_V_Count_of_Flanders	parent	Ogive_of_Luxembourg
Sophia_Eleonore_of_Saxony	child	Marie_Hedwig_of_Hesse_Darmstadt
Napoleon_III	spouse	Eug_nie_de_Montijo
Margaret_of_Valois_Duchess_of_Berry	spouse	Emmanuel_Philibert_Duke_of_Savoy
Carloman_II	predecessor	Louis_III_of_France
Louis_IV_Holy_Roman_Emperor	child	Beatrice_of_Bavaria
Marie_Louise_d_Orl_ans	type	Person
Mar_a_Isabella_of_Spain	father	Charles_IV_of_Spain
Edward_King_of_Portugal	mother	Philippa_of_Lancaster
Albert_Azzo_II_Margrave_of_Milan	type	Person
Cosimo_I_de_Medici_Grand_Duke_of_Tuscany	child	Garzia_de_Medici
Charles_Ferdinand_Duke_of_Berry	parent	Charles_X
Mary_of_Guise	mother	Antoinette_of_Bourbon
Francesco_I_de_Medici_Grand_Duke_of_Tuscany	father	Cosimo_I_de_Medici_Grand_Duke_of_Tuscany
Bonne_of_Armagnac	type	Person
Henry_V_Holy_Roman_Emperor	spouse	Empress_Matilda
Alfred_the_Great	parent	Osburh
Mary_of_Hungary_Queen_of_Naples	child	John_Duke_of_Durazzo
Otto_I_Duke_of_Bavaria	parent	Heilika_of_Lengenfeld
Isambart	type	Person
Guisla_de_Llu__	type	Person
Edward_of_Westminster_Prince_of_Wales	type	Person
Frederick_III_Duke_of_Saxe_Gotha_Altenburg	type	Person
Elizabeth_of_Luxembourg	child	Elizabeth_of_Austria_1436_1505
Judith_of_Habsburg	mother	Gertrude_of_Hohenberg
Theobald_III_Count_of_Blois	type	Person
Richard_of_Cornwall	type	Person
Christine_of_Saxony	spouse	Philip_I_Landgrave_of_Hesse
Odo_IV_Duke_of_Burgundy	predecessor	Hugh_V_Duke_of_Burgundy
Francis_I_of_France	child	Madeleine_of_Valois
Afonso_III_of_Portugal	mother	Urraca_of_Castile_Queen_of_Portugal
Prince_Edward_Duke_of_Kent_and_Strathearn	type	Person
Heinrich_of_Saxe_Weissenfels_Count_of_Barby	type	Person
Ferdinand_I_of_Austria	type	Person
Reginald_I_Count_of_Burgundy	spouse	Alice_of_Normandy
Sophia_of_Saxe_Weissenfels_Princess_of_Anhalt_Zerbst	parent	Augustus_Duke_of_Saxe_Weissenfels
Maredudd_ap_Tudur	parent	Tudur_ap_Goronwy
Edward_III_of_England	successor	Richard_II_of_England
Ermengarde_of_Anjou_Duchess_of_Burgundy	type	Person
Philip_William_August_Count_Palatine_of_Neuburg	type	Person
Margaret_of_Geneva	type	Person
Louis_Dauphin_of_France_son_of_Louis_XV	child	Clotilde_of_France
Napoleon_III	mother	Hortense_de_Beauharnais
Antoine_Count_of_Vaud_mont	type	Person
Frederick_I_Count_of_Vaud_mont	parent	John_I_Duke_of_Lorraine
Odo_IV_Duke_of_Burgundy	successor	Philip_I_Duke_of_Burgundy
Godfrey_I_Count_of_Louvain	type	Person
George_II_of_Great_Britain	father	George_I_of_Great_Britain
Louis_Count_of_Vaud_mont	type	Person
Philip_I_Prince_of_Taranto	type	Person
Isabella_I_of_Castile	child	Catherine_of_Aragon
Ermentrude_daughter_of_Louis_the_Stammerer	type	Person
Margaret_Douglas	spouse	Matthew_Stewart_4th_Earl_of_Lennox
Alexander_Stewart_Earl_of_Buchan	type	Person
Francis_I_Holy_Roman_Emperor	father	Leopold_Duke_of_Lorraine
Hugh_II_Duke_of_Burgundy	mother	Sibylla_of_Burgundy_Duchess_of_Burgundy
Philip_I_of_France	type	Person
Blanche_of_Castile	type	Person
Joseph_Bonaparte	type	Person
Maria_Beatrice_d_Este_Duchess_of_Massa	predecessor	Maria_Teresa_Cybo_Malaspina_Duchess_of_Massa
Mary_Princess_Royal_and_Princess_of_Orange	type	Person
Archduchess_Clementina_of_Austria	type	Person
James_IV_of_Scotland	parent	Margaret_of_Denmark_Queen_of_Scotland
Margaret_of_Valois_Countess_of_Blois	type	Person
Archbishop_of_Canterbury	type	Person
Philip_of_Swabia	type	Person
Adelaide_of_Auxerre_born_c._870	spouse	Richard_Duke_of_Burgundy
Mary_of_Burgundy_Duchess_of_Cleves	spouse	Adolph_I_Duke_of_Cleves
Matilda_of_B_thune	type	Person
Sweyn_III_of_Denmark	successor	Valdemar_I_of_Denmark
Stephen_I_Count_of_Burgundy	father	William_I_Count_of_Burgundy
Cosimo_I_de_Medici_Grand_Duke_of_Tuscany	parent	Maria_Salviati
Louise__lisabeth_Duchess_of_Berry	type	Person
Hedwig_of_Saxony	child	Henry_I_Duke_of_Burgundy
Lothair_I	type	Person
Nicholas_d_Oisy_Lord_of_Avesnes	type	Person
John_II_of_Aragon	type	Person
Odo_I_Duke_of_Burgundy	parent	Henry_son_of_Robert_I_of_Burgundy
Ecgberht_King_of_Wessex	predecessor	Baldred_of_Kent
Maria_Carolina_of_Austria	child	Maria_Cristina_of_Naples_and_Sicily
Joanna_of_Bourbon	type	Person
William_IX_Duke_of_Aquitaine	parent	Hildegarde_of_Burgundy
Leonor_de_Alvim	type	Person
William_VIII_Duke_of_Aquitaine	parent	William_V_Duke_of_Aquitaine
Ramon_Borrell_Count_of_Barcelona	mother	Letgarda_de_Rouergue
Isabella_of_Angoul_me	type	Person
Robert_II_Duke_of_Burgundy	type	Person
Antoine_Duke_of_Montpensier	type	Person
Louis_Count_of_Vermandois	type	Person
Henry_the_Middle_Duke_of_Brunswic_L_neburg	spouse	Anna_von_Campe
John_I_of_Portugal	spouse	Philippa_of_Lancaster
Philip_II_of_Spain	mother	Isabella_of_Portugal
Antoine_of_Navarre	child	Catherine_de_Bourbon
Eleanor_of_Navarre	type	Person
Matilda_of_Saxony_countess_of_Flanders	parent	Hermann_Billung
Elizabeth_Tudor_1492_1495	type	Person
Francesco_III_d_Este_Duke_of_Modena	type	Person
Agnes_of_Loon	type	Person
Henry_VII_Holy_Roman_Emperor	successor	Louis_IV_Holy_Roman_Emperor
Charles_Duke_of_Vend_me	spouse	Fran_oise_d_Alen_on
John_II_of_Aragon	child	Joanna_of_Aragon_Queen_of_Naples
Rudolph_Duke_of_Lorraine	parent	Elisabeth_of_Austria_Duchess_of_Lorraine
Robert_II_Count_of_Dreux	child	Peter_I_Duke_of_Brittany
Louis_VI_of_France	child	Philip_of_France_Archdeacon_of_Paris
Piero_di_Cosimo_de_Medici	parent	Cosimo_de_Medici
Margaret_Countess_of_Anjou	type	Person
Constance_of_Castile	spouse	Louis_VII_of_France
Isabella_of_Aragon_Queen_of_France	parent	Violant_of_Hungary
Louis_Duke_of_Orl_ans_1703_1752	successor	Louis_Philippe_I_Duke_of_Orl_ans
William_of_Winchester_Lord_of_Lunenburg	parent	Henry_the_Lion
Emma_of_Italy	father	Lothair_II_of_Italy
Salomea_of_Berg	child	Richeza_of_Poland_Queen_of_Sweden
Catherine_of_York	type	Person
Robert_I_Duke_of_Burgundy	child	Constance_of_Burgundy
John_II_Duke_of_Brittany	parent	John_I_Duke_of_Brittany
Henry_I_Duke_of_Bavaria	type	Person
Simon_I_Duke_of_Lorraine	predecessor	Theodoric_II_Duke_of_Lorraine
Joan_of_France_Duchess_of_Bourbon	type	Person
Napoleon	type	Person
Archduke_Louis_of_Austria	type	Person
Sophia_Charlotte_of_Hanover	type	Person
Henry_I_of_France	predecessor	Robert_II_of_France
Sancho_I_of_Portugal	child	Ferdinand_Count_of_Flanders
Alfonso_IX_of_Le_n	spouse	Berengaria_of_Castile
Louis_XVI	spouse	Charles_X
Francesco_Farnese_Duke_of_Parma	spouse	Countess_Palatine_Dorothea_Sophie_of_Neuburg
Countess_Caroline_of_Nassau_Saarbr_cken	spouse	Christian_III_Count_Palatine_of_Zweibr_cken
John_Henry_Margrave_of_Moravia	type	Person
Charles_II_of_Spain	successor	Philip_V_of_Spain
Adolphus_Frederick_II_Duke_of_Mecklenburg_Strelitz	child	Duke_Charles_Louis_Frederick_of_Mecklenburg
Henry_II_Duke_of_Austria	successor	Henry_the_Lion
Valdemar_I_of_Denmark	parent	Canute_Lavard
Albert_II_Duke_of_Brunswic_L_neburg	type	Person
Margaret_of_Saxony_Duchess_of_Brunswic_L_neburg	spouse	Henry_the_Middle_Duke_of_Brunswic_L_neburg
Clemence_of_Austria	parent	Rudolf_I_of_Germany
Marie_of_Anjou	child	Catherine_of_France_Countess_of_Charolais
Countess_Amalia_Katharina_of_Waldeck	type	Person
Marie_of_Brabant_Queen_of_France	child	Louis_Count_of__vreux
Magdalene_Sibylle_of_Prussia	father	Albert_Frederick_Duke_of_Prussia
Odo_II_Count_of_Blois	mother	Bertha_of_Burgundy
Charles_Count_of_Valois	successor	Philip_VI_of_France
Edward_King_of_Portugal	child	Catherine_of_Portugal_nun
Louis_Philippe_I_Duke_of_Orl_ans	successor	Louis_Philippe_II_Duke_of_Orl_ans
Louis_XI	parent	Marie_of_Anjou
Robert_I_of_France	successor	Rudolph_of_France
Heilika_of_Lengenfeld	spouse	Otto_IV_Count_of_Scheyern
Louis_XI	father	Charles_VII_of_France
Odo_Count_of_Nevers	type	Person
Louis_I_Duke_of_Bourbon	father	Robert_Count_of_Clermont
Bertha_of_Burgundy	spouse	Odo_I_Count_of_Blois
Margaret_of_Burgundy_Queen_of_France	mother	Agnes_of_France_Duchess_of_Burgundy
Christian_III_Count_Palatine_of_Zweibr_cken	type	Person
James_I_of_Scotland	child	Margaret_Stewart_Dauphine_of_France
Odo_I_Count_of_Blois	type	Person
Bonne_of_Luxembourg	child	John_Duke_of_Berry
Landgravine_Elisabeth_Amalie_of_Hesse_Darmstadt	father	George_II_Landgrave_of_Hesse_Darmstadt
Ernest_Augustus_Duke_of_York_and_Albany	type	Person
Charles_V_of_France	mother	Bonne_of_Luxembourg
Odo_of_France	mother	Adelaide_of_Tours
Margaret_of_Provence	type	Person
Letizia_Bonaparte	child	Elisa_Bonaparte
Henry_IX_Duke_of_Bavaria	type	Person
Marie_de_Medici	child	Christine_of_France
Isabella_I_of_Castile	predecessor	Henry_IV_of_Castile
Maria_Antonia_Ferdinanda_of_Spain	child	Prince_Maurizio_Duke_of_Montferrat
Peter_II_of_Courtenay	successor	Yolanda_Latin_Empress
William_III_of_M_con	father	Stephen_I_Count_of_Burgundy
Margaret_of_Burgundy_Queen_of_France	spouse	Kingdom_of_Navarre
Charles_Count_of_Valois	child	Blanche_of_Valois
Henry_II_of_France	parent	Francis_I_of_France
Prince_Alberto_of_Naples_and_Sicily	type	Person
Eleanor_of_Castile_1307_1359	type	Person
Edward_II_of_England	mother	Eleanor_of_Castile
Cosimo_I_de_Medici_Grand_Duke_of_Tuscany	child	Giovanni_de_Medici_cardinal
Elisabeth_Christine_of_Brunswic_Wolfenb_ttel	parent	Louis_Rudolph_Duke_of_Brunswic_L_neburg
Edward_II_of_England	type	Person
Ferdinand_I_Holy_Roman_Emperor	predecessor	Louis_II_of_Hungary
Napol_on_Louis_Bonaparte	type	Person
Ferdinand_Prince_of_Asturias	type	Person
Antoine_Duke_of_Montpensier	child	Princess_Mar_a_Cristina_of_Orl_ans
Gerloc	type	Person
George_I_of_Great_Britain	predecessor	Ernest_Augustus_Elector_of_Hanover
Geoffrey_III_Count_of_Anjou	type	Person
Philip_III_of_France	child	Philip_IV_of_France
Ferdinand_I_of_the_Two_Sicilies	predecessor	Charles_III_of_Spain
Joan_the_Lame	parent	Agnes_of_France_Duchess_of_Burgundy
Louis_IX_of_France	type	Person
Bona_of_Savoy	spouse	Galeazzo_Maria_Sforza
Louis_IV_of_France	predecessor	Rudolph_of_France
Contessina_de_Bardi	type	Person
Ferdinand_II_of_Aragon	successor	Joanna_of_Castile
Adelaide_of_Aquitaine	child	Robert_II_of_France
Peter_II_Count_of_La_Marche	type	Person
Hortense_de_Beauharnais	child	Napol_on_Charles_Bonaparte
Louis_Dauphin_of_France_son_of_Louis_XV	parent	Louis_XV
Archduchess_Maria_Elisabeth_of_Austria_born_1737	type	Person
Ecgberht_King_of_Wessex	type	Person
Eleanor_of_Aragon_Queen_of_Castile	type	Person
Blanche_of_France_Duchess_of_Austria	type	Person
John_I_Count_of_Aumale	type	Person
James_I_of_Aragon	type	Person
Anne_of_Brittany	spouse	Maximilian_I_Holy_Roman_Emperor
Yaropolk_I_of_Kiev	predecessor	Sviatoslav_I
Madeleine_of_Valois	spouse	James_V_of_Scotland
Giovanni_delle_Bande_Nere	parent	Giovanni_il_Popolano
Victor_Amadeus_II_of_Sardinia	successor	Charles_Emmanuel_III_of_Sardinia
Duke_Charles_Louis_Frederick_of_Mecklenburg	child	Duchess_Christiane_of_Mecklenburg
Anne_Marie_d_Orl_ans	type	Person
Emmanuel_Philibert_Duke_of_Savoy	parent	Charles_III_Duke_of_Savoy
Pierfrancesco_the_Elder	father	Lorenzo_the_Elder
Theresa_of_Portugal_Countess_of_Flanders	spouse	Odo_III_Duke_of_Burgundy
Charles_the_Bald	child	Carloman_son_of_Charles_the_Bald
Ludovico_Sforza	type	Person
Odoardo_Farnese_Hereditary_Prince_of_Parma	type	Person
Louis_IV_Holy_Roman_Emperor	predecessor	Rudolf_I_Duke_of_Bavaria
Catherine_de_Medici	child	Margaret_of_Valois
Charles_V_of_France	child	Catherine_of_France_Countess_of_Montpensier
Fernando_Lord_of_Serpa	type	Person
Berthold_Duke_of_Merania	type	Person
Leopold_V_Archduke_of_Austria	type	Person
Robert_II_Count_of_Artois	type	Person
Joan_I_of_Navarre	child	Charles_IV_of_France
Leopold_Duke_of_Lorraine	parent	Eleonore_of_Austria_Queen_of_Poland
Afonso_IV_of_Portugal	successor	Peter_I_of_Portugal
Maria_Teresa_Felicitas_d_Este	child	Jean_Marie_Duke_of_Ch_teauvillain
Maximilian_Sforza	type	Person
Charles_II_of_Spain	type	Person
Beatrice_of_Luxembourg	type	Person
Elizabeth_of_Austria_1436_1505	mother	Elizabeth_of_Luxembourg
Bivin_of_Gorze	type	Person
Louis_III_Landgrave_of_Thuringia	spouse	Sophia_of_Minsk
Beatrice_of_England	parent	Eleanor_of_Provence
Berengar_II_of_Italy	parent	Gisela_of_Friuli
John_IV_of_Portugal	predecessor	Philip_IV_of_Spain
Charlotte_of_Savoy	child	Joan_of_France_Duchess_of_Berry
Philip_V_of_Spain	successor	Ferdinand_VI_of_Spain
Philippe_Charles_Duke_of_Valois	type	Person
Bernard_I_Duke_of_Brunswic_L_neburg	father	Magnus_II_Duke_of_Brunswic_L_neburg
Iziaslav_I_of_Kiev	predecessor	Yaroslav_the_Wise
Ferdinand_Karl_Archduke_of_Austria_Este	spouse	Maria_Beatrice_d_Este_Duchess_of_Massa
John_of_Brittany_Earl_of_Richmond	type	Person
Alfonso_XI_of_Castile	child	Sancho_Alfonso
Lambert_I_Count_of_Louvain	parent	Reginar_III_Count_of_Hainaut
Margaret_of_Bavaria	child	Agnes_of_Burgundy_Duchess_of_Bourbon
Conrad_I_of_Burgundy	type	Person
Henry_X_Duke_of_Bavaria	mother	Wulfhilde_of_Saxony
Odo_II_Duke_of_Burgundy	parent	Hugh_II_Duke_of_Burgundy
Beatrice_of_Portugal_died_1381	parent	Peter_I_of_Portugal
William_the_Younger_Duke_of_Brunswic_L_neburg	spouse	Dorothea_of_Denmark_Duchess_of_Brunswic_L_neburg
Giovanni_delle_Bande_Nere	spouse	Maria_Salviati
_lisabeth_Charlotte_d_Orl_ans	type	Person
John_of_Gaunt	child	Elizabeth_of_Lancaster_Duchess_of_Exeter
Lothair_of_France	child	Louis_V_of_France
Louis_of_France_1244_1260	type	Person
John_George_I_Elector_of_Saxony	spouse	Magdalene_Sibylle_of_Prussia
Ermesinde_of_Carcassonne	type	Person
Charles_II_of_Navarre	type	Person
Jeanne_d_Albret	successor	Henry_IV_of_France
Carlo_Buonaparte	parent	Giuseppe_Maria_Buonaparte
Eleanor_of_Castile	child	Mary_of_Woodstock
Henry_V_of_England	father	Henry_IV_of_England
Richard_Duke_of_Burgundy	type	Person
Otto_V_Duke_of_Brunswic_L_neburg	type	Person
Robert_III_of_Scotland	child	James_I_of_Scotland
Johann_Adolf_of_Saxe_Gotha_Altenburg	type	Person
Joan_I_of_Navarre	successor	Philip_IV_of_France
Maria_Ludovika_of_Austria_Este	type	Person
Sancho_I_of_Portugal	child	County_of_Trast_mara
Margaret_Countess_of_Vertus	spouse	Richard_Count_of__tampes
Anna_Sophia_of_Prussia	type	Person
Claude_of_France	child	Margaret_of_Valois_Duchess_of_Berry
Sanchia_of_Provence	type	Person
Floris_I_Count_of_Holland	predecessor	Dirk_IV_Count_of_Holland
Joan_II_Countess_of_Burgundy	successor	Joan_III_Countess_of_Burgundy
Catherine_of_France_Countess_of_Montpensier	type	Person
Maria_Elisabeth_of_Saxony_1736_1818	type	Person
Isabella_of_Hainault	parent	Baldwin_V_Count_of_Hainaut
Louis_XV	predecessor	Louis_XIV
Christine_of_Saxony	father	George_Duke_of_Saxony
Maria_Josepha_of_Austria	child	Maria_Anna_Sophia_of_Saxony
Henry_VII_Holy_Roman_Emperor	parent	Henry_VI_Count_of_Luxembourg
Matthias_I_Duke_of_Lorraine	type	Person
Clementia_of_Z_hringen	type	Person
Philip_III_of_Spain	parent	Anna_of_Austria_Queen_of_Spain
Maria_Amalia_of_Saxony	child	Infante_Gabriel_of_Spain
Ferdinand_I_Holy_Roman_Emperor	type	Person
Constance_of_Portugal	type	Person
Marie_Jeanne_Baptiste_of_Savoy_Nemours	spouse	Charles_Emmanuel_II_Duke_of_Savoy
Henry_VI_of_England	parent	Henry_V_of_England
Rozala_of_Italy	child	Baldwin_IV_Count_of_Flanders
John_II_of_Castile	type	Person
Frederica_Louisa_of_Hesse_Darmstadt	type	Person
Maria_Carolina_of_Austria	child	Princess_Maria_Isabella_of_Naples_and_Sicily
Maria_Amalia_of_Saxony	spouse	Philip_V_of_Spain
Joan_of_Acre	type	Person
Charles_V_Holy_Roman_Emperor	mother	Joanna_of_Castile
Ferdinand_of_Portugal_Duke_of_Guarda	type	Person
Princess_Elisabeth_Albertine_of_Saxe_Hildburghausen	parent	Ernest_Frederick_I_Duke_of_Saxe_Hildburghausen
Alexandre_de_Beauharnais	spouse	Empress_Jos_phine
Hugh_IV_Duke_of_Burgundy	successor	Robert_II_Duke_of_Burgundy
Sunyer_Count_of_Barcelona	type	Person
Barbara_of_Cilli	type	Person
Louis_the_Stammerer	type	Person
John_Duke_of_Brunswic_L_neburg	type	Person
Robert_I_Duke_of_Burgundy	child	Henry_son_of_Robert_I_of_Burgundy
Charles_IV_of_France	parent	Philip_IV_of_France
Henry_the_Fowler	child	Otto_I_Holy_Roman_Emperor
Antoine_of_Navarre	child	Henry_IV_of_France
Leopold_II_Holy_Roman_Emperor	child	Archduke_John_of_Austria
Reginald_I_Count_of_Burgundy	father	Otto_William_Count_of_Burgundy
Robert_II_of_France	child	Hedwig_of_France_Countess_of_Nevers
John_Count_of_Chalon	parent	Stephen_III_of_Auxonne
Louis_XVIII	type	Person
Elizabeth_of_Luxembourg	parent	Sigismund_Holy_Roman_Emperor
Charles_Prince_of_Viana	type	Person
Charlotte_of_Savoy	mother	Anne_of_Cyprus
John_of_Gaunt	mother	Philippa_of_Hainault
_thelwulf_King_of_Wessex	child	Alfred_the_Great
Dirk_II_Count_of_Holland	child	Arnulf_Count_of_Holland
Sophia_of_Holstei_Gottorp	type	Person
Margaret_of_France_Queen_of_England	type	Person
Baldwin_VI_Count_of_Flanders	parent	Adela_of_France
Victor_Amadeus_I_Duke_of_Savoy	child	Charles_Emmanuel_II_Duke_of_Savoy
Francis_II_Duke_of_Lorraine	type	Person
Matilda_of_Savoy_Queen_of_Portugal	type	Person
Reginald_I_Count_of_Burgundy	type	Person
Alfonso_VII_of_Le_n_and_Castile	child	Ferdinand_II_of_Le_n
Louis_VII_of_France	parent	Adelaide_of_Maurienne
James_V_of_Scotland	predecessor	James_IV_of_Scotland
Henry_I_of_Navarre	parent	Margaret_of_Bourbon_Queen_of_Navarre
Otto_Duke_of_Burgundy	type	Person
Louis_Philippe_II_Duke_of_Orl_ans	parent	Louise_Henriette_de_Bourbon
Owen_Tudor	father	Maredudd_ap_Tudur
Robert_I_of_France	father	Robert_the_Strong
Charles_Martel	child	Remigius_of_Rouen
Maria_of_Swabia	parent	Philip_of_Swabia
Archduchess_Magdalena_of_Austria	type	Person
Sophie_of_France_1734_1782	type	Person
Gertrude_of_Saxony	spouse	Floris_I_Count_of_Holland
Engeltrude_de_F_zensac	father	Leuthard_I_of_Paris
Margaret_of_Bourbon_1438_1483	parent	Agnes_of_Burgundy_Duchess_of_Bourbon
William_IV_Duke_of_Aquitaine	type	Person
Louis_Duke_of_Durazzo	type	Person
Thomas_Grey_1st_Marquess_of_Dorset	type	Person
Charles_Emmanuel_III_of_Sardinia	child	Princess_Maria_Vittoria_Margherita_of_Savoy
Leopold_II_Holy_Roman_Emperor	father	Francis_I_Holy_Roman_Emperor
Princess_Louise_of_Hesse_Darmstadt_1757_1830	type	Person
Theobald_III_Count_of_Blois	parent	Ermengarde_of_Auvergne
Otto_I_Duke_of_Bavaria	predecessor	Henry_the_Lion
Louis_VI_of_France	type	Person
Joan_of_Valois_Queen_of_Navarre	type	Person
Stephen_II_Duke_of_Bavaria	child	Frederick_Duke_of_Bavaria
Louis_XIV	spouse	Fran_oise_Ath_na_s_de_Rochechouart_Marquise_de_Montespan
Hugh_I_Duke_of_Burgundy	predecessor	Robert_I_Duke_of_Burgundy
Louis_Duke_of_Burgundy_1751_1761	type	Person
French_Revolution_of_1848	type	Person
James_II_of_Scotland	type	Person
Yolanda_Latin_Empress	type	Person
Valdemar_I_of_Denmark	parent	Duke_of_Schleswig
Cristina_daughter_of_Edward_the_Exile	type	Person
Adelaide_of_Paris	type	Person
Afonso_III_of_Portugal	child	Maria_of_Portugal_nun
Hugh_IV_Duke_of_Burgundy	parent	Alice_of_Vergy
Denis_of_Portugal	parent	Afonso_III_of_Portugal
Ermentrude_of_Orl_ans	parent	Odo_I_Count_of_Orl_ans
Matilda_of_Scotland	child	William_Adelin
_lfweard_of_Wessex	type	Person
Beatrice_of_Burgundy_Lady_of_Bourbon	spouse	Robert_Count_of_Clermont
Maria_Anna_of_Bavaria_born_1551	child	Anne_of_Austria_Queen_of_Poland
Theobald_I_Count_of_Blois	parent	Theobald_the_Elder
Charles_III_Duke_of_Lorraine	child	Henry_II_Duke_of_Lorraine
Welf_I_Duke_of_Bavaria	parent	Albert_Azzo_II_Margrave_of_Milan
Stephen_Count_of_Blois	type	Person
Philip_Count_of_Vertus	type	Person
Charles_Martel_of_Anjou	spouse	Clemence_of_Austria
Isabella_of_Aragon_Queen_of_Portugal	type	Person
Casimir_IV_Jagiellon	spouse	Elizabeth_of_Austria_1436_1505
Henry_III_Duke_of_Brabant	type	Person
Albert_II_Duke_of_Austria	spouse	Joanna_of_Pfirt
Richard_Duke_of_Burgundy	spouse	Adelaide_of_Auxerre_born_c._870
Stephen_II_of_Auxonne	father	William_III_of_M_con
John_of_Montfort	parent	Arthur_II_Duke_of_Brittany
Philip_the_Bold	predecessor	John_II_of_France
Philippine__lisabeth_d_Orl_ans	type	Person
Amadeus_VIII_Duke_of_Savoy	parent	Bonne_of_Berry
Catherine_of_Valois	parent	Isabeau_of_Bavaria
Louis_VII_of_France	spouse	Adela_of_Champagne
_thelwulf_King_of_Wessex	successor	_thelbald_King_of_Wessex
Prince_Philippe_Count_of_Paris	type	Person
Godfrey_II_Count_of_Louvain	father	Godfrey_I_Count_of_Louvain
Drogo_of_Champagne	predecessor	Pepin_of_Herstal
Catherine_de_Medici	father	Lorenzo_de_Medici_Duke_of_Urbino
Jacquetta_of_Luxembourg	child	Countess_of_Pembroke
Grimoald_the_Younger	type	Person
Louis_Hereditary_Prince_of_Lorraine	type	Person
Louise_of_Lorraine	father	Nicolas_Duke_of_Merc_ur
Ren__of_Anjou	parent	Yolande_of_Aragon
Leopold_II_Holy_Roman_Emperor	predecessor	Joseph_II_Holy_Roman_Emperor
Lothair_I	predecessor	Louis_the_Pious
John_I_of_Castile	child	Henry_III_of_Castile
Ermengarde_of_Hesbaye	child	Pepin_I_of_Aquitaine
Maria_of_Austria_Holy_Roman_Empress	type	Person
Joan_Beaufort_Queen_of_Scots	parent	John_Beaufort_1st_Earl_of_Somerset
Louis_the_Stammerer	father	Charles_the_Bald
Anne_of_Bohemia_and_Hungary	child	Archduchess_Barbara_of_Austria
Polyxena_of_Hesse_Rotenburg	type	Person
Margaret_I_Countess_of_Flanders	mother	Sibylla_of_Anjou
Prince_Augustus_Frederick_Duke_of_Sussex	type	Person
Mary_of_Burgundy	spouse	Maximilian_I_Holy_Roman_Emperor
Louis_the_Pious	parent	Charlemagne
Louis_II_Duke_of_Bavaria	mother	Agnes_of_the_Palatinate
_thelwulf_King_of_Wessex	spouse	Judith_of_Flanders
Theobald_II_of_Navarre	type	Person
Philippa_of_Guelders	spouse	Ren__II_Duke_of_Lorraine
Nuno_Mendes_count	successor	Raymond_of_Burgundy
Princess_Maria_Vittoria_Margherita_of_Savoy	type	Person
Charles_III_Duke_of_Lorraine	successor	Henry_II_Duke_of_Lorraine
Fulk_IV_Count_of_Anjou	spouse	Bertrade_of_Montfort
Albert_III_Duke_of_Austria	type	Person
Henry_V_Count_of_Luxembourg	type	Person
Henry_the_Fowler	child	Hedwig_of_Saxony
Charles_I_of_Hungary	type	Person
Henry_II_Duke_of_Brabant	parent	Henry_I_Duke_of_Brabant
Margaret_II_Countess_of_Flanders	spouse	Bouchard_IV_of_Avesnes
Sophia_Dorothea_of_Celle	type	Person
Marie_of_France_Duchess_of_Bar	parent	Bonne_of_Luxembourg
Ren__II_Duke_of_Lorraine	parent	Frederick_II_Count_of_Vaud_mont
Joan_of_Navarre_Queen_of_England	spouse	Henry_IV_of_England
Gerloc	parent	Rollo
Nicolas_Duke_of_Merc_ur	parent	Ren_e_of_Bourbon
Elisabeth_Christine_of_Brunswic_Wolfenb_ttel	child	Maria_Theresa
Elizabeth_of_York	parent	Elizabeth_Woodville
Floris_I_Count_of_Holland	child	Dirk_V_Count_of_Holland
Lorenzo_de_Medici_Duke_of_Urbino	mother	Alfonsina_Orsini
Princess_Elisabeth_Albertine_of_Saxe_Hildburghausen	child	Charlotte_of_Mecklenburg_Strelitz
Charles_of_Austria_Bishop_of_Wroclaw	type	Person
Edwin_son_of_Edward_the_Elder	type	Person
Princess_Louise_of_Orl_ans	type	Person
Margaret_of_Austria_Queen_of_Spain	child	Anne_of_Austria
Polissena_Ruffo	spouse	Francesco_I_Sforza
Lorenzo_the_Elder	parent	Piccarda_Bueri
Theresa_of_Portugal_Queen_of_Le_n	spouse	Alfonso_IX_of_Le_n
Christian_Duke_of_Brunswic_L_neburg	type	Person
Hugh_III_Duke_of_Burgundy	spouse	Beatrice_of_Albon
Alfonso_VIII_of_Castile	child	Ferdinand_of_Castile_died_1211
Wilhelmine_Amalie_of_Brunswick	child	Joseph_I_Holy_Roman_Emperor
Sancho_IV_of_Castile	parent	Violant_of_Aragon
Maria_Christina_of_the_Two_Sicilies	father	Francis_I_of_the_Two_Sicilies
Henry_the_Fowler	mother	Hedwig_of_Babenberg
Elisabeth_of_France_1602_1644	spouse	Philip_IV_of_Spain
Marozia	successor	Willa_of_Burgundy
Gabriel_de_Rochechouart_de_Mortemart	type	Person
Duchess_Gustave_Caroline_of_Mecklenburg_Strelitz	type	Person
Blanche_of_Burgundy	spouse	Charles_IV_of_France
Philip_III_of_France	successor	Philip_IV_of_France
Poppa_of_Bayeux	parent	Berengar_II_of_Neustria
Bouchard_IV_of_Avesnes	parent	James_of_Avesnes
Princess_Louise_d_Artois	type	Person
Odo_III_Duke_of_Burgundy	spouse	Theresa_of_Portugal_Countess_of_Flanders
Sancho_IV_of_Castile	child	Beatrice_of_Castile_1293_1359
Adelaide_of_Paris	parent	Adalard_of_Paris
Charles_Count_of_Valois	spouse	Mahaut_of_Ch_tillon
Berthold_Duke_of_Merania	father	Berthold_I_of_Istria
Jacques_of_Savoy_Count_of_Romont	type	Person
John_of_Montfort	parent	Yolande_of_Dreux_Queen_of_Scotland
Henry_IV_of_Castile	type	Person
Violant_of_Hungary	parent	Yolanda_of_Courtenay
Afonso_II_of_Portugal	parent	Sancho_I_of_Portugal
Archduke_Maximilian_Ernest_of_Austria	type	Person
Henrietta_Maria	type	Person
Louis_XII	child	Claude_of_France
Antonia_of_Savoy	type	Person
Beatrice_of_England	father	Henry_III_of_England
Anne_of_Brittany	mother	Margaret_of_Foix
Walter_Stewart_Earl_of_Atholl	type	Person
Archduchess_Maria_Dorothea_of_Austria	predecessor	Princess_Marie_Isabelle_of_Orl_ans
Theudoald	successor	Charles_Martel
Maria_Theresa_of_Austria_Este_Queen_of_Sardinia	child	Maria_Cristina_of_Savoy
Henry_II_of_Navarre	successor	Jeanne_d_Albret
Diogo_Duke_of_Viseu	type	Person
Louis_VIII_of_France	successor	Henry_III_of_England
Peter_II_of_Aragon	child	James_I_of_Aragon
Albert_II_Duke_of_Brunswic_L_neburg	spouse	Rixa_of_Werle
Louis_IX_of_France	child	Peter_I_Count_of_Alen_on
Yolanda_of_Courtenay	parent	Yolanda_Latin_Empress
Isabella_de_Beauchamp	father	William_de_Beauchamp_9th_Earl_of_Warwick
John_VII_Duke_of_Mecklenburg_Schwerin	mother	Anna_Sophia_of_Prussia
Louis_Duke_of_Burgundy	parent	Louis_Dauphin_of_France_son_of_Louis_XIV
Eleanor_of_Castile	child	Margaret_of_England_Duchess_of_Brabant
Maria_Theresa	spouse	Francis_I_Holy_Roman_Emperor
John_I_of_France	successor	Philip_V_of_France
Philip_VI_of_France	predecessor	Charles_IV_of_France
Maria_Luisa_Gabriella_of_Savoy	type	Person
Ferdinand_I_Holy_Roman_Emperor	spouse	Anne_of_Bohemia_and_Hungary
Louis_XVI	type	Person
Charlotte_of_Savoy	father	Louis_Duke_of_Savoy
Henry_VII_Holy_Roman_Emperor	father	Henry_VI_Count_of_Luxembourg
Louis_of_Valois	type	Person
Guy_III_of_Spoleto	type	Person
Lambert_I_Count_of_Louvain	type	Person
Marie_of_Luxembourg_Queen_of_France	type	Person
Empress_Jos_phine	spouse	Napoleon
Elizabeth_Woodville	type	Person
Henry_VI_of_England	father	Henry_V_of_England
Maria_Cristina_of_Savoy	type	Person
Philippe_II_Duke_of_Orl_ans	child	Philippine__lisabeth_d_Orl_ans
Peter_II_of_Aragon	father	Alfonso_II_of_Aragon
Yolande_of_Aragon	child	Marie_of_Anjou
Ferdinand_Philippe_Duke_of_Orl_ans	type	Person
Saint_Margaret_of_Scotland	mother	Agatha_wife_of_Edward_the_Exile
Charles_VI_of_France	child	Michelle_of_Valois
Joanna_of_Bourbon	parent	Isabella_of_Valois_Duchess_of_Bourbon
Charles_Emmanuel_I_Duke_of_Savoy	spouse	Catalina_Micaela_of_Spain
John_I_Duke_of_Lorraine	child	Frederick_I_Count_of_Vaud_mont
Mar_a_Isabella_of_Spain	mother	Maria_Luisa_of_Parma
Bona_of_Savoy	type	Person
John_I_of_Castile	spouse	Beatrice_of_Portugal
Estrid_of_the_Obotrites	parent	Tribal_chief
Theresa_of_Portugal_Countess_of_Flanders	type	Person
Elisabeth_of_Meissen	parent	Matilda_of_Bavaria_Margravine_of_Meissen
Louis_X_of_France	type	Person
Charles_IV_of_Spain	predecessor	Charles_III_of_Spain
Charles_X	parent	Louis_Dauphin_of_France_son_of_Louis_XV
Mary_of_Guise	father	Claude_Duke_of_Guise
Robert_III_of_Worms	spouse	Waldrada_of_Worms
Richard_Count_of__tampes	child	Francis_II_Duke_of_Brittany
Ren__of_Anjou	type	Person
Princess_Caroline_Louise_of_Saxe_Weimar_Eisenach	parent	Princess_Louise_of_Hesse_Darmstadt_1757_1830
Petronilla_of_Aragon	type	Person
Matilda_of_Scotland	mother	Saint_Margaret_of_Scotland
Robert_I_Count_of_Artois	type	Person
Edward_III_Duke_of_Bar	type	Person
Geoffrey_Plantagenet_Count_of_Anjou	child	Henry_II_of_England
Joseph_II_Holy_Roman_Emperor	type	Person
Hugh_II_Duke_of_Burgundy	parent	Odo_I_Duke_of_Burgundy
John_Count_of_Soissons_and_Enghien	type	Person
Rudolph_I_of_Burgundy	type	Person
Theudoald	type	Person
Ferdinand_III_of_Castile	child	Alfonso_X_of_Castile
Agnes_of_Burgundy_Duchess_of_Bourbon	father	John_the_Fearless
Marie_Antoinette	parent	Maria_Theresa
Antoine_Duke_of_Montpensier	spouse	Infanta_Luisa_Fernanda_Duchess_of_Montpensier
John_II_of_Portugal	type	Person
Charles_VII_of_France	child	Charles_of_Valois_Duke_of_Berry
Elizabeth_Mure	spouse	Robert_II_of_Scotland
Victor_Amadeus_I_Duke_of_Savoy	parent	Charles_Emmanuel_I_Duke_of_Savoy
Charles_Duke_of_Vend_me	parent	Marie_of_Luxembourg_Countess_of_Vend_me
Robert_II_Duke_of_Burgundy	mother	Yolande_of_Dreux_Duchess_of_Burgundy
Anne_of_Kiev	spouse	Henry_I_of_France
Lambert_II_Count_of_Louvain	parent	Lambert_I_Count_of_Louvain
Magdalena_of_Valois	type	Person
Constance_of_Castile	type	Person
Baldwin_IV_Count_of_Flanders	spouse	Ogive_of_Luxembourg
John_Duke_of_Durazzo	type	Person
Charles_III_of_Spain	successor	Charles_IV_of_Spain
Odo_III_Duke_of_Burgundy	child	Hugh_IV_Duke_of_Burgundy
Lothair_of_France	type	Person
Elisabeth_of_Austria_Duchess_of_Lorraine	type	Person
Princess_Christine_Louise_of_Oettinge_Oettingen	child	Charlotte_Christine_of_Brunswic_Wolfenb_ttel
Ren__II_Duke_of_Lorraine	mother	Yolande_Duchess_of_Lorraine
Charlotte_of_Savoy	spouse	Louis_XI
Alfonso_II_Count_of_Provence	mother	Sancha_of_Castile_Queen_of_Aragon
Margaret_of_Bourbon_1438_1483	father	Charles_I_Duke_of_Bourbon
Edward_II_of_England	child	Eleanor_of_Woodstock
Charles_Duke_of_Vend_me	type	Person
John_VII_Duke_of_Mecklenburg_Schwerin	spouse	Sophia_of_Holstei_Gottorp
Catherine_de_Bourbon	type	Person
Beatrice_of_Savoy	type	Person
Frederick_II_Margrave_of_Meissen	spouse	Matilda_of_Bavaria_Margravine_of_Meissen
Margaret_of_Brieg	child	Joanna_Sophia_of_Bavaria
Theobald_I_of_Navarre	successor	Theobald_II_of_Navarre
Christine_of_Saxony	type	Person
John_of_Bohemia	successor	Charles_IV_Holy_Roman_Emperor
Margaret_Stewart_Lady_Gordon	type	Person
Adelaide_of_Tours	child	Welf_I
Maria_Amalia_of_Saxony	parent	Maria_Josepha_of_Austria
John_of_Gaunt	parent	Edward_III_of_England
Gertrude_of_Saxony	mother	Eilika_of_Schweinfurt
John_II_of_France	father	Philip_VI_of_France
Isabella_of_Aragon_Queen_of_France	child	Philip_IV_of_France
Charlotte_Agla__d_Orl_ans	parent	Fran_oise_Marie_de_Bourbon
Yolande_of_Brittany	type	Person
Maria_Amalia_of_Naples_and_Sicily	type	Person
Ferdinand_II_of_Aragon	child	Joanna_of_Castile
Margaret_of_Brabant	child	Beatrice_of_Luxembourg
Luise_Marie_of_the_Palatinate	type	Person
Henry_Brandon_1st_Earl_of_Lincoln	type	Person
Countess_Palatine_Caroline_of_Zweibr_cken	child	Louis_I_Grand_Duke_of_Hesse
Arthur_III_Duke_of_Brittany	successor	Francis_II_Duke_of_Brittany
Adolphus_Frederick_I_Duke_of_Mecklenburg_Schwerin	parent	Sophia_of_Holstei_Gottorp
Ingegerd_Olofsdotter_of_Sweden	parent	Estrid_of_the_Obotrites
Princess_Marie_Isabelle_of_Orl_ans	successor	Archduchess_Maria_Dorothea_of_Austria
Otto_William_Count_of_Burgundy	parent	Gerberga_of_M_con
Cosimo_de_Medici	parent	Piccarda_Bueri
Adelaide_of_Aquitaine	parent	Gerloc
Letgarda_de_Rouergue	type	Person
Robert_III_of_Scotland	type	Person
Berengar_I_of_Italy	predecessor	Charles_the_Fat
Elisabeth_of_Meissen	spouse	Frederick_V_Burgrave_of_Nuremberg
Arnulf_I_Count_of_Flanders	parent	Baldwin_II_Margrave_of_Flanders
Elisabeth_Farnese	child	Maria_Antonia_Ferdinanda_of_Spain
Hugh_Capet	parent	Hedwig_of_Saxony
Isabella_de_Beauchamp	spouse	Hugh_Despenser_the_Elder
Francis_Duke_of_Anjou	type	Person
Herbert_II_Count_of_Vermandois	type	Person
Isabella_I_of_Castile	father	John_II_of_Castile
Henry_II_Duke_of_Brabant	spouse	Sophie_of_Thuringia_Duchess_of_Brabant
Matilda_of_Frisia	type	Person
John_of_Montfort	father	Arthur_II_Duke_of_Brittany
Archduchess_Anna_of_Austria	child	Ernest_of_Bavaria
Antoine_Duke_of_Lorraine	parent	Ren__II_Duke_of_Lorraine
Caroline_Matilda_of_Great_Britain	type	Person
Yolanda_Latin_Empress	child	Robert_I_Latin_Emperor
Joan_of_Valois_Countess_of_Hainaut	child	William_II_Count_of_Hainaut
William_the_Younger_Duke_of_Brunswic_L_neburg	child	Augustus_the_Elder_Duke_of_Brunswic_L_neburg
Margaret_Countess_of_Vertus	spouse	Margaret_of_Foix
Marie_Eleonore_of_Cleves	mother	Maria_of_Austria_Duchess_of_J_lich_Cleves_Berg
Ethelinde_of_Northeim	type	Person
Albert_I_of_Germany	parent	Rudolf_I_of_Germany
Isabella_I_of_Castile	type	Person
Albert_II_Duke_of_Saxony	type	Person
Louis_Dauphin_of_France_son_of_Louis_XV	spouse	Maria_Josepha_of_Saxony_Dauphine_of_France
Louis_IV_Holy_Roman_Emperor	successor	Charles_IV_Holy_Roman_Emperor
Francesco_I_Sforza	predecessor	Golden_Ambrosian_Republic
James_III_of_Scotland	child	John_Stewart_Earl_of_Mar_died_1503
John_Count_Palatine_of_Neumarkt	type	Person
Lucrezia_de_Medici_Duchess_of_Ferrara	type	Person
George_III	parent	Princess_Augusta_of_Saxe_Gotha
Barbara_of_Cilli	father	Hermann_II_Count_of_Celje
Simon_I_Duke_of_Lorraine	type	Person
Otto_I_Duke_of_Bavaria	spouse	Agnes_of_Loon
Robert_II_Duke_of_Burgundy	child	Louis_of_Burgundy
Albert_I_of_Germany	spouse	Elisabeth_of_Carinthia_Queen_of_the_Romans
Alfonso_XI_of_Castile	predecessor	Ferdinand_IV_of_Castile
Maria_Theresa_of_Savoy	child	Sophie_of_France_1776_1783
Pepin_the_Short	mother	Rotrude_of_Hesbaye
Empress_Matilda	father	Henry_I_of_England
Ladislaus_the_Posthumous	type	Person
Catherine_of_Foix_Countess_of_Candale	mother	Eleanor_of_Navarre
Anne_Gonzaga	type	Person
Marie_of_France_Duchess_of_Bar	parent	John_II_of_France
Frederick_William_Duke_of_Mecklenburg_Schwerin	successor	Adolphus_Frederick_II_Duke_of_Mecklenburg_Strelitz
Robert_I_Count_of_Flanders	spouse	Gertrude_of_Saxony
Violant_of_Aragon	type	Person
Louis_Philippe_I_Duke_of_Orl_ans	father	Louis_Duke_of_Orl_ans_1703_1752
Eug_nie_de_Montijo	parent	Cipriano_de_Palafox_8th_Count_of_Montijo
Amaury_I_de_Montfort	predecessor	Guillaume_de_Montfort_of_Hainaut
Louise_of_France_1737_1787	type	Person
Hugh_of_Italy	parent	Theobald_of_Arles
Joan_Stewart_Countess_of_Morton	type	Person
Sancho_IV_of_Castile	child	Philip_of_Castile_Lord_of_Cabrera_and_Ribera
Leopold_III_Duke_of_Austria	parent	Albert_II_Duke_of_Austria
John_I_Duke_of_Brittany	type	Person
Charles_Ferdinand_Duke_of_Berry	father	Charles_X
Maud_FitzJohn_Countess_of_Warwick	type	Person
Rudolf_II_Count_of_Habsburg	parent	Albert_III_Count_of_Habsburg
Charles_the_Fat	successor	Arnulf_of_Carinthia
Joan_of__vreux	spouse	Charles_IV_of_France
Claude_Fran_oise_de_Lorraine	type	Person
Maria_Christina_of_the_Two_Sicilies	spouse	Agust_n_Fernando_Mu_oz_y_S_nchez_1st_Duke_of_Ri_nsares
Joan_of_Valois_Countess_of_Hainaut	type	Person
Elizabeth_Woodville	child	Cecily_of_York
Francis_Duke_of_Anjou	parent	Henry_II_of_France
Theobald_I_of_Navarre	spouse	Agnes_of_Beaujeu
Anastasia_of_Kiev	type	Person
Isabella_of_Valois_Duchess_of_Bourbon	child	Bonne_of_Bourbon
Anne_of_Orl_ans_Abbess_of_Fontevraud	type	Person
Alfonso_VII_of_Le_n_and_Castile	child	Sancha_of_Castile_Queen_of_Aragon
Theobald_I_Duke_of_Lorraine	successor	Matthias_II_Duke_of_Lorraine
Louise_of_Lorraine	type	Person
Maud_of_Normandy	spouse	Odo_II_Count_of_Blois
Louis_Philippe_I_Duke_of_Orl_ans	type	Person
Louis_VIII_of_France	parent	Philip_II_of_France
Beatrice_Regina_della_Scala	father	Mastino_II_della_Scala
Afonso_III_of_Portugal	type	Person
Frederick_the_Fair	successor	Albert_II_Duke_of_Austria
Francis_IV_Duke_of_Modena	child	Archduke_Ferdinand_Karl_Viktor_of_Austria_Este
Alfonso_X_of_Castile	child	Alfonso_Fern_ndez_el_Ni_o
Louis_Antoine_Duke_of_Angoul_me	mother	Maria_Theresa_of_Savoy
Margaret_of_Austria_Queen_of_Spain	child	Cardinal_Infante_Ferdinand_of_Austria
Frederick_I_Count_of_Vaud_mont	father	John_I_Duke_of_Lorraine
Matthew_Count_of_Boulogne	type	Person
Gisela_of_Burgundy	type	Person
Frederick_IV_Duke_of_Lorraine	parent	Theobald_II_Duke_of_Lorraine
Francis_V_Duke_of_Modena	type	Person
Mary_I_of_England	successor	Philip_II_of_Spain
Robert_I_Duke_of_Burgundy	predecessor	Henry_I_of_France
Willa_of_Tuscany	mother	Willa_of_Burgundy
Guillaume_de_Montfort_of_Hainaut	type	Person
Bona_of_Savoy	child	Gian_Galeazzo_Sforza
Pepin_the_Short	predecessor	Charles_Martel
Ferdinand_III_Grand_Duke_of_Tuscany	predecessor	Leopold_II_Holy_Roman_Emperor
John_II_of_Aragon	mother	Eleanor_of_Alburquerque
Violant_of_Hungary	child	James_II_of_Majorca
Thomas_Francis_Prince_of_Carignano	type	Person
Philip_II_of_Spain	predecessor	Charles_V_Holy_Roman_Emperor
Prince_Louis_Count_of_Aquila	type	Person
Henry_of_Sandomierz	type	Person
Am_lie_of_Orl_ans	type	Person
Dirk_II_Count_of_Holland	child	Egbert_archbishop_of_Trier
Infanta_Luisa_Fernanda_Duchess_of_Montpensier	parent	Maria_Christina_of_the_Two_Sicilies
Olga_of_Kiev	predecessor	Igor_of_Kiev
Peter_I_Duke_of_Brittany	child	John_I_Duke_of_Brittany
Maria_Amalia_of_Naples_and_Sicily	child	Charles_d_Orl_ans_Duke_of_Penthi_vre
Leuthard_I_of_Paris	type	Person
_thelwulf_King_of_Wessex	child	_thelswith
Floris_I_Count_of_Holland	successor	Dirk_V_Count_of_Holland
Gertrude_of_Hohenberg	father	Burkhard_V_Count_of_Hohenberg
Alfred_the_Great	child	_thelgifu_Abbess_of_Shaftesbury
Edmund_Tudor_Duke_of_Somerset	type	Person
Maria_Theresa_of_Savoy	mother	Maria_Antonia_Ferdinanda_of_Spain
Philip_II_of_Spain	child	Catalina_Micaela_of_Spain
John_Beaufort_1st_Earl_of_Somerset	spouse	Margaret_Holland_Duchess_of_Clarence
Francis_II_Duke_of_Lorraine	child	Lixheim
John_Count_of_Angoul_me	parent	Louis_I_Duke_of_Orl_ans
Otto_I_Duke_of_Brunswic_L_neburg	successor	Albert_I_Duke_of_Brunswic_L_neburg
Margaret_of_Provence	child	Peter_I_Count_of_Alen_on
Duchess_Helene_of_Mecklenburg_Schwerin	child	Prince_Philippe_Count_of_Paris
Lorenzo_the_Elder	parent	Giovanni_di_Bicci_de_Medici
Auguste_of_Bade_Baden	type	Person
Marie_of_Anjou	type	Person
Odo_I_Duke_of_Burgundy	father	Henry_son_of_Robert_I_of_Burgundy
Ermesinde_of_Carcassonne	spouse	Ramon_Borrell_Count_of_Barcelona
Engelbert_Duke_of_Carinthia	type	Person
Robert_III_of_Scotland	mother	Elizabeth_Mure
Louis_Count_of__vreux	child	Marie_of__vreux
Henry_III_of_England	successor	Edward_I_of_England
Beatrice_of_Silesia	parent	Bolko_I_the_Strict
William_I_Count_of_Burgundy	type	Person
Otto_V_Duke_of_Bavaria	type	Person
Marie_of_Luxembourg_Queen_of_France	mother	Margaret_of_Brabant
Hemma	spouse	Louis_the_German
Frederick_II_Duke_of_Lorraine	child	Matthias_II_Duke_of_Lorraine
Louis_Count_of__vreux	mother	Marie_of_Brabant_Queen_of_France
Violant_of_Bar	type	Person
Christine_of_France	type	Person
Henry_I_of_France	type	Person
Margaret_Countess_of_Anjou	parent	Mary_of_Hungary_Queen_of_Naples
Matilda_of_Saxony_countess_of_Flanders	father	Hermann_Billung
Philip_V_of_Spain	parent	Maria_Anna_Victoria_of_Bavaria
Philip_II_Landgrave_of_Hesse_Rheinfels	type	Person
March_of_Friuli	type	Person
Margaret_of_Austria_Queen_of_Spain	type	Person
Louis_XVI	child	Louis_Joseph_Dauphin_of_France
Bertha_of_Holland	parent	Floris_I_Count_of_Holland
Werner_I_Count_of_Klettgau	father	Radbot_of_Klettgau
Baldwin_III_Count_of_Hainaut	type	Person
Mafalda_of_Portugal	type	Person
Archduchess_Maria_Theresa_of_Austria_Este_1817_1886	spouse	Henri_Count_of_Chambord
Hugh_Magnus	successor	Henry_I_of_France
Victor_Amadeus_I_Duke_of_Savoy	father	Charles_Emmanuel_I_Duke_of_Savoy
Thomas_of_Brotherton_1st_Earl_of_Norfolk	type	Person
Charles_III_Duke_of_Savoy	parent	Philip_II_Duke_of_Savoy
Alfonso_VIII_of_Castile	child	Blanche_of_Castile
Philip_IV_of_France	successor	Louis_X_of_France
Piero_di_Cosimo_de_Medici	father	Cosimo_de_Medici
Matilda_of_B_thune	spouse	Guy_Count_of_Flanders
Philip_II_of_Spain	spouse	Elisabeth_of_Valois
Princess_Maria_Carolina_of_Bourbo_Two_Sicilies_1820_1861	type	Person
Joanna_of_Austria_Grand_Duchess_of_Tuscany	spouse	Francesco_I_de_Medici_Grand_Duke_of_Tuscany
Duchess_Sophie_of_Prussia	type	Person
John_II_Duke_of_Brittany	mother	Blanche_of_Navarre_Duchess_of_Brittany
William_of_Winchester_Lord_of_Lunenburg	father	Henry_the_Lion
Gisela_of_Burgundy_Marchioness_of_Montferrat	parent	William_I_Count_of_Burgundy
Anne_of_Kiev	type	Person
Alfonso_IX_of_Le_n	child	Berengaria_of_Le_n
Carloman_II	mother	Ansgarde_of_Burgundy
Olof_Sk_tkonung	type	Person
Ferdinand_III_of_Castile	child	Manuel_of_Castile
Richeza_of_Poland_Queen_of_Sweden	type	Person
Alphonse_Count_of_Poitiers	type	Person
Edward_III_of_England	type	Person
Violant_of_Hungary	father	Andrew_II_of_Hungary
_lisabeth_Charlotte_d_Orl_ans	spouse	Leopold_Duke_of_Lorraine
Charles_Emmanuel_I_Duke_of_Savoy	child	Isabella_of_Savoy
Conrad_I_of_Germany	type	Person
Robert_II_of_France	type	Person
Charlotte_of_Mecklenburg_Strelitz	parent	Duke_Charles_Louis_Frederick_of_Mecklenburg
Peter_III_of_Aragon	type	Person
Plectrude	type	Person
Maria_Josepha_of_Saxony_Dauphine_of_France	parent	Maria_Josepha_of_Austria
Henry_II_of_France	child	Henry_III_of_France
Agnes_of_Rochlitz	type	Person
Dirk_II_Count_of_Holland	parent	Dirk_I_Count_of_Holland
Clemence_of_Austria	father	Rudolf_I_of_Germany
Gerberga_of_Saxony	parent	Matilda_of_Ringelheim
Adalbert_of_Italy	type	Person
Victor_Amadeus_III_of_Sardinia	type	Person
Rozala_of_Italy	mother	Willa_of_Tuscany
Adela_of_Champagne	parent	Theobald_II_Count_of_Champagne
Elizabeth_of_Bohemia_1292_1330	child	John_Henry_Margrave_of_Moravia
Simon_I_de_Montfort	parent	Amaury_I_de_Montfort
Louis_Philippe_II_Duke_of_Orl_ans	predecessor	Louis_Philippe_I_Duke_of_Orl_ans
Bonne_of_Artois	spouse	Philip_the_Good
Louis_VII_of_France	child	Agnes_of_France_Byzantine_Empress
Charles_of_Valois_Duke_of_Berry	type	Person
Fran_ois_III_d_Orl_ans_Duke_of_Longueville	type	Person
Adelaide_of_Maurienne	child	Robert_I_Count_of_Dreux
Baldwin_III_Count_of_Flanders	spouse	Matilda_of_Saxony_countess_of_Flanders
Conrad_of_Ivrea	type	Person
Margaret_of_Brieg	child	Joanna_of_Bavaria
Yaroslav_the_Wise	parent	Vladimir_the_Great
Conrad_I_of_Burgundy	mother	Bertha_of_Swabia
Cumans	type	Person
Louis_IX_of_France	child	Blanche_of_France_Infanta_of_Castile
Stephen_V_of_Hungary	spouse	Elizabeth_the_Cuman
Lothair_II_of_Italy	predecessor	Hugh_of_Italy
Henry_II_of_France	child	Margaret_of_Valois
Violant_of_Bar	spouse	Louis_II_of_Anjou
Charles_Brandon_1st_Duke_of_Suffolk	type	Person
Theobald_II_Count_of_Champagne	parent	Adela_of_Normandy
Welf_father_of_Judith	spouse	Hedwig_of_Bavaria
Ferdinand_III_of_Castile	successor	Alfonso_X_of_Castile
Louise_of_Savoy	parent	Margaret_of_Bourbon_1438_1483
Elizabeth_of_Austria_1436_1505	child	Vladislaus_II_of_Hungary
John_II_Duke_of_Bourbon	type	Person
Hugh_Count_of_Burgundy	parent	John_Count_of_Chalon
James_II_of_Scotland	mother	Joan_Beaufort_Queen_of_Scots
Rudolf_I_of_Germany	father	Albert_IV_Count_of_Habsburg
John_of_Bohemia	child	Bonne_of_Luxembourg
Mary_Tudor_Queen_of_France	child	Eleanor_Clifford_Countess_of_Cumberland
Eleanor_of_Aragon_Queen_of_Portugal	parent	Eleanor_of_Alburquerque
Afonso_I_Duke_of_Braganza	spouse	Beatriz_Pereira_de_Alvim
William_I_of_Provence	type	Person
Gertrude_of_S_pplingenburg	type	Person
Charlotte_of_Bourbon_Queen_of_Cyprus	type	Person
Gaston_Duke_of_Orl_ans	type	Person
Frederick_Prince_of_Wales	mother	Caroline_of_Ansbach
Canute_V_of_Denmark	type	Person
Joan_Beaufort_Countess_of_Westmorland	type	Person
Philip_III_of_France	predecessor	Louis_IX_of_France
Louis_IV_of_France	child	Matilda_of_France
Blanche_of_Portugal_1259_1321	type	Person
Odo_III_Duke_of_Burgundy	successor	Hugh_IV_Duke_of_Burgundy
Maud_of_Apulia	spouse	Ramon_Berenguer_II_Count_of_Barcelona
Violant_of_Hungary	child	Isabella_of_Aragon_Queen_of_France
Henry_II_of_Castile	type	Person
Elizabeth_of_Austria_1436_1505	child	Saint_Casimir
Maximilian_II_Holy_Roman_Emperor	child	Albert_VII_Archduke_of_Austria
Blanche_of_Castile	child	Robert_I_Count_of_Artois
Agnes_of_France_Duchess_of_Burgundy	child	Hugh_V_Duke_of_Burgundy
Rudolf_I_of_Germany	child	Albert_I_of_Germany
Blanche_of_Brittany	parent	Beatrice_of_England
Maria_Luisa_of_Spain	child	Archduchess_Maria_Amalia_of_Austria_1780_1798
Stephen_III_of_Auxonne	parent	Stephen_II_of_Auxonne
Henry_I_Count_of_Champagne	type	Person
Adelaide_of_Paris	parent	March_of_Friuli
Louis_Dauphin_of_France_son_of_Louis_XV	father	Louis_XV
Francis_I_of_France	successor	Henry_II_of_France
Giovanni_delle_Bande_Nere	mother	Caterina_Sforza
Charles_VI_of_France	spouse	Isabeau_of_Bavaria
Lorenzo_the_Elder	type	Person
Alfonso_VII_of_Le_n_and_Castile	parent	Raymond_of_Burgundy
Thomas_Stewart_bishop_of_St_Andrews	type	Person
Henry_the_Middle_Duke_of_Brunswic_L_neburg	father	Otto_V_Duke_of_Brunswic_L_neburg
Dorothea_of_Denmark_Duchess_of_Brunswic_L_neburg	type	Person
Fran_oise_Marie_de_Bourbon	spouse	Philippe_II_Duke_of_Orl_ans
Eugene_Jean_Count_of_Soissons	type	Person
Albert_IV_Count_of_Habsburg	parent	Rudolf_II_Count_of_Habsburg
Elizabeth_of_Bohemia_1292_1330	spouse	John_of_Bohemia
Rudolph_I_of_Burgundy	parent	Waldrada_of_Worms
Prince_Philippe_Count_of_Paris	predecessor	Louis_Philippe_I
Marie_of_Valois_Duchess_of_Calabria	type	Person
Giovanni_delle_Bande_Nere	father	Giovanni_il_Popolano
Marie_de_Valois	type	Person
Magdalene_of_Brandenburg_1412_1454	type	Person
Philip_V_of_France	father	Philip_IV_of_France
Louis_II_Duke_of_Bourbon	type	Person
John_of_Gaunt	type	Person
Peter_of_Castile	successor	Henry_II_of_Castile
Philip_of_France_Archdeacon_of_Paris	type	Person
Matilda_of_Saxony_countess_of_Flanders	type	Person
Eleanor_of_Austria	parent	Philip_I_of_Castile
Maria_Carolina_of_Austria	child	Luisa_of_Naples_and_Sicily
Henry_III_Duke_of_Brabant	parent	Henry_II_Duke_of_Brabant
Beatriz_of_Portugal_Duchess_of_Viseu	child	Manuel_I_of_Portugal
Henry_VII_Holy_Roman_Emperor	successor	John_of_Bohemia
Maria_of_Austria_Duchess_of_J_lich_Cleves_Berg	father	Ferdinand_I_Holy_Roman_Emperor
Catherine_de_Medici	parent	Madeleine_de_La_Tour_d_Auvergne
Louis_XVII	parent	Marie_Antoinette
Christine_of_Saxony	parent	Barbara_Jagiellon
Willa_of_Burgundy	father	Rudolph_I_of_Burgundy
Thomas_Arundel	type	Person
Isabelle_de_Bourbon	type	Person
Duchess_Helene_of_Mecklenburg_Schwerin	type	Person
Matthias_II_Duke_of_Lorraine	child	Frederick_III_Duke_of_Lorraine
Ecgberht_King_of_Wessex	child	_thelwulf_King_of_Wessex
Lucia_da_Torsano	type	Person
Eleanor_of_Brittany_abbess	type	Person
George_II_of_Great_Britain	child	Frederick_Prince_of_Wales
Elisabeth_Farnese	spouse	Philip_V_of_Spain
Hugh_Capet	child	Hedwig_of_France_Countess_of_Mons
Philip_II_Duke_of_Savoy	successor	Philibert_II_Duke_of_Savoy
Alfonso_VIII_of_Castile	mother	Blanca_of_Navarre_Queen_of_Castile
Marie_Ad_la_de_of_Savoy	type	Person
Pepin_of_Herstal	predecessor	Wulfoald
Charles_Ferdinand_Duke_of_Berry	mother	Maria_Theresa_of_Savoy
Clementia_of_Hungary	child	John_I_of_France
Henri_Count_of_Chambord	father	Charles_Ferdinand_Duke_of_Berry
Marie_Louise_Duchess_of_Parma	parent	Francis_II_Holy_Roman_Emperor
Francis_II_Holy_Roman_Emperor	parent	Leopold_II_Holy_Roman_Emperor
Odo_II_Duke_of_Burgundy	father	Hugh_II_Duke_of_Burgundy
Landgravine_Elisabeth_Amalie_of_Hesse_Darmstadt	parent	Sophia_Eleonore_of_Saxony
Carloman_I	type	Person
Willa_of_Tuscany	successor	Gerberga_of_M_con
William_III_Duke_of_Aquitaine	parent	Ebalus_Duke_of_Aquitaine
Edward_I_of_England	child	Elizabeth_of_Rhuddlan
Sancho_I_of_Portugal	child	Mafalda_of_Portugal
Victor_Amadeus_II_of_Sardinia	parent	Charles_Emmanuel_II_Duke_of_Savoy
Carlo_Buonaparte	father	Giuseppe_Maria_Buonaparte
Maria_Luisa_of_Spain	parent	Charles_III_of_Spain
Simon_I_Duke_of_Lorraine	child	Agatha_of_Lorraine
Philip_III_of_France	child	Charles_Count_of_Valois
Charles_Orlando_Dauphin_of_France	type	Person
Matilda_of_Flanders	type	Person
Alice_Holland_Countess_of_Kent	type	Person
George_Gordon_4th_Earl_of_Huntly	parent	Margaret_Stewart_Lady_Gordon
Margaret_of_Brabant	spouse	Henry_VII_Holy_Roman_Emperor
Philippe_I_Duke_of_Orl_ans	child	Anne_Marie_d_Orl_ans
Joanna_of_Castile	child	Charles_V_Holy_Roman_Emperor
John_II_Duke_of_Brittany	child	Marie_of_Brittany_Countess_of_Saint_Pol
Catherine_of_Vend_me	parent	John_VI_of_Vend_me
Louis_Duke_of_Orl_ans_1703_1752	predecessor	Henri_Jules_Prince_of_Cond_
Isabella_of_Hainault	father	Baldwin_V_Count_of_Hainaut
Henry_III_Duke_of_Brabant	mother	Maria_of_Swabia
Louis_III_of_France	parent	Ansgarde_of_Burgundy
Louis_XVI	spouse	Marie_Antoinette
Maria_Beatrice_of_Savoy	child	Francis_V_Duke_of_Modena
Charles_VIII_of_France	type	Person
Maria_Amalia_of_Saxony	child	Maria_Luisa_of_Spain
Elisabeth_Christine_of_Brunswic_Wolfenb_ttel	type	Person
Louis_III_Landgrave_of_Thuringia	type	Person
Countess_Palatine_Caroline_of_Zweibr_cken	child	Princess_Amalie_of_Hesse_Darmstadt
Ferdinand_Philippe_Duke_of_Orl_ans	spouse	Duchess_Helene_of_Mecklenburg_Schwerin
Charles_IV_of_Anjou	predecessor	Ren__of_Anjou
Stephanie_Alfonso_of_Castile	type	Person
Joan_Lady_of_Wales	type	Person
Teresa_Fern_ndez_de_Traba	type	Person
Baldwin_III_Count_of_Flanders	mother	Adele_of_Vermandois
Ferdinand_VI_of_Spain	predecessor	Philip_V_of_Spain
Louis_XVIII	parent	Louis_Dauphin_of_France_son_of_Louis_XV
Fran_oise_Marie_de_Bourbon	child	Louise_Ad_la_de_d_Orl_ans
Robert_II_of_Scotland	mother	Marjorie_Bruce
Charles_the_Fat	predecessor	Carloman_of_Bavaria
Eug_nie_de_Montijo	child	Napol_on_Prince_Imperial
Rudolph_II_of_Burgundy	type	Person
Rainier_Marquis_of_Montferrat	spouse	Gisela_of_Burgundy_Marchioness_of_Montferrat
Hugh_the_Great	type	Person
Louis_XII	parent	Charles_Duke_of_Orl_ans
John_II_Count_of_Holland	spouse	Philippa_of_Luxembourg
Margaret_Holland_Duchess_of_Clarence	parent	Alice_Holland_Countess_of_Kent
Anne_of_Cyprus	child	Jacques_of_Savoy_Count_of_Romont
Beatrice_of_Silesia	father	Bolko_I_the_Strict
Charles_VI_Holy_Roman_Emperor	spouse	Elisabeth_Christine_of_Brunswic_Wolfenb_ttel
Marie_Caroline_of_Bourbo_Two_Sicilies_Duchess_of_Berry	type	Person
Charlotte_of_Mecklenburg_Strelitz	type	Person
Afonso_IV_of_Portugal	spouse	Beatrice_of_Castile_1293_1359
Duke_Charles_Louis_Frederick_of_Mecklenburg	child	Charles_II_Grand_Duke_of_Mecklenburg_Strelitz
Henry_the_Lion	parent	Gertrude_of_S_pplingenburg
Marie_of_Bade_Sponheim	type	Person
Charles_IV_of_France	father	Philip_IV_of_France
Richard_II_of_England	predecessor	Edward_III_of_England
John_I_Duke_of_Lorraine	father	Rudolph_Duke_of_Lorraine
Agatha_wife_of_Edward_the_Exile	type	Person
Mary_of_Avesnes	type	Person
Elizabeth_of_Luxembourg	father	Sigismund_Holy_Roman_Emperor
Ferdinand_Karl_Archduke_of_Austria_Este	parent	Maria_Theresa
Catherine_of_Lorraine_1573_1648	type	Person
Louis_the_Younger	type	Person
Margaret_ferch_Dafydd	type	Person
John_of_Gaunt	child	John_Beaufort_1st_Earl_of_Somerset
Charles_Emmanuel_II_Duke_of_Savoy	child	Victor_Amadeus_II_of_Sardinia
Eleanor_of_Castile	spouse	Edward_I_of_England
Blanche_of_Navarre_Countess_of_Champagne	spouse	Theobald_III_Count_of_Champagne
Ferdinand_III_of_Castile	child	Sancho_of_Castile_bishop
Engeltrude_de_F_zensac	spouse	Odo_I_Count_of_Orl_ans
Frederick_Prince_of_Wales	child	Prince_Edward_Duke_of_York_and_Albany
Constance_of_Castile	parent	Alfonso_VII_of_Le_n_and_Castile
Girolamo_Savonarola	type	Person
_lisabeth_of_France	type	Person
Otto_William_Count_of_Burgundy	spouse	Ermentrude_de_Roucy
Peter_I_Duke_of_Brittany	successor	John_I_Duke_of_Brittany
Peter_I_Count_of_Saint_Pol	type	Person
Olga_of_Kiev	type	Person
Beatrice_of_Portugal_died_1381	spouse	Sancho_Alfonso
Philip_Duke_of_Nemours	type	Person
Piero_di_Cosimo_de_Medici	mother	Contessina_de_Bardi
Frederuna	spouse	Charles_the_Simple
Princess_Marie_Isabelle_of_Orl_ans	child	Am_lie_of_Orl_ans
Dirk_II_Count_of_Holland	father	Dirk_I_Count_of_Holland
Charles_VI_of_France	parent	Charles_V_of_France
Rudolf_II_Holy_Roman_Emperor	type	Person
Maria_Josepha_of_Saxony_Dauphine_of_France	child	Louis_XVI
Rudolph_Duke_of_Lorraine	parent	Frederick_IV_Duke_of_Lorraine
John_II_Duke_of_Brittany	father	John_I_Duke_of_Brittany
Adela_of_Champagne	father	Theobald_II_Count_of_Champagne
Ren__of_Anjou	parent	Louis_II_of_Anjou
Richard_Duke_of_Burgundy	parent	Bivin_of_Gorze
John_Stewart_Earl_of_Mar_died_1503	type	Person
Princess_Maria_Isabella_of_Naples_and_Sicily	type	Person
Henry_II_of_Navarre	successor	Antoine_of_Navarre
Philip_Duke_of_Orl_ans	type	Person
Theodoric_II_Duke_of_Lorraine	spouse	Gertrude_of_Flanders_Duchess_of_Lorraine
Ferdinand_I_Holy_Roman_Emperor	parent	Joanna_of_Castile
Francis_II_Holy_Roman_Emperor	child	Archduchess_Marie_Caroline_of_Austria
Charles_III_Philip_Elector_Palatine	type	Person
Maria_Luisa_of_Spain	child	Francis_II_Holy_Roman_Emperor
Louise__lisabeth_of_France	parent	Louis_XV
Sophia_Eleonore_of_Hesse_Darmstadt	type	Person
Charles_the_Bald	spouse	Ermentrude_of_Orl_ans
Margaret_I_Countess_of_Burgundy	type	Person
Louis_I_Duke_of_Bavaria	type	Person
Louise__lisabeth_of_France	child	Ferdinand_Duke_of_Parma
Denis_of_Portugal	father	Afonso_III_of_Portugal
Charles_Martel	child	Auda_of_France
Princess_Marie_Isabelle_of_Orl_ans	child	Princess_H_l_ne_of_Orl_ans
Frederick_Hereditary_Prince_of_Saxony	type	Person
Ferdinand_Philippe_Duke_of_Orl_ans	successor	Prince_Philippe_Count_of_Paris
Giovanni_di_Bicci_de_Medici	spouse	Piccarda_Bueri
Welf_I_Duke_of_Bavaria	father	Albert_Azzo_II_Margrave_of_Milan
Louis_VIII_of_France	child	Charles_I_of_Anjou
Eug_nie_de_Montijo	parent	Mar_a_Manuela_Kirkpatrick_de_Grevign_e
Alfonso_de_Arag_n_y_Escobar	type	Person
Jacquetta_of_Luxembourg	parent	Margaret_of_Baux
Charles_III_Duke_of_Lorraine	predecessor	Francis_I_Duke_of_Lorraine
Princess_Augusta_Sophia_of_the_United_Kingdom	type	Person
Frederick_I_Duke_of_Lorraine	predecessor	Simon_II_Duke_of_Lorraine
Adolphus_Frederick_II_Duke_of_Mecklenburg_Strelitz	child	Duchess_Gustave_Caroline_of_Mecklenburg_Strelitz
Marie_Countess_of_Harcourt	spouse	Antoine_Count_of_Vaud_mont
Louis_the_Stammerer	mother	Ermentrude_of_Orl_ans
Mary_Queen_of_Scots	spouse	Francis_II_of_France
Maria_of_Portugal_Marchioness_of_Tortosa	type	Person
Sophia_Eleonore_of_Saxony	type	Person
Frederick_III_Holy_Roman_Emperor	predecessor	Albert_II_of_Germany
Margaret_of_Provence	child	Blanche_of_France_Infanta_of_Castile
Louis_X_of_France	spouse	Clementia_of_Hungary
Adelaide_of_Maurienne	child	Philip_of_France_1116_1131
Joan_Countess_of_Ponthieu	mother	Marie_Countess_of_Ponthieu
Humbert_II_Count_of_Savoy	type	Person
Henry_II_of_England	child	Matilda_of_England_Duchess_of_Saxony
Charles_Duke_of_Orl_ans	parent	Valentina_Visconti_Duchess_of_Orl_ans
Joanna_of_Aragon_Queen_of_Naples	type	Person
Marie_of_France_Duchess_of_Bar	child	Edward_III_Duke_of_Bar
Infanta_Luisa_Fernanda_Duchess_of_Montpensier	child	Mercedes_of_Orl_ans
Maria_Christina_of_the_Two_Sicilies	child	Infanta_Luisa_Fernanda_Duchess_of_Montpensier
Charles_the_Fat	predecessor	Louis_the_German
Otto_I_Holy_Roman_Emperor	type	Person
George_II_of_Great_Britain	child	Anne_Princess_Royal_and_Princess_of_Orange
Sancho_of_Castile_bishop	type	Person
Charlotte_of_Mecklenburg_Strelitz	child	Princess_Elizabeth_of_the_United_Kingdom
Philip_II_of_France	parent	Adela_of_Champagne
Albert_Azzo_II_Margrave_of_Milan	mother	Adela_of_Milan
Theodoric_II_Duke_of_Lorraine	predecessor	Gerard_Duke_of_Lorraine
Louis_Antoine_Duke_of_Angoul_me	successor	Henri_Count_of_Chambord
Elizabeth_of_Bohemia_1292_1330	child	Anne_of_Bohemia_Duchess_of_Austria
Antoine_Duke_of_Lorraine	child	Francis_I_Duke_of_Lorraine
Henry_II_of_England	spouse	Eleanor_of_Aquitaine
Maria_Luisa_of_Spain	child	Archduke_Louis_of_Austria
Charles_VII_of_France	child	Marie_de_Valois
Douce_I_Countess_of_Provence	spouse	Ramon_Berenguer_III_Count_of_Barcelona
John_of_Bohemia	parent	Margaret_of_Brabant
Arthur_II_Duke_of_Brittany	spouse	Yolande_of_Dreux_Queen_of_Scotland
John_of_Lancaster_1st_Duke_of_Bedford	type	Person
Anne_of_Cyprus	parent	Charlotte_of_Bourbon_Queen_of_Cyprus
Isabella_Duchess_of_Lorraine	parent	Margaret_of_the_Palatinate
John_FitzAlan_1st_Baron_Arundel	type	Person
Blanche_of_Artois	parent	Matilda_of_Brabant_Countess_of_Artois
Robert_II_of_France	spouse	Constance_of_Arles
Salomea_of_Berg	child	Mieszko_III_the_Old
Margaret_of_Brunswic_L_neburg	type	Person
Albert_I_of_Germany	child	Albert_II_Duke_of_Austria
Henry_II_Duke_of_Brabant	father	Henry_I_Duke_of_Brabant
John_II_of_France	child	Charles_V_of_France
Louis_I_of_Anjou	child	Charles_Prince_of_Taranto
Catherine_of_Portugal_nun	type	Person
Cosimo_de_Medici	father	Giovanni_di_Bicci_de_Medici
_thelstan	type	Person
Gerloc	father	Rollo
Richilde_Countess_of_Hainaut	type	Person
Stephen_Count_of_Blois	spouse	Adela_of_Normandy
Charlotte_of_Mecklenburg_Strelitz	child	Prince_Frederick_Duke_of_York_and_Albany
Ferdinand_II_of_Aragon	mother	Juana_Enr_quez
Eleanor_of_Lancaster	parent	Maud_Chaworth
Peter_I_of_Portugal	type	Person
Catherine_of_Vend_me	type	Person
Igor_of_Kiev	parent	Rurik
Patrick_Hepburn_3rd_Earl_of_Bothwell	type	Person
Fredericka_of_Saxe_Gotha_Altenburg	type	Person
Joan_of_France_Duchess_of_Bourbon	predecessor	Agnes_of_Burgundy_Duchess_of_Bourbon
Baldwin_II_Count_of_Hainaut	parent	Baldwin_VI_Count_of_Flanders
Maria_Amalia_of_Saxony	parent	Augustus_III_of_Poland
Bouchard_IV_of_Avesnes	father	James_of_Avesnes
Gerard_de_Bouzonville	type	Person
Werner_II_Count_of_Habsburg	parent	Otto_II_Count_of_Habsburg
Barbara_Jagiellon	child	John_Hereditary_Prince_of_Saxony
Marie_Louise_Duchess_of_Parma	father	Francis_II_Holy_Roman_Emperor
Wilhelmine_Amalie_of_Brunswick	parent	Benedicta_Henrietta_of_the_Palatinate
Afonso_II_of_Portugal	father	Sancho_I_of_Portugal
Sophia_Eleonore_of_Saxony	parent	Magdalene_Sibylle_of_Prussia
Clarice_Orsini	type	Person
Charles_the_Bold	predecessor	Philip_the_Good
John_of_Gaunt	predecessor	Richard_II_of_England
Louis_Duke_of_Savoy	father	Amadeus_VIII_Duke_of_Savoy
William_III_Duke_of_Aquitaine	father	Ebalus_Duke_of_Aquitaine
Reginar_III_Count_of_Hainaut	type	Person
Henry_of_Bar	type	Person
John_Count_of_Angoul_me	mother	Valentina_Visconti_Duchess_of_Orl_ans
Philippe_II_Duke_of_Orl_ans	successor	Louis_Duke_of_Orl_ans_1703_1752
Eleanor_of_Aquitaine	child	Joan_of_England_Queen_of_Sicily
Lambert_I_Count_of_Louvain	father	Reginar_III_Count_of_Hainaut
Arthur_Prince_of_Wales	type	Person
Margaret_of_Burgundy_Queen_of_France	parent	Robert_II_Duke_of_Burgundy
Rozala_of_Italy	spouse	Arnulf_II_Count_of_Flanders
Marie_Jos_phine_of_Savoy	mother	Maria_Antonia_Ferdinanda_of_Spain
Adolph_I_Duke_of_Cleves	spouse	Mary_of_Burgundy_Duchess_of_Cleves
Prince_Antonio_Count_of_Lecce	type	Person
Elisabeth_of_Austria_Duchess_of_Lorraine	spouse	Frederick_IV_Duke_of_Lorraine
Elizabeth_of_Luxembourg	child	Anne_of_Austria_Landgravine_of_Thuringia
Adolphus_Frederick_II_Duke_of_Mecklenburg_Strelitz	parent	Adolphus_Frederick_I_Duke_of_Mecklenburg_Schwerin
Otto_IV_Holy_Roman_Emperor	type	Person
James_IV_of_Scotland	child	James_V_of_Scotland
Ermengarde_of_Hesbaye	child	Louis_the_German
Ebalus_Duke_of_Aquitaine	parent	Ranulf_II_of_Aquitaine
Frederick_III_Duke_of_Lorraine	predecessor	Matthias_II_Duke_of_Lorraine
Edward_IV_of_England	predecessor	Henry_VI_of_England
John_I_Duke_of_Brittany	child	John_II_Duke_of_Brittany
Eleanor_of_Aragon_Queen_of_Portugal	child	Afonso_V_of_Portugal
Philip_III_of_Navarre	child	Philip_Count_of_Longueville
Charles_Count_of_Maine	type	Person
Henry_II_of_France	successor	Francis_II_of_France
Fran_oise_Marie_de_Bourbon	child	Louise_Diane_Princess_of_Conti
Anne_Marie_d_Orl_ans	spouse	Victor_Amadeus_II_of_Sardinia
Anne_of_Brittany	successor	Claude_of_France
Otto_I_Duke_of_Brunswic_L_neburg	successor	John_Duke_of_Brunswic_L_neburg
Edmund_Tudor_1st_Earl_of_Richmond	type	Person
Fran_oise_Madeleine_d_Orl_ans	spouse	Charles_Emmanuel_II_Duke_of_Savoy
Joan_I_Countess_of_Auvergne	successor	Philip_I_Duke_of_Burgundy
Matthew_Stewart_2nd_Earl_of_Lennox	spouse	Margaret_Lyle
Charles_Duke_of_Berry_1686_1714	type	Person
Archduchess_Maria_Clementina_of_Austria	father	Leopold_II_Holy_Roman_Emperor
James_I_of_Scotland	child	Alexander_Stewart_Duke_of_Rothesay
Henry_Count_of_Portugal	type	Person
Victor_Amadeus_III_of_Sardinia	child	Maria_Theresa_of_Savoy
Adelaide_of_Italy	spouse	Lothair_II_of_Italy
Elizabeth_of_Bohemia_1292_1330	parent	Wenceslaus_II_of_Bohemia
Blanche_of_Burgundy	parent	Otto_IV_Count_of_Burgundy
Louis_XVII	type	Person
Frederick_I_Duke_of_Lorraine	mother	Bertha_Duchess_of_Lorraine
Joan_the_Lame	spouse	Philip_VI_of_France
Countess_Palatine_Caroline_of_Zweibr_cken	child	Princess_Louise_of_Hesse_Darmstadt_1757_1830
Louis_I_Duke_of_Orl_ans	type	Person
Matilda_of_Scotland	parent	Malcolm_III_of_Scotland
Margaret_Theresa_of_Spain	type	Person
Matthias_II_Duke_of_Lorraine	successor	Frederick_III_Duke_of_Lorraine
Ferdinand_I_Holy_Roman_Emperor	child	Charles_II_Archduke_of_Austria
George_Plantagenet_1st_Duke_of_Bedford	type	Person
Charles_X	father	Louis_Dauphin_of_France_son_of_Louis_XV
Henry_IV_of_England	parent	John_of_Gaunt
Fulk_King_of_Jerusalem	parent	Bertrade_of_Montfort
Louis_I_Duke_of_Orl_ans	successor	Charles_Duke_of_Orl_ans
Mary_of_Burgundy_Duchess_of_Cleves	type	Person
Charlotte_of_Mecklenburg_Strelitz	child	George_IV
Maria_Luisa_of_Parma	mother	Louise__lisabeth_of_France
Ren__of_Anjou	spouse	Isabella_Duchess_of_Lorraine
Philip_III_of_Navarre	type	Person
Blanche_of_Artois	type	Person
Beatrice_of_Bavaria	type	Person
Hemma	type	Person
Archduke_Ferdinand_Karl_Joseph_of_Austria_Este	type	Person
Anne_of_Foix_Candale	child	Louis_II_of_Hungary
Louis_XIV	mother	Anne_of_Austria
Otto_I_Duke_of_Brunswic_L_neburg	type	Person
Berenguer_Ramon_I_Count_of_Barcelona	spouse	Guisla_de_Llu__
Ferdinand_I_of_the_Two_Sicilies	parent	Charles_III_of_Spain
Louis_II_of_Hungary	successor	Ferdinand_I_Holy_Roman_Emperor
Maria_Beatrice_of_Savoy	child	Archduchess_Maria_Theresa_of_Austria_Este_1817_1886
Sophie_of_Thuringia_Duchess_of_Brabant	spouse	Henry_II_Duke_of_Brabant
Charles_VIII_of_France	mother	Charlotte_of_Savoy
George_Duke_of_Brunswic_Calenberg	parent	William_the_Younger_Duke_of_Brunswic_L_neburg
Charles_VII_of_France	spouse	Marie_of_Anjou
Matilda_of_Carinthia	type	Person
Henry_VII_of_England	child	Elizabeth_Tudor_1492_1495
Stephen_I_Count_of_Burgundy	parent	William_I_Count_of_Burgundy
Tello_Alfonso	type	Person
Agnes_of_France_Duchess_of_Burgundy	spouse	Robert_II_Duke_of_Burgundy
Lu_s_of_Portugal_Duke_of_Beja	type	Person
Henri_de_Dreux	type	Person
Catherine_of_Valois	father	Charles_VI_of_France
Agnes_of_France_Byzantine_Empress	type	Person
Sancho_III_of_Castile	parent	Alfonso_VII_of_Le_n_and_Castile
Sancho_I_of_Portugal	predecessor	Afonso_I_of_Portugal
Theobald_I_of_Navarre	child	Blanche_of_Navarre_Duchess_of_Brittany
John_Count_of_Chalon	father	Stephen_III_of_Auxonne
Mary_Tudor_Queen_of_France	child	Frances_Grey_Duchess_of_Suffolk
Robert_II_Duke_of_Burgundy	father	Hugh_IV_Duke_of_Burgundy
Charles_VII_of_France	mother	Isabeau_of_Bavaria
Adelaide_of_Aquitaine	spouse	Hugh_Capet
Ramon_Berenguer_IV_Count_of_Barcelona	predecessor	Ramon_Berenguer_III_Count_of_Barcelona
Anna_Maria_of_Mecklenburg_Schwerin	father	Adolphus_Frederick_I_Duke_of_Mecklenburg_Schwerin
Fulk_I_Count_of_Anjou	parent	Ingelger
Margaret_of_Geneva	spouse	Thomas_Count_of_Savoy
Marie_of_Bade_Sponheim	successor	Archduchess_Anna_of_Austria
Frederick_I_Duke_of_Lorraine	parent	Matthias_I_Duke_of_Lorraine
George_II_of_Great_Britain	child	Prince_George_William_of_Great_Britain
Baldwin_II_Margrave_of_Flanders	father	Baldwin_I_Margrave_of_Flanders
Eleanor_of_Castile	mother	Joan_Countess_of_Ponthieu
Wulfhilde_of_Saxony	type	Person
Bertrade_of_Montfort	child	Cecile_of_France
Prince_Henry_Duke_of_Cumberland_and_Strathearn	type	Person
Sigismund_Holy_Roman_Emperor	type	Person
Isabella_of_Bourbon	mother	Agnes_of_Burgundy_Duchess_of_Bourbon
Maria_of_Austria_Holy_Roman_Empress	child	Maximilian_III_Archduke_of_Austria
Ren__of_Anjou	father	Louis_II_of_Anjou
Peter_I_of_Courtenay	type	Person
Charles_Martel	predecessor	Theudoald
Prince_Gennaro_of_Naples_and_Sicily	type	Person
Beatrice_of_Portugal_Duchess_of_Savoy	type	Person
Constance_of_Arles	child	Hugh_Magnus
Catherine_of_Lorraine_Margravine_of_Bade_Baden	type	Person
Louis_VI_Landgrave_of_Hesse_Darmstadt	type	Person
Joanna_of_Castile	mother	Isabella_I_of_Castile
Benedicta_Henrietta_of_the_Palatinate	parent	Anne_Gonzaga
Bertha_of_Burgundy	mother	Matilda_of_France
Valdemar_I_of_Denmark	child	Canute_VI_of_Denmark
Alys_of_France_Countess_of_Vexin	mother	Constance_of_Castile
Joan_III_Countess_of_Burgundy	parent	Joan_II_Countess_of_Burgundy
Charles_II_Duke_of_Savoy	successor	Philip_II_Duke_of_Savoy
John_of_Gaunt	father	Edward_III_of_England
Eleanor_of_Austria	spouse	Francis_I_of_France
Princess_Augusta_of_Saxe_Gotha	spouse	Frederick_Prince_of_Wales
Yolande_of_Dreux_Queen_of_Scotland	type	Person
Margaret_of_Anjou	parent	Ren__of_Anjou
Edward_III_of_England	parent	Isabella_of_France
Elizabeth_of_Bohemia_1292_1330	child	Charles_IV_Holy_Roman_Emperor
Princess_Louise_of_Hesse_Darmstadt_1757_1830	spouse	Karl_August_Grand_Duke_of_Saxe_Weimar_Eisenach
Mar_a_Isabella_of_Spain	child	Princess_Maria_Carolina_of_Bourbo_Two_Sicilies_1820_1861
Theobald_I_of_Navarre	spouse	Gertrude_of_Dagsburg
Edward_I_of_England	mother	Eleanor_of_Provence
Alfonso_IX_of_Le_n	predecessor	Ferdinand_II_of_Le_n
Louise_Marie_Ad_la_de_de_Bourbon_Duchess_of_Orl_ans	child	Louis_Charles_Count_of_Beaujolais
Eilika_of_Schweinfurt	type	Person
Joan_II_Countess_of_Burgundy	parent	Otto_IV_Count_of_Burgundy
Margaret_Stewart_Dauphine_of_France	parent	Joan_Beaufort_Queen_of_Scots
Arthur_II_Duke_of_Brittany	parent	Beatrice_of_England
Anna_Canalis_di_Cumiana	type	Person
Isabella_of_Portugal_Duchess_of_Burgundy	type	Person
Vladislaus_II_of_Hungary	type	Person
Joan_of_France_Duchess_of_Brittany	type	Person
Arnulf_I_Count_of_Flanders	father	Baldwin_II_Margrave_of_Flanders
Adolph_I_Duke_of_Cleves	type	Person
Adolphus_Frederick_II_Duke_of_Mecklenburg_Strelitz	type	Person
Ermentrude_of_Orl_ans	father	Odo_I_Count_of_Orl_ans
Louis_Joseph_Dauphin_of_France	type	Person
Anne_of_Bohemia_and_Hungary	child	Ferdinand_II_Archduke_of_Austria
Charles_Emmanuel_II_Duke_of_Savoy	successor	Victor_Amadeus_II_of_Sardinia
Anna_of_Holstei_Gottorp	spouse	Enno_III_Count_of_East_Frisia
Countess_Palatine_Caroline_of_Zweibr_cken	mother	Countess_Caroline_of_Nassau_Saarbr_cken
Antoine_Duke_of_Lorraine	father	Ren__II_Duke_of_Lorraine
Maria_Amalia_of_Naples_and_Sicily	child	Princess_Marie_of_Orl_ans_1813_1839
Anna_Maria_of_Mecklenburg_Schwerin	child	Albrecht_of_Saxe_Weissenfels
Archduchess_Maria_Amalia_of_Austria_1780_1798	type	Person
Louis_XIV	child	Louis_Dauphin_of_France_son_of_Louis_XIV
Maria_Christina_Princess_of_Transylvania	type	Person
Baldwin_II_Latin_Emperor	type	Person
John_II_of_Aragon	parent	Ferdinand_I_of_Aragon
John_IV_of_Portugal	type	Person
Bertha_daughter_of_Lothair_II	type	Person
Pepin_the_Short	spouse	Bertrada_of_Laon
Caterina_Sforza	type	Person
Albert_I_of_Germany	father	Rudolf_I_of_Germany
Mary_Tudor_Queen_of_France	parent	Elizabeth_of_York
Frederick_William_Duke_of_Mecklenburg_Schwerin	type	Person
Agnes_of_Burgundy_Duchess_of_Bourbon	child	Charles_II_Duke_of_Bourbon
Maria_of_Austria_Duchess_of_J_lich_Cleves_Berg	mother	Anne_of_Bohemia_and_Hungary
Isabella_of_Bourbon	type	Person
Joanna_of_Austria_Grand_Duchess_of_Tuscany	child	Philip_de_Medici
Louis_Philippe_I_Duke_of_Orl_ans	spouse	Madame_de_Montesson
Vladimir_the_Great	predecessor	Sviatoslav_I
Magnus_I_Duke_of_Brunswic_L_neburg	mother	Rixa_of_Werle
Archduke_Wenceslaus_of_Austria	type	Person
Odo_IV_Duke_of_Burgundy	father	Robert_II_Duke_of_Burgundy
Louis_VII_of_France	child	Philip_II_of_France
Odo_II_Count_of_Blois	type	Person
Maria_Theresa_of_Naples_and_Sicily	child	Ferdinand_I_of_Austria
Victor_Amadeus_I_Duke_of_Savoy	child	Princess_Catherine_Beatrice_of_Savoy
Princess_Marie_of_Orl_ans_1813_1839	type	Person
Maria_Teresa_Felicitas_d_Este	parent	Charlotte_Agla__d_Orl_ans
Robert_III_of_Scotland	predecessor	Robert_II_of_Scotland
Fran_oise_Marie_de_Bourbon	parent	Fran_oise_Ath_na_s_de_Rochechouart_Marquise_de_Montespan
Hildegarde_of_Burgundy	type	Person
Luitgarde_of_Vermandois	parent	Herbert_II_Count_of_Vermandois
Margaret_of_Austria_Queen_of_Spain	child	Philip_IV_of_Spain
Simon_I_Duke_of_Lorraine	parent	Hedwig_of_Formbach
Francis_II_Duke_of_Brittany	spouse	Margaret_of_Foix
Francis_I_Duke_of_Lorraine	parent	Ren_e_of_Bourbon
Marie_of_France_Duchess_of_Bar	father	John_II_of_France
Prince_Philippe_Count_of_Paris	child	Prince_Philippe_Duke_of_Orl_ans_1869_1926
John_Stewart_Earl_of_Mar_died_1479	type	Person
Louis_VI_of_France	parent	Philip_I_of_France
Princess_Catherine_Beatrice_of_Savoy	type	Person
John_IV_Duke_of_Brittany	spouse	Mary_of_Waltham
Anne_Princess_Royal_and_Princess_of_Orange	type	Person
Charles_III_of_Spain	successor	Ferdinand_I_of_the_Two_Sicilies
Adolphus_Frederick_I_Duke_of_Mecklenburg_Schwerin	type	Person
Blanche_of_Navarre_Queen_of_France	parent	Joan_II_of_Navarre
Dirk_IV_Count_of_Holland	successor	Floris_I_Count_of_Holland
Maria_Carolina_of_Austria	child	Princess_Maria_Antonia_of_Naples_and_Sicily
Yolanda_Latin_Empress	predecessor	Peter_II_of_Courtenay
Philibert_II_Duke_of_Savoy	type	Person
Leopold_III_Duke_of_Austria	father	Albert_II_Duke_of_Austria
Henry_II_of_England	child	Eleanor_of_England_Queen_of_Castile
Mary_of_Hungary_Queen_of_Naples	child	Philip_I_Prince_of_Taranto
Frederick_I_Count_of_Vaud_mont	type	Person
Matilda_of_Saxony_countess_of_Flanders	spouse	Godfrey_I_Count_of_Verdun
Denis_of_Portugal	mother	Beatrice_of_Castile_1242_1303
Sancho_Count_of_Provence	type	Person
Peter_II_of_Courtenay	spouse	Yolanda_Latin_Empress
Rudolf_II_Count_of_Habsburg	father	Albert_III_Count_of_Habsburg
Henry_II_of_England	child	Geoffrey_archbishop_of_York
Isabella_of_France	child	Edward_III_of_England
Ferdinand_I_of_the_Two_Sicilies	child	Maria_Cristina_of_Naples_and_Sicily
James_I_of_Aragon	mother	Maria_of_Montpellier
Isabella_of_Aragon_Queen_of_France	child	Charles_Count_of_Valois
John_II_of_France	child	Louis_I_of_Anjou
Francis_Duke_of_Anjou	father	Henry_II_of_France
Maria_Josepha_of_Saxony_Dauphine_of_France	parent	Augustus_III_of_Poland
_thelberht_King_of_Wessex	type	Person
Pepin_I_of_Aquitaine	predecessor	Louis_the_Pious
Mar_a_Isabella_of_Spain	type	Person
Baldwin_II_Count_of_Hainaut	father	Baldwin_VI_Count_of_Flanders
Leopold_II_Holy_Roman_Emperor	child	Archduchess_Maria_Amalia_of_Austria_1780_1798
Henry_of_Bohemia	type	Person
Elisabeth_of_Meissen	type	Person
John_III_of_Portugal	type	Person
Louis_VIII_of_France	father	Philip_II_of_France
Charles_Duke_of_Orl_ans	child	Louis_XII
Gisela_of_France	type	Person
Rudolf_IV_Duke_of_Austria	type	Person
Philip_IV_of_Spain	type	Person
Ermengarde_of_Anjou_Duchess_of_Burgundy	parent	Fulk_III_Count_of_Anjou
Elisabeth_of_Austria_Queen_of_France	type	Person
John_Tristan_Count_of_Valois	type	Person
Lionel_Woodville	type	Person
Peter_I_Duke_of_Bourbon	type	Person
James_V_of_Scotland	parent	James_IV_of_Scotland
Elisabeth_of_Austria_Queen_of_France	parent	Maria_of_Austria_Holy_Roman_Empress
Francis_I_Duke_of_Lorraine	child	Renata_of_Lorraine
Maria_Luisa_of_Spain	child	Archduchess_Maria_Anna_of_Austria_born_1770
Ermengarde_of_Anjou_Duchess_of_Burgundy	spouse	Geoffrey_II_Count_of_G_tinais
Louis_XV	successor	Louis_XVI
Boris_and_Gleb	type	Person
Antoine_Duke_of_Lorraine	successor	Francis_I_Duke_of_Lorraine
Kunigunde_of_Altdorf	type	Person
Barbara_Jagiellon	parent	Elizabeth_of_Austria_1436_1505
Frederick_IV_Duke_of_Lorraine	father	Theobald_II_Duke_of_Lorraine
Alderano_I_Cybo_Malaspina	type	Person
Marie_of_Brabant_Queen_of_France	parent	Adelaide_of_Burgundy_Duchess_of_Brabant
Bertha_of_Burgundy	spouse	Robert_II_of_France
Francis_I_Holy_Roman_Emperor	child	Maria_Christina_Duchess_of_Teschen
Eugene_Jean_Count_of_Soissons	spouse	Maria_Teresa_Cybo_Malaspina_Duchess_of_Massa
Philip_of_France_1116_1131	type	Person
Henry_the_Lion	child	Henry_V_Count_Palatine_of_the_Rhine
Joanna_of_Bourbon	child	Catherine_of_France_Countess_of_Montpensier
Louis_X_of_France	predecessor	Philip_IV_of_France
Charlemagne	mother	Bertrada_of_Laon
Louis_Duke_of_Orl_ans_1703_1752	type	Person
Anna_de_Medici	type	Person
Maria_Josepha_of_Saxony_Dauphine_of_France	child	Charles_X
Olof_Sk_tkonung	spouse	Estrid_of_the_Obotrites
Louis_I_Duke_of_Orl_ans	parent	Joanna_of_Bourbon
Princess_Mar_a_Cristina_of_Orl_ans	type	Person
Edward_I_of_England	predecessor	Henry_III_of_England
Philippe_I_Duke_of_Orl_ans	parent	Anne_of_Austria
Louis_I_of_Brzeg	type	Person
Maria_Christina_of_the_Two_Sicilies	type	Person
Sancho_IV_of_Castile	child	Alfonso_de_Castilla_y_Molina
William_V_Duke_of_Aquitaine	mother	Emma_of_Blois
Charles_Cardinal_of_Lorraine	type	Person
Philip_the_Bold	spouse	Margaret_III_Countess_of_Flanders
Beatrice_of_Brandenburg	parent	Otto_V_Margrave_of_Brandenburg_Salzwedel
Charles_VII_of_France	child	Radegonde_of_Valois
Hedwig_of_Saxony	child	Hugh_Capet
Liutgard_of_Saxony_died_885	type	Person
Henry_II_of_England	child	William_Longesp_e_3rd_Earl_of_Salisbury
Elizabeth_of_Bohemia_1292_1330	father	Wenceslaus_II_of_Bohemia
Maria_Josepha_of_Austria	mother	Wilhelmine_Amalie_of_Brunswick
John_Count_of_Angoul_me	father	Louis_I_Duke_of_Orl_ans
Taddea_Visconti	type	Person
Bertrada_of_Laon	type	Person
Henri_Count_of_Chambord	parent	Marie_Caroline_of_Bourbo_Two_Sicilies_Duchess_of_Berry
Charles_III_Duke_of_Savoy	type	Person
Lorenzo_the_Elder	father	Giovanni_di_Bicci_de_Medici
Charles_II_Count_of_Alen_on	type	Person
Baldwin_V_Count_of_Hainaut	spouse	Margaret_I_Countess_of_Flanders
Afonso_Prince_of_Portugal	type	Person
Irene_Angelina	type	Person
Louis_Marie_Duke_of_Rambouillet	type	Person
Prince_Robert_Duke_of_Chartres	type	Person
Elizabeth_Stuart_daughter_of_Charles_I	type	Person
Vladimir_the_Great	child	Mstislav_of_Chernigov
Marie_of_Brittany_Countess_of_Saint_Pol	type	Person
Charles_the_Fat	successor	Odo_of_France
Godfrey_I_Count_of_Louvain	parent	Henry_II_Count_of_Louvain
Hemma	child	Charles_the_Fat
Eleanor_of_Provence	child	Beatrice_of_England
Leopold_II_Holy_Roman_Emperor	spouse	Maria_Luisa_of_Spain
Albert_IV_Count_of_Habsburg	type	Person
Maria_Luisa_of_Spain	child	Archduke_Charles_Duke_of_Teschen
Victor_Amadeus_III_of_Sardinia	child	Prince_Giuseppe_Count_of_Asti
Robert_II_of_Scotland	child	Walter_Stewart_Earl_of_Atholl
Antoine_Duke_of_Lorraine	parent	Philippa_of_Guelders
Francis_I_Duke_of_Lorraine	predecessor	Antoine_Duke_of_Lorraine
Margaret_of_Flanders_Duchess_of_Brabant	spouse	John_I_Duke_of_Brabant
Maria_Amalia_of_Saxony	child	Infante_Antonio_Pascual_of_Spain
Louis_II_of_Hungary	type	Person
Eleanor_of_Aquitaine	type	Person
Charles_III_Duke_of_Savoy	father	Philip_II_Duke_of_Savoy
John_Frederick_Duke_of_Brunswic_Calenberg	spouse	Benedicta_Henrietta_of_the_Palatinate
Joseph_II_Holy_Roman_Emperor	predecessor	Maria_Theresa
Malcolm_III_of_Scotland	type	Person
Lothair_II_of_Italy	type	Person
Maria_Theresa_of_Savoy	parent	Victor_Amadeus_III_of_Sardinia
Berengar_II_of_Italy	child	Guy_of_Ivrea
Christine_of_Saxony	child	Philip_II_Landgrave_of_Hesse_Rheinfels
Joan_I_Countess_of_Auvergne	spouse	Philip_I_Count_of_Auvergne
Benedicta_Henrietta_of_the_Palatinate	spouse	John_Frederick_Duke_of_Brunswic_Calenberg
Berengar_II_of_Italy	successor	Otto_I_Holy_Roman_Emperor
Willa_of_Burgundy	child	Willa_of_Tuscany
Holy_Roman_Emperor	type	Person
Mahaut_Countess_of_Artois	parent	Amicie_de_Courtenay
Victor_Amadeus_II_of_Sardinia	spouse	Anne_Marie_d_Orl_ans
Margaret_of_Joinville	type	Person
Ferdinand_I_of_Aragon	child	Peter_of_Aragon_Count_of_Alburquerque
Polissena_Ruffo	type	Person
Princess_Magdalena_Augusta_of_Anhalt_Zerbst	father	Charles_Prince_of_Anhalt_Zerbst
Pepin_the_Short	predecessor	Carloman_mayor_of_the_palace
Marie_of_Cleves_Duchess_of_Orl_ans	parent	Adolph_I_Duke_of_Cleves
Philip_VI_of_France	predecessor	Charles_Count_of_Valois
Margaret_of_Burgundy_Queen_of_France	child	Joan_II_of_Navarre
Sudislav	type	Person
Charles_VI_of_France	child	Charles_VII_of_France
Elisabeth_of_France_1602_1644	father	Henry_IV_of_France
Maria_Theresa	child	Joseph_II_Holy_Roman_Emperor
Philippa_of_Luxembourg	type	Person
Louise__lisabeth_of_France	type	Person
Berengar_II_of_Italy	spouse	Willa_of_Tuscany
Simon_I_de_Montfort	father	Amaury_I_de_Montfort
Ginevra_Cavalcanti	type	Person
Margaret_of_Bourbon_Queen_of_Navarre	type	Person
Victor_Amadeus_I_Duke_of_Savoy	child	Francis_Hyacinth_Duke_of_Savoy
John_Count_of_Chalon	type	Person
Maria_Amalia_of_Naples_and_Sicily	mother	Maria_Carolina_of_Austria
Werner_I_Count_of_Klettgau	type	Person
Charles_de_Bourbon_cardinal	type	Person
Henry_II_of_England	child	Richard_I_of_England
Yaroslav_the_Wise	father	Vladimir_the_Great
Hiltrud	type	Person
Godfrey_I_Count_of_Louvain	spouse	Otto_II_Count_of_Chiny
Joan_II_Countess_of_Burgundy	father	Otto_IV_Count_of_Burgundy
Joan_II_of_Navarre	child	Agnes_of_Navarre
Albert_I_of_Germany	child	Catherine_of_Austria_Duchess_of_Calabria
Philip_II_Duke_of_Savoy	child	Louise_of_Savoy
Sancha_Lady_of_Alenquer	type	Person
Boso_the_Elder	type	Person
Gilbert_Duke_of_Lorraine	type	Person
Charles_de_Valois_Duke_of_Angoul_me	type	Person
Eleanor_of_Alburquerque	child	Henry_Duke_of_Villena
Pepin_of_Herstal	type	Person
Louise__lisabeth_d_Orl_ans	type	Person
Margaret_of_Savoy_Countess_of_Saint_Pol	parent	Anne_of_Cyprus
Margaret_of_Valois	parent	Catherine_de_Medici
Margaret_of_Bavaria	child	Mary_of_Burgundy_Duchess_of_Cleves
Marie_de_Medici	type	Person
John_of_Gaunt	child	Henry_IV_of_England
Matthew_Stewart_2nd_Earl_of_Lennox	type	Person
Hugh_Count_of_Burgundy	father	John_Count_of_Chalon
Hedwig_of_Bavaria	type	Person
Elizabeth_of_Rhuddlan	type	Person
Louis_Henri_de_Pardaillan_de_Gondrin	type	Person
Barbara_of_Cilli	spouse	Sigismund_Holy_Roman_Emperor
Maria_Luisa_of_Spain	child	Ferdinand_III_Grand_Duke_of_Tuscany
Maria_Luisa_of_Parma	type	Person
Bolko_I_the_Strict	type	Person
Sviatoslav_II_of_Kiev	type	Person
Alfonso_II_of_Aragon	mother	Petronilla_of_Aragon
Saint_Margaret_of_Scotland	parent	Edward_the_Exile
Louis_XV	child	Louise_of_France_1737_1787
Henri_Count_of_Chambord	successor	Prince_Philippe_Count_of_Paris
Urraca_of_Castile_Queen_of_Portugal	type	Person
Joanna_of_Austria_Grand_Duchess_of_Tuscany	child	Anna_de_Medici
Berengaria_of_Castile_Lady_of_Guadalajara	type	Person
Philippa_of_Dreux	type	Person
Maria_of_Portugal_Queen_of_Castile	type	Person
Ramon_Berenguer_IV_Count_of_Provence	type	Person
Louis_II_d_Orl_ans_Duke_of_Longueville	spouse	Mary_of_Guise
Louis_Philippe_II_Duke_of_Orl_ans	child	Louis_Charles_Count_of_Beaujolais
David_II_of_Scotland	successor	Robert_II_of_Scotland
Jeanne_de_Bourbon_Duchess_of_Bourbon	parent	John_VIII_Count_of_Vend_me
Louis_VII_of_France	child	Margaret_of_France_Queen_of_England_and_Hungary
Elisabeth_of_Valois	spouse	Philip_II_of_Spain
Alexander_Stewart_4th_High_Steward_of_Scotland	predecessor	Walter_Stewart_3rd_High_Steward_of_Scotland
Claude_of_France	father	Louis_XII
Stephen_III_of_Auxonne	father	Stephen_II_of_Auxonne
Ferdinand_of_Castile_born_1238	type	Person
Sancho_I_of_Portugal	child	Afonso_II_of_Portugal
John_VII_Duke_of_Mecklenburg_Schwerin	type	Person
Joan_III_Countess_of_Burgundy	child	Philip_I_Count_of_Auvergne
John_II_of_Cyprus	type	Person
Marie_Louise_Duchess_of_Parma	child	William_Albert_1st_Prince_of_Montenuovo
Petronilla_of_Aragon	successor	Alfonso_II_of_Aragon
Charles_IV_of_France	child	Blanche_of_France_Duchess_of_Orl_ans
Valdemar_I_of_Denmark	successor	Canute_VI_of_Denmark
Robert_I_Duke_of_Burgundy	mother	Constance_of_Arles
Oleg_of_Novgorod	type	Person
Joan_Countess_of_Ponthieu	type	Person
Philip_III_of_Navarre	spouse	Joan_II_of_Navarre
Margaret_Countess_of_Anjou	child	Margaret_of_Valois_Countess_of_Blois
Archduchess_Maria_Josepha_of_Austria	type	Person
Francis_II_Duke_of_Brittany	spouse	Margaret_of_Brittany
James_I_of_Scotland	child	James_II_of_Scotland
Bona_of_Savoy	parent	Anne_of_Cyprus
George_II_of_Great_Britain	child	Princess_Amelia_of_Great_Britain
Charles_the_Bald	parent	Judith_of_Bavaria_died_843
Alfonso_VII_of_Le_n_and_Castile	child	Constance_of_Castile
Francis_I_of_France	parent	Louise_of_Savoy
Anne_Marie_d_Orl_ans	child	Maria_Luisa_Gabriella_of_Savoy
Judith_of_Flanders_died_1095	spouse	Welf_I_Duke_of_Bavaria
Gisela_Abbess_of_Chelles	type	Person
Louis_Dauphin_of_France_son_of_Louis_XV	child	Louis_XVIII
Charles_X	successor	Louis_Philippe_I
Maria_Beatrice_d_Este_Duchess_of_Massa	child	Archduke_Maximilian_of_Austria_Este
William_Albert_1st_Prince_of_Montenuovo	type	Person
Taddea_Visconti	spouse	Stephen_III_Duke_of_Bavaria
Antoine_Duke_of_Lorraine	spouse	Ren_e_of_Bourbon
Edward_the_Elder	mother	Ealhswith
Ferdinand_I_of_the_Two_Sicilies	spouse	Maria_Carolina_of_Austria
Odo_of_France	predecessor	Charles_the_Fat
Hortense_de_Beauharnais	type	Person
Isabella_of_Valois_Duchess_of_Bourbon	mother	Mahaut_of_Ch_tillon
Louis_Duke_of_Burgundy	parent	Maria_Anna_Victoria_of_Bavaria
Catherine_of_Anhalt_Bernburg	spouse	Magnus_II_Duke_of_Brunswic_L_neburg
Frederick_II_Holy_Roman_Emperor	type	Person
John_of_Bar	type	Person
Charlemagne	predecessor	Desiderius
Odo_I_Duke_of_Burgundy	child	Hugh_II_Duke_of_Burgundy
child	type	http://www.w3.org/1999/02/22_rdf_syntax_ns#Property
Henry_II_of_France	child	Francis_II_of_France
Maria_Antonia_Ferdinanda_of_Spain	type	Person
Berenguer_Ramon_II_Count_of_Barcelona	successor	Ramon_Berenguer_III_Count_of_Barcelona
Peter_of_Castile	type	Person
Elizabeth_of_Austria_1526_1545	type	Person
Marie_of_Cleves_Duchess_of_Orl_ans	mother	Mary_of_Burgundy_Duchess_of_Cleves
Philip_of_Castile	type	Person
Sophia_of_Saxe_Weissenfels_Princess_of_Anhalt_Zerbst	type	Person
Alice_Holland_Countess_of_Kent	spouse	Thomas_Holland_2nd_Earl_of_Kent
Eleanor_of_Navarre	child	Jacques_de_Foix_Count_of_Montfort
Louis_IX_of_France	child	Margaret_of_France_Duchess_of_Brabant
Jacques_de_Foix_Count_of_Montfort	type	Person
Adalbert_Duke_of_Lorraine	type	Person
Hemma	parent	Hedwig_of_Bavaria
Ren__Marquis_of_Elbeuf	type	Person
Francis_II_Holy_Roman_Emperor	father	Leopold_II_Holy_Roman_Emperor
Louis_II_of_Anjou	mother	Marie_of_Blois_Duchess_of_Anjou
Maria_Antonia_Ferdinanda_of_Spain	child	Princess_Maria_Carolina_of_Savoy
James_I_of_Scotland	type	Person
Constance_of_Castile	parent	Berengaria_of_Barcelona
Robert_III_of_Scotland	child	David_Stewart_Duke_of_Rothesay
_lfthryth_Countess_of_Flanders	spouse	Baldwin_II_Margrave_of_Flanders
Charles_the_Fat	successor	Berengar_I_of_Italy
Landgravine_Elisabeth_Amalie_of_Hesse_Darmstadt	child	Countess_Palatine_Dorothea_Sophie_of_Neuburg
Willa_of_Tuscany	type	Person
Oleg_of_Novgorod	successor	Igor_of_Kiev
John_I_of_Portugal	mother	Teresa_Louren_o
Yolande_of_Aragon	type	Person
Matilda_of_Bavaria_Margravine_of_Meissen	father	Louis_IV_Holy_Roman_Emperor
Emmanuel_Philibert_Duke_of_Savoy	mother	Beatrice_of_Portugal_Duchess_of_Savoy
Victor_Amadeus_II_of_Sardinia	father	Charles_Emmanuel_II_Duke_of_Savoy
Afonso_IV_of_Portugal	father	Denis_of_Portugal
Louis_II_d_Orl_ans_Duke_of_Longueville	type	Person
Charles_V_Holy_Roman_Emperor	type	Person
Margaret_of_Flanders_Duchess_of_Brabant	parent	Matilda_of_B_thune
Antoine_of_Navarre	successor	Jeanne_d_Albret
Mary_Queen_of_Scots	child	James_VI_and_I
Baldwin_V_Count_of_Hainaut	type	Person
Judith_of_Bavaria_died_843	parent	Welf_father_of_Judith
Charles_V_Holy_Roman_Emperor	successor	Ferdinand_I_Holy_Roman_Emperor
Mary_of_Waltham	spouse	John_IV_Duke_of_Brittany
Philip_I_of_France	parent	Anne_of_Kiev
Catherine_of_Vend_me	father	John_VI_of_Vend_me
George_III	type	Person
Joan_II_of_Navarre	parent	Louis_X_of_France
Maria_of_Portugal_Duchess_of_Viseu	type	Person
Joan_II_of_Navarre	predecessor	Philip_III_of_Navarre
Otto_V_Duke_of_Brunswic_L_neburg	parent	Frederick_II_Duke_of_Brunswic_L_neburg
Iziaslav_I_of_Kiev	type	Person
Philip_I_of_Castile	predecessor	Joanna_of_Castile
Victor_Amadeus_II_of_Sardinia	child	Maria_Vittoria_of_Savoy
John_I_of_France	predecessor	Louis_X_of_France
Elisabeth_of_Cleves	type	Person
Mar_a_Cristina_Mu_oz_y_Borb_n_Marquise_of_la_Isabela	type	Person
Joan_of_Geneva	type	Person
Princess_Cl_mentine_of_Orl_ans	type	Person
Margaret_of_Denmark_Queen_of_Scotland	type	Person
Yolande_of_Aragon	child	Louis_III_of_Anjou
Louis_XVIII	predecessor	Louis_XVII
Louis_of_Burgundy	type	Person
Beatriz_Pereira_de_Alvim	parent	Nuno__lvares_Pereira
Louis_XIII	predecessor	Henry_IV_of_France
Clementia_of_Burgundy	type	Person
Margaret_of_Provence	mother	Beatrice_of_Savoy
Maria_Theresa_of_Austria_Este_Queen_of_Sardinia	spouse	Victor_Emmanuel_I_of_Sardinia
Louis_I_Duke_of_Bourbon	mother	Beatrice_of_Burgundy_Lady_of_Bourbon
Alfonso_VIII_of_Castile	child	Urraca_of_Castile_Queen_of_Portugal
Princess_Louise_of_Hesse_Darmstadt_1757_1830	child	Charles_Frederick_Grand_Duke_of_Saxe_Weimar_Eisenach
George_Duke_of_Brunswic_Calenberg	parent	Dorothea_of_Denmark_Duchess_of_Brunswic_L_neburg
Henry_VII_Holy_Roman_Emperor	predecessor	Albert_I_of_Germany
Louis_XII	father	Charles_Duke_of_Orl_ans
John_II_of_France	type	Person
Blanche_of_France_nun	type	Person
Giovanni_il_Popolano	spouse	Caterina_Sforza
Louise__lisabeth_of_France	child	Maria_Luisa_of_Parma
Louis_Duke_of_Burgundy	type	Person
Eleanor_of_Alburquerque	child	John_II_of_Aragon
James_Hepburn_4th_Earl_of_Bothwell	parent	Patrick_Hepburn_3rd_Earl_of_Bothwell
Humbert_II_Count_of_Savoy	predecessor	Amadeus_II_Count_of_Savoy
Thomas_Count_of_Savoy	type	Person
Francesco_III_d_Este_Duke_of_Modena	spouse	Charlotte_Agla__d_Orl_ans
Gertrude_of_Hohenberg	type	Person
Antoine_Duke_of_Montpensier	child	Princess_Marie_Isabelle_of_Orl_ans
John_I_of_Portugal	parent	Peter_I_of_Portugal
Adolph_of_Cleves_Lord_of_Ravenstein	type	Person
Maria_Christina_of_the_Two_Sicilies	spouse	Ferdinand_VII_of_Spain
Francis_I_Holy_Roman_Emperor	child	Archduke_Charles_Joseph_of_Austria_born_1745
Alfonso_X_of_Castile	child	Beatrice_of_Castile_Marchioness_of_Montferrat
Beatrice_of_Provence	predecessor	Ramon_Berenguer_IV_Count_of_Provence
Princess_Magdalena_Augusta_of_Anhalt_Zerbst	parent	Sophia_of_Saxe_Weissenfels_Princess_of_Anhalt_Zerbst
Maria_Josepha_of_Austria	parent	Joseph_I_Holy_Roman_Emperor
Charles_Ren__de_Bombelles	spouse	Marie_Louise_Duchess_of_Parma
Anne_of_Austria_Landgravine_of_Thuringia	type	Person
Caterina_Sforza	spouse	Giovanni_il_Popolano
Louis_VI_of_France	child	Robert_I_Count_of_Dreux
Louis_IV_Holy_Roman_Emperor	spouse	Margaret_II_Countess_of_Hainaut
Carlos_Prince_of_Asturias	type	Person
Maria_Beatrice_d_Este_Duchess_of_Massa	father	Ercole_III_d_Este_Duke_of_Modena
Alfonso_XI_of_Castile	parent	Ferdinand_IV_of_Castile
Constance_of_Castile	father	Alfonso_VII_of_Le_n_and_Castile
Charles_III_of_Spain	type	Person
Godfrey_II_Count_of_Louvain	type	Person
Agnes_of_Burgundy_Duchess_of_Bourbon	child	Isabella_of_Bourbon
Francis_IV_Duke_of_Modena	mother	Maria_Beatrice_d_Este_Duchess_of_Massa
Maria_Carolina_of_Austria	type	Person
Leopold_Prince_of_Salerno	type	Person
Valdemar_I_of_Denmark	mother	Ingeborg_of_Kiev
Henry_IV_of_France	parent	Antoine_of_Navarre
Christine_of_Hesse	mother	Christine_of_Saxony
Henry_Beaumont_3rd_Baron_Beaumont	type	Person
Amaury_I_de_Montfort	parent	Guillaume_de_Montfort_of_Hainaut
Charles_the_Simple	spouse	Frederuna
Ramon_Berenguer_I_Count_of_Barcelona	type	Person
Vincent_de_Bourbon_Count_of_Guingamp	type	Person
Otto_I_Duke_of_Saxony	parent	Liudolf_Duke_of_Saxony
Rudolph_Duke_of_Lorraine	father	Frederick_IV_Duke_of_Lorraine
Christina_of_Denmark	type	Person
Richard_Duke_of_Burgundy	father	Bivin_of_Gorze
Joan_I_of_Navarre	child	Philip_V_of_France
Charles_IX_of_France	spouse	Elisabeth_of_Austria_Queen_of_France
Bouchard_IV_of_Avesnes	type	Person
Louis_I_Duke_of_Bourbon	spouse	Mary_of_Avesnes
Margaret_of_Geneva	parent	William_I_of_Geneva
John_II_of_France	child	Joan_of_Valois_Queen_of_Navarre
Henry_III_of_France	parent	Henry_II_of_France
Anne_Christine_of_Sulzbach_Princess_of_Piedmont	type	Person
Gisela_of_Friuli	type	Person
Eleanor_of_Lancaster	child	Joan_Fitzalan_Countess_of_Hereford
Sophia_of_Minsk	mother	Richeza_of_Poland_Queen_of_Sweden
Charlotte_of_France	type	Person
Eleanor_of_England_Countess_of_Bar	type	Person
Peter_II_Count_of_Saint_Pol	type	Person
Henry_III_of_England	father	John_King_of_England
Louise__lisabeth_of_France	father	Louis_XV
Isabella_I_of_Castile	successor	Ferdinand_II_of_Aragon
John_King_of_England	parent	Henry_II_of_England
Archduchess_Maria_Johanna_Gabriela_of_Austria	type	Person
Frederick_Prince_of_Wales	child	Prince_Frederick_of_Great_Britain
Philip_I_of_Castile	child	Charles_V_Holy_Roman_Emperor
Charles_IV_of_France	successor	Philip_VI_of_France
Archduchess_Maria_Anna_of_Austria_governor	type	Person
Barbara_Jagiellon	child	Christine_of_Saxony
Piero_the_Unfortunate	father	Lorenzo_de_Medici
Fran_oise_Marie_de_Bourbon	child	Louis_Duke_of_Orl_ans_1703_1752
Elizabeth_the_Cuman	child	Elizabeth_of_Hungary_Queen_of_Serbia
Canute_VI_of_Denmark	predecessor	Valdemar_I_of_Denmark
Charles_X	child	Louis_Antoine_Duke_of_Angoul_me
Princess_Margaret_Yolande_of_Savoy	type	Person
Dorothea_of_Brunswic_L_neburg	type	Person
Eug_nie_de_Montijo	type	Person
Berenguer_Ramon_I_Count_of_Barcelona	successor	Ramon_Berenguer_I_Count_of_Barcelona
Nuno__lvares_Pereira	type	Person
Louis_III_of_France	predecessor	Louis_the_Stammerer
Bernard_son_of_Charles_the_Fat	type	Person
Eleanor_of_Castile	type	Person
Charles_Count_of_Angoul_me	father	John_Count_of_Angoul_me
Margaret_of_Hohenzoller_Nuremberg	type	Person
Henry_Count_of_Portugal	child	Afonso_I_of_Portugal
Charles_Duke_of_Orl_ans	type	Person
Ferdinand_I_Holy_Roman_Emperor	child	Maximilian_II_Holy_Roman_Emperor
Henry_the_Young_King	type	Person
Philip_II_of_Spain	parent	Charles_V_Holy_Roman_Emperor
Charles_III_Duke_of_Lorraine	child	Catherine_of_Lorraine_1573_1648
_lffl_d_wife_of_Edward_the_Elder	child	Eadgyth
William_I_Count_of_Hainaut	type	Person
Sancho_I_of_Portugal	parent	Matilda_of_Savoy_Queen_of_Portugal
Odo_III_Duke_of_Burgundy	parent	Hugh_III_Duke_of_Burgundy
Amadeus_III_Count_of_Savoy	type	Person
Victor_Amadeus_III_of_Sardinia	mother	Polyxena_of_Hesse_Rotenburg
Marie_of_Luxembourg_Countess_of_Vend_me	spouse	Jacques_of_Savoy_Count_of_Romont
Francis_I_of_France	type	Person
Anne_of_Cyprus	child	Louis_of_Cyprus
Maria_Teresa_Cybo_Malaspina_Duchess_of_Massa	type	Person
Louise_Diane_Princess_of_Conti	type	Person
Owen_Tudor	parent	Margaret_ferch_Dafydd
Francis_I_Holy_Roman_Emperor	predecessor	Gian_Gastone_de_Medici_Grand_Duke_of_Tuscany
Margaret_Countess_of_Anjou	predecessor	Charles_II_of_Naples
Henry_II_of_England	successor	Richard_I_of_England
Cymburgis_of_Masovia	type	Person
Albert_II_Duke_of_Bavaria	type	Person
Isabella_I_of_Castile	child	Isabella_of_Aragon_Queen_of_Portugal
Blanche_of_Navarre_Queen_of_France	father	Philip_III_of_Navarre
Alfonso_VII_of_Le_n_and_Castile	father	Raymond_of_Burgundy
Charlotte_of_Mecklenburg_Strelitz	child	Charlotte_Princess_Royal
Marie_of_France_Duchess_of_Bar	child	John_of_Bar
Archduchess_Gregoria_Maximiliana_of_Austria	type	Person
Gertrude_of_Hohenberg	child	Hedwig_of_Habsburg
Baldwin_II_Count_of_Hainaut	mother	Richilde_Countess_of_Hainaut
Anne_of_Bohemia_and_Hungary	child	Archduchess_Eleanor_of_Austria
Joanna_of_Castile	child	Catherine_of_Austria_Queen_of_Portugal
Charles_the_Fat	successor	Guy_III_of_Spoleto
Odo_I_Duke_of_Burgundy	predecessor	Hugh_I_Duke_of_Burgundy
Humbert_II_Count_of_Savoy	successor	Amadeus_III_Count_of_Savoy
John_of_Gaunt	successor	Henry_IV_of_England
Christine_of_France	spouse	Victor_Amadeus_I_Duke_of_Savoy
William_IV_Landgrave_of_Hesse_Kassel	type	Person
Charles_the_Bald	child	Lothair_the_Lame
Margaret_of_Austria_Queen_of_Spain	mother	Maria_Anna_of_Bavaria_born_1551
John_of_Lancaster_1st_Duke_of_Bedford	spouse	Jacquetta_of_Luxembourg
Louis_I_Duke_of_Orl_ans	father	Charles_V_of_France
Mary_of_Hungary_Queen_of_Naples	child	Margaret_Countess_of_Anjou
Hortense_de_Beauharnais	parent	Empress_Jos_phine
Charles_IV_Duke_of_Alen_on	type	Person
Elisabeth_Farnese	child	Charles_III_of_Spain
John_the_Fearless	parent	Margaret_III_Countess_of_Flanders
Antoinette_of_Bourbon	child	Mary_of_Guise
Beatrice_of_Savoy	parent	Thomas_Count_of_Savoy
Igor_of_Kiev	father	Rurik
Countess_Palatine_Caroline_of_Zweibr_cken	child	Frederica_Louisa_of_Hesse_Darmstadt
Philip_II_of_France	child	Marie_of_France_Duchess_of_Brabant
Empress_Matilda	parent	Henry_I_of_England
Cosimo_I_de_Medici_Grand_Duke_of_Tuscany	successor	Francesco_I_de_Medici_Grand_Duke_of_Tuscany
Hugh_of_Italy	type	Person
Michelle_of_Valois	spouse	Philip_the_Good
Blanche_of_Navarre_Queen_of_France	spouse	Philip_VI_of_France
Fran_oise_Marie_de_Bourbon	child	Louise__lisabeth_Duchess_of_Berry
Joanna_of_Castile	predecessor	Isabella_I_of_Castile
Maria_Luisa_of_Parma	spouse	Charles_IV_of_Spain
Werner_II_Count_of_Habsburg	father	Otto_II_Count_of_Habsburg
Hedwig_of_Saxony	parent	Henry_the_Fowler
Ferdinand_VII_of_Spain	type	Person
Afonso_I_of_Portugal	mother	Theresa_Countess_of_Portugal
Louis_Duke_of_Savoy	child	Margaret_of_Savoy_Countess_of_Saint_Pol
Mary_Tudor_Queen_of_France	spouse	Louis_XII
William_the_Younger_Duke_of_Brunswic_L_neburg	child	Sophie_of_Brunswic_L_neburg
Margaret_Holland_Duchess_of_Clarence	type	Person
Edward_II_of_England	predecessor	Edward_I_of_England
John_King_of_England	child	Henry_III_of_England
Yolande_of_Aragon	parent	Violant_of_Bar
Ramon_Berenguer_III_Count_of_Barcelona	father	Ramon_Berenguer_II_Count_of_Barcelona
Edward_III_of_England	parent	Edward_II_of_England
Bertrade_of_Montfort	type	Person
Joan_II_of_Navarre	parent	Margaret_of_Burgundy_Queen_of_France
Philip_I_Duke_of_Burgundy	predecessor	Odo_IV_Duke_of_Burgundy
Henry_the_Fowler	spouse	Matilda_of_Ringelheim
James_I_of_Scotland	successor	James_II_of_Scotland
Louis_Philippe_II_Duke_of_Orl_ans	parent	Louis_Philippe_I_Duke_of_Orl_ans
Henry_I_Count_of_Champagne	spouse	Marie_of_France_Countess_of_Champagne
Alfonso_X_of_Castile	child	Fernando_de_la_Cerda_1255_1275
Louis_XIV	successor	Anne_of_Austria
Francis_I_Holy_Roman_Emperor	child	Maria_Carolina_of_Austria
Louis_XVI	parent	Louis_Dauphin_of_France_son_of_Louis_XV
Simon_I_Duke_of_Lorraine	parent	Theodoric_II_Duke_of_Lorraine
Beatrice_of_Savoy	spouse	Ramon_Berenguer_IV_Count_of_Provence
Catherine_of_Foix_Countess_of_Candale	parent	Gaston_IV_Count_of_Foix
Margaret_of_Provence	child	Margaret_of_France_Duchess_of_Brabant
Afonso_V_of_Portugal	type	Person
Otto_Duke_of_Austria	type	Person
Robert_II_of_Scotland	predecessor	David_II_of_Scotland
Alphonso_Earl_of_Chester	type	Person
Berthold_I_of_Istria	parent	Berthold_II_Count_of_Andechs
Bertha_of_Burgundy	type	Person
Volodar_Glebovich_Prince_of_Minsk	type	Person
Edward_King_of_Portugal	predecessor	John_I_of_Portugal
_thelgifu_Abbess_of_Shaftesbury	type	Person
Augustus_Duke_of_Saxe_Weissenfels	spouse	Anna_Maria_of_Mecklenburg_Schwerin
Portrait_of_Bia_de_Medici	type	Person
Lothair_II_of_Italy	parent	Hugh_of_Italy
Henry_IX_Duke_of_Bavaria	parent	Welf_I_Duke_of_Bavaria
Garzia_de_Medici	type	Person
Philippe_I_Duke_of_Orl_ans	spouse	Henrietta_of_England
Charles_Count_of_Valois	type	Person
John_IV_Duke_of_Brittany	type	Person
Blanche_of_Burgundy	father	Otto_IV_Count_of_Burgundy
1383_1385_Portuguese_interregnum	successor	John_I_of_Portugal
Golden_Ambrosian_Republic	type	Person
Mar_a_Isabella_of_Spain	child	Prince_Leopold_Count_of_Syracuse
Rudolf_IV_Duke_of_Austria	successor	Leopold_III_Duke_of_Austria
Pepin_I_of_Aquitaine	type	Person
Leopold_II_Holy_Roman_Emperor	child	Archduchess_Maria_Anna_of_Austria_born_1770
Yaroslav_the_Wise	child	Vyacheslav_Yaroslavich
Stephen_Count_of_Blois	parent	Theobald_III_Count_of_Blois
Peter_Duke_of_Coimbra	type	Person
Maria_Christina_of_the_Two_Sicilies	child	Mar_a_Amparo_Mu_oz_y_Borb_n_1st_Countess_of_Vista_Alegre
Henry_the_Lion	type	Person
Carlo_Buonaparte	type	Person
Henry_VII_Holy_Roman_Emperor	child	Beatrice_of_Luxembourg
_thelhelm	type	Person
George_I_of_Great_Britain	father	Ernest_Augustus_Elector_of_Hanover
Catherine_I_Latin_Empress	spouse	Charles_Count_of_Valois
Igor_Yaroslavich	type	Person
Louis_XVI	successor	Louis_XVII
Victor_Amadeus_III_of_Sardinia	child	Victor_Emmanuel_I_of_Sardinia
Ferdinand_I_of_the_Two_Sicilies	father	Charles_III_of_Spain
George_Gordon_4th_Earl_of_Huntly	type	Person
Louise_de_Maisonblanche	type	Person
George_Duke_of_Brunswic_Calenberg	father	William_the_Younger_Duke_of_Brunswic_L_neburg
Albert_Azzo_II_Margrave_of_Milan	spouse	Kunigunde_of_Altdorf
Blanche_of_Artois	parent	Robert_I_Count_of_Artois
Maria_of_Austria_Holy_Roman_Empress	child	Elisabeth_of_Austria_Queen_of_France
Isabella_of_Savoy	type	Person
Simon_I_de_Montfort	type	Person
Walter_Stewart_Lord_of_Fife	type	Person
Alonso_de_Arag_n	type	Person
Louis_Duke_of_Orl_ans_1703_1752	spouse	Auguste_of_Bade_Baden
Robert_I_Latin_Emperor	type	Person
Louis_XII	type	Person
John_of_Bohemia	child	John_Henry_Margrave_of_Moravia
Louis_X_of_France	predecessor	Joan_I_of_Navarre
Alix_of_France	type	Person
Mary_Queen_of_Scots	successor	James_VI_and_I
Afonso_III_of_Portugal	child	Denis_of_Portugal
Sancho_III_of_Castile	father	Alfonso_VII_of_Le_n_and_Castile
Anna_of_Holstei_Gottorp	mother	Christine_of_Hesse
Louis_the_Pious	successor	Pepin_I_of_Aquitaine
Ferdinand_III_of_Castile	predecessor	Berengaria_of_Castile
Blanche_of_Lancaster	type	Person
Margaret_of_Anjou	type	Person
Fran_oise_d_Aubign__Marquise_de_Maintenon	parent	Constant_d_Aubign_
Sancha_of_Castile_Queen_of_Navarre	type	Person
Margaret_of_Valois_Angoul_me	child	Jeanne_d_Albret
Elizabeth_Woodville	child	Edward_V_of_England
Adelaide_of_Maurienne	child	Louis_VII_of_France
Pepin_of_Herstal	child	Grimoald_the_Younger
Maria_Luisa_of_Spain	child	Archduke_Rainer_Joseph_of_Austria
Otto_I_Duke_of_Saxony	father	Liudolf_Duke_of_Saxony
John_of_Burgundy_1231_68	type	Person
Princess_Marie_Isabelle_of_Orl_ans	parent	Infanta_Luisa_Fernanda_Duchess_of_Montpensier
George_II_Landgrave_of_Hesse_Darmstadt	type	Person
Ferdinand_I_of_the_Two_Sicilies	child	Francis_I_of_the_Two_Sicilies
Philip_IV_of_Spain	child	Philip_Prospero_Prince_of_Asturias
Agnes_of_Burgundy_Duchess_of_Aquitaine	type	Person
Agnes_of_Burgundy_Duchess_of_Bourbon	child	Peter_II_Duke_of_Bourbon
Margaret_of_Geneva	father	William_I_of_Geneva
Stephen_II_Duke_of_Bavaria	type	Person
Otto_V_Duke_of_Brunswic_L_neburg	mother	Magdalene_of_Brandenburg_1412_1454
Princess_Magdalena_Augusta_of_Anhalt_Zerbst	type	Person
Fulk_King_of_Jerusalem	successor	Geoffrey_Plantagenet_Count_of_Anjou
Elias_II_Count_of_Maine	type	Person
Werner_I_Count_of_Klettgau	parent	Radbot_of_Klettgau
Louis_Duke_of_Orl_ans_1703_1752	father	Philippe_II_Duke_of_Orl_ans
Leopold_II_Holy_Roman_Emperor	child	Archduke_Charles_Duke_of_Teschen
Richard_Count_of__tampes	type	Person
Wilhelmine_Amalie_of_Brunswick	spouse	Joseph_I_Holy_Roman_Emperor
Charles_VI_of_France	father	Charles_V_of_France
Antoine_Count_of_Vaud_mont	parent	Frederick_I_Count_of_Vaud_mont
Louis_VI_of_France	child	Philip_of_France_1116_1131
Louis_Dauphin_of_France_son_of_Louis_XIV	mother	Maria_Theresa_of_Spain
Barbara_Jagiellon	type	Person
Anne_Gonzaga	mother	Catherine_of_Mayenne
Philip_I_of_France	child	Constance_of_France_Princess_of_Antioch
Eric_of_Lorraine	type	Person
Alice_of_Vergy	spouse	Odo_III_Duke_of_Burgundy
Leopold_III_Duke_of_Austria	spouse	Viridis_Visconti
Philip_V_of_France	child	Margaret_I_Countess_of_Burgundy
Hedwig_of_Babenberg	spouse	Otto_I_Duke_of_Saxony
Louis_III_Elector_Palatine	type	Person
Margaret_of_Brieg	child	William_II_Duke_of_Bavaria
George_IV	predecessor	George_III
Louis_II_Duke_of_Bavaria	parent	Otto_II_Duke_of_Bavaria
Mar_a_Isabella_of_Spain	child	Luisa_Carlotta_of_the_Two_Sicilies
Hugh_Despenser_the_Elder	spouse	Isabella_de_Beauchamp
Tudur_ap_Goronwy	type	Person
Peter_of_Castile	predecessor	Alfonso_XI_of_Castile
Philip_I_Count_of_Boulogne	type	Person
Charles_Emmanuel_III_of_Sardinia	child	Prince_Carlo_Francesco_Duke_of_Aosta
Eleanor_of_Portugal_Queen_of_Aragon	type	Person
Beatriz_Pereira_de_Alvim	spouse	Afonso_I_Duke_of_Braganza
Charles_III_Duke_of_Savoy	mother	Claudine_de_Brosse
Joan_of_Portugal	type	Person
Margaret_of_Austria_Queen_of_Spain	parent	Charles_II_Archduke_of_Austria
Amaury_I_de_Montfort	successor	Simon_I_de_Montfort
Thomas_Beaufort_Duke_of_Exeter	type	Person
Yolanda_Latin_Empress	child	Elisabeth_of_Courtenay
Louis_III_of_France	type	Person
Leopold_Duke_of_Lorraine	spouse	_lisabeth_Charlotte_d_Orl_ans
Henrietta_Maria	father	Henry_IV_of_France
_lffl_d_wife_of_Edward_the_Elder	type	Person
Gian_Gastone_de_Medici_Grand_Duke_of_Tuscany	successor	Francis_I_Holy_Roman_Emperor
Maria_of_Aragon_Queen_of_Portugal	spouse	Manuel_I_of_Portugal
Isabella_Countess_of_Gloucester	spouse	John_King_of_England
Bolko_I_the_Strict	spouse	Beatrice_of_Brandenburg
Fulk_King_of_Jerusalem	child	Amalric_of_Jerusalem
Jeanne_d_Albret	parent	Margaret_of_Valois_Angoul_me
Eleanor_of_Provence	mother	Beatrice_of_Savoy
Ogive_of_Luxembourg	spouse	Baldwin_IV_Count_of_Flanders
Joan_Holland_Duchess_of_Brittany	type	Person
Louis_VIII_of_France	child	Louis_IX_of_France
Hedwig_of_Saxony	mother	Matilda_of_Ringelheim
Maria_of_Austria_Holy_Roman_Empress	child	Archduchess_Margaret_of_Austria_1567_1633
Louis_Duke_of_Savoy	child	Philip_II_Duke_of_Savoy
Eleanor_of_Viseu	parent	Beatriz_of_Portugal_Duchess_of_Viseu
Louis_II_of_Anjou	child	Ren__of_Anjou
Galeazzo_Maria_Sforza	type	Person
Isabella_of_Portugal_Duchess_of_Burgundy	spouse	Philip_the_Good
Luitgarde_of_Vermandois	type	Person
Cosimo_I_de_Medici_Grand_Duke_of_Tuscany	child	Virginia_de_Medici
Marie_Eleonore_of_Cleves	spouse	Albert_Frederick_Duke_of_Prussia
Jeanne_d_Albret	predecessor	Antoine_of_Navarre
Afonso_III_of_Portugal	child	Blanche_of_Portugal_1259_1321
Albert_II_Duke_of_Austria	child	Rudolf_IV_Duke_of_Austria
Bonne_of_Luxembourg	mother	Elizabeth_of_Bohemia_1292_1330
Elizabeth_of_York	spouse	Henry_VII_of_England
Anne_of_Foix_Candale	parent	Catherine_of_Foix_Countess_of_Candale
Charles_II_Archduke_of_Austria	spouse	Maria_Anna_of_Bavaria_born_1551
Claude_of_France	child	Henry_II_of_France
Margaret_of_England	type	Person
Rudolf_I_of_Germany	parent	Albert_IV_Count_of_Habsburg
Luitgarde_of_Vermandois	father	Herbert_II_Count_of_Vermandois
William_the_Younger_Duke_of_Brunswic_L_neburg	child	George_Duke_of_Brunswic_Calenberg
Catalina_Micaela_of_Spain	type	Person
Ferdinand_Duke_of_Viseu	type	Person
Charles_II_Grand_Duke_of_Mecklenburg_Strelitz	type	Person
Ermengarde_of_Anjou_d._1146	spouse	William_IX_Duke_of_Aquitaine
Marie_Countess_of_Ponthieu	mother	Alys_of_France_Countess_of_Vexin
Viridis_Visconti	type	Person
Edward_the_Elder	child	Eadgyth
Princess_Isabella_of_Parma	type	Person
Edmund_of_Woodstock_1st_Earl_of_Kent	type	Person
Philip_III_of_France	parent	Margaret_of_Provence
James_I_Count_of_La_Marche	parent	Mary_of_Avesnes
Magnus_the_Strong	type	Person
Edward_II_of_England	spouse	Isabella_of_France
Sigismund_II_Augustus	type	Person
George_III	child	Princess_Elizabeth_of_the_United_Kingdom
Childebrand_I	type	Person
Ren__of_Anjou	spouse	Jeanne_de_Laval
Pepin_of_Herstal	child	Charles_Martel
Louis_II_of_Anjou	child	Charles_Count_of_Maine
Albert_I_of_Germany	child	Rudolf_I_of_Bohemia
Constance_of_Arles	child	Henry_I_of_France
Elisabeth_of_Austria_Queen_of_France	parent	Maximilian_II_Holy_Roman_Emperor
James_II_of_Scotland	child	James_III_of_Scotland
Mary_of_Burgundy_Duchess_of_Cleves	child	Agnes_of_Cleves
Charles_X	spouse	Maria_Theresa_of_Savoy
William_IX_Duke_of_Aquitaine	parent	William_VIII_Duke_of_Aquitaine
Piccarda_Bueri	type	Person
Charles_X	successor	Louis_Antoine_Duke_of_Angoul_me
Louis_Count_of_Vend_me	mother	Catherine_of_Vend_me
Louis_I_Duke_of_Orl_ans	child	John_Count_of_Angoul_me
Charlotte_Agla__d_Orl_ans	spouse	Francesco_III_d_Este_Duke_of_Modena
Joan_of_Valois_Countess_of_Hainaut	child	Margaret_II_Countess_of_Hainaut
John_Stewart_1st_Earl_of_Lennox	father	Alan_Stewart_of_Darnley
Maria_Josepha_of_Saxony_Dauphine_of_France	father	Augustus_III_of_Poland
Archduke_Anton_Victor_of_Austria	type	Person
Maria_Salviati	type	Person
Adelaide_of_Italy	successor	Willa_of_Tuscany
Arnulf_II_Count_of_Flanders	spouse	Rozala_of_Italy
Henry_VII_Holy_Roman_Emperor	mother	Beatrice_of_Avesnes
John_I_Duke_of_Brittany	predecessor	Peter_II_Count_of_Savoy
Marie_of_Cleves_Duchess_of_Orl_ans	child	Marie_of_Orl_ans_Viscountess_of_Narbonne
Marie_Countess_of_Ponthieu	father	William_IV_Count_of_Ponthieu
Cosimo_I_de_Medici_Grand_Duke_of_Tuscany	child	Ferdinando_I_de_Medici_Grand_Duke_of_Tuscany
Louis_XII	spouse	Joan_of_France_Duchess_of_Berry
Maria_Antonia_Ferdinanda_of_Spain	parent	Philip_V_of_Spain
Baldwin_V_Count_of_Flanders	mother	Ogive_of_Luxembourg
Eleanor_of_Portugal_Holy_Roman_Empress	type	Person
James_Duke_of_Rothesay_born_1540	type	Person
Frederick_IV_Duke_of_Lorraine	type	Person
Ramon_Berenguer_IV_Count_of_Provence	spouse	Beatrice_of_Savoy
Mary_of_Guise	parent	Antoinette_of_Bourbon
Ermengarde_of_Anjou_Duchess_of_Burgundy	father	Fulk_III_Count_of_Anjou
Ingegerd_Olofsdotter_of_Sweden	type	Person
George_III	child	Prince_Frederick_Duke_of_York_and_Albany
Louis_Duke_of_Savoy	type	Person
Maximilian_II_Holy_Roman_Emperor	child	Archduke_Wenceslaus_of_Austria
Maria_Theresa_of_Austria_Este_Queen_of_Sardinia	parent	Maria_Beatrice_d_Este_Duchess_of_Massa
James_V_of_Scotland	father	James_IV_of_Scotland
Fran_oise_d_Alen_on	type	Person
Maria_Amalia_of_Saxony	father	Augustus_III_of_Poland
Henry_III_of_England	child	Beatrice_of_England
Mary_Tudor_Queen_of_France	parent	Henry_VII_of_England
Princess_Amalie_of_Hesse_Darmstadt	type	Person
Peter_II_of_Aragon	parent	Sancha_of_Castile_Queen_of_Aragon
Robert_I_of_France	mother	Adelaide_of_Tours
Emanuele_Filiberto_Duke_of_Aosta_1731_1735	type	Person
Ladislaus_of_Naples	successor	Louis_II_of_Anjou
William_Duke_of_J_lich_Cleves_Berg	spouse	Jeanne_d_Albret
Judith_of_Habsburg	parent	Gertrude_of_Hohenberg
James_II_of_England	type	Person
John_I_Count_of_Hainaut	mother	Margaret_II_Countess_of_Flanders
Adolphus_Frederick_IV_Duke_of_Mecklenburg_Strelitz	type	Person
Marie_of_Prussia_Margravine_of_Brandenburg_Bayreuth	type	Person
Afonso_III_of_Portugal	parent	Urraca_of_Castile_Queen_of_Portugal
Elizabeth_of_York	child	Arthur_Prince_of_Wales
Mary_Queen_of_Scots	mother	Mary_of_Guise
Margaret_of_Burgundy_Queen_of_France	father	Robert_II_Duke_of_Burgundy
Alice_Holland_Countess_of_Kent	father	Richard_Fitzalan_3rd_Earl_of_Arundel
Beatrice_of_England	child	Blanche_of_Brittany
Eleanor_of_Navarre	predecessor	John_II_of_Aragon
Maria_Theresa	child	Archduchess_Maria_Josepha_of_Austria
Joan_II_of_Navarre	successor	Charles_II_of_Navarre
Urraca_of_Le_n	successor	Alfonso_VII_of_Le_n_and_Castile
Fulk_IV_Count_of_Anjou	parent	Geoffrey_II_Count_of_G_tinais
Adelaide_of_Burgundy_Duchess_of_Brabant	father	Hugh_IV_Duke_of_Burgundy
Sophie_of_France_1776_1783	type	Person
Alfonso_II_of_Aragon	predecessor	Petronilla_of_Aragon
Violant_of_Bar	parent	Robert_Duke_of_Bar
Fran_oise_Ath_na_s_de_Rochechouart_Marquise_de_Montespan	spouse	Louis_Henri_de_Pardaillan_de_Gondrin
Francis_I_Holy_Roman_Emperor	spouse	Maria_Theresa
Princess_Elisabeth_Albertine_of_Saxe_Hildburghausen	child	Duchess_Christiane_of_Mecklenburg
Adela_of_Champagne	spouse	Louis_VII_of_France
Baldwin_V_Count_of_Flanders	spouse	Adela_of_France
Adela_of_Champagne	type	Person
Grifo_noble	type	Person
Joan_II_Countess_of_Burgundy	parent	Mahaut_Countess_of_Artois
Charles_the_Fat	spouse	Richardis
Ferdinand_IV_of_Castile	spouse	Constance_of_Portugal
Maria_Amalia_of_Naples_and_Sicily	child	Fran_ois_d_Orl_ans_Prince_of_Joinville
Charles_III_Duke_of_Lorraine	parent	Francis_I_Duke_of_Lorraine
Marie_Jos_phine_of_Savoy	father	Victor_Amadeus_III_of_Sardinia
Louis_IV_Holy_Roman_Emperor	child	Louis_V_Duke_of_Bavaria
Joanna_of_Bourbon	child	Louis_I_Duke_of_Orl_ans
Philip_III_of_Spain	predecessor	Philip_II_of_Spain
Simon_I_Duke_of_Lorraine	spouse	Adelaide_of_Leuven
Archduchess_Maria_Carolina_of_Austria_stillborn_1748	type	Person
Catherine_of_Aragon	type	Person
Countess_Palatine_Caroline_of_Zweibr_cken	spouse	Louis_IX_Landgrave_of_Hesse_Darmstadt
Louis_Jean_Marie_de_Bourbon_Duke_of_Penthi_vre	type	Person
Maria_Teresa_Felicitas_d_Este	child	Louis_Alexandre_Prince_of_Lamballe
Louis_IX_Landgrave_of_Hesse_Darmstadt	type	Person
Claude_Duke_of_Aumale	type	Person
Amaury_I_de_Montfort	type	Person
Francis_I_Holy_Roman_Emperor	child	Maria_Amalia_Duchess_of_Parma
Alfred_the_Great	parent	_thelwulf_King_of_Wessex
Nicholas_Francis_Duke_of_Lorraine	mother	Christina_of_Salm
Hugh_the_Abbot	type	Person
Henry_I_Count_of_Berg	type	Person
Philip_III_of_France	child	Margaret_of_France_Queen_of_England
Isabella_I_of_Castile	parent	Isabella_of_Portugal_Queen_of_Castile
Blanche_of_Artois	father	Robert_I_Count_of_Artois
Archduke_Rudolf_of_Austria	type	Person
Anna_of_Nassau_Dillenburg	spouse	Otto_V_Duke_of_Brunswic_L_neburg
Cosimo_I_de_Medici_Grand_Duke_of_Tuscany	mother	Maria_Salviati
Charles_the_Fat	parent	Louis_the_German
Henry_II_of_France	spouse	Catherine_de_Medici
Karl_August_Grand_Duke_of_Saxe_Weimar_Eisenach	type	Person
Eleanor_of_Alburquerque	mother	Beatrice_of_Portugal_died_1381
Philip_I_Count_of_Auvergne	type	Person
Theodoric_II_Duke_of_Lorraine	parent	Gerard_Duke_of_Lorraine
Mahaut_Countess_of_Artois	spouse	Otto_IV_Count_of_Burgundy
Peter_I_of_Portugal	child	Ferdinand_I_of_Portugal
Joan_of__vreux	child	Blanche_of_France_Duchess_of_Orl_ans
Geoffrey_II_Count_of_G_tinais	type	Person
George_III	child	George_IV
Ramon_Borrell_Count_of_Barcelona	parent	Letgarda_de_Rouergue
Baldwin_III_Count_of_Hainaut	parent	Ida_Countess_of_Hainaut
Eadgifu_of_Wessex	parent	_lffl_d_wife_of_Edward_the_Elder
Adelaide_of_Aquitaine	type	Person
Anthony_Woodville_2nd_Earl_Rivers	type	Person
Geoffrey_Plantagenet_Count_of_Anjou	child	Geoffrey_Count_of_Nantes
Charles_V_Holy_Roman_Emperor	predecessor	Maximilian_I_Holy_Roman_Emperor
Adelaide_of_Paris	child	Charles_the_Simple
Napoleon_III	type	Person
Philip_II_of_Spain	parent	Isabella_of_Portugal
Matilda_of_Boulogne_Duchess_of_Brabant	spouse	Henry_I_Duke_of_Brabant
Isabella_de_Beauchamp	type	Person
Marie_Eleonore_of_Cleves	child	Duchess_Anna_of_Prussia
Albert_II_Duke_of_Brunswic_L_neburg	father	Albert_I_Duke_of_Brunswic_L_neburg
Robert_II_Duke_of_Burgundy	child	Hugh_V_Duke_of_Burgundy
Bertha_Duchess_of_Lorraine	type	Person
Gerberga_of_Saxony	spouse	Gilbert_Duke_of_Lorraine
James_of_Avesnes	father	Nicholas_d_Oisy_Lord_of_Avesnes
Isabella_of_Scotland_Duchess_of_Brittany	type	Person
Maria_Theresa_of_Naples_and_Sicily	child	Archduke_Joseph_Franz_of_Austria
Marie_of_Cleves_Duchess_of_Orl_ans	father	Adolph_I_Duke_of_Cleves
Rurik	successor	Oleg_of_Novgorod
Philippe_I_Duke_of_Orl_ans	parent	Louis_XIII
Louis_Antoine_Duke_of_Angoul_me	predecessor	Charles_X
Joanna_of_Austria_Grand_Duchess_of_Tuscany	mother	Anne_of_Bohemia_and_Hungary
Frederick_I_Duke_of_Lorraine	father	Matthias_I_Duke_of_Lorraine
Rothilde	type	Person
Margaret_III_Countess_of_Flanders	type	Person
Charles_Martel	child	Carloman_mayor_of_the_palace
Maria_Christina_of_the_Two_Sicilies	mother	Mar_a_Isabella_of_Spain
Countess_Palatine_Hedwig_Elisabeth_of_Neuburg	type	Person
Louis_VIII_of_France	child	Isabelle_of_France_saint
John_V_Duke_of_Brittany	type	Person
Beatrice_of_Savoy_Lady_of_Villena	type	Person
Afonso_III_of_Portugal	father	Afonso_II_of_Portugal
Isabella_of_Aragon_Queen_of_France	mother	Violant_of_Hungary
Rollo	type	Person
Rogneda_of_Polotsk	spouse	Vladimir_the_Great
Alfonso_XI_of_Castile	spouse	Eleanor_de_Guzm_n
Adele_of_Valois	type	Person
Otto_II_Count_of_Habsburg	parent	Werner_I_Count_of_Klettgau
Joanna_of_Bourbon	parent	Peter_I_Duke_of_Bourbon
Blanche_of_Anjou	type	Person
John_IV_Duke_of_Brittany	predecessor	John_of_Gaunt
Alfonso_X_of_Castile	parent	Elisabeth_of_Swabia
Anne_Marie_d_Orl_ans	child	Charles_Emmanuel_III_of_Sardinia
James_I_of_Aragon	spouse	Violant_of_Hungary
Philippe_II_Duke_of_Orl_ans	child	Louise_Ad_la_de_d_Orl_ans
Philip_II_of_France	predecessor	Louis_VII_of_France
Henry_IV_of_England	spouse	Joan_of_Navarre_Queen_of_England
John_I_Count_of_Hainaut	spouse	Adelaide_of_Holland
Stephen_II_Duke_of_Bavaria	parent	Beatrice_of_Silesia
Elisa_Bonaparte	type	Person
Marie_Louise_Duchess_of_Parma	child	Napoleon_II
Infanta_Luisa_Fernanda_Duchess_of_Montpensier	type	Person
Elisabeth_Farnese	child	Maria_Teresa_Rafaela_of_Spain
Catherine_of_Mayenne	type	Person
Margaret_of_Burgundy_Queen_of_France	parent	Agnes_of_France_Duchess_of_Burgundy
Maria_Beatrice_of_Savoy	parent	Victor_Emmanuel_I_of_Sardinia
Ferdinand_I_of_Portugal	type	Person
Saint_Margaret_of_Scotland	father	Edward_the_Exile
Louis_the_Pious	spouse	Ermengarde_of_Hesbaye
Sibylla_of_Burgundy	type	Person
Isabel_of_Viseu	type	Person
Pepin_of_Herstal	successor	Grimoald_the_Younger
Adelaide_of_Italy	predecessor	Willa_of_Tuscany
Odo_of_France	parent	Adelaide_of_Tours
Charles_the_Bold	mother	Isabella_of_Portugal_Duchess_of_Burgundy
Frederick_III_Duke_of_Lorraine	parent	Matthias_II_Duke_of_Lorraine
Jacquetta_of_Luxembourg	child	Edward_Woodville_Lord_Scales
John_II_of_Aragon	father	Ferdinand_I_of_Aragon
Louis_Bonaparte	successor	Napol_on_Louis_Bonaparte
Matthias_I_Duke_of_Lorraine	spouse	Bertha_Duchess_of_Lorraine
Peter_II_of_Aragon	spouse	Maria_of_Montpellier
Otto_II_Count_of_Chiny	type	Person
Henry_VI_of_England	parent	Catherine_of_Valois
Marie_de_Medici	child	Elisabeth_of_France_1602_1644
Countess_Palatine_Caroline_of_Zweibr_cken	parent	Christian_III_Count_Palatine_of_Zweibr_cken
Sigismund_I_the_Old	type	Person
Francis_II_Holy_Roman_Emperor	child	Marie_Louise_Duchess_of_Parma
Francesco_I_Sforza	parent	Lucia_da_Torsano
Maximilian_I_Holy_Roman_Emperor	spouse	Mary_of_Burgundy
George_Louis_I_Count_of_Erbach_Erbach	type	Person
Edward_IV_of_England	spouse	Elizabeth_Woodville
Raymond_of_Burgundy	type	Person
James_of_Castile_Lord_of_Cameros	type	Person
Maria_Christina_of_the_Two_Sicilies	child	Fernando_Mar_a_Mu_oz_y_Borb_n_2nd_Duke_of_Taranc_n
Robert_I_of_France	spouse	Aelis
Berengar_II_of_Italy	type	Person
Rotrude_of_Hesbaye	spouse	Charles_Martel
Alfonso_IX_of_Le_n	child	Dulce_of_Le_n
Dirk_I_Count_of_Holland	successor	Dirk_II_Count_of_Holland
Peter_I_Duke_of_Brittany	type	Person
Princess_Maria_Amalia_of_the_Two_Sicilies_1818_1857	type	Person
Matilda_of_England_Duchess_of_Saxony	spouse	Henry_the_Lion
Ramon_Berenguer_IV_Count_of_Provence	child	Beatrice_of_Provence
Louis_VI_of_France	father	Philip_I_of_France
Alfonso_IX_of_Le_n	child	Alfonso_of_Molina
Princess_Augusta_of_Saxe_Gotha	parent	Frederick_II_Duke_of_Saxe_Gotha_Altenburg
Robert_Count_of_Clermont	father	Louis_IX_of_France
Henry_the_Fowler	child	Bruno_the_Great
Louis_IV_Holy_Roman_Emperor	child	Matilda_of_Bavaria_Margravine_of_Meissen
Marie_of_Valois_Prioress_of_Poissy	type	Person
Marie_Antoinette	type	Person
Louis_the_Stammerer	successor	Carloman_II
Robert_King_of_Naples	type	Person
Henry_II_of_Castile	parent	Alfonso_XI_of_Castile
James_II_of_Scotland	parent	James_I_of_Scotland
Louis_XI	child	Charles_VIII_of_France
Hucbert	type	Person
Peter_III_of_Aragon	predecessor	James_I_of_Aragon
Princess_Christine_Louise_of_Oettinge_Oettingen	child	Princess_Antoinette_of_Brunswic_Wolfenb_ttel
Cosimo_I_de_Medici_Grand_Duke_of_Tuscany	child	Portrait_of_Bia_de_Medici
Mary_of_Avesnes	spouse	Louis_I_Duke_of_Bourbon
Beatrice_of_Savoy	child	Beatrice_of_Provence
Willa_of_Burgundy	predecessor	Marozia
Sancho_I_of_Portugal	parent	Afonso_I_of_Portugal
Yolande_of_Valois	type	Person
Ermentrude_of_Orl_ans	type	Person
Fulk_IV_Count_of_Anjou	parent	Ermengarde_of_Anjou_Duchess_of_Burgundy
Ferdinando_I_de_Medici_Grand_Duke_of_Tuscany	predecessor	Francesco_I_de_Medici_Grand_Duke_of_Tuscany
Louis_IV_of_France	spouse	Gerberga_of_Saxony
Maria_Luisa_Gabriella_of_Savoy	spouse	Philip_V_of_Spain
Charles_IV_of_France	spouse	Joan_of__vreux
Frederick_II_Duke_of_Lorraine	successor	Theobald_I_Duke_of_Lorraine
Charlotte_Princess_Royal	type	Person
Ramon_Borrell_Count_of_Barcelona	spouse	Ermesinde_of_Carcassonne
Agnes_of_Hesse	type	Person
Hugh_Capet	successor	Robert_II_of_France
Ramon_Berenguer_IV_Count_of_Provence	successor	Beatrice_of_Provence
Fran_oise_Marie_de_Bourbon	type	Person
John_of_Gaunt	child	Joan_Beaufort_Countess_of_Westmorland
Hugh_V_Duke_of_Burgundy	successor	Odo_IV_Duke_of_Burgundy
Matilda_of_France	parent	Gerberga_of_Saxony
Frederick_the_Fair	type	Person
Pepin_of_Herstal	successor	Charles_Martel
Leopold_II_Holy_Roman_Emperor	predecessor	Francis_I_Holy_Roman_Emperor
Adelaide_Blanche_of_Anjou	type	Person
Alfonso_IX_of_Le_n	parent	Ferdinand_II_of_Le_n
Marie_Countess_of_Ponthieu	spouse	Simon_Count_of_Ponthieu
Eadhild	spouse	Hugh_the_Great
Archduchess_Anna_of_Austria	child	William_V_Duke_of_Bavaria
Anne_Gonzaga	parent	Charles_I_Gonzaga_Duke_of_Mantua
Hermes_Maria_Sforza	type	Person
Theobald_of_Arles	type	Person
Eleanor_of_Navarre	child	Gaston_Prince_of_Viana
Ferdinand_I_Holy_Roman_Emperor	child	Archduchess_Anna_of_Austria
Sancho_IV_of_Castile	child	Ferdinand_IV_of_Castile
Raymond_of_Burgundy	spouse	Urraca_of_Le_n
Philip_I_Duke_of_Burgundy	type	Person
Nicholas_Francis_Duke_of_Lorraine	child	Anne_Marie_Th_r_se_de_Lorraine
Eleanor_of_Alburquerque	child	Maria_of_Aragon_Queen_of_Castile
George_Gordon_4th_Earl_of_Huntly	parent	John_Gordon_Lord_Gordon
Hugh_II_Duke_of_Burgundy	parent	Sibylla_of_Burgundy_Duchess_of_Burgundy
John_I_of_Portugal	father	Peter_I_of_Portugal
Louis_Philippe_I	successor	French_Revolution_of_1848
Louis_Henri_de_Pardaillan_de_Gondrin	spouse	Fran_oise_Ath_na_s_de_Rochechouart_Marquise_de_Montespan
Isabella_of_Portugal	mother	Maria_of_Aragon_Queen_of_Portugal
Adolphus_Frederick_III_Duke_of_Mecklenburg_Strelitz	type	Person
Louis_IX_of_France	child	Louis_of_France_1244_1260
Christine_of_Hesse	spouse	Adolf_Duke_of_Holstei_Gottorp
Elizabeth_Woodville	mother	Jacquetta_of_Luxembourg
Hugh_Magnus	father	Robert_II_of_France
Mar_a_de_Salinas	type	Person
Antoinette_of_Bourbon	child	Charles_Cardinal_of_Lorraine
John_I_Duke_of_Brittany	parent	Alix_Duchess_of_Brittany
Maria_Josepha_of_Austria	child	Maria_Elisabeth_of_Saxony_1736_1818
Louis_Philippe_I_Duke_of_Orl_ans	mother	Auguste_of_Bade_Baden
Robert_III_of_Scotland	parent	Robert_II_of_Scotland
Margaret_of_Valois_Angoul_me	father	Charles_Count_of_Angoul_me
Marie_de_Medici	father	Francesco_I_de_Medici_Grand_Duke_of_Tuscany
Ferdinand_I_of_Aragon	type	Person
Alfonso_XI_of_Castile	father	Ferdinand_IV_of_Castile
David_I_of_Scotland	type	Person
Otto_IV_Count_of_Scheyern	type	Person
Philippe_II_Duke_of_Orl_ans	parent	Elizabeth_Charlotte_Madame_Palatine
Hugh_Magnus	type	Person
Elisabeth_Farnese	child	Infante_Luis_of_Spain
Eleanor_of_England_Queen_of_Castile	mother	Eleanor_of_Aquitaine
Henry_IV_of_France	father	Antoine_of_Navarre
Bernab__Visconti	type	Person
Amaury_I_de_Montfort	father	Guillaume_de_Montfort_of_Hainaut
Theobald_II_Duke_of_Lorraine	predecessor	Frederick_III_Duke_of_Lorraine
Charlotte_of_Mecklenburg_Strelitz	parent	Princess_Elisabeth_Albertine_of_Saxe_Hildburghausen
Francis_I_Holy_Roman_Emperor	successor	Leopold_II_Holy_Roman_Emperor
Hugh_the_Great	spouse	Hedwig_of_Saxony
Anne_Gonzaga	spouse	Edward_Count_Palatine_of_Simmern
Henry_son_of_Robert_I_of_Burgundy	parent	Robert_I_Duke_of_Burgundy
Henry_III_of_France	father	Henry_II_of_France
Afonso_I_of_Portugal	father	Henry_Count_of_Portugal
Alfonso_X_of_Castile	child	Beatrice_of_Castile_1242_1303
Francis_II_of_France	parent	Catherine_de_Medici
Marie_of_Cleves_Duchess_of_Orl_ans	child	Anne_of_Orl_ans_Abbess_of_Fontevraud
Philippe_II_Duke_of_Orl_ans	child	Louise_Diane_Princess_of_Conti
Prince_Philippe_Count_of_Paris	parent	Ferdinand_Philippe_Duke_of_Orl_ans
Prince_Maurice_of_Savoy	type	Person
Sancho_IV_of_Castile	predecessor	Alfonso_X_of_Castile
Alfonso_VIII_of_Castile	father	Sancho_III_of_Castile
Anne_of_Cyprus	child	Bona_of_Savoy
Otto_William_Count_of_Burgundy	parent	Adalbert_of_Italy
Henry_IV_of_England	successor	Henry_V_of_England
James_II_of_Scotland	child	Mary_Stewart_Countess_of_Arran
Landgravine_Elisabeth_Amalie_of_Hesse_Darmstadt	child	Johann_Wilhelm_Elector_Palatine
Walter_Stewart_6th_High_Steward_of_Scotland	spouse	Marjorie_Bruce
Ferdinand_II_of_Aragon	predecessor	John_II_of_Aragon
Adolf_King_of_the_Romans	predecessor	Rudolf_I_of_Germany
A_nor_de_Ch_tellerault	parent	Aimery_I_Viscount_of_Ch_tellerault
Eckhard_I_Count_of_Scheyern	type	Person
Francesco_I_de_Medici_Grand_Duke_of_Tuscany	mother	Eleanor_of_Toledo
Eleanor_of_Alburquerque	type	Person
Louis_XVIII	successor	Charles_X
Margaret_of_Anjou	parent	Isabella_Duchess_of_Lorraine
Robert_II_of_Scotland	type	Person
Leopold_II_Holy_Roman_Emperor	child	Archduke_Rainer_Joseph_of_Austria
Robert_II_of_France	spouse	Bertha_of_Burgundy
Isabeau_of_Bavaria	parent	Stephen_III_Duke_of_Bavaria
Odo_III_Duke_of_Burgundy	spouse	Alice_of_Vergy
Hieronymus_son_of_Charles_Martel	type	Person
Louis_IV_of_France	child	Lothair_of_France
Princess_Mary_of_Great_Britain	type	Person
Alfonso_XI_of_Castile	successor	Peter_of_Castile
Peter_I_of_Portugal	successor	Ferdinand_I_of_Portugal
Agnes_of_Navarre	type	Person
Theobald_III_Count_of_Blois	mother	Ermengarde_of_Auvergne
Schweinfurt	type	Person
Mar_a_Amparo_Mu_oz_y_Borb_n_1st_Countess_of_Vista_Alegre	type	Person
Grimoald_the_Younger	predecessor	Pepin_of_Herstal
Henrietta_of_England	child	Philippe_Charles_Duke_of_Valois
Jacques_Charles_Dupont_de_l_Eure	type	Person
Joan_Countess_of_Ponthieu	parent	Simon_Count_of_Ponthieu
Edward_the_Elder	child	Edmund_I
Anne_of_Cyprus	child	Marie_of_Savoy_Countess_of_Saint_Pol
Matilda_of_Habsburg	spouse	Louis_II_Duke_of_Bavaria
Maud_Chaworth	mother	Isabella_de_Beauchamp
Charles_Ferdinand_Duke_of_Berry	spouse	Marie_Caroline_of_Bourbo_Two_Sicilies_Duchess_of_Berry
Jeanne_d_Albret	predecessor	Henry_II_of_Navarre
Odo_III_Duke_of_Burgundy	father	Hugh_III_Duke_of_Burgundy
Prince_Edward_Duke_of_York_and_Albany	type	Person
Bona_of_Savoy	child	Anna_Sforza
Catherine_de_Medici	child	Charles_IX_of_France
Charles_V_of_France	parent	Bonne_of_Luxembourg
Joan_of_England_Queen_of_Scotland	type	Person
Louis_IX_of_France	child	John_Tristan_Count_of_Valois
Frederick_III_Holy_Roman_Emperor	predecessor	Ernest_Duke_of_Austria
Hugh_Count_of_Burgundy	type	Person
Leopold_III_Duke_of_Austria	type	Person
Antoine_Duke_of_Montpensier	mother	Maria_Amalia_of_Naples_and_Sicily
Jeanne_de_Bourbon_Duchess_of_Bourbon	father	John_VIII_Count_of_Vend_me
Francis_I_of_France	spouse	Eleanor_of_Austria
Ferdinand_of_Le_n_died_1214	type	Person
Oberto_II_Margrave_of_Milan	parent	Oberto_I
Blanche_of_Castile	parent	Eleanor_of_England_Queen_of_Castile
Charles_Count_of_Valois	child	Margaret_of_Valois_Countess_of_Blois
Catherine_of_Valois	mother	Isabeau_of_Bavaria
Simon_II_Duke_of_Lorraine	predecessor	Matthias_I_Duke_of_Lorraine
Louis_the_Pious	successor	Lothair_I
Maria_Theresa_of_Austria_Este_Queen_of_Sardinia	type	Person
Ingegerd_Olofsdotter_of_Sweden	parent	Olof_Sk_tkonung
Elisabeth_Christine_of_Brunswic_Wolfenb_ttel	child	Archduchess_Maria_Anna_of_Austria_governor
Maria_Anna_of_Bavaria_born_1551	parent	Archduchess_Anna_of_Austria
Louis_the_German	mother	Ermengarde_of_Hesbaye
Charlemagne	parent	Pepin_the_Short
Charles_II_Archduke_of_Austria	predecessor	Ferdinand_I_Holy_Roman_Emperor
Joan_II_of_Navarre	child	Blanche_of_Navarre_Queen_of_France
Rainier_Marquis_of_Montferrat	type	Person
Borrell_II_Count_of_Barcelona	parent	Sunyer_Count_of_Barcelona
Margaret_Countess_of_Anjou	child	Joan_of_Valois_Countess_of_Hainaut
Galeazzo_Maria_Sforza	successor	Gian_Galeazzo_Sforza
James_V_of_Scotland	spouse	Madeleine_of_Valois
Joan_I_Countess_of_Auvergne	father	William_XII_Count_of_Auvergne
Louis_the_Stammerer	successor	Louis_III_of_France
Prince_William_Henry_Duke_of_Gloucester_and_Edinburgh	type	Person
Baldwin_II_Count_of_Hainaut	spouse	Ida_Countess_of_Hainaut
Edmund_of_Scotland	type	Person
William_IX_Duke_of_Aquitaine	spouse	Ermengarde_of_Anjou_d._1146
William_Duke_of_Austria	type	Person
Joan_Countess_of_Ponthieu	spouse	Ferdinand_III_of_Castile
Anna_of_Holstei_Gottorp	parent	Adolf_Duke_of_Holstei_Gottorp
Jacques_Charles_Dupont_de_l_Eure	predecessor	Prince_Philippe_Count_of_Paris
Louis_Count_of__vreux	spouse	Margaret_of_Artois
Berengaria_of_Castile	type	Person
Isabeau_of_Bavaria	type	Person
Frederick_I_Duke_of_Lorraine	spouse	Wierzchoslawa_Ludmilla_of_Greater_Poland
Frederick_II_Holy_Roman_Emperor	successor	Henry_VII_Holy_Roman_Emperor
Maria_Teresa_Felicitas_d_Este	father	Francesco_III_d_Este_Duke_of_Modena
Antonio_Farnese_Duke_of_Parma	type	Person
Marie_Louise_Duchess_of_Parma	type	Person
Maria_of_Aragon_Queen_of_Castile	type	Person
Anne_of_Austria_Queen_of_Poland	type	Person
Berenguer_Ramon_I_Count_of_Barcelona	parent	Ramon_Borrell_Count_of_Barcelona
William_II_Duke_of_Bavaria	type	Person
John_II_Duke_of_Brittany	child	John_of_Brittany_Earl_of_Richmond
Princess_Magdalena_Augusta_of_Anhalt_Zerbst	spouse	Frederick_II_Duke_of_Saxe_Gotha_Altenburg
John_King_of_England	type	Person
Joan_I_of_Navarre	predecessor	Henry_I_of_Navarre
Ferdinand_Duke_of_Viseu	child	Eleanor_of_Viseu
Welf_father_of_Judith	type	Person
Otto_I_Count_Palatine_of_Mosbach	type	Person
Pepin_of_Italy	type	Person
Princess_Louise_of_Hesse_Darmstadt_1757_1830	father	Louis_IX_Landgrave_of_Hesse_Darmstadt
Maria_Amalia_of_Naples_and_Sicily	child	Princess_Cl_mentine_of_Orl_ans
Maria_Teresa_Felicitas_d_Este	child	Louis_Marie_Duke_of_Rambouillet
Clemence_of_Austria	type	Person
Marie_Z_phyrine_of_France	type	Person
Amaury_II_de_Montfort	type	Person
Adela_of_Champagne	parent	Matilda_of_Carinthia
John_V_Duke_of_Brittany	predecessor	John_IV_Duke_of_Brittany
Maximilian_II_Holy_Roman_Emperor	child	Anna_of_Austria_Queen_of_Spain
Joanna_of_Flanders	spouse	John_of_Montfort
Madeleine_de_La_Tour_d_Auvergne	parent	John_III_Count_of_Auvergne
William_I_Count_of_Burgundy	mother	Alice_of_Normandy
Geoffrey_Plantagenet_Count_of_Anjou	child	Emma_of_Anjou
Louis_Philippe_II_Duke_of_Orl_ans	father	Louis_Philippe_I_Duke_of_Orl_ans
Isabella_of_England	type	Person
Marie_Antoinette	child	Louis_Joseph_Dauphin_of_France
Eleanor_of_Aragon_Countess_of_Toulouse	type	Person
Catherine_of_Foix_Countess_of_Candale	father	Gaston_IV_Count_of_Foix
Geoffrey_Plantagenet_Count_of_Anjou	parent	Fulk_King_of_Jerusalem
Margaret_of_Brittany	spouse	Francis_II_Duke_of_Brittany
Louis_XIV	predecessor	Louis_XIII
Robert_I_Latin_Emperor	predecessor	Yolanda_Latin_Empress
Anne_of_Brittany	parent	Margaret_of_Foix
Frederick_III_Duke_of_Lorraine	child	Theobald_II_Duke_of_Lorraine
Philippa_of_Hainault	parent	William_I_Count_of_Hainaut
Judith_of_Bavaria_died_843	father	Welf_father_of_Judith
Maria_Carolina_of_Austria	child	Prince_Giuseppe_of_Naples_and_Sicily
Joan_II_of_Navarre	type	Person
Margaret_of_Valois	type	Person
Henry_IV_of_France	child	Louis_XIII
Anne_Gonzaga	father	Charles_I_Gonzaga_Duke_of_Mantua
Philip_III_of_Navarre	child	Charles_II_of_Navarre
Anne_of_Foix_Candale	father	Gaston_de_Foix_Count_of_Candale
Antoine_Duke_of_Montpensier	predecessor	Antoine_Philippe_Duke_of_Montpensier
Victor_Amadeus_I_Duke_of_Savoy	child	Princess_Margaret_Yolande_of_Savoy
Berengar_II_of_Italy	predecessor	Lothair_II_of_Italy
Philip_II_of_Spain	type	Person
Isabel_of_Barcelos	mother	Beatriz_Pereira_de_Alvim
Teresa_Fern_ndez_de_Traba	spouse	Ferdinand_II_of_Le_n
Elizabeth_Gordon_Countess_of_Huntly	child	Patrick_Gordon_of_Auchindoun
Elizabeth_of_Hungary_Queen_of_Serbia	type	Person
Sibylla_of_Anjou	spouse	Thierry_Count_of_Flanders
Stephen_Count_of_Blois	father	Theobald_III_Count_of_Blois
Philip_I_of_Castile	child	Catherine_of_Austria_Queen_of_Portugal
Agnes_of_France_Duchess_of_Burgundy	child	Margaret_of_Burgundy_Queen_of_France
Charles_Emmanuel_I_Duke_of_Savoy	predecessor	Emmanuel_Philibert_Duke_of_Savoy
Anne_of_Brittany	type	Person
Aimery_I_Viscount_of_Ch_tellerault	type	Person
Yolanda_Latin_Empress	parent	Baldwin_V_Count_of_Hainaut
Saint_Margaret_of_Scotland	child	Ethelred_of_Scotland
Marie_de_Ch_tillon_1323_1363	type	Person
Matthew_Stewart_2nd_Earl_of_Lennox	parent	John_Stewart_1st_Earl_of_Lennox
Sophia_of_Hanover	type	Person
Matthias_II_Duke_of_Lorraine	predecessor	Theobald_I_Duke_of_Lorraine
John_King_of_England	spouse	Isabella_of_Angoul_me
Ealhmund_of_Kent	type	Person
_lffl_d_wife_of_Edward_the_Elder	child	Eadgifu_of_Wessex
Prince_Philippe_Count_of_Paris	child	Prince_Ferdinand_Duke_of_Montpensier
Louis_the_Pious	mother	Hildegard_of_the_Vinzgau
Peter_II_Duke_of_Bourbon	type	Person
Jean_de_Dunois	type	Person
Joanna_of_Bourbon	mother	Isabella_of_Valois_Duchess_of_Bourbon
Louis_XII	predecessor	Charles_VIII_of_France
Albert_I_of_Germany	child	Elisabeth_of_Austria_Duchess_of_Lorraine
Elisabeth_of_Meissen	mother	Matilda_of_Bavaria_Margravine_of_Meissen
Matilda_of_Scotland	parent	Saint_Margaret_of_Scotland
George_I_of_Great_Britain	predecessor	Anne_Queen_of_Great_Britain
Ernest_Augustus_Elector_of_Hanover	parent	George_Duke_of_Brunswic_Calenberg
Albert_II_of_Germany	spouse	Elizabeth_of_Luxembourg
Mar_a_Isabella_of_Spain	child	Prince_Louis_Count_of_Aquila
Joan_II_of_Navarre	child	Maria_of_Navarre
Margaret_of_Provence	child	Louis_of_France_1244_1260
Helena_of_Denmark	spouse	William_of_Winchester_Lord_of_Lunenburg
Isabella_I_of_Castile	child	John_Prince_of_Asturias
Prince_Philippe_Duke_of_Orl_ans_1869_1926	type	Person
Margaret_of_Valois	parent	Henry_II_of_France
Gerberga_of_Lower_Lorraine	spouse	Lambert_I_Count_of_Louvain
Margaret_of_Bourbon_Queen_of_Navarre	spouse	Theobald_I_of_Navarre
Marie_Antoinette	mother	Maria_Theresa
Alessandro_de_Medici_Duke_of_Florence	successor	Cosimo_I_de_Medici_Grand_Duke_of_Tuscany
Robert_II_Duke_of_Burgundy	parent	Yolande_of_Dreux_Duchess_of_Burgundy
Sancho_IV_of_Castile	successor	Ferdinand_IV_of_Castile
Philip_II_of_Spain	child	Diego_Prince_of_Asturias
Ferdinand_I_of_the_Two_Sicilies	child	Princess_Maria_Antonia_of_Naples_and_Sicily
Antoine_Count_of_Vaud_mont	father	Frederick_I_Count_of_Vaud_mont
Joan_II_of_Navarre	parent	Kingdom_of_Navarre
Charlotte_of_Savoy	parent	Anne_of_Cyprus
Ferdinando_I_de_Medici_Grand_Duke_of_Tuscany	type	Person
John_of_Gaunt	parent	Philippa_of_Hainault
John_of_Gaunt	successor	John_IV_Duke_of_Brittany
Philip_I_Count_of_Auvergne	spouse	Joan_I_Countess_of_Auvergne
Alfonso_II_Count_of_Provence	parent	Sancha_of_Castile_Queen_of_Aragon
Dirk_III_Count_of_Holland	child	Floris_I_Count_of_Holland
Leopold_III_Duke_of_Austria	mother	Joanna_of_Pfirt
Louis_II_Duke_of_Bavaria	father	Otto_II_Duke_of_Bavaria
John_Prince_of_Asturias	type	Person
George_Duke_of_Brunswic_Calenberg	type	Person
George_Duke_of_Saxony	type	Person
Alfred_the_Great	child	Edward_the_Elder
Archduchess_Maria_Theresa_of_Austria_Este_1817_1886	parent	Maria_Beatrice_of_Savoy
Maria_of_Aragon_Queen_of_Portugal	mother	Isabella_I_of_Castile
Princess_Magdalena_Augusta_of_Anhalt_Zerbst	parent	Charles_Prince_of_Anhalt_Zerbst
Philip_IV_of_France	mother	Isabella_of_Aragon_Queen_of_France
James_I_of_Scotland	predecessor	Robert_III_of_Scotland
Margaret_of_Austria_Queen_of_Spain	father	Charles_II_Archduke_of_Austria
Charles_III_of_Spain	mother	Elisabeth_Farnese
Philip_II_of_Spain	child	Isabella_Clara_Eugenia
Francis_Hyacinth_Duke_of_Savoy	predecessor	Victor_Amadeus_I_Duke_of_Savoy
Gertrude_of_Saxony	parent	Eilika_of_Schweinfurt
Charles_the_Bald	child	Charles_the_Child
Charles_the_Bold	parent	Philip_the_Good
Philip_William_Elector_Palatine	type	Person
Antoine_Count_of_Vaud_mont	mother	Margaret_of_Joinville
Charles_the_Simple	parent	Louis_the_Stammerer
Charlotte_Agla__d_Orl_ans	mother	Fran_oise_Marie_de_Bourbon
Eleanor_of_Provence	father	Ramon_Berenguer_IV_Count_of_Provence
Ferdinand_of_Castile_died_1211	type	Person
John_II_of_France	child	Philip_the_Bold
Louis_XVII	successor	Louis_XVIII
Matilda_of_Savoy_Queen_of_Portugal	spouse	Afonso_I_of_Portugal
Adolphus_Frederick_I_Duke_of_Mecklenburg_Schwerin	mother	Sophia_of_Holstei_Gottorp
Albert_the_Bear	type	Person
Marie_Eleonore_of_Cleves	child	Marie_of_Prussia_Margravine_of_Brandenburg_Bayreuth
Louis_VIII_of_France	mother	Isabella_of_Hainault
Ecgberht_King_of_Wessex	predecessor	Beorhtric_of_Wessex
Willa_of_Tuscany	child	Guy_of_Ivrea
Girolamo_Savonarola	predecessor	Piero_the_Unfortunate
Henry_III_of_France	mother	Catherine_de_Medici
Hugh_Capet	mother	Hedwig_of_Saxony
Kunigunde_of_Altdorf	spouse	Albert_Azzo_II_Margrave_of_Milan
Archduchess_Maria_Theresa_of_Austria_Este_1817_1886	parent	Francis_IV_Duke_of_Modena
Louis_Dauphin_of_France_son_of_Louis_XV	child	Louis_XVI
Isabella_of_Portugal_Queen_of_Castile	spouse	John_II_of_Castile
Valdemar_I_of_Denmark	child	Valdemar_II_of_Denmark
Ernest_Augustus_Elector_of_Hanover	mother	Anna_Eleonore_of_Hesse_Darmstadt
John_VIII_Count_of_Vend_me	parent	Louis_Count_of_Vend_me
Charles_V_of_France	spouse	Joanna_of_Bourbon
Louis_XIII	parent	Henry_IV_of_France
Henry_V_of_England	parent	Mary_de_Bohun
Fadrique_Alfonso	type	Person
Henry_II_of_England	parent	Geoffrey_Plantagenet_Count_of_Anjou
Infanta_Luisa_Fernanda_Duchess_of_Montpensier	parent	Ferdinand_VII_of_Spain
Reginar_III_Count_of_Hainaut	parent	Adelaide_of_Burgundy_born_c._896
Henry_II_Count_of_Louvain	parent	Lambert_II_Count_of_Louvain
Louis_II_Duke_of_Bavaria	spouse	Anna_of_Glogau
Guilla_of_Provence	type	Person
Anne_of_Bohemia_Duchess_of_Austria	type	Person
Francis_I_Holy_Roman_Emperor	child	Archduchess_Maria_Elisabeth_of_Austria_born_1743
Saint_Margaret_of_Scotland	child	David_I_of_Scotland
Boso_the_Elder	child	Hucbert
Albert_II_Duke_of_Austria	predecessor	Frederick_the_Fair
Countess_Palatine_Caroline_of_Zweibr_cken	type	Person
George_III	child	Prince_Octavius_of_Great_Britain
Margaret_of_Provence	child	John_Tristan_Count_of_Valois
Maria_Christina_of_the_Two_Sicilies	child	Mar_a_Cristina_Mu_oz_y_Borb_n_Marquise_of_la_Isabela
Humbert_II_Count_of_Savoy	parent	Amadeus_II_Count_of_Savoy
Sunyer_Count_of_Barcelona	parent	Wilfred_the_Hairy
Anna_of_Holstei_Gottorp	father	Adolf_Duke_of_Holstei_Gottorp
Hugh_Count_of_Vermandois	type	Person
Henry_I_of_Navarre	parent	Theobald_I_of_Navarre
Claude_of_France	parent	Louis_XII
Louis_Rudolph_Duke_of_Brunswic_L_neburg	type	Person
Edith_of_Polesworth	type	Person
George_III	mother	Princess_Augusta_of_Saxe_Gotha
Pepin_the_Short	parent	Rotrude_of_Hesbaye
Louis_IV_of_France	successor	Lothair_of_France
Isabella_of_Burgundy_Queen_of_Germany	spouse	Rudolf_I_of_Germany
Maria_of_Aragon_Queen_of_Portugal	child	Isabella_of_Portugal
Louis_VIII_of_France	type	Person
Albert_Azzo_I_Margrave_of_Milan	spouse	Adela_of_Milan
Beatrice_Regina_della_Scala	spouse	Bernab__Visconti
George_III	child	Charlotte_Princess_Royal
Margaret_I_Countess_of_Flanders	parent	Sibylla_of_Anjou
Infanta_Luisa_Fernanda_Duchess_of_Montpensier	child	Infante_Antonio_Duke_of_Galliera
Richard_I_of_England	type	Person
Berenguer_Ramon_I_Count_of_Barcelona	father	Ramon_Borrell_Count_of_Barcelona
Louis_II_Duke_of_Bavaria	parent	Agnes_of_the_Palatinate
Joanna_of_Castile	child	Ferdinand_I_Holy_Roman_Emperor
Charles_X	mother	Maria_Josepha_of_Saxony_Dauphine_of_France
Marie_of_Anjou	child	Magdalena_of_Valois
Hedwig_of_Babenberg	type	Person
Bernard_II_Duke_of_Saxony	type	Person
Louis_VII_of_France	parent	Louis_VI_of_France
Bonne_of_Luxembourg	parent	John_of_Bohemia
Piero_di_Cosimo_de_Medici	predecessor	Cosimo_de_Medici
Adelaide_of_Paris	spouse	Louis_the_Stammerer
Philip_III_of_Spain	child	Maria_Anna_of_Spain
Charles_X	child	Charles_Ferdinand_Duke_of_Berry
Louis_IV_Holy_Roman_Emperor	parent	Louis_II_Duke_of_Bavaria
Countess_Sophia_Albertine_of_Erbach_Erbach	spouse	Ernest_Frederick_I_Duke_of_Saxe_Hildburghausen
Mary_Tudor_Queen_of_France	father	Henry_VII_of_England
Maria_of_Austria_Duchess_of_J_lich_Cleves_Berg	type	Person
Arthur_II_Duke_of_Brittany	type	Person
Lorenzo_de_Medici_Duke_of_Urbino	parent	Alfonsina_Orsini
Maria_of_Aragon_Queen_of_Portugal	child	John_III_of_Portugal
Igor_of_Kiev	predecessor	Oleg_of_Novgorod
Louis_VII_of_France	type	Person
Louis_IV_Holy_Roman_Emperor	parent	Matilda_of_Habsburg
Eleanor_of_Lancaster	child	Thomas_Arundel
Louis_I_of_Anjou	successor	Louis_II_of_Anjou
Henry_II_of_France	child	Claude_of_France_1547_1575
Maria_Cristina_of_Naples_and_Sicily	type	Person
Henry_the_Fowler	parent	Hedwig_of_Babenberg
Frederick_of_Naples	successor	Louis_XII
Catherine_of_Valois	type	Person
Arnulf_archbishop_of_Reims	type	Person
Fulk_IV_Count_of_Anjou	father	Geoffrey_II_Count_of_G_tinais
Louis_Antoine_Duke_of_Angoul_me	parent	Maria_Theresa_of_Savoy
Rurik	type	Person
Bertha_Duchess_of_Lorraine	spouse	Matthias_I_Duke_of_Lorraine
John_King_of_England	child	Joan_Lady_of_Wales
Magdalene_Sibylle_of_Prussia	type	Person
Violant_of_Bar	father	Robert_Duke_of_Bar
Philip_II_of_Spain	spouse	Maria_Manuela_Princess_of_Portugal
Adelaide_of_Aquitaine	child	Hedwig_of_France_Countess_of_Mons
John_II_of_Aragon	child	Charles_Prince_of_Viana
John_II_of_Aragon	parent	Eleanor_of_Alburquerque
Henry_VII_of_England	type	Person
Henry_II_Duke_of_Lorraine	predecessor	Charles_III_Duke_of_Lorraine
Charles_III_Duke_of_Lorraine	father	Francis_I_Duke_of_Lorraine
Robert_I_of_France	spouse	Beatrice_of_Vermandois
Ferdinand_I_Holy_Roman_Emperor	child	Ferdinand_II_Archduke_of_Austria
Rudolf_I_of_Germany	type	Person
John_Duke_of_Brunswic_L_neburg	predecessor	Otto_I_Duke_of_Brunswic_L_neburg
Estrid_of_the_Obotrites	type	Person
Louis_VI_of_France	child	Louis_VII_of_France
Francis_I_Holy_Roman_Emperor	child	Leopold_II_Holy_Roman_Emperor
Henry_II_of_France	predecessor	Francis_I_of_France
Charles_V_of_France	child	Charles_VI_of_France
John_II_of_Aragon	child	Blanche_II_of_Navarre
Louis_III_of_France	parent	Louis_the_Stammerer
William_X_Duke_of_Aquitaine	type	Person
Mary_of_Guise	spouse	James_V_of_Scotland
John_VII_Duke_of_Mecklenburg_Schwerin	parent	Anna_Sophia_of_Prussia
Gisela_of_Swabia	type	Person
John_III_Count_of_Auvergne	type	Person
Fulk_II_Count_of_Anjou	parent	Fulk_I_Count_of_Anjou
Charles_Duke_of_Vend_me	child	Charles_de_Bourbon_cardinal
Matthew_Stewart_2nd_Earl_of_Lennox	father	John_Stewart_1st_Earl_of_Lennox
Maximilian_I_Holy_Roman_Emperor	father	Frederick_III_Holy_Roman_Emperor
Henry_IV_of_France	spouse	Marie_de_Medici
Philip_V_of_France	parent	Joan_I_of_Navarre
Louis_II_of_Anjou	child	Marie_of_Anjou
Constance_of_Aragon	type	Person
Berthold_II_Count_of_Andechs	spouse	Sophia_of_Istria
Louis_I_of_Spain	predecessor	Philip_V_of_Spain
Joanna_II_of_Naples	successor	Ren__of_Anjou
Anne_Gonzaga	child	Luise_Marie_of_the_Palatinate
Fulk_King_of_Jerusalem	predecessor	Fulk_IV_Count_of_Anjou
Ladislaus_the_Posthumous	successor	Frederick_III_Holy_Roman_Emperor
Theodoric_II_Duke_of_Lorraine	father	Gerard_Duke_of_Lorraine
Hedwig_of_Formbach	type	Person
Alice_of_Namur	spouse	Baldwin_IV_Count_of_Hainaut
Robert_III_of_Scotland	parent	Elizabeth_Mure
Odo_I_Count_of_Orl_ans	type	Person
Humbert_II_Count_of_Savoy	mother	Joan_of_Geneva
Antoine_of_Navarre	spouse	Jeanne_d_Albret
Charles_Emmanuel_III_of_Sardinia	successor	Victor_Amadeus_III_of_Sardinia
Saint_Margaret_of_Scotland	parent	Agatha_wife_of_Edward_the_Exile
Frederick_Louis_Hereditary_Grand_Duke_of_Mecklenburg_Schwerin	type	Person
Jo_o_Duke_of_Viseu	type	Person
Mar_a_Isabella_of_Spain	parent	Maria_Luisa_of_Parma
Louis_Duke_of_Guyenne	type	Person
Victor_Amadeus_III_of_Sardinia	spouse	Maria_Antonia_Ferdinanda_of_Spain
Bianca_Maria_Visconti	type	Person
Maximilian_Sforza	predecessor	Louis_XII
Eleanor_of_Aquitaine	child	John_King_of_England
Henry_IV_of_France	child	Elisabeth_of_France_1602_1644
Louis_II_of_Anjou	father	Louis_I_of_Anjou
Alfonso_V_of_Aragon	successor	John_II_of_Aragon
Philippe_I_Duke_of_Orl_ans	father	Louis_XIII
Henry_IV_of_France	successor	Louis_XIII
Margaret_Countess_of_Anjou	mother	Mary_of_Hungary_Queen_of_Naples
John_II_Duke_of_Bourbon	spouse	Jeanne_de_Bourbon_Duchess_of_Bourbon
Ernest_Augustus_Elector_of_Hanover	type	Person
Marie_Th_r_se_of_France_1667_1672	type	Person
James_III_of_Scotland	spouse	Margaret_of_Denmark_Queen_of_Scotland
Louis_XII	child	Ren_e_of_France
Peter_I_Duke_of_Brittany	parent	Robert_II_Count_of_Dreux
Louis_the_Pious	child	Louis_the_German
Martim_Afonso_Chichorro	type	Person
Princess_Magdalena_Augusta_of_Anhalt_Zerbst	child	Frederick_III_Duke_of_Saxe_Gotha_Altenburg
John_II_Duke_of_Brittany	parent	Blanche_of_Navarre_Duchess_of_Brittany
Edward_King_of_Portugal	child	Afonso_V_of_Portugal
Empress_Jos_phine	spouse	Alexandre_de_Beauharnais
Elizabeth_Woodville	child	Thomas_Grey_1st_Marquess_of_Dorset
Clementia_of_Hungary	parent	Clemence_of_Austria
Philip_V_of_France	child	Isabella_of_France_Dauphine_of_Viennois
Louis_XII	predecessor	Frederick_of_Naples
Otto_II_Count_of_Habsburg	father	Werner_I_Count_of_Klettgau
Melisende_Queen_of_Jerusalem	spouse	Fulk_King_of_Jerusalem
Ferdinand_III_of_Castile	type	Person
Joanna_of_Bourbon	father	Peter_I_Duke_of_Bourbon
Afonso_V_of_Portugal	successor	John_II_of_Portugal
Landgravine_Elisabeth_Amalie_of_Hesse_Darmstadt	child	Alexander_Sigismund_von_der_Pfalz_Neuburg
Liudolf_Margrave_of_Frisia	father	Brun_I_Count_of_Brunswick
Joanna_of_Castile	parent	Isabella_I_of_Castile
Anne_Stuart_born_1637	type	Person
Eadgyth	type	Person
Rozala_of_Italy	parent	Willa_of_Tuscany
Vladimir_the_Great	parent	Malusha
Maria_Josepha_of_Saxony_Dauphine_of_France	mother	Maria_Josepha_of_Austria
Fernando_de_la_Cerda_1255_1275	type	Person
Henry_V_of_England	spouse	Catherine_of_Valois
Charles_the_Bold	father	Philip_the_Good
Gerberga_of_Saxony	mother	Matilda_of_Ringelheim
Kingdom_of_Navarre	type	Person
Victor_Amadeus_III_of_Sardinia	child	Charles_Felix_of_Sardinia
Maria_Beatrice_of_Savoy	father	Victor_Emmanuel_I_of_Sardinia
Carloman_son_of_Charles_the_Bald	type	Person
Charles_II_Duke_of_Savoy	type	Person
Antoine_Duke_of_Montpensier	child	Mercedes_of_Orl_ans
Elizabeth_of_York	child	Mary_Tudor_Queen_of_France
Mary_Queen_of_Scots	predecessor	James_V_of_Scotland
Ramon_Berenguer_I_Count_of_Barcelona	predecessor	Berenguer_Ramon_I_Count_of_Barcelona
Ludovico_Sforza	successor	Louis_XII
Charles_Emmanuel_III_of_Sardinia	child	Prince_Benedetto_Duke_of_Chablais
Frederick_III_Duke_of_Lorraine	father	Matthias_II_Duke_of_Lorraine
Piero_the_Unfortunate	parent	Lorenzo_de_Medici
Margaret_of_Brieg	type	Person
Welf_I_Duke_of_Bavaria	mother	Kunigunde_of_Altdorf
Joan_II_of_Navarre	spouse	Philip_III_of_Navarre
Robert_II_Count_of_Dreux	child	Jehan_de_Braine
Charles_III_Duke_of_Lorraine	child	Antonia_of_Lorraine
Charles_the_Simple	mother	Adelaide_of_Paris
Ermengarde_Countess_of_Maine	spouse	Fulk_King_of_Jerusalem
Edward_I_of_England	parent	Henry_III_of_England
Countess_Palatine_Caroline_of_Zweibr_cken	father	Christian_III_Count_Palatine_of_Zweibr_cken
Giovanni_il_Popolano	parent	Pierfrancesco_the_Elder
Alfonso_VII_of_Le_n_and_Castile	predecessor	Urraca_of_Le_n
Robert_II_of_Scotland	parent	Walter_Stewart_6th_High_Steward_of_Scotland
Alfonso_X_of_Castile	spouse	Violant_of_Aragon
Margaret_of_Baux	father	Francis_of_Baux
Maria_Anna_of_Savoy	type	Person
Charles_II_Duke_of_Lorraine	spouse	Margaret_of_the_Palatinate
Charles_Emmanuel_III_of_Sardinia	spouse	Polyxena_of_Hesse_Rotenburg
Eleanor_of_Aragon_Queen_of_Portugal	mother	Eleanor_of_Alburquerque
Ferdinand_Duke_of_Viseu	mother	Eleanor_of_Aragon_Queen_of_Portugal
Theobald_III_Count_of_Blois	spouse	Gersende_of_Maine
Louis_III_of_Anjou	successor	Ren__of_Anjou
Louis_Auguste_Duke_of_Maine	type	Person
Lorenzo_de_Medici	spouse	Clarice_Orsini
Charles_VI_of_France	mother	Joanna_of_Bourbon
John_of_Bohemia	type	Person
Agnes_of_Burgundy_Duchess_of_Bourbon	child	Margaret_of_Bourbon_1438_1483
Wilfred_the_Hairy	type	Person
Agnes_of_France_Duchess_of_Burgundy	type	Person
Cipriano_de_Palafox_8th_Count_of_Montijo	type	Person
Afonso_III_of_Portugal	spouse	Beatrice_of_Castile_1242_1303
Landgravine_Elisabeth_Amalie_of_Hesse_Darmstadt	child	Francis_Louis_of_Palatinate_Neuburg
Isabella_I_of_Castile	child	Maria_of_Aragon_Queen_of_Portugal
Ingegerd_Olofsdotter_of_Sweden	child	Iziaslav_I_of_Kiev
Marie_Eleonore_of_Cleves	parent	Maria_of_Austria_Duchess_of_J_lich_Cleves_Berg
Henry_I_of_Navarre	father	Theobald_I_of_Navarre
Eleanor_of_Castile	child	Edward_II_of_England
Gerberga_of_Saxony	father	Henry_the_Fowler
Clementia_of_Hungary	parent	Charles_Martel_of_Anjou
Constance_of_Arles	mother	Adelaide_Blanche_of_Anjou
Otto_I_Count_of_Scheyern	spouse	Haziga_of_Diessen
Princess_Augusta_of_Saxe_Gotha	father	Frederick_II_Duke_of_Saxe_Gotha_Altenburg
Charles_the_Bald	child	Louis_the_Stammerer
Margaret_of_Denmark_Queen_of_Scotland	spouse	James_III_of_Scotland
Philip_the_Good	predecessor	John_the_Fearless
Elisabeth_of_Austria_Queen_of_France	father	Maximilian_II_Holy_Roman_Emperor
Fulk_IV_Count_of_Anjou	child	Ermengarde_of_Anjou_d._1146
Adam_Gordon_of_Auchindoun	type	Person
Charles_the_Bold	child	Mary_of_Burgundy
Charlotte_of_Mecklenburg_Strelitz	child	Princess_Augusta_Sophia_of_the_United_Kingdom
Henry_II_of_Castile	father	Alfonso_XI_of_Castile
Anna_Porphyrogenita	type	Person
Philip_the_Bold	successor	John_the_Fearless
Louis_VII_of_France	child	Marie_of_France_Countess_of_Champagne
Louis_X_of_France	parent	Joan_I_of_Navarre
Theobald_I_Count_of_Blois	type	Person
Charles_V_Duke_of_Lorraine	parent	Nicholas_Francis_Duke_of_Lorraine
Francis_I_Holy_Roman_Emperor	predecessor	Charles_VII_Holy_Roman_Emperor
Maria_Antonia_Ferdinanda_of_Spain	child	Maria_Theresa_of_Savoy
Catherine_of_Foix_Countess_of_Candale	parent	Eleanor_of_Navarre
Clemence_of_Austria	mother	Gertrude_of_Hohenberg
Charlotte_Agla__d_Orl_ans	child	Princess_Maria_Fortunata_d_Este
Maria_Antonia_Ferdinanda_of_Spain	father	Philip_V_of_Spain
Claude_of_France	child	Charles_II_de_Valois_Duke_of_Orl_ans
Robert_II_of_France	child	Robert_I_Duke_of_Burgundy
Maredudd_ap_Tudur	type	Person
Philippe_II_Duke_of_Orl_ans	predecessor	Philippe_I_Duke_of_Orl_ans
Henry_III_of_England	predecessor	Louis_VIII_of_France
Adelaide_of_Auxerre_born_c._870	father	Conrad_II_Duke_of_Transjurane_Burgundy
Anne_of_Brittany	child	Claude_of_France
Richeza_of_Poland_Queen_of_Sweden	spouse	Sverker_I_of_Sweden
Ermengarde_of_Anjou_Duchess_of_Burgundy	spouse	Robert_I_Duke_of_Burgundy
Theobald_I_of_Navarre	spouse	Margaret_of_Bourbon_Queen_of_Navarre
Joan_I_Countess_of_Auvergne	child	Philip_I_Duke_of_Burgundy
successor	type	http://www.w3.org/1999/02/22_rdf_syntax_ns#Property
Fulk_King_of_Jerusalem	child	Sibylla_of_Anjou
Marie_of_Brabant_Queen_of_France	spouse	Philip_III_of_France
Maria_Carolina_of_Austria	father	Francis_I_Holy_Roman_Emperor
Emma_of_Paris_Duchess_of_Normandy	type	Person
Anne_Christine_of_Sulzbach_Princess_of_Piedmont	spouse	Charles_Emmanuel_III_of_Sardinia
Peter_II_Count_of_Savoy	successor	John_I_Duke_of_Brittany
Charlemagne	type	Person
Alfonso_VIII_of_Castile	parent	Blanca_of_Navarre_Queen_of_Castile
William_Duke_of_J_lich_Cleves_Berg	type	Person
Berenguer_Ramon_I_Count_of_Barcelona	mother	Ermesinde_of_Carcassonne
Henry_I_Duke_of_Burgundy	type	Person
Charles_Duke_of_Vend_me	parent	Francis_Count_of_Vend_me
Louis_VIII_of_France	spouse	Blanche_of_Castile
Philip_I_Duke_of_Burgundy	predecessor	Joan_III_Countess_of_Burgundy
Charles_Ferdinand_Duke_of_Berry	child	Princess_Louise_d_Artois
Louis_of_Anjou_Marquis_of_Pont___Mousson	type	Person
Bartholomew_de_L_Isle_Bouchard	type	Person
Louis_VI_of_France	spouse	Adelaide_of_Maurienne
Maria_Antonia_Ferdinanda_of_Spain	child	Maria_Elisabetta_Carlotta_of_Savoy
Maria_Theresa	mother	Elisabeth_Christine_of_Brunswic_Wolfenb_ttel
George_Gordon_4th_Earl_of_Huntly	child	George_Gordon_5th_Earl_of_Huntly
Alfonso_IX_of_Le_n	father	Ferdinand_II_of_Le_n
Charlotte_of_Bourbon_Queen_of_Cyprus	parent	Catherine_of_Vend_me
Hugh_V_Duke_of_Burgundy	predecessor	Robert_II_Duke_of_Burgundy
Charlotte_of_Savoy	child	Anne_of_France
Charles_VII_of_France	successor	Louis_XI
Robert_II_of_France	predecessor	Hugh_Capet
William_IV_Duke_of_Aquitaine	parent	William_III_Duke_of_Aquitaine
Anna_Maria_of_Ostfriesland	spouse	Adolphus_Frederick_I_Duke_of_Mecklenburg_Schwerin
Maria_Theresa_of_Austria_Este_Queen_of_Sardinia	child	Maria_Teresa_of_Savoy_1803_1879
Henry_IV_of_England	mother	Blanche_of_Lancaster
Henry_Count_of_Portugal	predecessor	Raymond_of_Burgundy
Charles_III_Duke_of_Lorraine	child	Christina_of_Lorraine
Maria_Antonia_Ferdinanda_of_Spain	spouse	Victor_Amadeus_III_of_Sardinia
Willa_of_Tuscany	parent	Willa_of_Burgundy
Blanche_of_Navarre_Duchess_of_Brittany	spouse	John_I_Duke_of_Brittany
Marie_of_Brittany_Countess_of_Saint_Pol	father	John_II_Duke_of_Brittany
Cecily_of_York	type	Person
Anabella_Drummond	type	Person
Maria_Carolina_of_Austria	child	Carlo_Duke_of_Calabria
Elisabeth_of_Meissen	father	Frederick_II_Margrave_of_Meissen
Henry_III_Duke_of_Brabant	parent	Maria_of_Swabia
Maria_Theresa_of_Spain	parent	Philip_IV_of_Spain
Henrietta_of_England	mother	Henrietta_Maria
Jeanne_de_Bourbon_Duchess_of_Bourbon	spouse	John_III_Count_of_Auvergne
Louis_Dauphin_of_France_son_of_Louis_XIV	spouse	Marie__milie_de_Joly_de_Choin
type	type	http://www.w3.org/1999/02/22_rdf_syntax_ns#Property
Louis_III_of_France	mother	Ansgarde_of_Burgundy
Eckhard_I_Count_of_Scheyern	parent	Otto_I_Count_of_Scheyern
Ferdinand_II_of_Aragon	spouse	Isabella_I_of_Castile
Baldwin_III_Count_of_Flanders	parent	Adele_of_Vermandois
William_of_Winchester_Lord_of_Lunenburg	spouse	Helena_of_Denmark
Catherine_of_France_Countess_of_Charolais	type	Person
Henry_II_Duke_of_Austria	type	Person
Antoinette_of_Bourbon	child	Louis_I_Cardinal_of_Guise
Conrad_I_of_Burgundy	spouse	Matilda_of_France
Albert_Azzo_II_Margrave_of_Milan	father	Albert_Azzo_I_Margrave_of_Milan
Louis_II_of_Anjou	predecessor	Ladislaus_of_Naples
Maria_Theresa_of_Savoy	parent	Maria_Antonia_Ferdinanda_of_Spain
Philippe_II_Duke_of_Orl_ans	child	Louise__lisabeth_Duchess_of_Berry
Louise_Marie_d_Orl_ans	type	Person
Afonso_I_of_Portugal	type	Person
Bernard_of_Gothia	type	Person
Robert_III_of_Scotland	father	Robert_II_of_Scotland
Princess_Amelia_of_Great_Britain	type	Person
Mary_Tudor_Queen_of_France	child	Henry_Brandon_1st_Earl_of_Lincoln
Blanche_of_Navarre_Duchess_of_Brittany	type	Person
John_I_of_Portugal	child	Edward_King_of_Portugal
Martin_of_Aragon	type	Person
Eleanor_of_Portugal_Holy_Roman_Empress	parent	Edward_King_of_Portugal
Charlotte_of_Mecklenburg_Strelitz	child	Prince_Augustus_Frederick_Duke_of_Sussex
Eleanor_of_England_Queen_of_Castile	child	Berengaria_of_Castile
Louis_Philippe_II_Duke_of_Orl_ans	successor	Louis_Philippe_I
Hugh_the_Great	spouse	Eadhild
Louis_Philippe_I	parent	Louis_Philippe_II_Duke_of_Orl_ans
Louis_Dauphin_of_France_son_of_Louis_XV	child	Charles_X
Yolanda_Latin_Empress	child	Baldwin_II_Latin_Emperor
Ren__of_Anjou	successor	Alfonso_V_of_Aragon
Adelaide_of_Holland	spouse	John_I_Count_of_Hainaut
Charles_Emmanuel_III_of_Sardinia	spouse	Elisabeth_Therese_of_Lorraine
Princess_Maria_Felicita_of_Savoy	type	Person
Henry_the_Lion	mother	Gertrude_of_S_pplingenburg
Ernest_of_Bavaria	type	Person
Edward_the_Elder	predecessor	Alfred_the_Great
Jeanne_de_Bourbon_Duchess_of_Bourbon	type	Person
Henry_son_of_Robert_I_of_Burgundy	father	Robert_I_Duke_of_Burgundy
Theresa_Countess_of_Portugal	type	Person
Catherine_of_Valois	spouse	Henry_V_of_England
Rudolph_I_of_Burgundy	child	Rudolph_II_of_Burgundy
Louis_VI_of_France	successor	Louis_VII_of_France
Louis_Duke_of_Savoy	child	Jacques_of_Savoy_Count_of_Romont
Louis_V_of_France	type	Person
Charles_Duke_of_Orl_ans	predecessor	Louis_I_Duke_of_Orl_ans
Charlemagne	child	Pepin_the_Hunchback
Charles_IV_of_France	successor	Philip_III_of_Navarre
Agnes_of_Merania	child	Philip_I_Count_of_Boulogne
Fulk_IV_Count_of_Anjou	type	Person
Edward_IV_of_England	successor	Henry_VI_of_England
John_I_Duke_of_Brittany	spouse	Blanche_of_Navarre_Duchess_of_Brittany
Francis_II_Holy_Roman_Emperor	mother	Maria_Luisa_of_Spain
Theudoald	predecessor	Pepin_of_Herstal
Beatrice_of_England	spouse	John_II_Duke_of_Brittany
George_II_of_Great_Britain	parent	Sophia_Dorothea_of_Celle
Louis_Count_of__vreux	parent	Philip_III_of_France
Isabella_de_Medici	type	Person
Philip_VI_of_France	spouse	Blanche_of_Navarre_Queen_of_France
Margaret_III_Countess_of_Flanders	spouse	Philip_the_Bold
Henry_II_of_England	predecessor	Stephen_King_of_England
Archduchess_Barbara_of_Austria	type	Person
Antoinette_of_Bourbon	type	Person
Marie_of_France_Duchess_of_Bar	type	Person
Wenceslaus_II_of_Bohemia	spouse	Judith_of_Habsburg
Alix_Duchess_of_Brittany	successor	John_I_Duke_of_Brittany
Geoffrey_III_Count_of_Anjou	successor	Fulk_IV_Count_of_Anjou
Charles_VI_Holy_Roman_Emperor	predecessor	Charles_III_of_Spain
Louis_Duke_of_Orl_ans_1703_1752	parent	Philippe_II_Duke_of_Orl_ans
Afonso_III_of_Portugal	child	Sancha_of_Portugal_born_1264
Albert_I_Duke_of_Brunswic_L_neburg	parent	Otto_I_Duke_of_Brunswic_L_neburg
Frederick_IV_Duke_of_Lorraine	spouse	Elisabeth_of_Austria_Duchess_of_Lorraine
Elizabeth_Woodville	parent	Richard_Woodville_1st_Earl_Rivers
Charles_Ferdinand_Duke_of_Berry	child	Henri_Count_of_Chambord
Philip_I_of_Castile	parent	Mary_of_Burgundy
Isabella_of_Hainault	spouse	Philip_II_of_France
Conrad_I_of_Burgundy	parent	Bertha_of_Swabia
Adelaide_of_Maurienne	child	Constance_of_France_Countess_of_Toulouse
James_V_of_Scotland	child	James_Stewart_1st_Earl_of_Moray
Empress_Matilda	child	Geoffrey_Count_of_Nantes
Gerard_Duke_of_Lorraine	predecessor	Adalbert_Duke_of_Lorraine
Louis_of_France_1264_1276	type	Person
Fulk_King_of_Jerusalem	predecessor	Baldwin_II_of_Jerusalem
Maria_of_Austria_Holy_Roman_Empress	spouse	Maximilian_II_Holy_Roman_Emperor
Edward_King_of_Portugal	successor	Afonso_V_of_Portugal
Margaret_of_the_Palatinate	parent	Rupert_King_of_the_Romans
Oberto_II_Margrave_of_Milan	father	Oberto_I
Ferdinand_II_of_Le_n	parent	Alfonso_VII_of_Le_n_and_Castile
Louis_the_German	predecessor	Louis_the_Pious
Ingeborg_of_Denmark_Queen_of_France	type	Person
Henrietta_Maria	parent	Henry_IV_of_France
Berengar_II_of_Italy	child	Conrad_of_Ivrea
Princess_Caroline_of_Hesse_Darmstadt	type	Person
Ingegerd_Olofsdotter_of_Sweden	father	Olof_Sk_tkonung
Christine_of_Hesse	parent	Philip_I_Landgrave_of_Hesse
Charlemagne	father	Pepin_the_Short
Rudolf_I_of_Germany	child	Hedwig_of_Habsburg
Prince_Philippe_Count_of_Paris	parent	Duchess_Helene_of_Mecklenburg_Schwerin
Clementia_of_Hungary	father	Charles_Martel_of_Anjou
Leopold_Duke_of_Lorraine	father	Charles_V_Duke_of_Lorraine
Eleanor_of_Castile	parent	Ferdinand_III_of_Castile
Louis_I_Duke_of_Bourbon	child	Beatrice_of_Bourbon_Queen_of_Bohemia
Charlotte_of_Mecklenburg_Strelitz	child	Princess_Mary_Duchess_of_Gloucester_and_Edinburgh
Teresa_Gil_de_Vidaure	spouse	James_I_of_Aragon
William_Duke_of_Austria	predecessor	Leopold_III_Duke_of_Austria
Isabella_of_Portugal_Queen_of_Castile	mother	Isabel_of_Barcelos
Eleanor_of_Alburquerque	parent	Sancho_Alfonso
Elisabeth_Farnese	mother	Countess_Palatine_Dorothea_Sophie_of_Neuburg
Maria_Anna_of_Bavaria_born_1551	child	Maria_Christina_Princess_of_Transylvania
Charles_V_Holy_Roman_Emperor	predecessor	Philip_I_of_Castile
Ernest_Frederick_I_Duke_of_Saxe_Hildburghausen	type	Person
Blanche_of_Artois	spouse	Edmund_Crouchback
Henrietta_Maria	child	Anne_Stuart_born_1637
Giovanni_delle_Bande_Nere	parent	Caterina_Sforza
Francis_I_Duke_of_Lorraine	father	Antoine_Duke_of_Lorraine
William_X_Duke_of_Aquitaine	parent	William_IX_Duke_of_Aquitaine
Albert_Azzo_I_Margrave_of_Milan	type	Person
Letizia_Bonaparte	child	Lucien_Bonaparte
Marie_Antoinette	child	Sophie_of_France_1786_1787
Beatrice_of_Navarre_Duchess_of_Burgundy	spouse	Hugh_IV_Duke_of_Burgundy
Isabella_Duchess_of_Lorraine	mother	Margaret_of_the_Palatinate
John_I_of_Castile	predecessor	Henry_II_of_Castile
Louis_XIV	child	Louis_Alexandre_Count_of_Toulouse
Maximilian_II_Holy_Roman_Emperor	child	Matthias_Holy_Roman_Emperor
Beatrice_of_Avesnes	type	Person
Richeza_of_Poland_Queen_of_Sweden	spouse	Volodar_Glebovich_Prince_of_Minsk
Peter_of_Castile_Lord_of_Ledesma	type	Person
Ingeborg_of_Denmark_Queen_of_France	spouse	Philip_II_of_France
Frederick_II_Duke_of_Lorraine	parent	Frederick_I_Duke_of_Lorraine
Francis_I_Holy_Roman_Emperor	child	Archduchess_Maria_Anna_of_Austria_born_1738
Fran_oise_Ath_na_s_de_Rochechouart_Marquise_de_Montespan	spouse	Louis_XIV
Beatrice_of_England	child	John_of_Brittany_Earl_of_Richmond
Hugh_IV_Duke_of_Burgundy	type	Person
Victor_Emmanuel_I_of_Sardinia	spouse	Maria_Theresa_of_Austria_Este_Queen_of_Sardinia
Henry_the_Middle_Duke_of_Brunswic_L_neburg	mother	Anna_of_Nassau_Dillenburg
Yaropolk_I_of_Kiev	successor	Vladimir_the_Great
Philip_VI_of_France	father	Charles_Count_of_Valois
Rudolf_I_of_Germany	child	Otto_III_Duke_of_Bavaria
Stephen_III_Duke_of_Bavaria	spouse	Taddea_Visconti
Leopold_Duke_of_Lorraine	child	L_opold_Cl_ment_Hereditary_Prince_of_Lorraine
Madeleine_de_La_Tour_d_Auvergne	father	John_III_Count_of_Auvergne
Eleanor_of_Lancaster	mother	Maud_Chaworth
Eadgifu_of_Wessex	child	Louis_IV_of_France
Charlotte_of_Mecklenburg_Strelitz	child	William_IV
Arnulf_Count_of_Holland	predecessor	Dirk_II_Count_of_Holland
Philip_III_of_France	type	Person
Dangereuse_de_l_Isle_Bouchard	type	Person
Maria_Antonia_Ferdinanda_of_Spain	child	Prince_Giuseppe_Count_of_Asti
Louis_XIV	type	Person
Philippa_of_Lancaster	spouse	John_I_of_Portugal
Ernest_Duke_of_Austria	parent	Leopold_III_Duke_of_Austria
Henry_VII_of_England	child	Henry_VIII
James_I_of_Aragon	successor	Peter_III_of_Aragon
Sancho_I_of_Portugal	child	Theresa_of_Portugal_Queen_of_Le_n
Afonso_V_of_Portugal	mother	Eleanor_of_Aragon_Queen_of_Portugal
Maria_Theresa	successor	Francis_I_Holy_Roman_Emperor
Charles_VI_Holy_Roman_Emperor	successor	Maria_Theresa
Ferdinand_I_of_the_Two_Sicilies	type	Person
Henry_IV_of_France	mother	Jeanne_d_Albret
Stephen_III_Duke_of_Bavaria	parent	Elisabeth_of_Sicily_Duchess_of_Bavaria
John_I_of_France	parent	Clementia_of_Hungary
Valentina_Visconti_Duchess_of_Orl_ans	type	Person
Yolande_of_Dreux_Queen_of_Scotland	spouse	Arthur_II_Duke_of_Brittany
Charles_Ferdinand_Duke_of_Berry	parent	Maria_Theresa_of_Savoy
Ferdinand_I_of_Aragon	parent	Eleanor_of_Aragon_Queen_of_Castile
Arnulf_of_Carinthia	type	Person
Louis_Philippe_I	mother	Louise_Marie_Ad_la_de_de_Bourbon_Duchess_of_Orl_ans
Robert_VII_Lord_of_B_thune	type	Person
Eleanor_of_England_Queen_of_Castile	child	Blanche_of_Castile
Francis_II_Duke_of_Lorraine	mother	Claude_of_France_1547_1575
Dulce_of_Aragon	spouse	Sancho_I_of_Portugal
John_IV_Duke_of_Brittany	mother	Joanna_of_Flanders
Joanna_of_Flanders	type	Person
Mary_of_Burgundy	type	Person
Alice_Holland_Countess_of_Kent	parent	Richard_Fitzalan_3rd_Earl_of_Arundel
Yolanda_Latin_Empress	father	Baldwin_V_Count_of_Hainaut
Berchar	successor	Pepin_of_Herstal
Adelaide_of_Burgundy_Duchess_of_Brabant	mother	Yolande_of_Dreux_Duchess_of_Burgundy
Henry_III_of_England	parent	Isabella_of_Angoul_me
Humbert_II_Count_of_Savoy	spouse	Gisela_of_Burgundy_Marchioness_of_Montferrat
Charles_II_of_Navarre	predecessor	Joan_II_of_Navarre
Denis_of_Portugal	type	Person
Francis_I_Holy_Roman_Emperor	child	Marie_Antoinette
Violant_of_Castile	type	Person
Francis_I_Duke_of_Lorraine	child	Charles_III_Duke_of_Lorraine
Ferdinand_II_of_Aragon	predecessor	Louis_XII
Philip_I_of_Castile	parent	Maximilian_I_Holy_Roman_Emperor
Margaret_of_France_Queen_of_England	spouse	Edward_I_of_England
Ferdinand_III_of_Castile	parent	Alfonso_IX_of_Le_n
Henry_the_Lion	father	Henry_X_Duke_of_Bavaria
Wierzchoslawa_Ludmilla_of_Greater_Poland	spouse	Frederick_I_Duke_of_Lorraine
Hedwig_of_Bavaria	father	Isambart
Maria_Anna_of_Bavaria_born_1551	child	Archduchess_Gregoria_Maximiliana_of_Austria
Raymond_of_Burgundy	child	Alfonso_VII_of_Le_n_and_Castile
Charles_the_Fat	type	Person
Henrietta_of_England	type	Person
Robert_Count_of_Clermont	child	Count_of_Boulogne
Maximilian_II_Holy_Roman_Emperor	type	Person
Fulk_King_of_Jerusalem	mother	Bertrade_of_Montfort
Barbara_of_Cilli	child	Elizabeth_of_Luxembourg
Alfonso_VIII_of_Castile	child	Eleanor_of_Castile_died_1244
Eleanor_of_Castile	child	Joan_of_Acre
Maria_Amalia_of_Naples_and_Sicily	child	Henri_d_Orl_ans_Duke_of_Aumale
Louis_XIV	parent	Anne_of_Austria
William_of_Winchester_Lord_of_Lunenburg	mother	Matilda_of_England_Duchess_of_Saxony
Amadeus_VIII_Duke_of_Savoy	type	Person
Ernest_Duke_of_Austria	spouse	Cymburgis_of_Masovia
Charlemagne	child	Charles_the_Younger
Louise_Fran_oise_de_Bourbon_Duchess_of_Bourbon	type	Person
Louis_XII	successor	Ferdinand_II_of_Aragon
Philip_II_of_Spain	spouse	Anna_of_Austria_Queen_of_Spain
Margaret_of_Valois	father	Henry_II_of_France
Victor_Amadeus_II_of_Sardinia	mother	Marie_Jeanne_Baptiste_of_Savoy_Nemours
Frederick_Prince_of_Wales	child	Princess_Louisa_of_Great_Britain
Fulk_King_of_Jerusalem	spouse	Ermengarde_Countess_of_Maine
Maximilian_II_Holy_Roman_Emperor	successor	Rudolf_II_Holy_Roman_Emperor
Rozala_of_Italy	parent	Berengar_II_of_Italy
Philip_the_Good	spouse	Bonne_of_Artois
Louis_I_of_Anjou	mother	Bonne_of_Luxembourg
Margaret_of_Austria_Duchess_of_Savoy	type	Person
Charles_VII_of_France	parent	Isabeau_of_Bavaria
Philip_II_Duke_of_Savoy	child	Charles_III_Duke_of_Savoy
Anna_of_Nassau_Dillenburg	type	Person
Lothair_of_France	spouse	Emma_of_Italy
Princess_Marie_Isabelle_of_Orl_ans	child	Prince_Philippe_Duke_of_Orl_ans_1869_1926
Vittorio_Francesco_Marquis_of_Susa	type	Person
Berengar_II_of_Italy	child	Adalbert_of_Italy
William_the_Younger_Duke_of_Brunswic_L_neburg	child	Frederick_IV_Duke_of_Brunswic_L_neburg
Guisla_de_Llu__	spouse	Berenguer_Ramon_I_Count_of_Barcelona
Beatriz_Pereira_de_Alvim	mother	Leonor_de_Alvim
Maria_Clotilde_of_Naples_and_Sicily	type	Person
Robert_the_Strong	spouse	Adelaide_of_Tours
Ren__II_Duke_of_Lorraine	child	Antoine_Duke_of_Lorraine
Matilda_of_France	spouse	Conrad_I_of_Burgundy
Adelaide_of_Tours	child	Conrad_II_Duke_of_Transjurane_Burgundy
James_III_of_Scotland	child	James_Stewart_Duke_of_Ross
Alys_of_France_Countess_of_Vexin	parent	Constance_of_Castile
William_I_Count_of_Hainaut	mother	Philippa_of_Luxembourg
Francis_II_Duke_of_Brittany	predecessor	Arthur_III_Duke_of_Brittany
Edward_II_of_England	parent	Edward_I_of_England
Louis_II_of_Anjou	spouse	Violant_of_Bar
Joan_III_Countess_of_Burgundy	mother	Joan_II_Countess_of_Burgundy
Charles_the_Simple	father	Louis_the_Stammerer
Agnes_of_Merania	spouse	Philip_II_of_France
Hemma	child	Irmgard_of_Chiemsee
Leopold_II_Holy_Roman_Emperor	mother	Maria_Theresa
Henri_Count_of_Chambord	successor	Louis_Philippe_I
Reginar_II_Count_of_Hainaut	father	Reginar_Longneck
Henry_II_Duke_of_Brabant	mother	Matilda_of_Boulogne_Duchess_of_Brabant
Francis_I_Duke_of_Lorraine	child	Dorothea_of_Lorraine
Mary_of_Guise	child	Mary_Queen_of_Scots
Isabella_of_Valois_Duchess_of_Bourbon	spouse	Peter_I_Duke_of_Bourbon
Francis_II_of_France	successor	Charles_IX_of_France
Hugh_III_Duke_of_Burgundy	predecessor	Odo_II_Duke_of_Burgundy
Joan_Countess_of_Ponthieu	father	Simon_Count_of_Ponthieu
Vyacheslav_Yaroslavich	type	Person
Catherine_de_Medici	child	Francis_Duke_of_Anjou
Archduchess_Maria_Theresa_of_Austria_Este_1817_1886	father	Francis_IV_Duke_of_Modena
Maria_of_Aragon_Queen_of_Portugal	child	Beatrice_of_Portugal_Duchess_of_Savoy
Joan_of_France_Duchess_of_Berry	spouse	Louis_XII
John_Stewart_of_Darnley	successor	John_Stewart_3rd_Lord_of_Aubigny
Edward_King_of_Portugal	parent	John_I_of_Portugal
Margaret_of_Brabant	child	Marie_of_Luxembourg_Queen_of_France
Vladimir_the_Great	successor	Sviatopolk_I_of_Kiev
Eleanor_of_Alburquerque	child	Peter_of_Aragon_Count_of_Alburquerque
Yaropolk_I_of_Kiev	predecessor	Vladimir_the_Great
Anne_of_Kiev	spouse	Ralph_IV_of_Valois
Louis_I_Duke_of_Bavaria	parent	Otto_I_Duke_of_Bavaria
Mary_I_of_England	type	Person
Henry_II_of_England	father	Geoffrey_Plantagenet_Count_of_Anjou
Eberhard_II_Count_of_W_rttemberg	type	Person
Agnes_of_Burgundy_Duchess_of_Bourbon	successor	Joan_of_France_Duchess_of_Bourbon
John_of_Gaunt	child	Thomas_Beaufort_Duke_of_Exeter
Baldwin_V_Count_of_Hainaut	mother	Alice_of_Namur
Archduchess_Maria_Clementina_of_Austria	mother	Maria_Luisa_of_Spain
Maria_of_Austria_Duchess_of_J_lich_Cleves_Berg	parent	Anne_of_Bohemia_and_Hungary
Henry_II_Count_of_Louvain	father	Lambert_II_Count_of_Louvain
Isabel_of_Barcelos	spouse	John_Constable_of_Portugal
Charles_Emmanuel_II_Duke_of_Savoy	parent	Victor_Amadeus_I_Duke_of_Savoy
Pierre_de_Foix_le_jeune	type	Person
Francesco_I_de_Medici_Grand_Duke_of_Tuscany	spouse	Joanna_of_Austria_Grand_Duchess_of_Tuscany
Edmund_Tudor_1st_Earl_of_Richmond	spouse	Lady_Margaret_Beaufort
Louis_XV	child	Henriette_of_France_1727_1752
Prince_Giuseppe_of_Naples_and_Sicily	type	Person
Christine_of_Saxony	child	Christine_of_Hesse
Humbert_II_Count_of_Savoy	father	Amadeus_II_Count_of_Savoy
Charles_VIII_of_France	spouse	Anne_of_Brittany
Eleanor_of_Alburquerque	father	Sancho_Alfonso
Henry_VII_of_England	mother	Lady_Margaret_Beaufort
Marie_Countess_of_Ponthieu	successor	Joan_Countess_of_Ponthieu
Charles_Martel	predecessor	Ragenfrid
Sancho_III_of_Castile	spouse	Blanca_of_Navarre_Queen_of_Castile
Margaret_of_Burgundy_Countess_of_Savoy	type	Person
Garsenda_Countess_of_Forcalquier	successor	Ramon_Berenguer_IV_Count_of_Provence
Archduchess_Maria_Theresa_of_Austria_Este_1817_1886	type	Person
Eadred	type	Person
Maria_Luisa_of_Spain	child	Archduke_Rudolf_of_Austria
Louis_the_Pious	type	Person
Albert_Azzo_II_Margrave_of_Milan	parent	Adela_of_Milan
Constance_of_Aragon_Lady_of_Villena	type	Person
Landgravine_Elisabeth_Amalie_of_Hesse_Darmstadt	child	Philip_William_August_Count_Palatine_of_Neuburg
Carloman_II	type	Person
Marie_Louise_Duchess_of_Parma	parent	Maria_Theresa_of_Naples_and_Sicily
Frederick_III_Holy_Roman_Emperor	successor	Maximilian_I_Holy_Roman_Emperor
Charlotte_Agla__d_Orl_ans	type	Person
Denis_of_Portugal	parent	Beatrice_of_Castile_1242_1303
Emma_of_Italy	spouse	Lothair_of_France
Berthold_II_Count_of_Andechs	parent	Schweinfurt
Louis_IV_Holy_Roman_Emperor	father	Louis_II_Duke_of_Bavaria
Elizabeth_of_Austria_1436_1505	child	Sophia_Jagiellon_Margravine_of_Brandenburg_Ansbach
James_I_of_Aragon	parent	Maria_of_Montpellier
Lucia_Migliaccio	type	Person
Louis_I_of_Anjou	spouse	Marie_of_Blois_Duchess_of_Anjou
Eleanor_of_Austria	parent	Joanna_of_Castile
Robert_II_of_France	mother	Adelaide_of_Aquitaine
Ferdinand_I_Holy_Roman_Emperor	child	Archduchess_Helena_of_Austria_1543_1574
Letizia_Bonaparte	child	Napoleon
Louis_XII	successor	Francis_I_of_France
Princess_Maria_Christina_of_Saxony_1735_1782	type	Person
Beatrice_of_Portugal_died_1381	parent	In_s_de_Castro
Empress_Jos_phine	child	Hortense_de_Beauharnais
Ferdinand_I_Holy_Roman_Emperor	child	Archduchess_Magdalena_of_Austria
Louis_I_Duke_of_Bourbon	child	James_I_Count_of_La_Marche
Philip_II_Duke_of_Savoy	spouse	Margaret_of_Bourbon_1438_1483
Alfonso_IX_of_Le_n	child	Ferdinand_of_Le_n_died_1214
Napoleon_II	parent	Marie_Louise_Duchess_of_Parma
James_I_Count_of_La_Marche	child	Peter_II_Count_of_La_Marche
Margaret_of_Artois	mother	Blanche_of_Brittany
Margaret_of_Foix	spouse	Francis_II_Duke_of_Brittany
Agatha_wife_of_Edward_the_Exile	child	Edgar__theling
Charles_Count_of_Valois	spouse	Margaret_Countess_of_Anjou
James_V_of_Scotland	type	Person
Volodar_Glebovich_Prince_of_Minsk	spouse	Richeza_of_Poland_Queen_of_Sweden
Maximilian_II_Holy_Roman_Emperor	predecessor	Ferdinand_I_Holy_Roman_Emperor
Blanche_of_Castile	child	Louis_IX_of_France
Elisabeth_of_Austria_Queen_of_France	mother	Maria_of_Austria_Holy_Roman_Empress
Denis_of_Portugal	child	Constance_of_Portugal
Gerolf_of_Holland	successor	Dirk_I_Count_of_Holland
Ernest_Frederick_I_Duke_of_Saxe_Hildburghausen	spouse	Countess_Sophia_Albertine_of_Erbach_Erbach
John_of_Montfort	spouse	Joanna_of_Flanders
Amicie_de_Courtenay	parent	Peter_of_Courtenay_Lord_of_Conches
Hortense_de_Beauharnais	child	Charles_de_Morny_Duke_of_Morny
Marie_of__vreux	type	Person
Louis_III_of_France	father	Louis_the_Stammerer
Igor_of_Kiev	child	Sviatoslav_I
Bertrada_of_Laon	parent	Charibert_of_Laon
Fulk_II_Count_of_Anjou	father	Fulk_I_Count_of_Anjou
Charles_II_of_England	type	Person
Maria_Salviati	spouse	Giovanni_delle_Bande_Nere
John_I_Duke_of_Brabant	spouse	Margaret_of_Flanders_Duchess_of_Brabant
Emma_of_France	spouse	Rudolph_of_France
Charles_II_of_Naples	spouse	Mary_of_Hungary_Queen_of_Naples
Jeanne_d_Albret	parent	Henry_II_of_Navarre
Marie_Caroline_of_Bourbo_Two_Sicilies_Duchess_of_Berry	parent	Francis_I_of_the_Two_Sicilies
Margaret_of_Provence	parent	Ramon_Berenguer_IV_Count_of_Provence
Ferdinand_Karl_Archduke_of_Austria_Este	child	Archduke_Maximilian_of_Austria_Este
Charles_VI_Holy_Roman_Emperor	successor	Victor_Amadeus_II_of_Sardinia
Louis_the_Stammerer	child	Ermentrude_daughter_of_Louis_the_Stammerer
Joanna_of_Austria_Grand_Duchess_of_Tuscany	child	Marie_de_Medici
Philip_I_of_Castile	child	Ferdinand_I_Holy_Roman_Emperor
Afonso_III_of_Portugal	child	Martim_Afonso_Chichorro
Francis_II_of_France	parent	Henry_II_of_France
Isabella_of_Aragon_Queen_of_France	spouse	Philip_III_of_France
name	type	http://www.w3.org/1999/02/22_rdf_syntax_ns#Property
Maximilian_II_Holy_Roman_Emperor	spouse	Maria_of_Austria_Holy_Roman_Empress
Marie__milie_de_Joly_de_Choin	spouse	Louis_Dauphin_of_France_son_of_Louis_XIV
Alfred_the_Great	spouse	Ealhswith
Marie_Louise_Duchess_of_Parma	spouse	Charles_Ren__de_Bombelles
Edward_I_of_England	child	Henry_son_of_Edward_I
Adelaide_of_Burgundy_Duchess_of_Brabant	spouse	Henry_III_Duke_of_Brabant
Thierry_Count_of_Flanders	spouse	Sibylla_of_Anjou
Adolf_King_of_the_Romans	successor	Albert_I_of_Germany
Eleanor_of_Aragon_Queen_of_Portugal	child	Eleanor_of_Portugal_Holy_Roman_Empress
Maria_Luisa_of_Parma	parent	Louise__lisabeth_of_France
Joanna_of_Castile	parent	Ferdinand_II_of_Aragon
Rozala_of_Italy	father	Berengar_II_of_Italy
Charles_the_Bald	predecessor	Louis_II_of_Italy
Richard_I_of_England	successor	John_King_of_England
Peter_I_Duke_of_Brittany	father	Robert_II_Count_of_Dreux
Mary_of_Burgundy_Duchess_of_Cleves	child	John_I_Duke_of_Cleves
John_King_of_England	child	Richard_of_Cornwall
Nicolas_Duke_of_Merc_ur	child	Louise_of_Lorraine
Robert_II_of_Scotland	successor	Robert_III_of_Scotland
Archduke_John_of_Austria	type	Person
Frederick_II_Count_of_Vaud_mont	spouse	Yolande_Duchess_of_Lorraine
Gertrude_of_Hohenberg	mother	Matilda_of_T_bingen
Charles_III_Duke_of_Lorraine	child	Charles_of_Lorraine_bishop_of_Metz_and_Strasbourg
Maria_Theresa_of_Austria_1767_1827	type	Person
Afonso_V_of_Portugal	father	Edward_King_of_Portugal
Ecgberht_King_of_Wessex	father	Ealhmund_of_Kent
John_I_of_Portugal	child	Isabella_of_Portugal_Duchess_of_Burgundy
Louis_VIII_of_France	child	Robert_I_Count_of_Artois
Louis_V_of_France	mother	Emma_of_Italy
Sancho_IV_of_Castile	child	Peter_of_Castile_Lord_of_Cameros
Rudolph_of_France	father	Richard_Duke_of_Burgundy
Benedicta_Henrietta_of_the_Palatinate	father	Edward_Count_Palatine_of_Simmern
Maria_Anna_of_Bavaria_born_1551	child	Constance_of_Austria
Prince_Leopold_Count_of_Syracuse	type	Person
Eleanor_of_Anjou	type	Person
Constance_of_Castile	child	Alys_of_France_Countess_of_Vexin
Isabella_of_Bourbon	parent	Charles_I_Duke_of_Bourbon
Violant_of_Bar	mother	Marie_of_France_Duchess_of_Bar
Giovanni_il_Popolano	type	Person
Ludmilla_of_Bohemia	spouse	Louis_I_Duke_of_Bavaria
Maria_Josepha_of_Austria	child	Maria_Amalia_of_Saxony
Alys_of_France_Countess_of_Vexin	parent	Louis_VII_of_France
Edward_II_of_England	father	Edward_I_of_England
Isabella_of_Bourbon	parent	Agnes_of_Burgundy_Duchess_of_Bourbon
Urraca_L_pez_de_Haro	spouse	Ferdinand_II_of_Le_n
Ferdinand_I_Holy_Roman_Emperor	father	Philip_I_of_Castile
Mary_of_Hungary_Queen_of_Naples	spouse	Charles_II_of_Naples
Albert_I_of_Germany	child	Otto_Duke_of_Austria
Elizabeth_the_Cuman	child	Catherine_of_Hungary_Queen_of_Serbia
Francis_I_of_France	child	Francis_III_Duke_of_Brittany
Marie_Eleonore_of_Cleves	parent	William_Duke_of_J_lich_Cleves_Berg
gender	type	http://www.w3.org/1999/02/22_rdf_syntax_ns#Property
Robert_II_Duke_of_Burgundy	spouse	Agnes_of_France_Duchess_of_Burgundy
Princess_Louisa_of_Great_Britain	type	Person
Countess_Sophia_Albertine_of_Erbach_Erbach	mother	Countess_Amalia_Katharina_of_Waldeck
Henry_VI_Count_of_Luxembourg	type	Person
Leopold_Duke_of_Lorraine	child	Francis_I_Holy_Roman_Emperor
John_IV_Duke_of_Brittany	predecessor	John_of_Montfort
Bertha_of_Burgundy	parent	Matilda_of_France
Alfonso_VIII_of_Castile	parent	Sancho_III_of_Castile
Ernest_I_Duke_of_Brunswic_L_neburg	parent	Henry_the_Middle_Duke_of_Brunswic_L_neburg
Charles_IV_of_Spain	type	Person
Maud_Chaworth	type	Person
Hugh_IV_Duke_of_Burgundy	child	Odo_Count_of_Nevers
Margaret_of_Foix	spouse	Richard_Count_of__tampes
Robert_II_of_France	successor	Henry_I_of_France
Eleanor_of_Lancaster	child	Archbishop_of_Canterbury
Ermentrude_of_Orl_ans	child	Carloman_son_of_Charles_the_Bald
Afonso_IV_of_Portugal	predecessor	Denis_of_Portugal
William_IV_Count_of_Ponthieu	spouse	Alys_of_France_Countess_of_Vexin
Edward_I_of_England	parent	Eleanor_of_Provence
Joanna_of_Bavaria	type	Person
Beorhtric_of_Wessex	successor	Ecgberht_King_of_Wessex
Matilda_of_Brabant_Countess_of_Artois	type	Person
Margaret_of_Valois	mother	Catherine_de_Medici
Louis_XV	child	Sophie_of_France_1734_1782
Philip_I_of_France	child	Cecile_of_France
Henry_II_Duke_of_Lorraine	type	Person
Urraca_of_Portugal	spouse	Ferdinand_II_of_Le_n
Edward_I_of_England	father	Henry_III_of_England
Duarte_Duke_of_Guimar_es_1515_1540	type	Person
Vladimir_the_Great	spouse	Rogneda_of_Polotsk
Otto_IV_Count_of_Burgundy	mother	Adelaide_Countess_of_Burgundy
Eleanor_of_Provence	spouse	Henry_III_of_England
Ermentrude_of_Orl_ans	mother	Engeltrude_de_F_zensac
Amadeus_II_Count_of_Savoy	successor	Humbert_II_Count_of_Savoy
Philip_IV_of_Spain	child	Margaret_Theresa_of_Spain
Antoine_of_Navarre	parent	Fran_oise_d_Alen_on
Bonne_of_Luxembourg	spouse	John_II_of_France
Archduchess_Anna_of_Austria	mother	Anne_of_Bohemia_and_Hungary
John_II_Count_of_Holland	parent	Adelaide_of_Holland
Philip_II_of_France	spouse	Agnes_of_Merania
Pepin_the_Short	child	Carloman_I
Albert_I_Duke_of_Brunswic_L_neburg	type	Person
James_I_Count_of_La_Marche	type	Person
Maria_Luisa_of_Spain	child	Archduchess_Maria_Clementina_of_Austria
Louise_of_Savoy	type	Person
Conrad_I_of_Germany	successor	Henry_the_Fowler
Maria_Josepha_of_Austria	spouse	Augustus_III_of_Poland
Germaine_of_Foix	spouse	Ferdinand_II_of_Aragon
Jacquetta_of_Luxembourg	child	Mary_Woodville
Charles_Emmanuel_I_Duke_of_Savoy	parent	Emmanuel_Philibert_Duke_of_Savoy
Valdemar_I_of_Denmark	child	Richeza_of_Denmark
Ferdinand_III_of_Castile	spouse	Elisabeth_of_Swabia
Henry_VI_Count_of_Luxembourg	spouse	Beatrice_of_Avesnes
Anne_of_Cyprus	child	Amadeus_IX_Duke_of_Savoy
Magdalena_Sibylla_of_Saxe_Weissenfels	type	Person
Alix_Duchess_of_Brittany	spouse	Peter_I_Duke_of_Brittany
Stephen_II_Duke_of_Bavaria	spouse	Elisabeth_of_Sicily_Duchess_of_Bavaria
Sophia_of_Brandenburg	type	Person
Gerloc	parent	Poppa_of_Bayeux
Henry_II_of_Castile	spouse	Juana_Manuel
Fran_oise_d_Aubign__Marquise_de_Maintenon	spouse	Paul_Scarron
Mary_of_Burgundy_Duchess_of_Cleves	child	Marie_of_Cleves_Duchess_of_Orl_ans
Francis_Hyacinth_Duke_of_Savoy	successor	Charles_Emmanuel_II_Duke_of_Savoy
Magnus_II_Duke_of_Brunswic_L_neburg	mother	Sophia_of_Brandenburg
Ramon_Berenguer_IV_Count_of_Provence	child	Margaret_of_Provence
Otto_IV_Count_of_Burgundy	parent	Hugh_Count_of_Burgundy
Vladimir_the_Great	spouse	Ingegerd_Olofsdotter_of_Sweden
Guy_Count_of_Flanders	spouse	Matilda_of_B_thune
Bona_of_Savoy	mother	Anne_of_Cyprus
Frederick_Prince_of_Wales	spouse	Princess_Augusta_of_Saxe_Gotha
Charles_V_Duke_of_Lorraine	father	Nicholas_Francis_Duke_of_Lorraine
Urraca_of_Le_n	type	Person
Ethelred_of_Scotland	type	Person
Joan_the_Lame	mother	Agnes_of_France_Duchess_of_Burgundy
Prince_Philippe_Count_of_Paris	child	Princess_Isabelle_of_Orl_ans_1878_1961
Louis_XII	spouse	Anne_of_Brittany
Ingeborg_of_Denmark_Queen_of_France	parent	Valdemar_I_of_Denmark
James_V_of_Scotland	spouse	Mary_of_Guise
Louis_Count_of_Vend_me	parent	Catherine_of_Vend_me
Duke_Charles_Louis_Frederick_of_Mecklenburg	child	Adolphus_Frederick_IV_Duke_of_Mecklenburg_Strelitz
Oleg_of_Drelinia	type	Person
Peter_of_Courtenay_Lord_of_Conches	type	Person
Renata_of_Lorraine	predecessor	Archduchess_Anna_of_Austria
Countess_Caroline_of_Nassau_Saarbr_cken	parent	Louis_Crato_Count_of_Nassau_Saarbr_cken
Maximilian_II_Holy_Roman_Emperor	child	Maximilian_III_Archduke_of_Austria
Philip_III_of_Spain	child	Anne_of_Austria
Margaret_of_Austria_Queen_of_Spain	spouse	Philip_III_of_Spain
Elizabeth_of_Austria_1436_1505	spouse	Casimir_IV_Jagiellon
Lorenzo_de_Medici	predecessor	Piero_di_Cosimo_de_Medici
Carloman_mayor_of_the_palace	predecessor	Charles_Martel
Maria_Antonia_Ferdinanda_of_Spain	child	Victor_Emmanuel_I_of_Sardinia
Caroline_Bonaparte	type	Person
Charles_Duke_of_Vend_me	father	Francis_Count_of_Vend_me
James_I_of_Scotland	spouse	Joan_Beaufort_Queen_of_Scots
Salomea_of_Berg	child	Dobroniega_Ludgarda_of_Poland
Prince_Charles_Alexander_of_Lorraine	type	Person
Violant_of_Hungary	child	Constance_of_Aragon_Lady_of_Villena
Ermengarde_Countess_of_Maine	type	Person
Gerloc	spouse	William_III_Duke_of_Aquitaine
Hugh_IV_Duke_of_Burgundy	spouse	Yolande_of_Dreux_Duchess_of_Burgundy
Henri_Count_of_Chambord	predecessor	Charles_X
Philip_V_of_Spain	successor	Victor_Amadeus_II_of_Sardinia
Louis_II_of_Anjou	parent	Marie_of_Blois_Duchess_of_Anjou
Mahaut_of_Ch_tillon	type	Person
James_Stewart_5th_High_Steward_of_Scotland	predecessor	Alexander_Stewart_4th_High_Steward_of_Scotland
William_IV_Duke_of_Aquitaine	father	William_III_Duke_of_Aquitaine
Richardis	spouse	Charles_the_Fat
Antonia_of_Lorraine	type	Person
Joan_Countess_of_Ponthieu	successor	John_I_Count_of_Aumale
Anna_of_Glogau	spouse	Louis_II_Duke_of_Bavaria
Maria_Amalia_Holy_Roman_Empress	type	Person
Henry_of_Bohemia	successor	John_of_Bohemia
Philip_II_of_France	parent	Louis_VII_of_France
Mary_of_Waltham	type	Person
Berengaria_of_Barcelona	parent	Ramon_Berenguer_III_Count_of_Barcelona
Odo_IV_Duke_of_Burgundy	type	Person
Countess_Palatine_Caroline_of_Zweibr_cken	child	Princess_Caroline_of_Hesse_Darmstadt
Duchess_Helene_of_Mecklenburg_Schwerin	mother	Princess_Caroline_Louise_of_Saxe_Weimar_Eisenach
Charlemagne	parent	Bertrada_of_Laon
Godfrey_III_Count_of_Louvain	parent	Godfrey_II_Count_of_Louvain
Isabel_of_Barcelos	parent	Afonso_I_Duke_of_Braganza
Victor_Amadeus_III_of_Sardinia	child	Charles_Emmanuel_IV_of_Sardinia
Hugh_III_Duke_of_Burgundy	spouse	John_Count_of_Chalon
Eckhard_I_Count_of_Scheyern	father	Otto_I_Count_of_Scheyern
Sancha_Raim_ndez	type	Person
Charles_Martel	parent	Pepin_of_Herstal
Matthias_I_Duke_of_Lorraine	child	Simon_II_Duke_of_Lorraine
Louis_I_Duke_of_Bourbon	parent	Beatrice_of_Burgundy_Lady_of_Bourbon
Anne_of_France	type	Person
Alan_Stewart_of_Darnley	type	Person
Enno_III_Count_of_East_Frisia	type	Person
Gerberga_of_Saxony	child	Lothair_of_France
Agnes_of_Burgundy_Duchess_of_Bourbon	spouse	Charles_I_Duke_of_Bourbon
Charles_VIII_of_France	child	Charles_Orlando_Dauphin_of_France
Infanta_Luisa_Fernanda_Duchess_of_Montpensier	spouse	Antoine_Duke_of_Montpensier
Philip_II_of_France	child	Louis_VIII_of_France
Eleanor_of_Portugal_Holy_Roman_Empress	father	Edward_King_of_Portugal
Matilda_of_Bavaria_Margravine_of_Meissen	mother	Beatrice_of_Silesia
Carloman_of_Bavaria	type	Person
Anna_Maria_of_Mecklenburg_Schwerin	child	August_of_Saxe_Weissenfels_1650_1674
Louis_Philippe_I	father	Louis_Philippe_II_Duke_of_Orl_ans
Simon_I_Duke_of_Lorraine	successor	Matthias_I_Duke_of_Lorraine
Ferdinand_II_of_Le_n	parent	Berengaria_of_Barcelona
Maria_Amalia_of_Naples_and_Sicily	parent	Ferdinand_I_of_the_Two_Sicilies
Sviatoslav_I	child	Yaropolk_I_of_Kiev
Louis_XII	parent	Marie_of_Cleves_Duchess_of_Orl_ans
Marie_de_Medici	child	Nicolas_Henri_Duke_of_Orl_ans
Theodoric_II_Duke_of_Lorraine	child	Simon_I_Duke_of_Lorraine
Baldwin_VI_Count_of_Flanders	spouse	Richilde_Countess_of_Hainaut
Rixa_of_Werle	spouse	Albert_II_Duke_of_Brunswic_L_neburg
Princess_Magdalena_Augusta_of_Anhalt_Zerbst	mother	Sophia_of_Saxe_Weissenfels_Princess_of_Anhalt_Zerbst
Theobald_II_Count_of_Champagne	type	Person
Eleanor_of_Lancaster	type	Person
Maria_Luisa_of_Parma	parent	Philip_Duke_of_Parma
Yaroslav_the_Wise	child	Sviatoslav_II_of_Kiev
Amadeus_IX_Duke_of_Savoy	predecessor	Louis_Duke_of_Savoy
Margaret_of_Austria_Queen_of_Spain	child	Infante_Carlos_of_Spain_1607_1632
John_of_Gaunt	spouse	Blanche_of_Lancaster
David_Stewart_Duke_of_Rothesay	type	Person
Francis_IV_Duke_of_Modena	parent	Maria_Beatrice_d_Este_Duchess_of_Massa
Louis_IX_of_France	spouse	Margaret_of_Provence
Archduchess_Anna_of_Austria	spouse	Albert_V_Duke_of_Bavaria
James_III_of_Scotland	child	James_IV_of_Scotland
Frederick_Louis_Hereditary_Grand_Duke_of_Mecklenburg_Schwerin	spouse	Princess_Caroline_Louise_of_Saxe_Weimar_Eisenach
Yaroslav_the_Wise	child	Vsevolod_I_of_Kiev
Frederick_of_Naples	type	Person
Camilla_Martelli	spouse	Cosimo_I_de_Medici_Grand_Duke_of_Tuscany
Isabella_of_Bourbon	father	Charles_I_Duke_of_Bourbon
Louis_Count_of__vreux	father	Philip_III_of_France
Philip_II_of_France	successor	Louis_VIII_of_France
Dangereuse_de_l_Isle_Bouchard	parent	Bartholomew_de_L_Isle_Bouchard
Joanna_of_Austria_Grand_Duchess_of_Tuscany	type	Person
Maria_Antonia_Ferdinanda_of_Spain	child	Marie_Jos_phine_of_Savoy
Lorenzo_de_Medici	type	Person
Henry_VI_of_England	successor	Charles_VII_of_France
Hugh_Capet	child	Gisela_of_France_Countess_of_Ponthieu
Ragenfrid	type	Person
Contessina_de_Bardi	spouse	Cosimo_de_Medici
Napoleon	successor	Napoleon_II
Petronilla_of_Aragon	spouse	Ramon_Berenguer_IV_Count_of_Barcelona
Pepin_of_Herstal	successor	Theudoald
Henry_I_of_France	predecessor	Hugh_Magnus
Hemma	father	Welf_father_of_Judith
Albert_I_Duke_of_Brunswic_L_neburg	father	Otto_I_Duke_of_Brunswic_L_neburg
Sibylla_of_Anjou	parent	Ermengarde_Countess_of_Maine
Francis_of_Baux	type	Person
Charlemagne	child	Pepin_of_Italy
Elizabeth_Woodville	father	Richard_Woodville_1st_Earl_Rivers
Constance_of_France_Countess_of_Toulouse	type	Person
Jacquetta_of_Luxembourg	spouse	John_of_Lancaster_1st_Duke_of_Bedford
Victor_Amadeus_II_of_Sardinia	child	Victor_Amadeus_Prince_of_Piedmont
Arnulf_Count_of_Holland	successor	Dirk_III_Count_of_Holland
Fulk_King_of_Jerusalem	spouse	Melisende_Queen_of_Jerusalem
Rudolf_I_Duke_of_Bavaria	successor	Louis_IV_Holy_Roman_Emperor
Gerard_Duke_of_Lorraine	parent	Gerard_de_Bouzonville
Henry_the_Middle_Duke_of_Brunswic_L_neburg	spouse	Margaret_of_Saxony_Duchess_of_Brunswic_L_neburg
Waldrada_of_Worms	spouse	Robert_III_of_Worms
Princess_Augusta_of_Saxe_Gotha	child	Prince_Edward_Duke_of_York_and_Albany
Louis_Dauphin_of_France_son_of_Louis_XIV	spouse	Maria_Anna_Victoria_of_Bavaria
Alfonso_VII_of_Le_n_and_Castile	child	Sancho_III_of_Castile
Aelis	spouse	Robert_I_of_France
Catherine_of_Austria_Queen_of_Portugal	type	Person
Alfonso_II_of_Aragon	child	Sancha_of_Aragon_Countess_of_Toulouse
Gersende_of_Maine	spouse	Theobald_III_Count_of_Blois
Sibylla_of_Anjou	parent	Fulk_King_of_Jerusalem
Richard_Fitzalan_3rd_Earl_of_Arundel	spouse	Eleanor_of_Lancaster
Margaret_of_the_Palatinate	father	Rupert_King_of_the_Romans
Judith_of_Bavaria_died_843	mother	Hedwig_of_Bavaria
Francesco_I_de_Medici_Grand_Duke_of_Tuscany	successor	Ferdinando_I_de_Medici_Grand_Duke_of_Tuscany
Frederick_II_Count_of_Vaud_mont	mother	Marie_Countess_of_Harcourt
Anna_of_Hungary_Byzantine_empress	type	Person
Christine_of_Hesse	father	Philip_I_Landgrave_of_Hesse
Eleanor_of_Aragon_Queen_of_Portugal	type	Person
Alfonso_X_of_Castile	successor	Sancho_IV_of_Castile
Ferdinand_I_of_the_Two_Sicilies	child	Prince_Giuseppe_of_Naples_and_Sicily
John_Count_of_Chalon	parent	Beatrice_of_Savoy_Lady_of_Villena
Mary_of_Guise	child	Fran_ois_III_d_Orl_ans_Duke_of_Longueville
Eleanor_of_Provence	parent	Ramon_Berenguer_IV_Count_of_Provence
Sophia_of_Minsk	spouse	Valdemar_I_of_Denmark
Edmund_Crouchback	type	Person
A_nor_de_Ch_tellerault	spouse	William_X_Duke_of_Aquitaine
George_II_of_Great_Britain	predecessor	George_I_of_Great_Britain
Victor_Amadeus_III_of_Sardinia	parent	Polyxena_of_Hesse_Rotenburg
Mar_a_Isabella_of_Spain	child	Prince_Francis_Count_of_Trapani
William_IX_Duke_of_Aquitaine	spouse	Philippa_Countess_of_Toulouse
Berthold_Duke_of_Merania	spouse	Agnes_of_Rochlitz
Amalric_of_Jerusalem	type	Person
Maria_Anna_of_Bavaria_born_1551	child	Leopold_V_Archduke_of_Austria
Charles_Martel	spouse	Rotrude_of_Hesbaye
Fulk_I_Count_of_Anjou	type	Person
Wilfred_the_Hairy	predecessor	Bernard_of_Gothia
Maximilian_I_Holy_Roman_Emperor	mother	Eleanor_of_Portugal_Holy_Roman_Empress
William_XII_Count_of_Auvergne	type	Person
William_X_Duke_of_Aquitaine	father	William_IX_Duke_of_Aquitaine
Philip_III_of_Spain	parent	Philip_II_of_Spain
Walter_Stewart_3rd_High_Steward_of_Scotland	successor	Alexander_Stewart_4th_High_Steward_of_Scotland
Charles_IX_of_France	father	Henry_II_of_France
Ferdinand_Duke_of_Viseu	child	Jo_o_Duke_of_Viseu
Fulk_King_of_Jerusalem	parent	Fulk_IV_Count_of_Anjou
Mary_of_Hungary_Queen_of_Naples	child	Robert_King_of_Naples
Henry_I_of_Navarre	predecessor	Theobald_II_of_Navarre
Henry_II_of_England	child	Joan_of_England_Queen_of_Sicily
John_II_of_Aragon	child	Juan_de_Arag_n
Philip_III_of_Navarre	father	Louis_Count_of__vreux
Joanna_of_Castile	predecessor	Philip_I_of_Castile
Ad_la_de_d_Orl_ans	type	Person
Bertha_of_Holland	spouse	Philip_I_of_France
Ingeborg_of_Denmark_Queen_of_France	father	Valdemar_I_of_Denmark
Adelaide_of_Maurienne	type	Person
Margaret_of_Austria_Queen_of_Spain	parent	Maria_Anna_of_Bavaria_born_1551
Charles_Martel	child	Pepin_the_Short
Ren__of_Anjou	mother	Yolande_of_Aragon
Edward_I_of_England	spouse	Margaret_of_France_Queen_of_England
Louis_Duke_of_Savoy	child	Louis_of_Cyprus
Baldwin_V_Count_of_Hainaut	parent	Baldwin_IV_Count_of_Hainaut
Louise_of_Savoy	father	Philip_II_Duke_of_Savoy
Edward_the_Elder	parent	Ealhswith
George_III	child	Princess_Augusta_Sophia_of_the_United_Kingdom
Floris_I_Count_of_Holland	child	Bertha_of_Holland
Magdalene_Sibylle_of_Prussia	parent	Marie_Eleonore_of_Cleves
Theobald_II_Duke_of_Lorraine	parent	Frederick_III_Duke_of_Lorraine
Nicolas_Duke_of_Merc_ur	child	Philippe_Emmanuel_Duke_of_Merc_ur
Theobald_III_Count_of_Blois	spouse	Adele_of_Valois
Isabella_of_Valois_Duchess_of_Bourbon	parent	Mahaut_of_Ch_tillon
Archduke_Ferdinand_Karl_Viktor_of_Austria_Este	type	Person
Ernest_Duke_of_Austria	father	Leopold_III_Duke_of_Austria
Malcolm_III_of_Scotland	spouse	Saint_Margaret_of_Scotland
Afonso_I_of_Portugal	parent	Theresa_Countess_of_Portugal
Adolphus_Frederick_II_Duke_of_Mecklenburg_Strelitz	successor	Adolphus_Frederick_III_Duke_of_Mecklenburg_Strelitz
_thelwulf_King_of_Wessex	child	_thelberht_King_of_Wessex
Sancho_IV_of_Castile	parent	Alfonso_X_of_Castile
Ferdinand_III_of_Castile	child	Eleanor_of_Castile
Marie_of_France_Duchess_of_Brabant	type	Person
Joan_III_Countess_of_Burgundy	predecessor	Joan_II_Countess_of_Burgundy
John_of_Montfort	successor	John_IV_Duke_of_Brittany
Francis_Count_of_Vend_me	spouse	Marie_of_Luxembourg_Countess_of_Vend_me
Margaret_of_the_Palatinate	mother	Elisabeth_of_Nuremberg
Charles_the_Bald	parent	Louis_the_Pious
Albert_II_Duke_of_Austria	father	Albert_I_of_Germany
Louis_XI	spouse	Charlotte_of_Savoy
William_the_Younger_Duke_of_Brunswic_L_neburg	successor	Ernest_II_Duke_of_Brunswic_L_neburg
Sigismund_Holy_Roman_Emperor	spouse	Barbara_of_Cilli
Philip_III_of_Spain	child	Cardinal_Infante_Ferdinand_of_Austria
Margaret_of_Savoy_Countess_of_Saint_Pol	child	Marie_of_Luxembourg_Countess_of_Vend_me
George_II_of_Great_Britain	child	Princess_Caroline_Elizabeth_of_Great_Britain
Victor_Amadeus_II_of_Sardinia	successor	Charles_VI_Holy_Roman_Emperor
Henrietta_Maria	spouse	Charles_I_of_England
Constance_of_Arles	type	Person
Arnulf_Count_of_Holland	spouse	Lutgardis_of_Luxemburg
Dirk_I_Count_of_Holland	predecessor	Gerolf_of_Holland
Joan_the_Lame	child	Philip_Duke_of_Orl_ans
Mary_de_Bohun	parent	Humphrey_de_Bohun_7th_Earl_of_Hereford
John_II_Duke_of_Lorraine	type	Person
Philip_IV_of_Spain	successor	John_IV_of_Portugal
Borrell_II_Count_of_Barcelona	type	Person
Maximilian_III_Archduke_of_Austria	type	Person
Archduchess_Marie_Caroline_of_Austria	type	Person
Charlotte_of_Mecklenburg_Strelitz	child	Princess_Sophia_of_the_United_Kingdom
Joan_of_Valois_Countess_of_Hainaut	spouse	William_I_Count_of_Hainaut
Albert_I_of_Germany	successor	Henry_VII_Holy_Roman_Emperor
Alfonso_VII_of_Le_n_and_Castile	child	Stephanie_Alfonso_of_Castile
Joanna_of_Castile	successor	Philip_I_of_Castile
Matthias_I_Duke_of_Lorraine	child	Frederick_I_Duke_of_Lorraine
Liudolf_Duke_of_Saxony	type	Person
Adelaide_Countess_of_Burgundy	successor	Otto_IV_Count_of_Burgundy
Marie_Th_r_se_of_France	parent	Louis_XVI
Ferdinand_II_of_Aragon	child	Maria_of_Aragon_Queen_of_Portugal
Charles_Emmanuel_III_of_Sardinia	parent	Anne_Marie_d_Orl_ans
Charles_Emmanuel_IV_of_Sardinia	type	Person
Bonne_of_Armagnac	spouse	Charles_Duke_of_Orl_ans
Philip_I_of_Castile	father	Maximilian_I_Holy_Roman_Emperor
Ingegerd_Olofsdotter_of_Sweden	child	Sviatoslav_II_of_Kiev
Philip_IV_of_Spain	child	Balthasar_Charles_Prince_of_Asturias
Mary_of_Burgundy_Duchess_of_Cleves	child	Adolph_of_Cleves_Lord_of_Ravenstein
Napoleon_III	father	Louis_Bonaparte
Anna_of_Glogau	type	Person
William_IV	type	Person
John_II_of_Aragon	child	Eleanor_of_Navarre
Baldwin_IV_Count_of_Flanders	mother	Rozala_of_Italy
Henri_de_Lorraine_Chaligny	type	Person
Beatriz_of_Portugal_Duchess_of_Viseu	father	John_Constable_of_Portugal
Elisabeth_of_Nuremberg	parent	Frederick_V_Burgrave_of_Nuremberg
Amadeus_III_Count_of_Savoy	predecessor	Humbert_II_Count_of_Savoy
Agnes_of_Merania	parent	Agnes_of_Rochlitz
Leopold_II_Holy_Roman_Emperor	child	Archduke_Joseph_of_Austria_Palatine_of_Hungary
Marie_Caroline_of_Bourbo_Two_Sicilies_Duchess_of_Berry	spouse	Charles_Ferdinand_Duke_of_Berry
Ingegerd_Olofsdotter_of_Sweden	child	Vsevolod_I_of_Kiev
Yolanda_of_Courtenay	mother	Yolanda_Latin_Empress
Sophia_of_Minsk	child	Ingeborg_of_Denmark_Queen_of_France
Alfonso_VII_of_Le_n_and_Castile	parent	Urraca_of_Le_n
Duchess_Christiane_of_Mecklenburg	type	Person
Louis_II_of_Anjou	child	Yolande_of_Aragon
Joanna_of_Castile	child	Isabella_of_Austria
Bertha_of_Swabia	type	Person
Otto_V_Duke_of_Brunswic_L_neburg	spouse	Anna_of_Nassau_Dillenburg
James_I_of_Aragon	predecessor	Peter_II_of_Aragon
Maximilian_I_Holy_Roman_Emperor	parent	Frederick_III_Holy_Roman_Emperor
Joanna_of_Bourbon	child	Charles_VI_of_France
Odo_of_France	parent	Robert_the_Strong
Humphrey_de_Bohun_7th_Earl_of_Hereford	spouse	Joan_Fitzalan_Countess_of_Hereford
Louis_I_Duke_of_Orl_ans	child	Jean_de_Dunois
Philippa_of_Lancaster	type	Person
Berengar_I_of_Italy	successor	Rudolph_II_of_Burgundy
James_IV_of_Scotland	father	James_III_of_Scotland
Anna_of_Holstei_Gottorp	parent	Christine_of_Hesse
George_III	child	Prince_Augustus_Frederick_Duke_of_Sussex
Joanna_of_Castile	child	Mary_of_Hungary_governor_of_the_Netherlands
Ferdinand_Duke_of_Viseu	child	Diogo_Duke_of_Viseu
Alice_of_Normandy	spouse	Reginald_I_Count_of_Burgundy
Philip_the_Good	parent	John_the_Fearless
Dirk_V_Count_of_Holland	predecessor	Floris_I_Count_of_Holland
Agnes_of_Merania	type	Person
Mary_Queen_of_Scots	spouse	James_Hepburn_4th_Earl_of_Bothwell
Charles_Count_of_Valois	child	Joan_of_Valois_Countess_of_Beaumont
Joan_of_England_Queen_of_Sicily	type	Person
Countess_Palatine_Dorothea_Sophie_of_Neuburg	spouse	Odoardo_Farnese_Hereditary_Prince_of_Parma
Frederick_III_Holy_Roman_Emperor	spouse	Eleanor_of_Portugal_Holy_Roman_Empress
Louis_VI_of_France	child	Constance_of_France_Countess_of_Toulouse
Victor_Amadeus_III_of_Sardinia	successor	Charles_Emmanuel_IV_of_Sardinia
Sophia_Eleonore_of_Saxony	child	Anna_Sophia_II_Abbess_of_Quedlinburg
Valdemar_I_of_Denmark	parent	Ingeborg_of_Kiev
Charles_the_Bald	child	Judith_of_Flanders
Marie_Louise_Duchess_of_Parma	spouse	Adam_Albert_von_Neipperg
John_of_Bohemia	predecessor	Henry_VII_Holy_Roman_Emperor
Christine_of_Hesse	parent	Christine_of_Saxony
Cosimo_I_de_Medici_Grand_Duke_of_Tuscany	parent	Giovanni_delle_Bande_Nere
Matthias_I_Duke_of_Lorraine	successor	Simon_II_Duke_of_Lorraine
Burkhard_V_Count_of_Hohenberg	type	Person
Kingdom_of_Navarre	spouse	Margaret_of_Burgundy_Queen_of_France
Maria_Beatrice_d_Este_Duchess_of_Massa	spouse	Ferdinand_Karl_Archduke_of_Austria_Este
Joan_I_of_Navarre	parent	Henry_I_of_Navarre
Alfonso_V_of_Aragon	predecessor	Ferdinand_I_of_Aragon
Letizia_Bonaparte	child	J_r_me_Bonaparte
Louis_Dauphin_of_France_son_of_Louis_XIV	parent	Maria_Theresa_of_Spain
Oberto_II_Margrave_of_Milan	type	Person
Marie_Louise_Duchess_of_Parma	spouse	Napoleon
Blanche_of_Brittany	spouse	Philip_of_Artois
Philippe_II_Duke_of_Orl_ans	parent	Philippe_I_Duke_of_Orl_ans
Magnus_I_Duke_of_Brunswic_L_neburg	parent	Albert_II_Duke_of_Brunswic_L_neburg
Archduchess_Anna_of_Austria	child	Maximiliana_Maria_of_Bavaria
In_s_de_Castro	parent	Pedro_Fern_ndez_de_Castro
Marie_de_Medici	mother	Joanna_of_Austria_Grand_Duchess_of_Tuscany
Charles_Brandon_1st_Duke_of_Suffolk	spouse	Mary_Tudor_Queen_of_France
Maria_Theresa_of_Naples_and_Sicily	child	Archduke_Franz_Karl_of_Austria
Albert_II_Duke_of_Austria	child	Frederick_III_Duke_of_Austria
Princess_Augusta_of_Saxe_Gotha	child	Prince_William_Henry_Duke_of_Gloucester_and_Edinburgh
Theodoric_II_Duke_of_Lorraine	successor	Simon_I_Duke_of_Lorraine
Robert_II_Count_of_Dreux	mother	Agnes_de_Baudemont_Countess_of_Braine
Louis_XV	child	Marie_Louise_of_France_1728_1733
Sibylla_of_Anjou	father	Fulk_King_of_Jerusalem
Ren_e_of_France	type	Person
Edward_King_of_Portugal	father	John_I_of_Portugal
Philip_I_of_France	spouse	Bertha_of_Holland
Louis_XVI	mother	Maria_Josepha_of_Saxony_Dauphine_of_France
Charles_Emmanuel_II_Duke_of_Savoy	father	Victor_Amadeus_I_Duke_of_Savoy
Hedwig_of_Saxony	parent	Matilda_of_Ringelheim
Louis_IV_Holy_Roman_Emperor	predecessor	Henry_VII_Holy_Roman_Emperor
Matilda_of_France	child	Rudolph_III_of_Burgundy
Otto_I_Duke_of_Brunswic_L_neburg	mother	Helena_of_Denmark
Ogive_of_Luxembourg	type	Person
Adela_of_France	type	Person
Ingegerd_Olofsdotter_of_Sweden	mother	Estrid_of_the_Obotrites
Henry_V_of_England	predecessor	Henry_IV_of_England
Rudolf_IV_Duke_of_Austria	predecessor	Albert_II_Duke_of_Austria
Henry_VII_Holy_Roman_Emperor	spouse	Margaret_of_Brabant
Henry_VII_of_England	spouse	Elizabeth_of_York
Maud_Chaworth	parent	Patrick_de_Chaworth_Lord_of_Kidwelly
Jean_Marie_Duke_of_Ch_teauvillain	type	Person
Anne_of_Foix_Candale	mother	Catherine_of_Foix_Countess_of_Candale
Henrietta_of_England	spouse	Philippe_I_Duke_of_Orl_ans
Adelaide_of_Tours	father	Hugh_of_Tours
Louis_XV	child	Louise__lisabeth_of_France
Margaret_Boswell	type	Person
Ermengarde_of_Hesbaye	spouse	Louis_the_Pious
_thelwulf_King_of_Wessex	type	Person
Marie_Countess_of_Ponthieu	parent	Alys_of_France_Countess_of_Vexin
Henry_IV_of_England	predecessor	Richard_II_of_England
Sophia_Eleonore_of_Saxony	child	Sophia_Eleonore_of_Hesse_Darmstadt
Rudolph_Duke_of_Lorraine	type	Person
George_III	child	Princess_Mary_Duchess_of_Gloucester_and_Edinburgh
Saint_Margaret_of_Scotland	child	Edmund_of_Scotland
Lambert_II_Count_of_Louvain	mother	Gerberga_of_Lower_Lorraine
Blanche_of_Burgundy	mother	Mahaut_Countess_of_Artois
Alfonso_VII_of_Le_n_and_Castile	successor	Sancho_III_of_Castile
Henrietta_Maria	child	Mary_Princess_Royal_and_Princess_of_Orange
Mar_a_Isabella_of_Spain	child	Maria_Christina_of_the_Two_Sicilies
Baldwin_II_Count_of_Hainaut	parent	Richilde_Countess_of_Hainaut
Richeza_of_Poland_Queen_of_Sweden	child	Sophia_of_Minsk
Maria_of_Swabia	parent	Irene_Angelina
Leopold_II_Holy_Roman_Emperor	child	Archduchess_Maria_Clementina_of_Austria
Henry_the_Lion	child	William_of_Winchester_Lord_of_Lunenburg
Pepin_the_Short	predecessor	Childeric_III
Christine_of_Hesse	type	Person
Maria_Theresa_of_Naples_and_Sicily	child	Archduchess_Marie_Anne_of_Austria
Ramon_Berenguer_IV_Count_of_Provence	mother	Garsenda_Countess_of_Forcalquier
Edward_the_Elder	parent	Alfred_the_Great
Eleanor_of_Normandy	spouse	Baldwin_IV_Count_of_Flanders
Pepin_of_Herstal	mother	Begga
Louis_I_Duke_of_Bavaria	mother	Agnes_of_Loon
Rudolph_of_France	parent	Adelaide_of_Auxerre_born_c._870
Eleonore_of_Austria_Queen_of_Poland	spouse	Charles_V_Duke_of_Lorraine
Albert_II_Duke_of_Austria	predecessor	Henry_of_Bohemia
Maria_Josepha_of_Austria	child	Maria_Josepha_of_Saxony_Dauphine_of_France
Hedwig_of_Saxony	child	Otto_Duke_of_Burgundy
Margaret_II_Countess_of_Hainaut	type	Person
Hildegard_of_the_Vinzgau	spouse	Charlemagne
Maria_Theresa_of_Austria_Este_Queen_of_Sardinia	mother	Maria_Beatrice_d_Este_Duchess_of_Massa
Natalia_Alexeievna_Wilhelmina_Louisa_of_Hesse_Darmstadt	type	Person
Ferdinand_II_of_Aragon	father	John_II_of_Aragon
Frederick_Prince_of_Wales	father	George_II_of_Great_Britain
Valdemar_II_of_Denmark	type	Person
Edgar_King_of_Scotland	type	Person
Eleanor_of_Aquitaine	child	Alix_of_France
Afonso_II_of_Portugal	mother	Dulce_of_Aragon
Robert_I_Count_of_Dreux	successor	Robert_II_Count_of_Dreux
Amicie_de_Courtenay	father	Peter_of_Courtenay_Lord_of_Conches
Mary_Queen_of_Scots	parent	Mary_of_Guise
Rudolph_II_of_Burgundy	child	Adelaide_of_Italy
Eleanor_of_Alburquerque	spouse	Ferdinand_I_of_Aragon
Margaret_of_the_Palatinate	child	Isabella_Duchess_of_Lorraine
Archduchess_Maria_Leopoldine_of_Austria_Este	type	Person
Matilda_of_Brabant_Countess_of_Artois	mother	Maria_of_Swabia
Princess_Maria_Luisa_of_Savoy_1729_1767	type	Person
Peter_I_Count_of_Urgell	type	Person
Bertrada_of_Laon	father	Charibert_of_Laon
Duchess_Helene_of_Mecklenburg_Schwerin	father	Frederick_Louis_Hereditary_Grand_Duke_of_Mecklenburg_Schwerin
Maximilian_William_of_Brunswic_L_neburg	type	Person
Adalbert_Duke_of_Lorraine	successor	Gerard_Duke_of_Lorraine
Maria_of_Austria_Holy_Roman_Empress	mother	Isabella_of_Portugal
Louis_I_Duke_of_Bourbon	child	Peter_I_Duke_of_Bourbon
John_VIII_Count_of_Vend_me	type	Person
Frederick_III_Holy_Roman_Emperor	type	Person
Nicholas_d_Oisy_Lord_of_Avesnes	parent	Walter_I_Lord_of_Avesnes
Henry_I_of_France	spouse	Matilda_of_Frisia
Charles_Emmanuel_II_Duke_of_Savoy	type	Person
Jeanne_d_Albret	father	Henry_II_of_Navarre
Francis_I_Holy_Roman_Emperor	child	Ferdinand_Karl_Archduke_of_Austria_Este
Infanta_Branca_Lady_of_Guadalajara	type	Person
Prince_Adolphus_Duke_of_Cambridge	type	Person
Francis_IV_Duke_of_Modena	type	Person
Louise_Marie_Ad_la_de_de_Bourbon_Duchess_of_Orl_ans	child	Ad_la_de_d_Orl_ans
Marie_Caroline_of_Bourbo_Two_Sicilies_Duchess_of_Berry	father	Francis_I_of_the_Two_Sicilies
Margaret_of_Provence	father	Ramon_Berenguer_IV_Count_of_Provence
Marozia	type	Person
Jean_Gordon_Countess_of_Bothwell	spouse	James_Hepburn_4th_Earl_of_Bothwell
John_the_Fearless	predecessor	Philip_the_Bold
Alfonso_II_Count_of_Provence	type	Person
Francis_II_of_France	father	Henry_II_of_France
Charles_X	child	Sophie_of_France_1776_1783
Charles_X	spouse	Louis_XVI
Beatrice_of_Portugal_died_1381	type	Person
Infanta_Luisa_Fernanda_Duchess_of_Montpensier	mother	Maria_Christina_of_the_Two_Sicilies
Lorenzo_de_Medici	mother	Lucrezia_Tornabuoni
Robert_I_of_France	predecessor	Charles_the_Simple
Nicholas_Francis_Duke_of_Lorraine	parent	Christina_of_Salm
John_of_Eltham_Earl_of_Cornwall	type	Person
Ferdinand_I_of_Aragon	child	Alfonso_V_of_Aragon
Philip_VI_of_France	spouse	Joan_the_Lame
Frederick_Prince_of_Wales	child	Princess_Augusta_of_Great_Britain
John_II_Duke_of_Brittany	spouse	Beatrice_of_England
Gerolf_of_Holland	type	Person
Isabella_Duchess_of_Lorraine	parent	Charles_II_Duke_of_Lorraine
Isabella_I_of_Castile	mother	Isabella_of_Portugal_Queen_of_Castile
George_II_of_Great_Britain	child	Princess_Mary_of_Great_Britain
Albert_I_Duke_of_Brunswic_L_neburg	mother	Matilda_of_Brandenburg_Duchess_of_Brunswic_L_neburg
Eleanor_of_Alburquerque	parent	Beatrice_of_Portugal_died_1381
Ferdinand_I_of_Aragon	predecessor	Martin_of_Aragon
Princess_Caroline_Louise_of_Saxe_Weimar_Eisenach	spouse	Frederick_Louis_Hereditary_Grand_Duke_of_Mecklenburg_Schwerin
Ramon_Berenguer_III_Count_of_Barcelona	mother	Maud_of_Apulia
Charles_V_Holy_Roman_Emperor	parent	Philip_I_of_Castile
Theobald_I_of_Navarre	parent	Theobald_III_Count_of_Champagne
John_II_of_Portugal	father	Afonso_V_of_Portugal
Ramon_Berenguer_II_Count_of_Barcelona	parent	Ramon_Berenguer_I_Count_of_Barcelona
Baldwin_II_Margrave_of_Flanders	spouse	_lfthryth_Countess_of_Flanders
Ferdinand_I_Holy_Roman_Emperor	predecessor	Charles_V_Holy_Roman_Emperor
Vladimir_the_Great	child	Izyaslav_of_Polotsk
John_IV_Duke_of_Brittany	spouse	Joan_of_Navarre_Queen_of_England
Peter_II_Count_of_Savoy	type	Person
Philip_of_France_1116_1131	mother	Adelaide_of_Maurienne
Fulk_IV_Count_of_Anjou	child	Geoffrey_IV_Count_of_Anjou
Manuel_I_of_Portugal	spouse	Eleanor_of_Austria
Lothair_of_France	successor	Louis_V_of_France
Joanna_of_Austria_Grand_Duchess_of_Tuscany	parent	Anne_of_Bohemia_and_Hungary
Henry_IX_Duke_of_Bavaria	mother	Judith_of_Flanders_died_1095
Joan_I_of_Navarre	father	Henry_I_of_Navarre
John_II_of_Aragon	successor	Eleanor_of_Navarre
Alys_of_France_Countess_of_Vexin	father	Louis_VII_of_France
Mary_of_Hungary_Queen_of_Naples	child	Maria_of_Naples
Gerberga_of_Saxony	type	Person
Albert_Azzo_I_Margrave_of_Milan	parent	Oberto_II_Margrave_of_Milan
Otto_V_Duke_of_Brunswic_L_neburg	parent	Magdalene_of_Brandenburg_1412_1454
Rudolph_II_of_Burgundy	child	Conrad_I_of_Burgundy
Magnus_I_Duke_of_Brunswic_L_neburg	father	Albert_II_Duke_of_Brunswic_L_neburg
Henry_IV_of_France	child	Henrietta_Maria
Ernest_I_Duke_of_Brunswic_L_neburg	mother	Margaret_of_Saxony_Duchess_of_Brunswic_L_neburg
Alfonso_II_of_Aragon	child	Eleanor_of_Aragon_Countess_of_Toulouse
Henry_IV_of_France	predecessor	Jeanne_d_Albret
Ernest_I_Duke_of_Brunswic_L_neburg	father	Henry_the_Middle_Duke_of_Brunswic_L_neburg
Marie_of_Anjou	child	Joan_of_France_Duchess_of_Bourbon
Arnulf_Count_of_Holland	parent	Dirk_II_Count_of_Holland
Countess_Palatine_Dorothea_Sophie_of_Neuburg	mother	Landgravine_Elisabeth_Amalie_of_Hesse_Darmstadt
_thelbald_King_of_Wessex	predecessor	_thelwulf_King_of_Wessex
Baldwin_VI_Count_of_Flanders	mother	Adela_of_France
Adelaide_of_Maurienne	child	Peter_I_of_Courtenay
Anne_Gonzaga	parent	Catherine_of_Mayenne
Maria_of_Austria_Holy_Roman_Empress	child	Archduke_Ernest_of_Austria
Sviatopolk_I_of_Kiev	type	Person
Joan_the_Lame	child	John_II_of_France
Ferdinand_VII_of_Spain	spouse	Maria_Christina_of_the_Two_Sicilies
Ferdinand_I_of_the_Two_Sicilies	child	Maria_Theresa_of_Naples_and_Sicily
Antoinette_of_Bourbon	spouse	Claude_Duke_of_Guise
Henry_VII_of_England	parent	Edmund_Tudor_1st_Earl_of_Richmond
Isabella_of_Bourbon	spouse	Charles_the_Bold
Theodoric_II_Duke_of_Lorraine	child	Thierry_Count_of_Flanders
Prince_Giuseppe_Count_of_Asti	type	Person
Hedwig_of_Bavaria	spouse	Welf_father_of_Judith
Almodis_de_la_Marche	spouse	Ramon_Berenguer_I_Count_of_Barcelona
Ingeborg_of_Denmark_Queen_of_France	mother	Sophia_of_Minsk
Michelle_of_Valois	type	Person
Peter_I_Duke_of_Brittany	child	Yolande_of_Brittany
Archduchess_Helena_of_Austria_1543_1574	type	Person
Ferdinand_II_of_the_Two_Sicilies	type	Person
Stephen_II_Duke_of_Bavaria	mother	Beatrice_of_Silesia
Charles_II_Duke_of_Lorraine	successor	Isabella_Duchess_of_Lorraine
Maria_Teresa_Felicitas_d_Este	child	Vincent_de_Bourbon_Count_of_Guingamp
Charles_III_Duke_of_Savoy	parent	Claudine_de_Brosse
Anne_Gonzaga	child	Anne_Henriette_of_Bavaria
Emmanuel_Philibert_Duke_of_Savoy	child	Charles_Emmanuel_I_Duke_of_Savoy
Frederick_V_Burgrave_of_Nuremberg	type	Person
Archduke_Ernest_of_Austria	type	Person
Elisabeth_of_France_1602_1644	type	Person
Henry_the_Fowler	successor	Otto_I_Holy_Roman_Emperor
George_I_of_Great_Britain	child	George_II_of_Great_Britain
Francis_I_Holy_Roman_Emperor	type	Person
Victor_Amadeus_Prince_of_Piedmont	type	Person
Charles_Emmanuel_I_Duke_of_Savoy	father	Emmanuel_Philibert_Duke_of_Savoy
Lothair_the_Lame	type	Person
William_the_Younger_Duke_of_Brunswic_L_neburg	child	Margaret_of_Brunswic_L_neburg
Hortense_de_Beauharnais	father	Alexandre_de_Beauharnais
Cymburgis_of_Masovia	spouse	Ernest_Duke_of_Austria
Urraca_Afonso	type	Person
Dirk_II_Count_of_Holland	successor	Arnulf_Count_of_Holland
Empress_Matilda	mother	Matilda_of_Scotland
Henry_VI_of_England	mother	Catherine_of_Valois
Francis_Count_of_Enghien	type	Person
Auguste_of_Bade_Baden	spouse	Louis_Duke_of_Orl_ans_1703_1752
Clemence_of_Austria	spouse	Charles_Martel_of_Anjou
Alpaida	child	Childebrand_I
Raymond_of_Burgundy	father	William_I_Count_of_Burgundy
Joan_III_Countess_of_Burgundy	parent	Philip_V_of_France
Jacques_Charles_Dupont_de_l_Eure	predecessor	Louis_Philippe_I
Ferdinand_I_of_the_Two_Sicilies	child	Carlo_Duke_of_Calabria
Theobald_I_of_Navarre	predecessor	Sancho_VII_of_Navarre
John_I_Duke_of_Cleves	type	Person
William_I_Count_of_Hainaut	spouse	Joan_of_Valois_Countess_of_Hainaut
Otto_IV_Count_of_Burgundy	father	Hugh_Count_of_Burgundy
Maximilian_II_Holy_Roman_Emperor	child	Elisabeth_of_Austria_Queen_of_France
Maria_of_Brabant_Duchess_of_Bavaria	spouse	Louis_II_Duke_of_Bavaria
Isabella_of_Aragon_Queen_of_France	type	Person
Marie_of_Brabant_Queen_of_France	parent	Henry_III_Duke_of_Brabant
Eleanor_of_Lancaster	child	Richard_Fitzalan_4th_Earl_of_Arundel
Elizabeth_of_Bohemia_1292_1330	mother	Judith_of_Habsburg
Anna_Maria_of_Mecklenburg_Schwerin	child	Heinrich_of_Saxe_Weissenfels_Count_of_Barby
John_Stewart_1st_Earl_of_Lennox	type	Person
Willa_of_Burgundy	parent	Guilla_of_Provence
William_IV_Duke_of_Aquitaine	spouse	Emma_of_Blois
Garsenda_Countess_of_Forcalquier	spouse	Alfonso_II_Count_of_Provence
Mastino_II_della_Scala	type	Person
Amicie_de_Courtenay	spouse	Robert_II_Count_of_Artois
Henry_the_Fowler	child	Archbishop_of_Cologne
Charlotte_Agla__d_Orl_ans	father	Philippe_II_Duke_of_Orl_ans
Elizabeth_of_Bohemia_1292_1330	child	Margaret_of_Bohemia_Duchess_of_Bavaria
Margaret_Countess_of_Anjou	spouse	Charles_Count_of_Valois
Matilda_of_Brabant_Countess_of_Artois	parent	Henry_II_Duke_of_Brabant
Jeanne_d_Albret	spouse	William_Duke_of_J_lich_Cleves_Berg
Elizabeth_of_York	type	Person
Geoffrey_Plantagenet_Count_of_Anjou	mother	Ermengarde_Countess_of_Maine
Gertrude_of_Hohenberg	child	Rudolf_II_Duke_of_Austria
Ferdinand_II_of_Le_n	spouse	Teresa_Fern_ndez_de_Traba
Maria_Manuela_Princess_of_Portugal	spouse	Philip_II_of_Spain
Lorenzo_the_Elder	spouse	Ginevra_Cavalcanti
Philippa_of_Hainault	type	Person
Ernest_Augustus_Elector_of_Hanover	child	George_I_of_Great_Britain
Gertrude_of_Dagsburg	spouse	Theobald_I_of_Navarre
Margaret_of_Provence	spouse	Louis_IX_of_France
Henry_VII_Holy_Roman_Emperor	parent	Beatrice_of_Avesnes
Marie_of_Brittany_Countess_of_Saint_Pol	parent	Beatrice_of_England
Cosimo_I_de_Medici_Grand_Duke_of_Tuscany	predecessor	Alessandro_de_Medici_Duke_of_Florence
Manuel_of_Castile	type	Person
Frances_Grey_Duchess_of_Suffolk	type	Person
Archduchess_Anna_of_Austria	child	Maria_Anna_of_Bavaria_born_1551
Henry_I_of_France	child	Hugh_Count_of_Vermandois
Elisabeth_of_Nuremberg	child	John_Count_Palatine_of_Neumarkt
Maria_Carolina_of_Austria	parent	Maria_Theresa
Antoinette_of_Bourbon	mother	Marie_of_Luxembourg_Countess_of_Vend_me
Yaroslav_the_Wise	predecessor	Sviatopolk_I_of_Kiev
Charibert_of_Laon	type	Person
Joan_II_of_Navarre	child	Louis_Duke_of_Durazzo
Elizabeth_of_York	mother	Elizabeth_Woodville
Blanche_of_Lancaster	spouse	John_of_Gaunt
Ferdinand_I_Holy_Roman_Emperor	child	Joanna_of_Austria_Grand_Duchess_of_Tuscany
Robert_I_of_France	child	Emma_of_France
Maria_of_Austria_Duchess_of_J_lich_Cleves_Berg	parent	Ferdinand_I_Holy_Roman_Emperor
Louis_the_Stammerer	spouse	Adelaide_of_Paris
Eleanor_of_Provence	child	Katherine_of_England
Willa_of_Tuscany	child	Conrad_of_Ivrea
Philip_II_of_France	father	Louis_VII_of_France
Margaret_Lyle	type	Person
Agnes_of_Burgundy_Duchess_of_Bourbon	mother	Margaret_of_Bavaria
William_VIII_Duke_of_Aquitaine	mother	Agnes_of_Burgundy_Duchess_of_Aquitaine
Matilda_of_France	mother	Gerberga_of_Saxony
John_I_of_Castile	successor	Henry_III_of_Castile
Richard_Count_of__tampes	parent	John_IV_Duke_of_Brittany
Willa_of_Tuscany	successor	Adelaide_of_Italy
Isabel_of_Barcelos	father	Afonso_I_Duke_of_Braganza
William_I_Count_of_Burgundy	father	Reginald_I_Count_of_Burgundy
Salomea_of_Berg	type	Person
Henri_Count_of_Chambord	parent	Charles_Ferdinand_Duke_of_Berry
Louis_XV	child	Victoire_of_France_1733_1799
Francesco_I_Sforza	spouse	Polissena_Ruffo
Mary_of_Guise	child	James_Duke_of_Rothesay_born_1540
Hedwig_of_Saxony	child	Emma_of_Paris_Duchess_of_Normandy
Prince_Benedetto_Duke_of_Chablais	type	Person
Alexander_Stewart_4th_High_Steward_of_Scotland	successor	James_Stewart_5th_High_Steward_of_Scotland
Maximilian_II_Holy_Roman_Emperor	child	Archduchess_Margaret_of_Austria_1567_1633
Countess_Palatine_Dorothea_Sophie_of_Neuburg	parent	Philip_William_Elector_Palatine
Rudolph_II_of_Burgundy	father	Rudolph_I_of_Burgundy
Geoffrey_Plantagenet_Count_of_Anjou	child	William_FitzEmpress
Anne_of_Bohemia_and_Hungary	child	Maximilian_II_Holy_Roman_Emperor
Margaret_of_Valois_Angoul_me	spouse	Henry_II_of_Navarre
Gian_Galeazzo_Sforza	predecessor	Galeazzo_Maria_Sforza
Frederick_Prince_of_Wales	type	Person
Otto_IV_Count_of_Burgundy	successor	Joan_II_Countess_of_Burgundy
Charles_IV_of_France	spouse	Marie_of_Luxembourg_Queen_of_France
Eleanor_of_Aragon_Queen_of_Portugal	father	Ferdinand_I_of_Aragon
Pepin_the_Short	child	Gisela_Abbess_of_Chelles
Maria_Manuela_Princess_of_Portugal	type	Person
Viridis_Visconti	spouse	Leopold_III_Duke_of_Austria
Afonso_II_of_Portugal	child	Afonso_III_of_Portugal
Henry_II_of_France	child	Louis_of_Valois
Joan_Beaufort_Queen_of_Scots	mother	Margaret_Holland_Duchess_of_Clarence
Maria_Amalia_of_Naples_and_Sicily	father	Ferdinand_I_of_the_Two_Sicilies
Pepin_the_Short	child	Charlemagne
Victor_Amadeus_I_Duke_of_Savoy	spouse	Christine_of_France
Henry_III_Duke_of_Brabant	spouse	Adelaide_of_Burgundy_Duchess_of_Brabant
Francis_I_of_France	parent	Charles_Count_of_Angoul_me
John_Stewart_of_Darnley	type	Person
Arnulf_II_Count_of_Flanders	parent	Baldwin_III_Count_of_Flanders
Teresa_Louren_o	type	Person
Mary_of_Hungary_Queen_of_Naples	child	Louis_of_Toulouse
Ren__II_Duke_of_Lorraine	child	Claude_Duke_of_Guise
Ingegerd_Olofsdotter_of_Sweden	child	Igor_Yaroslavich
Louis_Philippe_II_Duke_of_Orl_ans	child	Ad_la_de_d_Orl_ans
Edward_the_Elder	child	_thelstan
Maria_Christina_of_the_Two_Sicilies	child	Agust_n_Mar_a_Mu_oz_y_Borb_n_1st_Duke_of_Taranc_n
Archduchess_Eleanor_of_Austria_1582_1620	type	Person
Theobald_I_of_Navarre	father	Theobald_III_Count_of_Champagne
Eleanor_of_Aragon_Queen_of_Portugal	child	Ferdinand_Duke_of_Viseu
Peter_I_of_Portugal	parent	Afonso_IV_of_Portugal
Albert_I_of_Germany	child	Leopold_I_Duke_of_Austria
Joanna_of_Castile	father	Ferdinand_II_of_Aragon
Mar_a_Isabella_of_Spain	child	Princess_Maria_Amalia_of_the_Two_Sicilies_1818_1857
Marie_of_France_Countess_of_Champagne	type	Person
Peter_I_of_Portugal	child	Maria_of_Portugal_Marchioness_of_Tortosa
Henry_II_of_Castile	successor	John_I_of_Castile
Louis_Crato_Count_of_Nassau_Saarbr_cken	type	Person
Robert_II_Count_of_Dreux	child	Henri_de_Dreux
Ferdinand_III_of_Castile	child	Henry_of_Castile_the_Senator
Albert_VII_Archduke_of_Austria	type	Person
Henrietta_Maria	child	Charles_II_of_England
Marie_Eleonore_of_Cleves	child	Eleanor_of_Prussia
Charlotte_of_Mecklenburg_Strelitz	mother	Princess_Elisabeth_Albertine_of_Saxe_Hildburghausen
Dangereuse_de_l_Isle_Bouchard	father	Bartholomew_de_L_Isle_Bouchard
James_Hepburn_4th_Earl_of_Bothwell	type	Person
Albert_Azzo_I_Margrave_of_Milan	father	Oberto_II_Margrave_of_Milan
Anna_of_Holstei_Gottorp	type	Person
Elisabeth_of_Swabia	spouse	Ferdinand_III_of_Castile
Godfrey_I_Count_of_Verdun	spouse	Matilda_of_Saxony_countess_of_Flanders
John_of_Gaunt	child	Catherine_of_Lancaster
Francis_II_of_France	mother	Catherine_de_Medici
Maria_Christina_of_the_Two_Sicilies	parent	Mar_a_Isabella_of_Spain
Margaret_I_Countess_of_Flanders	parent	Thierry_Count_of_Flanders
Henry_VI_Count_of_Luxembourg	successor	Henry_VII_Holy_Roman_Emperor
Edward_III_of_England	predecessor	Edward_II_of_England
Henry_VII_of_England	father	Edmund_Tudor_1st_Earl_of_Richmond
Ferdinand_I_of_Aragon	successor	Alfonso_V_of_Aragon
Theobald_II_Duke_of_Lorraine	type	Person
Gerard_Duke_of_Lorraine	father	Gerard_de_Bouzonville
Boso_the_Elder	child	Teutberga
Maria_de_Medici_1540_1557	type	Person
Margaret_of_Anjou	mother	Isabella_Duchess_of_Lorraine
Violant_of_Bar	child	Yolande_of_Aragon
Louis_XVIII	predecessor	Napoleon
Charles_III_Duke_of_Lorraine	spouse	Claude_of_France_1547_1575
Mary_of_Hungary_Queen_of_Naples	child	Peter_Tempesta
Frederick_III_Holy_Roman_Emperor	predecessor	Ladislaus_the_Posthumous
spouse	type	http://www.w3.org/1999/02/22_rdf_syntax_ns#Property
_thelwulf_King_of_Wessex	father	Ecgberht_King_of_Wessex
Richard_II_of_England	successor	John_of_Gaunt
Louis_Duke_of_Savoy	child	Bona_of_Savoy
John_I_of_Portugal	child	Ferdinand_the_Holy_Prince
Landgravine_Elisabeth_Amalie_of_Hesse_Darmstadt	child	Maria_Sophia_of_Neuburg
Geoffrey_Plantagenet_Count_of_Anjou	successor	Henry_II_of_England
Maximilian_I_Holy_Roman_Emperor	type	Person
Blanche_of_France_Infanta_of_Castile	type	Person
Elisabeth_of_Austria_Queen_of_France	child	Marie_Elisabeth_of_France
David_Stewart_Earl_of_Strathearn	type	Person
Princess_Luisa_Cristina_of_Savoy	type	Person
Beatrice_of_Silesia	parent	Beatrice_of_Brandenburg
Princess_Augusta_of_Saxe_Gotha	child	Prince_Frederick_of_Great_Britain
Conrad_I_of_Burgundy	child	Rudolph_III_of_Burgundy
Anne_of_Burgundy	type	Person
Theobald_II_Duke_of_Lorraine	parent	Theobald_I_of_Navarre
Gerard_Duke_of_Lorraine	type	Person
Charles_the_Bold	parent	Isabella_of_Portugal_Duchess_of_Burgundy
Elizabeth_of_York	child	Henry_VIII
John_King_of_England	spouse	Isabella_Countess_of_Gloucester
Antoine_Duke_of_Montpensier	parent	Maria_Amalia_of_Naples_and_Sicily
Claude_of_France	child	Francis_III_Duke_of_Brittany
Landgravine_Elisabeth_Amalie_of_Hesse_Darmstadt	child	Charles_III_Philip_Elector_Palatine
Philip_III_of_Spain	father	Philip_II_of_Spain
Margaret_of_Brieg	spouse	Albert_I_Duke_of_Bavaria
Fulk_King_of_Jerusalem	father	Fulk_IV_Count_of_Anjou
Ren__of_Savoy	type	Person
Baldwin_IV_Count_of_Flanders	spouse	Eleanor_of_Normandy
Catalina_Micaela_of_Spain	spouse	Charles_Emmanuel_I_Duke_of_Savoy
Countess_Palatine_Caroline_of_Zweibr_cken	child	Natalia_Alexeievna_Wilhelmina_Louisa_of_Hesse_Darmstadt
Louis_Duke_of_Savoy	child	Marie_of_Savoy_Countess_of_Saint_Pol
Maria_Anna_of_Bavaria_born_1551	mother	Archduchess_Anna_of_Austria
Blanche_of_Burgundy	type	Person
Prince_William_Duke_of_Cumberland	type	Person
Adelaide_of_Auxerre_born_c._870	type	Person
Henry_V_of_England	type	Person
Otto_I_Duke_of_Brunswic_L_neburg	spouse	Matilda_of_Brandenburg_Duchess_of_Brunswic_L_neburg
Adela_of_France	spouse	Baldwin_V_Count_of_Flanders
Isabella_of_France	child	Joan_of_the_Tower
Casimir_IV_Jagiellon	type	Person
Eadhild	type	Person
Alfonso_VII_of_Le_n_and_Castile	child	Sancha_of_Castile_Queen_of_Navarre
Henrietta_of_England	child	Marie_Louise_d_Orl_ans
Adolphus_Frederick_I_Duke_of_Mecklenburg_Schwerin	spouse	Anna_Maria_of_Ostfriesland
Bonne_of_Luxembourg	child	Joan_of_Valois_Queen_of_Navarre
French_Revolution_of_1848	predecessor	Prince_Philippe_Count_of_Paris
Baldwin_V_Count_of_Hainaut	father	Baldwin_IV_Count_of_Hainaut
Peter_II_of_Aragon	predecessor	Alfonso_II_of_Aragon
Princess_Marie_Isabelle_of_Orl_ans	child	Prince_Ferdinand_Duke_of_Montpensier
Edward_King_of_Portugal	spouse	Eleanor_of_Aragon_Queen_of_Portugal
Charles_the_Bald	child	Rothilde
Eleanor_Clifford_Countess_of_Cumberland	type	Person
Ferdinand_Karl_Archduke_of_Austria_Este	type	Person
Desiderius	successor	Charlemagne
Frederick_II_Count_of_Vaud_mont	parent	Antoine_Count_of_Vaud_mont
Ferdinand_VI_of_Spain	successor	Charles_III_of_Spain
Francis_I_Holy_Roman_Emperor	child	Archduchess_Maria_Johanna_Gabriela_of_Austria
Otto_IV_Count_of_Burgundy	spouse	Mahaut_Countess_of_Artois
Mstislav_of_Chernigov	type	Person
Sviatoslav_I	child	Vladimir_the_Great
Welf_I_Duke_of_Bavaria	spouse	Ethelinde_of_Northeim
Catherine_of_Hungary_Queen_of_Serbia	type	Person
Charles_the_Simple	successor	Robert_I_of_France
Philip_the_Good	parent	Margaret_of_Bavaria
Francis_Count_of_Vend_me	parent	John_VIII_Count_of_Vend_me
Estrid_of_the_Obotrites	spouse	Olof_Sk_tkonung
Charles_VI_of_France	successor	Henry_VI_of_England
Sancho_IV_of_Castile	father	Alfonso_X_of_Castile
Peter_I_of_Portugal	child	John_I_of_Portugal
Henry_of_France_Archbishop_of_Reims	type	Person
Philip_de_Medici	type	Person
Emma_of_Italy	mother	Adelaide_of_Italy
Elizabeth_Gordon_Countess_of_Huntly	type	Person
Cosimo_I_de_Medici_Grand_Duke_of_Tuscany	child	Pietro_de_Medici
Lorenzo_de_Medici_Duke_of_Urbino	predecessor	Giuliano_de_Medici_Duke_of_Nemours
John_King_of_England	parent	Eleanor_of_Aquitaine
Henry_V_Holy_Roman_Emperor	type	Person
Elizabeth_of_Portugal	type	Person
Henry_V_Count_Palatine_of_the_Rhine	type	Person
Margaret_of_Savoy_Countess_of_Saint_Pol	spouse	John_IV_Marquis_of_Montferrat
Adela_of_Champagne	mother	Matilda_of_Carinthia
William_I_Count_of_Burgundy	parent	Alice_of_Normandy
Francis_V_Duke_of_Modena	predecessor	Francis_IV_Duke_of_Modena
Agust_n_Fernando_Mu_oz_y_S_nchez_1st_Duke_of_Ri_nsares	spouse	Maria_Christina_of_the_Two_Sicilies
Mary_de_Bohun	father	Humphrey_de_Bohun_7th_Earl_of_Hereford
Alfonso_XI_of_Castile	child	Henry_II_of_Castile
Yolande_of_Dreux_Duchess_of_Burgundy	parent	Robert_III_Count_of_Dreux
Joan_III_Countess_of_Burgundy	successor	Philip_I_Duke_of_Burgundy
Odo_II_Count_of_Blois	parent	Odo_I_Count_of_Blois
Francis_II_Duke_of_Lorraine	child	Charles_IV_Duke_of_Lorraine
Fulk_King_of_Jerusalem	child	Baldwin_III_of_Jerusalem
Ren__II_Duke_of_Lorraine	child	Louis_Count_of_Vaud_mont
Maria_Josepha_of_Saxony_Dauphine_of_France	spouse	Louis_Dauphin_of_France_son_of_Louis_XV
John_IV_Duke_of_Brittany	parent	John_of_Montfort
Beatrice_of_Portugal_died_1381	father	Peter_I_of_Portugal
Henry_the_Fowler	predecessor	Conrad_I_of_Germany
Anna_Canalis_di_Cumiana	spouse	Victor_Amadeus_II_of_Sardinia
Margaret_Countess_of_Anjou	child	Charles_II_Count_of_Alen_on
Charles_Emmanuel_I_Duke_of_Savoy	successor	Victor_Amadeus_I_Duke_of_Savoy
Sophia_of_Saxe_Weissenfels_Princess_of_Anhalt_Zerbst	father	Augustus_Duke_of_Saxe_Weissenfels
Conrad_IV_of_Germany	successor	Henry_VII_Holy_Roman_Emperor
Francis_II_Duke_of_Brittany	parent	Richard_Count_of__tampes
Ferdinand_Duke_of_Parma	type	Person
Vladimir_the_Great	spouse	Anna_Porphyrogenita
Maria_Amalia_of_Saxony	child	Infante_Philip_Duke_of_Calabria
Francis_I_of_France	predecessor	Louis_XII
Rurik	child	Igor_of_Kiev
Anna_of_Hesse	type	Person
Guy_III_of_Spoleto	predecessor	Charles_the_Fat
Sophie_of_Thuringia_Duchess_of_Brabant	type	Person
Ramon_Berenguer_I_Count_of_Barcelona	parent	Berenguer_Ramon_I_Count_of_Barcelona
Claude_of_France_1547_1575	spouse	Charles_III_Duke_of_Lorraine
John_Stewart_3rd_Earl_of_Lennox	father	Matthew_Stewart_2nd_Earl_of_Lennox
Madeleine_de_La_Tour_d_Auvergne	type	Person
Louis_Bonaparte	mother	Letizia_Bonaparte
Lucienne_of_Rochefort	spouse	Louis_VI_of_France
Joan_of_Brittany_Baroness_of_Drayton	type	Person
Eleanor_of_Provence	child	Edmund_Crouchback
Ferdinand_III_of_Castile	spouse	Joan_Countess_of_Ponthieu
Charles_Emmanuel_II_Duke_of_Savoy	predecessor	Francis_Hyacinth_Duke_of_Savoy
Letizia_Bonaparte	child	Joseph_Bonaparte
Ermengarde_of_Tuscany	type	Person
Edward_I_of_England	child	Edward_II_of_England
Landgravine_Elisabeth_Amalie_of_Hesse_Darmstadt	child	Eleonore_Magdalene_of_Neuburg
Henrietta_of_England	parent	Charles_I_of_England
Francis_I_of_France	father	Charles_Count_of_Angoul_me
Louis_XIV	child	Marie_Th_r_se_of_France_1667_1672
Robert_II_Count_of_Dreux	parent	Robert_I_Count_of_Dreux
Blanche_of_Navarre_Countess_of_Champagne	type	Person
Sancho_IV_of_Castile	child	Isabella_of_Castile_Queen_of_Aragon
Arnulf_II_Count_of_Flanders	father	Baldwin_III_Count_of_Flanders
John_I_of_Castile	mother	Juana_Manuel
Cosimo_de_Medici	successor	Piero_di_Cosimo_de_Medici
Sophie_of_France_1786_1787	type	Person
Edward_II_of_England	child	Edward_III_of_England
Eleanor_of_Portugal_Queen_of_Denmark	type	Person
Ramon_Berenguer_IV_Count_of_Provence	child	Sanchia_of_Provence
Ferdinand_Duke_of_Viseu	spouse	Beatriz_of_Portugal_Duchess_of_Viseu
Mary_of_Burgundy_Duchess_of_Cleves	child	Margaret_of_Cleves_Duchess_of_Bavaria_Munich
Louise_Henriette_de_Bourbon	type	Person
Victor_Amadeus_II_of_Sardinia	spouse	Anna_Canalis_di_Cumiana
Isabella_of_Portugal	parent	Maria_of_Aragon_Queen_of_Portugal
Henry_VII_Holy_Roman_Emperor	child	Marie_of_Luxembourg_Queen_of_France
Princess_Elisabeth_Albertine_of_Saxe_Hildburghausen	father	Ernest_Frederick_I_Duke_of_Saxe_Hildburghausen
Ren__of_Anjou	predecessor	Louis_III_of_Anjou
Elizabeth_Woodville	parent	Jacquetta_of_Luxembourg
Philip_the_Good	father	John_the_Fearless
Louis_Duke_of_Savoy	parent	Mary_of_Burgundy_Duchess_of_Savoy
Louis_Philippe_I_Duke_of_Orl_ans	parent	Auguste_of_Bade_Baden
Frederick_I_Count_of_Vaud_mont	spouse	Margaret_of_Joinville
William_I_Duke_of_Bavaria	type	Person
Henry_VI_of_England	successor	Edward_IV_of_England
Ramon_Berenguer_IV_Count_of_Provence	predecessor	Alfonso_II_Count_of_Provence
Joan_III_Countess_of_Burgundy	spouse	Odo_IV_Duke_of_Burgundy
Fulk_I_Count_of_Anjou	parent	Adelais_of_Amboise
Maria_of_Austria_Holy_Roman_Empress	father	Charles_V_Holy_Roman_Emperor
Henry_the_Lion	predecessor	Albert_the_Bear
Prince_George_William_of_Great_Britain	type	Person
Geoffrey_II_Duke_of_Brittany	type	Person
Beatrice_of_Savoy	child	Sanchia_of_Provence
Henry_I_of_Navarre	spouse	Blanche_of_Artois
Charles_IV_of_France	predecessor	Philip_V_of_France
John_I_of_Castile	parent	Henry_II_of_Castile
Eleanor_of_England_Queen_of_Castile	parent	Eleanor_of_Aquitaine
Anna_Maria_of_Mecklenburg_Schwerin	child	Sophia_of_Saxe_Weissenfels_Princess_of_Anhalt_Zerbst
Philip_III_of_France	child	Louis_of_France_1264_1276
Yaroslav_the_Wise	spouse	Ingegerd_Olofsdotter_of_Sweden
Philippe_II_Duke_of_Orl_ans	father	Philippe_I_Duke_of_Orl_ans
Louis_Duke_of_Orl_ans_1703_1752	child	Louise_Marie_d_Orl_ans
Robert_II_Duke_of_Burgundy	parent	Hugh_IV_Duke_of_Burgundy
Hugh_Despenser_the_Elder	type	Person
Isabella_of_Valois_Duchess_of_Bourbon	type	Person
Ferdinand_Count_of_Flanders	type	Person
Empress_Matilda	spouse	Geoffrey_Plantagenet_Count_of_Anjou
Fulk_II_Count_of_Anjou	type	Person
Baldwin_II_Margrave_of_Flanders	parent	Baldwin_I_Margrave_of_Flanders
Maria_of_Aragon_Queen_of_Portugal	child	Duarte_Duke_of_Guimar_es_1515_1540
Anne_of_Brittany	predecessor	Francis_II_Duke_of_Brittany
Magdalena_of_Saxony	type	Person
Maria_of_Swabia	father	Philip_of_Swabia
Anne_Queen_of_Great_Britain	successor	George_I_of_Great_Britain
James_Gordon_Jesuit	type	Person
Pepin_the_Short	successor	Charlemagne
Germaine_of_Foix	type	Person
Anne_of_Bohemia_and_Hungary	parent	Vladislaus_II_of_Hungary
Theobald_I_of_Navarre	spouse	Frederick_III_Duke_of_Lorraine
Archduchess_Maria_Theresa_of_Austria_Este_1817_1886	mother	Maria_Beatrice_of_Savoy
Napoleon_II	father	Napoleon
Philip_IV_of_France	parent	Isabella_of_Aragon_Queen_of_France
Elizabeth_of_York	parent	Edward_IV_of_England
Louis_Count_of_Vend_me	type	Person
Antoine_Count_of_Vaud_mont	parent	Margaret_of_Joinville
James_Stewart_5th_High_Steward_of_Scotland	parent	Alexander_Stewart_4th_High_Steward_of_Scotland
Hugh_Capet	father	Hugh_the_Great
Leopold_Duke_of_Lorraine	child	Princess_Anne_Charlotte_of_Lorraine
Marie_Antoinette	parent	Francis_I_Holy_Roman_Emperor
Stephen_III_of_Auxonne	type	Person
Henry_the_Lion	child	Matilda_of_Saxony_1172_1209/10
Baldwin_IV_Count_of_Hainaut	parent	Baldwin_III_Count_of_Hainaut
Charles_V_Holy_Roman_Emperor	successor	Philip_II_of_Spain
Agnes_of_Rochlitz	parent	Dedi_III_Margrave_of_Lusatia
Philip_V_of_Spain	father	Louis_Dauphin_of_France_son_of_Louis_XIV
Joan_of_Valois_Duchess_of_Alen_on	type	Person
Sancho_Alfonso	spouse	Beatrice_of_Portugal_died_1381
Alexander_Stewart_of_Darnley_died_1404	type	Person
Charles_Count_of_Angoul_me	type	Person
Lucien_Bonaparte	type	Person
Otto_II_Duke_of_Bavaria	parent	Louis_I_Duke_of_Bavaria
Blanche_of_Castile	parent	Alfonso_VIII_of_Castile
Elizabeth_of_Austria_1436_1505	child	Barbara_Jagiellon
Elisabeth_of_Nuremberg	spouse	Rupert_King_of_the_Romans
Elizabeth_Charlotte_Madame_Palatine	spouse	Philippe_I_Duke_of_Orl_ans
Margaret_of_Valois	spouse	Henry_IV_of_France
Joan_II_Countess_of_Burgundy	predecessor	Mahaut_Countess_of_Artois
Henry_III_of_France	parent	Catherine_de_Medici
Maud_Chaworth	parent	Isabella_de_Beauchamp
Duke_Charles_Louis_Frederick_of_Mecklenburg	child	Duke_Ernest_Gottlob_of_Mecklenburg
Maud_Chaworth	father	Patrick_de_Chaworth_Lord_of_Kidwelly
Matilda_of_France	parent	Louis_IV_of_France
Ernest_Augustus_Elector_of_Hanover	parent	Anna_Eleonore_of_Hesse_Darmstadt
Hugh_Capet	spouse	Adelaide_of_Aquitaine
Philip_I_of_Castile	child	Mary_of_Hungary_governor_of_the_Netherlands
Henry_II_of_France	father	Francis_I_of_France
Eleanor_of_Toledo	type	Person
Mary_of_Hungary_Queen_of_Naples	child	Eleanor_of_Anjou
Charles_Emmanuel_III_of_Sardinia	child	Prince_Vittorio_Amedeo_Teodoro_Duke_of_Aosta
Alfonso_VII_of_Le_n_and_Castile	successor	Ferdinand_II_of_Le_n
Charles_Count_of_Valois	spouse	Catherine_I_Latin_Empress
Godfrey_I_Count_of_Louvain	spouse	Clementia_of_Burgundy
Maria_Beatrice_of_Savoy	spouse	Francis_IV_Duke_of_Modena
Afonso_III_of_Portugal	child	Urraca_Afonso
Henry_V_of_England	mother	Mary_de_Bohun
Hedwig_of_France_Countess_of_Nevers	type	Person
Joan_I_of_Navarre	child	Louis_X_of_France
Reginar_III_Count_of_Hainaut	mother	Adelaide_of_Burgundy_born_c._896
Hortense_de_Beauharnais	spouse	Louis_Bonaparte
Frederick_Christian_Elector_of_Saxony	type	Person
George_Duke_of_Brunswic_Calenberg	spouse	Anna_Eleonore_of_Hesse_Darmstadt
Joan_Beaufort_Queen_of_Scots	father	John_Beaufort_1st_Earl_of_Somerset
Mary_Queen_of_Scots	spouse	Henry_Stuart_Lord_Darnley
Maud_Chaworth	spouse	Henry_3rd_Earl_of_Lancaster
John_I_Duke_of_Brittany	child	Alix_of_Brittany_Dame_de_Pontarcy
Louis_the_German	parent	Ermengarde_of_Hesbaye
Mary_of_Hungary_governor_of_the_Netherlands	type	Person
Joan_of_Ponthieu_Dame_of_Epernon	type	Person
Albert_V_Duke_of_Bavaria	spouse	Archduchess_Anna_of_Austria
Louis_the_Pious	father	Charlemagne
Prince_Frederick_Duke_of_York_and_Albany	type	Person
Charles_the_Bold	spouse	Isabella_of_Bourbon
William_VIII_Duke_of_Aquitaine	spouse	Hildegarde_of_Burgundy
Maria_Carolina_of_Austria	child	Francis_I_of_the_Two_Sicilies
John_I_Duke_of_Lorraine	child	Charles_II_Duke_of_Lorraine
Margaret_Stewart_Dauphine_of_France	parent	James_I_of_Scotland
John_Stewart_of_Darnley	father	Alexander_Stewart_of_Darnley_died_1404
Mar_a_Isabella_of_Spain	child	Ferdinand_II_of_the_Two_Sicilies
John_IV_Duke_of_Brittany	child	Richard_Count_of__tampes
Philippa_of_Hainault	spouse	Edward_III_of_England
Jeanne_d_Albret	type	Person
Matilda_of_Boulogne_Duchess_of_Brabant	type	Person
Margaret_of_Cleves_Duchess_of_Bavaria_Munich	type	Person
Ferdinand_II_of_Aragon	type	Person
Edward_the_Elder	father	Alfred_the_Great
John_Gordon_Lord_Gordon	type	Person
Adelaide_of_Aquitaine	parent	William_III_Duke_of_Aquitaine
Simon_I_Duke_of_Lorraine	mother	Hedwig_of_Formbach
James_I_Count_of_La_Marche	child	John_I_Count_of_La_Marche
Conrad_I_of_Burgundy	successor	Rudolph_III_of_Burgundy
Emmanuel_Philibert_Duke_of_Savoy	father	Charles_III_Duke_of_Savoy
Madeleine_de_La_Tour_d_Auvergne	parent	Jeanne_de_Bourbon_Duchess_of_Bourbon
Maria_Josepha_of_Saxony_Dauphine_of_France	child	Louis_Duke_of_Burgundy_1751_1761
Margaret_of_Brieg	parent	Louis_I_of_Brzeg
Prince_Philippe_Count_of_Paris	child	Am_lie_of_Orl_ans
Charles_VII_of_France	child	Yolande_of_Valois
William_IX_Duke_of_Aquitaine	type	Person
Sophie_of_Brunswic_L_neburg	type	Person
Charles_Emmanuel_II_Duke_of_Savoy	mother	Christine_of_France
Augustus_Duke_of_Saxe_Weissenfels	type	Person
Charlotte_Agla__d_Orl_ans	child	Princess_Matilde_d_Este
Robert_II_of_Scotland	child	Walter_Stewart_Lord_of_Fife
Rixa_of_Werle	type	Person
James_V_of_Scotland	parent	Margaret_Tudor
Sophia_of_Minsk	parent	Volodar_Glebovich_Prince_of_Minsk
Frederick_II_Duke_of_Brunswic_L_neburg	type	Person
Ranulf_II_of_Aquitaine	type	Person
Louis_XI	child	Joan_of_France_Duchess_of_Berry
Francis_II_Duke_of_Brittany	father	Richard_Count_of__tampes
Charles_Duke_of_Vend_me	child	Louis_Prince_of_Cond__1530_1569
Isabella_of_Portugal	child	Maria_of_Austria_Holy_Roman_Empress
Maud_FitzJohn_Countess_of_Warwick	parent	John_Fitzgeoffrey
Charles_Duke_of_Orl_ans	child	Marie_of_Orl_ans_Viscountess_of_Narbonne
Nicholas_d_Oisy_Lord_of_Avesnes	father	Walter_I_Lord_of_Avesnes
Robert_III_Count_of_Dreux	predecessor	Robert_II_Count_of_Dreux
Odo_I_Duke_of_Burgundy	child	Florine_of_Burgundy
Princess_Augusta_of_Saxe_Gotha	child	Princess_Elizabeth_of_Great_Britain
Prince_Philippe_Count_of_Paris	child	Princess_H_l_ne_of_Orl_ans
Anna_Maria_of_Mecklenburg_Schwerin	spouse	Augustus_Duke_of_Saxe_Weissenfels
Judith_of_Flanders	spouse	_thelwulf_King_of_Wessex
Otto_IV_Count_of_Burgundy	predecessor	Adelaide_Countess_of_Burgundy
Louis_Duke_of_Burgundy	father	Louis_Dauphin_of_France_son_of_Louis_XIV
Louis_IV_Holy_Roman_Emperor	spouse	Beatrice_of_Silesia
Hugh_III_Duke_of_Burgundy	parent	Odo_II_Duke_of_Burgundy
Charles_VII_of_France	parent	Charles_VI_of_France
Philip_IV_of_France	parent	Philip_III_of_France
Joan_I_Countess_of_Auvergne	type	Person
George_III	child	Princess_Sophia_of_the_United_Kingdom
Odo_II_Count_of_Blois	spouse	Maud_of_Normandy
Giuliano_de_Medici_Duke_of_Nemours	successor	Lorenzo_de_Medici_Duke_of_Urbino
Letizia_Bonaparte	child	Louis_Bonaparte
Alfonsina_Orsini	spouse	Piero_the_Unfortunate
Richard_Woodville_1st_Earl_Rivers	spouse	Jacquetta_of_Luxembourg
Sophia_of_Saxe_Weissenfels_Princess_of_Anhalt_Zerbst	mother	Anna_Maria_of_Mecklenburg_Schwerin
Frederick_III_Holy_Roman_Emperor	father	Ernest_Duke_of_Austria
Princess_Caroline_Louise_of_Saxe_Weimar_Eisenach	parent	Karl_August_Grand_Duke_of_Saxe_Weimar_Eisenach
Isabella_Duchess_of_Lorraine	father	Charles_II_Duke_of_Lorraine
Philip_V_of_France	mother	Joan_I_of_Navarre
Constance_of_Austria	type	Person
Giovanni_di_Bicci_de_Medici	parent	Averardo_de_Medici
Euphemia_de_Ross	spouse	Robert_II_of_Scotland
Victor_Amadeus_III_of_Sardinia	child	Maria_Anna_of_Savoy_Duchess_of_Chablais
Henri_Count_of_Chambord	mother	Marie_Caroline_of_Bourbo_Two_Sicilies_Duchess_of_Berry
Henry_III_of_England	spouse	Eleanor_of_Provence
Valdemar_I_of_Denmark	child	Ingeborg_of_Denmark_Queen_of_France
Ecgberht_King_of_Wessex	successor	_thelwulf_King_of_Wessex
Maria_Amalia_of_Naples_and_Sicily	child	Louise_of_Orl_ans
John_IV_Duke_of_Brittany	child	Marie_of_Brittany_Lady_of_La_Guerche
Charles_V_Holy_Roman_Emperor	father	Philip_I_of_Castile
Elizabeth_Woodville	child	Catherine_of_York
Louis_the_Pious	parent	Hildegard_of_the_Vinzgau
Alfonso_XI_of_Castile	type	Person
Philip_VI_of_France	mother	Margaret_Countess_of_Anjou
Joanna_II_of_Naples	type	Person
Sophia_of_Hanover	spouse	Ernest_Augustus_Elector_of_Hanover
Marie_of_Luxembourg_Countess_of_Vend_me	mother	Margaret_of_Savoy_Countess_of_Saint_Pol
Henry_IV_of_France	child	Christine_of_France
Maria_Theresa_of_Spain	child	Marie_Th_r_se_of_France_1667_1672
Philibert_II_Duke_of_Savoy	predecessor	Philip_II_Duke_of_Savoy
Robert_II_of_Scotland	spouse	Euphemia_de_Ross
Hugh_II_Duke_of_Burgundy	father	Odo_I_Duke_of_Burgundy
Henry_VII_of_England	child	Arthur_Prince_of_Wales
Joan_the_Lame	parent	Robert_II_Duke_of_Burgundy
Agnes_of_Burgundy_Duchess_of_Bourbon	predecessor	Marie_Duchess_of_Auvergne
Robert_Count_of_Clermont	spouse	Beatrice_of_Burgundy_Lady_of_Bourbon
Maria_Luisa_of_Spain	child	Archduke_Alexander_Leopold_of_Austria
James_II_of_Scotland	predecessor	James_I_of_Scotland
Sancho_III_of_Castile	child	Alfonso_VIII_of_Castile
Peter_II_of_Aragon	successor	James_I_of_Aragon
Lambert_II_Count_of_Louvain	father	Lambert_I_Count_of_Louvain
Ferdinand_Karl_Archduke_of_Austria_Este	mother	Maria_Theresa
Joanna_of_Castile	successor	Charles_V_Holy_Roman_Emperor
Joan_Fitzalan_Countess_of_Hereford	type	Person
Ramon_Berenguer_IV_Count_of_Provence	child	Eleanor_of_Provence
Arnulf_Count_of_Holland	father	Dirk_II_Count_of_Holland
Adelais_of_Amboise	type	Person
Edward_I_of_England	successor	Edward_II_of_England
Mahaut_Countess_of_Artois	mother	Amicie_de_Courtenay
Anne_of_Bohemia_and_Hungary	father	Vladislaus_II_of_Hungary
Marged_ferch_Tomos	type	Person
Adam_Albert_von_Neipperg	spouse	Marie_Louise_Duchess_of_Parma
Boso_Margrave_of_Tuscany	spouse	Willa_of_Burgundy
Piero_di_Cosimo_de_Medici	spouse	Lucrezia_Tornabuoni
John_II_Count_of_Holland	type	Person
Maria_of_Aragon_Queen_of_Portugal	parent	Isabella_I_of_Castile
Beatrice_of_Savoy	child	Eleanor_of_Provence
Ferdinand_IV_of_Castile	child	Alfonso_XI_of_Castile
Sancho_IV_of_Castile	type	Person
Jacquetta_of_Luxembourg	child	Catherine_Woodville_Duchess_of_Buckingham
Francis_II_Duke_of_Lorraine	parent	Charles_III_Duke_of_Lorraine
Charles_III_of_Spain	parent	Elisabeth_Farnese
Bertha_of_Holland	type	Person
Eleanor_of_Castile_Queen_of_Navarre	type	Person
Philip_III_of_Navarre	parent	Margaret_of_Artois
Philip_IV_of_Spain	child	John_Joseph_of_Austria
Henry_I_Count_of_Champagne	parent	Matilda_of_Carinthia
Francis_I_Holy_Roman_Emperor	child	Archduchess_Maria_Elisabeth_of_Austria_born_1737
Welf_I_Duke_of_Bavaria	parent	Kunigunde_of_Altdorf
Gertrude_of_Hohenberg	child	Judith_of_Habsburg
Isabelle_of_France_saint	type	Person
Francis_I_Holy_Roman_Emperor	child	Archduke_Maximilian_Francis_of_Austria
Louis_IV_Holy_Roman_Emperor	child	Albert_I_Duke_of_Bavaria
John_I_of_Portugal	child	Afonso_I_Duke_of_Braganza
Odo_II_Duke_of_Burgundy	predecessor	Hugh_II_Duke_of_Burgundy
Blanche_of_Artois	child	Thomas_2nd_Earl_of_Lancaster
Anne_of_Bohemia_and_Hungary	child	Archduchess_Anna_of_Austria
Maria_Teresa_Cybo_Malaspina_Duchess_of_Massa	parent	Alderano_I_Cybo_Malaspina
Gertrude_of_Flanders_Duchess_of_Lorraine	type	Person
Eleanor_of_Aragon_Queen_of_Castile	spouse	John_I_of_Castile
Pepin_the_Short	type	Person
Elisabeth_of_Nuremberg	mother	Elisabeth_of_Meissen
Joan_III_Countess_of_Burgundy	father	Philip_V_of_France
Judith_of_Bavaria_died_843	successor	Hemma
Napoleon	spouse	Empress_Jos_phine
Charles_VI_of_France	parent	Joanna_of_Bourbon
Adelaide_of_Tours	type	Person
Henry_III_of_England	child	Katherine_of_England
Ferdinand_III_of_Castile	child	Frederick_of_Castile
Edward_I_of_England	child	Joan_of_Acre
Henry_of_Bohemia	successor	Albert_II_Duke_of_Austria
John_the_Fearless	child	Margaret_of_Nevers
Landgravine_Elisabeth_Amalie_of_Hesse_Darmstadt	parent	George_II_Landgrave_of_Hesse_Darmstadt
Adelaide_of_Maurienne	child	Philip_of_France_Archdeacon_of_Paris
Edward_I_of_England	child	Alphonso_Earl_of_Chester
Robert_II_Count_of_Dreux	child	Philippa_of_Dreux
Maria_Teresa_Rafaela_of_Spain	spouse	Louis_Dauphin_of_France_son_of_Louis_XV
Constance_of_Arles	parent	Adelaide_Blanche_of_Anjou
John_IV_Duke_of_Brittany	child	Arthur_III_Duke_of_Brittany
Henry_X_Duke_of_Bavaria	parent	Henry_IX_Duke_of_Bavaria
Ferdinand_IV_of_Castile	successor	Alfonso_XI_of_Castile
William_III_of_M_con	parent	Stephen_I_Count_of_Burgundy
Duke_Charles_Louis_Frederick_of_Mecklenburg	child	Duke_George_Augustus_of_Mecklenburg
Peter_of_Courtenay_Lord_of_Conches	parent	Robert_of_Courtenay_Lord_of_Champignelles
Maria_Amalia_of_Naples_and_Sicily	child	Antoine_Duke_of_Montpensier
Guy_Count_of_Flanders	type	Person
Louis_Philippe_II_Duke_of_Orl_ans	spouse	Louise_Marie_Ad_la_de_de_Bourbon_Duchess_of_Orl_ans
Amadeus_VIII_Duke_of_Savoy	parent	Amadeus_VII_Count_of_Savoy
George_Gordon_4th_Earl_of_Huntly	child	Jean_Gordon_Countess_of_Bothwell
Victor_Amadeus_III_of_Sardinia	parent	Charles_Emmanuel_III_of_Sardinia
Philip_II_of_Spain	child	Ferdinand_Prince_of_Asturias
Matthias_I_Duke_of_Lorraine	predecessor	Simon_I_Duke_of_Lorraine
Ferdinand_Karl_Archduke_of_Austria_Este	child	Archduke_Ferdinand_Karl_Joseph_of_Austria_Este
Charles_VII_Holy_Roman_Emperor	successor	Maria_Theresa
Ferdinand_IV_of_Castile	mother	Mar_a_de_Molina
Clemence_of_Austria	parent	Gertrude_of_Hohenberg
Charles_the_Bald	mother	Judith_of_Bavaria_died_843
Anne_Marie_d_Orl_ans	mother	Henrietta_of_England
Anne_of_Cyprus	mother	Charlotte_of_Bourbon_Queen_of_Cyprus
Claude_Duke_of_Guise	spouse	Antoinette_of_Bourbon
Sviatoslav_I	type	Person
John_III_Count_of_Auvergne	spouse	Jeanne_de_Bourbon_Duchess_of_Bourbon
Ernest_Duke_of_Austria	successor	Frederick_III_Holy_Roman_Emperor
Claudine_de_Brosse	spouse	Philip_II_Duke_of_Savoy
Alfonso_IX_of_Le_n	child	Ferdinand_III_of_Castile
Antonio_Farnese_Duke_of_Parma	successor	Charles_III_of_Spain
Albert_I_of_Germany	child	Frederick_the_Fair
Charles_VII_of_France	child	Catherine_of_France_Countess_of_Charolais
Louis_VII_of_France	spouse	Eleanor_of_Aquitaine
Philippa_of_Hainault	mother	Joan_of_Valois_Countess_of_Hainaut
Urraca_of_Castile_Queen_of_Navarre	type	Person
Constanza_Manuel	spouse	Alfonso_XI_of_Castile
Haziga_of_Diessen	spouse	Otto_I_Count_of_Scheyern
Ferdinand_IV_of_Castile	predecessor	Sancho_IV_of_Castile
Eadgifu_of_Wessex	spouse	Charles_the_Simple
Maria_Beatrice_of_Savoy	child	Archduke_Ferdinand_Karl_Viktor_of_Austria_Este
Agnes_of_Cleves	type	Person
Maria_Theresa	parent	Elisabeth_Christine_of_Brunswic_Wolfenb_ttel
Richard_Count_of__tampes	father	John_IV_Duke_of_Brittany
Margaret_of_Bavaria	mother	Margaret_of_Brieg
Frederick_II_Duke_of_Brunswic_L_neburg	parent	Bernard_I_Duke_of_Brunswic_L_neburg
Louise_of_Savoy	child	Margaret_of_Valois_Angoul_me
Constance_of_Castile	mother	Berengaria_of_Barcelona
Charles_V_of_France	child	Louis_I_Duke_of_Orl_ans
Charles_Martel	parent	Alpaida
Hugh_III_Duke_of_Burgundy	father	Odo_II_Duke_of_Burgundy
Afonso_IV_of_Portugal	parent	Denis_of_Portugal
Hamelin_de_Warenne_Earl_of_Surrey	type	Person
Charlotte_of_Bourbon_Queen_of_Cyprus	spouse	Janus_of_Cyprus
Anna_Jagiellon_Duchess_of_Pomerania	type	Person
Louise_of_Savoy	child	Francis_I_of_France
Luisa_of_Naples_and_Sicily	type	Person
Agnes_de_Baudemont	successor	Robert_II_Count_of_Dreux
Albert_I_of_Germany	child	Henry_the_Friendly
Matilda_of_Scotland	child	Empress_Matilda
Bertha_of_Holland	parent	Gertrude_of_Saxony
John_II_of_France	successor	Charles_V_of_France
Robert_III_of_Worms	parent	Robert_II_Count_of_Hesbaye
Henry_II_of_France	mother	Claude_of_France
Theobald_III_Count_of_Champagne	parent	Henry_I_Count_of_Champagne
Rudolf_I_of_Bohemia	type	Person
Helie_of_Semur	spouse	Robert_I_Duke_of_Burgundy
Mar_a_Isabella_of_Spain	child	Princess_Maria_Antonia_of_the_Two_Sicilies
Anne_of_Brittany	child	Charles_Orlando_Dauphin_of_France
Marie_of_Luxembourg_Countess_of_Vend_me	parent	Peter_II_Count_of_Saint_Pol
Isabella_of_Aragon_Queen_of_France	child	Louis_of_France_1264_1276
Afonso_I_of_Portugal	spouse	Matilda_of_Savoy_Queen_of_Portugal
Edward_II_of_England	predecessor	Eleanor_of_Castile
Robert_II_Count_of_Dreux	child	Robert_III_Count_of_Dreux
Yolande_of_Aragon	parent	John_I_of_Aragon
Louis_IV_of_France	parent	Charles_the_Simple
Agnes_of_Burgundy_Duchess_of_Bourbon	type	Person
Adelaide_of_Tours	spouse	Conrad_I_Count_of_Auxerre
Ferdinand_Duke_of_Viseu	child	Isabel_of_Viseu
Peter_I_of_Portugal	father	Afonso_IV_of_Portugal
Henry_the_Lion	predecessor	Henry_II_Duke_of_Austria
Claude_of_France	child	Madeleine_of_Valois
Bona_of_Savoy	child	Hermes_Maria_Sforza
Peter_I_of_Portugal	child	Denis_Lord_of_Cifuentes
Frederick_Prince_of_Wales	child	George_III
Joan_of_Valois_Countess_of_Hainaut	child	Philippa_of_Hainault
Louis_VI_of_France	child	Peter_I_of_Courtenay
Elizabeth_of_Austria_1436_1505	father	Albert_II_of_Germany
Humbert_II_Count_of_Savoy	parent	Joan_of_Geneva
Joanna_of_Castile	spouse	Philip_I_of_Castile
William_VIII_Duke_of_Aquitaine	father	William_V_Duke_of_Aquitaine
James_Hepburn_4th_Earl_of_Bothwell	spouse	Jean_Gordon_Countess_of_Bothwell
Helena_of_Denmark	type	Person
_thelswith	type	Person
Ernest_I_Duke_of_Brunswic_L_neburg	successor	William_the_Younger_Duke_of_Brunswic_L_neburg
Sophia_Eleonore_of_Saxony	spouse	George_II_Landgrave_of_Hesse_Darmstadt
Ramon_Berenguer_IV_Count_of_Provence	predecessor	Garsenda_Countess_of_Forcalquier
Maria_Josepha_of_Saxony_Dauphine_of_France	child	_lisabeth_of_France
Archduchess_Maria_Carolina_of_Austria_born_1740	type	Person
Maria_Theresa	child	Archduchess_Maria_Carolina_of_Austria_stillborn_1748
James_IV_of_Scotland	successor	James_V_of_Scotland
Nicolas_Duke_of_Merc_ur	type	Person
Ferdinand_II_of_Aragon	spouse	Germaine_of_Foix
James_IV_of_Scotland	parent	James_III_of_Scotland
Floris_I_Count_of_Holland	spouse	Gertrude_of_Saxony
Louis_IV_of_France	parent	Eadgifu_of_Wessex
Charles_the_Fat	predecessor	Carloman_II
Garsenda_Countess_of_Forcalquier	type	Person
Maria_Theresa_of_Savoy	spouse	Charles_X
Pope_Clement_VII	predecessor	Lorenzo_de_Medici_Duke_of_Urbino
Reginald_I_Count_of_Burgundy	parent	Otto_William_Count_of_Burgundy
Berengaria_of_Barcelona	spouse	Alfonso_VII_of_Le_n_and_Castile
Robert_II_Count_of_Hesbaye	type	Person
Francis_II_Holy_Roman_Emperor	child	Ferdinand_I_of_Austria
Magnus_the_Strong	spouse	Richeza_of_Poland_Queen_of_Sweden
Geoffrey_Plantagenet_Count_of_Anjou	predecessor	Fulk_King_of_Jerusalem
Matilda_of_France	child	Bertha_of_Burgundy
Ferdinand_I_Holy_Roman_Emperor	successor	Charles_II_Archduke_of_Austria
Francis_II_Duke_of_Brittany	mother	Margaret_Countess_of_Vertus
John_Fitzgeoffrey	type	Person
Ferdinand_Karl_Archduke_of_Austria_Este	parent	Francis_I_Holy_Roman_Emperor
Otto_II_Duke_of_Bavaria	type	Person
Ferdinand_II_of_Aragon	child	Catherine_of_Aragon
Jacquetta_of_Luxembourg	child	Anthony_Woodville_2nd_Earl_Rivers
Ferdinand_II_of_Le_n	type	Person
Letizia_Bonaparte	spouse	Carlo_Buonaparte
Joanna_of_Austria_Grand_Duchess_of_Tuscany	child	Eleanor_de_Medici
Henry_Count_of_Portugal	parent	Henry_son_of_Robert_I_of_Burgundy
Henry_I_of_England	type	Person
Henry_Stuart_Lord_Darnley	spouse	Mary_Queen_of_Scots
Vladimir_the_Great	type	Person
Mahaut_of_Ch_tillon	parent	Marie_of_Brittany_Countess_of_Saint_Pol
Clementia_of_Burgundy	spouse	Godfrey_I_Count_of_Louvain
Edward_King_of_Portugal	child	Eleanor_of_Portugal_Holy_Roman_Empress
Odo_I_Count_of_Blois	parent	Theobald_I_Count_of_Blois
Alfonso_II_Count_of_Provence	spouse	Garsenda_Countess_of_Forcalquier
Alice_of_Normandy	type	Person
Philip_IV_of_France	type	Person
Marjorie_Bruce	spouse	Walter_Stewart_6th_High_Steward_of_Scotland
Afonso_II_of_Portugal	predecessor	Sancho_I_of_Portugal
Charles_Duke_of_Orl_ans	child	Anne_of_Orl_ans_Abbess_of_Fontevraud
Agnes_of_France_Duchess_of_Burgundy	mother	Margaret_of_Provence
Eleanor_of_Navarre	child	John_of_Foix_Viscount_of_Narbonne
Isabella_of_Portugal	child	Joanna_of_Austria_Princess_of_Portugal
Edward_the_Elder	child	Eadburh_of_Winchester
Louis_II_of_Anjou	spouse	Yolande_of_Aragon
Margaret_of_Anjou	child	Edward_of_Westminster_Prince_of_Wales
Berthold_II_Count_of_Andechs	type	Person
Philip_IV_of_Spain	parent	Margaret_of_Austria_Queen_of_Spain
Philippe_I_Duke_of_Orl_ans	predecessor	Gaston_Duke_of_Orl_ans
Hugh_I_Duke_of_Burgundy	successor	Odo_I_Duke_of_Burgundy
Francis_I_Holy_Roman_Emperor	predecessor	Maria_Theresa
John_King_of_England	child	Joan_of_England_Queen_of_Scotland
Fulk_IV_Count_of_Anjou	child	Fulk_King_of_Jerusalem
Matthias_I_Duke_of_Lorraine	parent	Adelaide_of_Leuven
Henrietta_Maria	child	James_II_of_England
Prince_Philippe_Count_of_Paris	successor	Jacques_Charles_Dupont_de_l_Eure
Charles_III_of_Spain	predecessor	Ferdinand_VI_of_Spain
Joanna_of_Austria_Grand_Duchess_of_Tuscany	parent	Ferdinand_I_Holy_Roman_Emperor
John_the_Fearless	parent	Philip_the_Bold
Theodoric_II_Duke_of_Lorraine	spouse	Hedwig_of_Formbach
Margaret_of_Flanders_Duchess_of_Brabant	parent	Guy_Count_of_Flanders
Geoffrey_archbishop_of_York	type	Person
Ferdinand_Duke_of_Viseu	parent	Eleanor_of_Aragon_Queen_of_Portugal
Raymond_of_Burgundy	successor	Henry_Count_of_Portugal
Maria_of_Aragon_Queen_of_Portugal	child	Henry_King_of_Portugal
Joanna_of_Pfirt	spouse	Albert_II_Duke_of_Austria
Henry_X_Duke_of_Bavaria	father	Henry_IX_Duke_of_Bavaria
Elisabeth_Christine_of_Brunswic_Wolfenb_ttel	father	Louis_Rudolph_Duke_of_Brunswic_L_neburg
Maria_Luisa_of_Spain	mother	Maria_Amalia_of_Saxony
Margaret_of_Bavaria	parent	Albert_I_Duke_of_Bavaria
Francesco_I_de_Medici_Grand_Duke_of_Tuscany	child	Eleanor_de_Medici
Gilbert_Duke_of_Lorraine	spouse	Gerberga_of_Saxony
Yolanda_Latin_Empress	child	Henry_II_of_Namur
William_Willoughby_11th_Baron_Willoughby_de_Eresby	type	Person
Maria_Luisa_of_Spain	child	Archduke_Anton_Victor_of_Austria
Elisabeth_Farnese	parent	Countess_Palatine_Dorothea_Sophie_of_Neuburg
Charles_Emmanuel_I_Duke_of_Savoy	type	Person
Louis_IV_of_France	child	Charles_Duke_of_Lower_Lorraine
Caroline_of_Ansbach	type	Person
Hugh_of_Tours	type	Person
Louis_III_of_Anjou	type	Person
Charles_III_of_Spain	successor	Charles_VI_Holy_Roman_Emperor
Mar_a_Isabella_of_Spain	spouse	Francis_I_of_the_Two_Sicilies
Marie_of_Luxembourg_Countess_of_Vend_me	type	Person
Ernest_Augustus_Elector_of_Hanover	child	Ernest_Augustus_Duke_of_York_and_Albany
Baldwin_IV_Count_of_Flanders	parent	Arnulf_II_Count_of_Flanders
Eleanor_of_Navarre	child	Catherine_of_Foix_Countess_of_Candale
James_III_of_Scotland	type	Person
Godfrey_II_Count_of_Louvain	parent	Godfrey_I_Count_of_Louvain
Gertrude_of_Bavaria	type	Person
Elisabeth_Christine_of_Brunswic_Wolfenb_ttel	spouse	Charles_VI_Holy_Roman_Emperor
Gertrude_of_Saxony	spouse	Robert_I_Count_of_Flanders
Eleanor_of_Austria	father	Philip_I_of_Castile
Francis_Count_of_Vend_me	father	John_VIII_Count_of_Vend_me
Hedwig_of_Saxony	spouse	Hugh_the_Great
Ginevra_Cavalcanti	spouse	Lorenzo_the_Elder
Henry_III_of_England	child	Edmund_Crouchback
Anne_of_Kiev	parent	Yaroslav_the_Wise
Mary_Tudor_Queen_of_France	spouse	Charles_Brandon_1st_Duke_of_Suffolk
Louis_Bonaparte	spouse	Hortense_de_Beauharnais
Mar_a_de_Molina	spouse	Sancho_IV_of_Castile
Leopold_Duke_of_Lorraine	child	Elisabeth_Therese_of_Lorraine
Charles_Emmanuel_I_Duke_of_Savoy	child	Margaret_of_Savoy_Vicereine_of_Portugal
John_the_Fearless	mother	Margaret_III_Countess_of_Flanders
John_VIII_Count_of_Vend_me	spouse	Isabelle_de_Beauvau
Bonne_of_Luxembourg	child	Marie_of_France_Duchess_of_Bar
Louis_VII_of_France	successor	Philip_II_of_France
Eadgifu_of_Wessex	parent	Edward_the_Elder
Charles_Duke_of_Vend_me	child	Antoine_of_Navarre
Louis_the_German	child	Carloman_of_Bavaria
Anne_of_York_daughter_of_Edward_IV	type	Person
Henrietta_Maria	child	Elizabeth_Stuart_daughter_of_Charles_I
Odo_II_Count_of_Blois	father	Odo_I_Count_of_Blois
Albert_the_Bear	successor	Henry_the_Lion
Barbara_Jagiellon	father	Casimir_IV_Jagiellon
John_IV_Duke_of_Brittany	father	John_of_Montfort
Henry_IV_of_France	parent	Jeanne_d_Albret
Afonso_I_Duke_of_Braganza	type	Person
Estrid_of_the_Obotrites	child	Anund_Jacob
Robert_III_Count_of_Dreux	type	Person
_lffl_d_wife_of_Edward_the_Elder	parent	_thelhelm
Beatriz_of_Portugal_Duchess_of_Viseu	child	Eleanor_of_Viseu
Berenguer_Ramon_I_Count_of_Barcelona	parent	Ermesinde_of_Carcassonne
Sancho_III_of_Castile	mother	Berengaria_of_Barcelona
Stephen_III_Duke_of_Bavaria	mother	Elisabeth_of_Sicily_Duchess_of_Bavaria
Margaret_of_Valois_Duchess_of_Berry	type	Person
Margaret_of_Austria_Queen_of_Spain	child	Maria_Anna_of_Spain
Prince_Philippe_Count_of_Paris	successor	Prince_Philippe_Duke_of_Orl_ans_1869_1926
Emma_of_Anjou	type	Person
Boso_the_Elder	parent	Boso_II_of_Italy
Charles_V_of_France	predecessor	John_II_of_France
Ramon_Berenguer_I_Count_of_Barcelona	father	Berenguer_Ramon_I_Count_of_Barcelona
John_IV_Duke_of_Brittany	parent	Joanna_of_Flanders
Henry_IV_of_England	parent	Blanche_of_Lancaster
Dirk_III_Count_of_Holland	mother	Lutgardis_of_Luxemburg
Francis_IV_Duke_of_Modena	parent	Ferdinand_Karl_Archduke_of_Austria_Este
Alfonso_IX_of_Le_n	child	Sancha_heiress_of_Le_n
Ferdinand_I_of_the_Two_Sicilies	child	Maria_Henrietta_of_Naples_and_Sicily
Geoffrey_Count_of_Nantes	type	Person
Frederick_III_Holy_Roman_Emperor	mother	Cymburgis_of_Masovia
Henry_Stuart_Lord_Darnley	parent	Matthew_Stewart_4th_Earl_of_Lennox
Agnes_of_Burgundy_Duchess_of_Bourbon	child	Louis_de_Bourbon_Bishop_of_Li_ge
Henrietta_of_England	father	Charles_I_of_England
Saint_Margaret_of_Scotland	child	Mary_of_Scotland_Countess_of_Boulogne
Beatrice_of_England	parent	Henry_III_of_England
Robert_II_Count_of_Dreux	father	Robert_I_Count_of_Dreux
Henry_III_of_England	mother	Isabella_of_Angoul_me
Alfonsina_Orsini	type	Person
Henry_III_of_France	type	Person
Anabella_Drummond	spouse	Robert_III_of_Scotland
John_VIII_Count_of_Vend_me	predecessor	Louis_Count_of_Vend_me
Berengaria_of_Portugal	type	Person
Ferdinand_IV_of_Castile	child	Eleanor_of_Castile_1307_1359
Henri_Jules_Prince_of_Cond_	type	Person
Louis_XIV	child	Fran_oise_Marie_de_Bourbon
Yolande_of_Aragon	father	John_I_of_Aragon
Diego_Prince_of_Asturias	type	Person
Henrietta_of_England	parent	Henrietta_Maria
Elizabeth_the_Cuman	child	Ladislaus_IV_of_Hungary
Vladimir_the_Great	spouse	Yaroslav_the_Wise
Louis_X_of_France	spouse	Margaret_of_Burgundy_Queen_of_France
Lothair_of_France	father	Louis_IV_of_France
Henry_IV_of_Castile	successor	Isabella_I_of_Castile
Alfonso_IX_of_Le_n	successor	Ferdinand_III_of_Castile
Maximilian_II_Holy_Roman_Emperor	mother	Anne_of_Bohemia_and_Hungary
Judith_of_Habsburg	child	Anne_of_Bohemia_1290_1313
Maria_Theresa	child	Archduke_Charles_Joseph_of_Austria_born_1745
Charles_Duke_of_Orl_ans	successor	Louis_XII
Mary_of_Hungary_Queen_of_Naples	child	Blanche_of_Anjou
Carlo_Buonaparte	spouse	Letizia_Bonaparte
Henry_King_of_Portugal	type	Person
Isabella_I_of_Castile	child	Joanna_of_Castile
Elisabeth_Farnese	child	Philip_Duke_of_Parma
Francis_I_Duke_of_Lorraine	spouse	Christina_of_Denmark
Elizabeth_Woodville	child	George_Plantagenet_1st_Duke_of_Bedford
Landgravine_Elisabeth_Amalie_of_Hesse_Darmstadt	child	Maria_Anna_of_Neuburg
Yaroslav_the_Wise	child	Agatha_wife_of_Edward_the_Exile
Archduke_Joseph_of_Austria_Palatine_of_Hungary	type	Person
Violant_of_Aragon	spouse	Alfonso_X_of_Castile
Charles_Emmanuel_I_Duke_of_Savoy	child	Thomas_Francis_Prince_of_Carignano
Philip_the_Bold	parent	Bonne_of_Luxembourg
Yolande_of_Dreux_Duchess_of_Burgundy	type	Person
Galeazzo_Maria_Sforza	parent	Francesco_I_Sforza
Countess_Palatine_Dorothea_Sophie_of_Neuburg	type	Person
Ernest_I_Duke_of_Brunswic_L_neburg	type	Person
Henry_II_of_England	child	Henry_the_Young_King
Maria_Josepha_of_Austria	child	Charles_of_Saxony_Duke_of_Courland
Louis_of_Toulouse	type	Person
Louis_VII_of_France	predecessor	Louis_VI_of_France
Baldred_of_Kent	successor	Ecgberht_King_of_Wessex
Charles_the_Fat	child	Bernard_son_of_Charles_the_Fat
Alfonso_VIII_of_Castile	child	Henry_I_of_Castile
Frederick_Prince_of_Wales	child	Prince_William_Henry_Duke_of_Gloucester_and_Edinburgh
Francesco_I_Sforza	parent	Muzio_Attendolo_Sforza
Ferdinand_I_of_Aragon	child	Henry_Duke_of_Villena
Louis_XIII	parent	Marie_de_Medici
Empress_Matilda	child	William_FitzEmpress
Arnulf_I_Count_of_Flanders	mother	_lfthryth_Countess_of_Flanders
Ramon_Berenguer_I_Count_of_Barcelona	spouse	Almodis_de_la_Marche
Louis_Dauphin_of_France_son_of_Louis_XV	type	Person
Princess_Louise_of_Hesse_Darmstadt_1757_1830	parent	Countess_Palatine_Caroline_of_Zweibr_cken
Yolanda_Latin_Empress	child	Margaret_Marchioness_of_Namur
Constance_of_Arles	child	Robert_I_Duke_of_Burgundy
Elizabeth_of_York	father	Edward_IV_of_England
William_I_Count_of_Hainaut	parent	Philippa_of_Luxembourg
Charlotte_of_Mecklenburg_Strelitz	father	Duke_Charles_Louis_Frederick_of_Mecklenburg
Robert_II_Count_of_Dreux	successor	Robert_III_Count_of_Dreux
Charles_X	type	Person
Nicholas_Francis_Duke_of_Lorraine	spouse	Claude_Fran_oise_de_Lorraine
Louis_XIV	child	Louise_Marie_Anne_de_Bourbon
Maria_Anna_of_Bavaria_born_1551	child	Ferdinand_II_Holy_Roman_Emperor
James_Stewart_5th_High_Steward_of_Scotland	father	Alexander_Stewart_4th_High_Steward_of_Scotland
Adelaide_of_Burgundy_born_c._896	type	Person
Maud_of_Normandy	type	Person
Mahaut_of_Ch_tillon	parent	Guy_IV_Count_of_Saint_Pol
Sancho_I_of_Portugal	spouse	Dulce_of_Aragon
Baldwin_IV_Count_of_Hainaut	father	Baldwin_III_Count_of_Hainaut
Leopold_II_Holy_Roman_Emperor	parent	Maria_Theresa
Beatrice_of_Castile_1293_1359	type	Person
Nicholas_Francis_Duke_of_Lorraine	father	Francis_II_Duke_of_Lorraine
Leopold_II_Holy_Roman_Emperor	child	Archduke_Alexander_Leopold_of_Austria
Floris_I_Count_of_Holland	parent	Dirk_III_Count_of_Holland
Eleanor_of_Portugal_Holy_Roman_Empress	spouse	Frederick_III_Holy_Roman_Emperor
Ferdinand_of_Bavaria_soldier	type	Person
Landgravine_Elisabeth_Amalie_of_Hesse_Darmstadt	spouse	Philip_William_Elector_Palatine
Louis_VIII_of_France	predecessor	Philip_II_of_France
Henriette_of_France_1727_1752	type	Person
Beatrice_of_Silesia	type	Person
Dirk_I_Count_of_Holland	parent	Gerolf_of_Holland
Isabella_of_Hainault	mother	Margaret_I_Countess_of_Flanders
John_of_Bohemia	child	Margaret_of_Bohemia_Duchess_of_Bavaria
Eleanor_of_Viseu	child	Afonso_Prince_of_Portugal
Taddea_Visconti	mother	Beatrice_Regina_della_Scala
Theobald_I_Count_of_Blois	father	Theobald_the_Elder
Juana_Manuel	type	Person
Joanna_of_Austria_Grand_Duchess_of_Tuscany	father	Ferdinand_I_Holy_Roman_Emperor
Archduchess_Maria_Clementina_of_Austria	parent	Maria_Luisa_of_Spain
Elizabeth_of_Portugal	spouse	Denis_of_Portugal
Archduchess_Maria_Anna_of_Austria_born_1770	type	Person
Charles_II_Duke_of_Lorraine	type	Person
Blanche_of_Navarre_Queen_of_France	child	Joan_of_France_1351_1371
Gerard_Duke_of_Lorraine	successor	Theodoric_II_Duke_of_Lorraine
Agnes_of_France_Duchess_of_Burgundy	child	Odo_IV_Duke_of_Burgundy
Alexander_Stewart_4th_High_Steward_of_Scotland	type	Person
Louis_XIV	child	Philippe_Charles_Duke_of_Anjou
Sigismund_II_Augustus	successor	Henry_III_of_France
Maria_Theresa	successor	Joseph_II_Holy_Roman_Emperor
Louis_XIV	spouse	Maria_Theresa_of_Spain
Louis_XVII	parent	Louis_XVI
Princess_Augusta_of_Saxe_Gotha	child	Prince_Henry_Duke_of_Cumberland_and_Strathearn
Francis_II_Holy_Roman_Emperor	successor	Ferdinand_I_of_Austria
Philip_VI_of_France	predecessor	Margaret_Countess_of_Anjou
Victor_Amadeus_I_Duke_of_Savoy	successor	Francis_Hyacinth_Duke_of_Savoy
Henry_VI_Count_of_Luxembourg	parent	Margaret_of_Bar
James_I_of_Aragon	parent	Peter_II_of_Aragon
Margaret_Holland_Duchess_of_Clarence	father	Thomas_Holland_2nd_Earl_of_Kent
Baldwin_III_Count_of_Hainaut	parent	Baldwin_II_Count_of_Hainaut
Isabella_of_Portugal_Queen_of_Castile	parent	Isabel_of_Barcelos
Baldwin_V_Count_of_Flanders	child	Baldwin_VI_Count_of_Flanders
Maria_Antonia_Ferdinanda_of_Spain	child	Charles_Emmanuel_IV_of_Sardinia
Adelaide_of_Aquitaine	father	William_III_Duke_of_Aquitaine
Edward_V_of_England	type	Person
Eleanor_of_Lancaster	child	Henry_Beaumont_3rd_Baron_Beaumont
John_I_Duke_of_Lorraine	type	Person
Anne_of_Foix_Candale	type	Person
Philip_III_of_France	mother	Margaret_of_Provence
Gertrude_of_Hohenberg	spouse	Rudolf_I_of_Germany
Bernard_of_Italy	predecessor	Charlemagne
Isabella_of_Portugal_Queen_of_Castile	parent	John_Constable_of_Portugal
Marie_Louise_Duchess_of_Parma	mother	Maria_Theresa_of_Naples_and_Sicily
Philip_II_Duke_of_Savoy	child	Philip_Duke_of_Nemours
Frederick_II_Count_of_Vaud_mont	father	Antoine_Count_of_Vaud_mont
Paul_Scarron	type	Person
Eleanor_of_Normandy	type	Person
Frederick_I_Duke_of_Lorraine	child	Frederick_II_Duke_of_Lorraine
Ernest_II_Duke_of_Brunswic_L_neburg	type	Person
Francesco_I_de_Medici_Grand_Duke_of_Tuscany	child	Philip_de_Medici
Hugh_the_Great	mother	Beatrice_of_Vermandois
Constance_of_Arles	child	Adela_of_France
Catherine_of_Anhalt_Bernburg	type	Person
Yolanda_of_Courtenay	parent	Peter_II_of_Courtenay
Arthur_II_Duke_of_Brittany	parent	John_II_Duke_of_Brittany
Charlotte_Agla__d_Orl_ans	parent	Philippe_II_Duke_of_Orl_ans
William_I_Count_of_Hainaut	parent	John_II_Count_of_Holland
Floris_I_Count_of_Holland	type	Person
Henry_the_Middle_Duke_of_Brunswic_L_neburg	parent	Anna_of_Nassau_Dillenburg
Elizabeth_of_Bohemia_1292_1330	child	Bonne_of_Luxembourg
Afonso_IV_of_Portugal	child	Maria_of_Portugal_Queen_of_Castile
Fulk_IV_Count_of_Anjou	successor	Fulk_King_of_Jerusalem
Henry_VI_of_England	spouse	Margaret_of_Anjou
Jeanne_d_Albret	child	Catherine_de_Bourbon
Ramon_Berenguer_II_Count_of_Barcelona	parent	Almodis_de_la_Marche
Jean_Gordon_Countess_of_Bothwell	type	Person
Mercedes_of_Orl_ans	type	Person
Joan_Fitzalan_Countess_of_Hereford	mother	Eleanor_of_Lancaster
Louis_Bonaparte	parent	Carlo_Buonaparte
Stephen_King_of_England	successor	Geoffrey_Plantagenet_Count_of_Anjou
Sophia_of_Minsk	father	Volodar_Glebovich_Prince_of_Minsk
Taddea_Visconti	parent	Bernab__Visconti
Francis_II_Duke_of_Brittany	type	Person
Bonne_of_Luxembourg	child	Philip_the_Bold
Charles_I_Duke_of_Bourbon	type	Person
Charles_Count_of_Valois	child	Charles_II_Count_of_Alen_on
Afonso_V_of_Portugal	parent	Eleanor_of_Aragon_Queen_of_Portugal
Elizabeth_of_Austria_1436_1505	type	Person
Maria_Theresa	child	Maria_Carolina_of_Austria
Hemma	mother	Hedwig_of_Bavaria
Henry_III_of_England	predecessor	John_King_of_England
Ferdinand_I_of_the_Two_Sicilies	child	Maria_Anna_of_Naples_and_Sicily
Louis_Antoine_Duke_of_Angoul_me	type	Person
Albert_I_of_Germany	parent	Gertrude_of_Hohenberg
Ernest_Augustus_Elector_of_Hanover	child	Sophia_Charlotte_of_Hanover
Isabella_of_France	parent	Joan_I_of_Navarre
Peter_II_of_Aragon	mother	Sancha_of_Castile_Queen_of_Aragon
Marie_of_Anjou	child	Charles_of_Valois_Duke_of_Berry
Isabella_of_Portugal	spouse	Charles_V_Holy_Roman_Emperor
Adolphus_Frederick_II_Duke_of_Mecklenburg_Strelitz	father	Adolphus_Frederick_I_Duke_of_Mecklenburg_Schwerin
Ebalus_Duke_of_Aquitaine	father	Ranulf_II_of_Aquitaine
Henry_II_of_England	child	John_King_of_England
Henry_I_of_France	parent	Robert_II_of_France
Philip_IV_of_France	father	Philip_III_of_France
Conrad_I_of_Burgundy	predecessor	Rudolph_II_of_Burgundy
Piero_the_Unfortunate	predecessor	Lorenzo_de_Medici
Eleanor_of_Toledo	spouse	Cosimo_I_de_Medici_Grand_Duke_of_Tuscany
Dirk_V_Count_of_Holland	type	Person
Hugh_IV_Duke_of_Burgundy	predecessor	Odo_III_Duke_of_Burgundy
Ingegerd_Olofsdotter_of_Sweden	child	Agatha_wife_of_Edward_the_Exile
Princess_Elisabeth_Albertine_of_Saxe_Hildburghausen	child	Adolphus_Frederick_IV_Duke_of_Mecklenburg_Strelitz
Margaret_of_Brabant	child	John_of_Bohemia
Louis_Philippe_I	parent	Louise_Marie_Ad_la_de_de_Bourbon_Duchess_of_Orl_ans
Christine_of_Saxony	child	Anna_of_Hesse
John_Constable_of_Portugal	type	Person
Elizabeth_the_Cuman	child	Andrew_Duke_of_Slavonia
Barbara_Jagiellon	mother	Elizabeth_of_Austria_1436_1505
Francis_II_Duke_of_Lorraine	parent	Claude_of_France_1547_1575
Maria_Theresa_of_Savoy	type	Person
Teresa_Louren_o	spouse	Peter_I_of_Portugal
Victor_Amadeus_II_of_Sardinia	predecessor	Philip_V_of_Spain
Ramon_Berenguer_II_Count_of_Barcelona	spouse	Maud_of_Apulia
Alfred_the_Great	child	_lfthryth_Countess_of_Flanders
Odo_I_Duke_of_Burgundy	successor	Hugh_II_Duke_of_Burgundy
John_II_Count_of_Holland	parent	John_I_Count_of_Hainaut
Princess_Caroline_Louise_of_Saxe_Weimar_Eisenach	father	Karl_August_Grand_Duke_of_Saxe_Weimar_Eisenach
Giovanni_di_Bicci_de_Medici	father	Averardo_de_Medici
Peter_I_of_Portugal	spouse	In_s_de_Castro
Hugh_II_Duke_of_Burgundy	child	Odo_II_Duke_of_Burgundy
Henry_IV_of_England	father	John_of_Gaunt
Robert_I_of_France	child	Hugh_the_Great
Rudolph_II_of_Burgundy	parent	Rudolph_I_of_Burgundy
Henry_V_of_England	parent	Henry_IV_of_England
Henry_II_of_England	child	Geoffrey_II_Duke_of_Brittany
Louis_the_German	successor	Carloman_of_Bavaria
Philip_the_Bold	parent	John_II_of_France
George_Duke_of_Brunswic_Calenberg	mother	Dorothea_of_Denmark_Duchess_of_Brunswic_L_neburg
Odo_I_Duke_of_Burgundy	spouse	Sibylla_of_Burgundy_Duchess_of_Burgundy
Louis_Bonaparte	child	Napoleon_III
Charles_Duke_of_Lower_Lorraine	type	Person
Bernhard_Count_of_Anhalt	type	Person
George_I_of_Great_Britain	parent	Sophia_of_Hanover
Beatrice_of_Albon	spouse	Hugh_III_Duke_of_Burgundy
Eleanor_of_Lancaster	spouse	Richard_Fitzalan_3rd_Earl_of_Arundel
William_the_Younger_Duke_of_Brunswic_L_neburg	child	Dorothea_of_Brunswic_L_neburg
Sancho_I_of_Portugal	child	Infanta_Branca_Lady_of_Guadalajara
Henry_VII_of_England	child	Edmund_Tudor_Duke_of_Somerset
Otto_II_Duke_of_Bavaria	mother	Ludmilla_of_Bohemia
Joan_the_Lame	father	Robert_II_Duke_of_Burgundy
Theobald_I_Count_of_Blois	mother	Richende_De_Bourges
Francesco_I_Sforza	spouse	Bianca_Maria_Visconti
Richard_of_Shrewsbury_Duke_of_York	type	Person
_thelred_I_King_of_Wessex	type	Person
Mary_of_Guelders	spouse	James_II_of_Scotland
Henry_IV_of_France	child	C_sar_Duke_of_Vend_me
Louis_I_Duke_of_Bavaria	spouse	Ludmilla_of_Bohemia
Napoleon	parent	Carlo_Buonaparte
Odo_IV_Duke_of_Burgundy	mother	Agnes_of_France_Duchess_of_Burgundy
Gertrude_of_Hohenberg	parent	Matilda_of_T_bingen
Maria_of_Aragon_Queen_of_Portugal	parent	Ferdinand_II_of_Aragon
Victor_Amadeus_II_of_Sardinia	parent	Marie_Jeanne_Baptiste_of_Savoy_Nemours
George_II_of_Great_Britain	child	Prince_William_Duke_of_Cumberland
John_I_Duke_of_Brittany	successor	John_II_Duke_of_Brittany
Baldwin_III_Count_of_Hainaut	mother	Ida_Countess_of_Hainaut
Louis_V_of_France	parent	Emma_of_Italy
Philip_VI_of_France	type	Person
Francis_II_Holy_Roman_Emperor	child	Archduchess_Clementina_of_Austria
Louis_I_of_Anjou	parent	Bonne_of_Luxembourg
Matthew_Stewart_4th_Earl_of_Lennox	spouse	Margaret_Douglas
Sweyn_III_of_Denmark	type	Person
Princess_Elisabeth_Albertine_of_Saxe_Hildburghausen	mother	Countess_Sophia_Albertine_of_Erbach_Erbach
Mary_de_Bohun	type	Person
Anne_of_Austria	mother	Margaret_of_Austria_Queen_of_Spain
Isabella_of_Austria	type	Person
Napol_on_Prince_Imperial	type	Person
Beatrice_of_Portugal_died_1381	child	Fernando_S_nchez_2nd_Count_of_Alburquerque
Countess_Sophia_Albertine_of_Erbach_Erbach	parent	Countess_Amalia_Katharina_of_Waldeck
Louis_XII	spouse	Mary_Tudor_Queen_of_France
Margaret_of_Anjou	father	Ren__of_Anjou
Conrad_I_of_Burgundy	child	Bertha_of_Burgundy
Maria_Teresa_Cybo_Malaspina_Duchess_of_Massa	child	Maria_Beatrice_d_Este_Duchess_of_Massa
Clotilde_of_France	type	Person
Hemma	successor	Liutgard_of_Saxony_died_885
Henry_II_of_England	child	William_IX_Count_of_Poitiers
Francis_II_Duke_of_Lorraine	father	Charles_III_Duke_of_Lorraine
Prince_Ferdinand_Duke_of_Montpensier	predecessor	Antoine_Duke_of_Montpensier
Joseph_II_Holy_Roman_Emperor	predecessor	Francis_I_Holy_Roman_Emperor
Dirk_II_Count_of_Holland	type	Person
Adelaide_of_Aquitaine	child	Gisela_of_France_Countess_of_Ponthieu
Infanta_Luisa_Fernanda_Duchess_of_Montpensier	child	Princess_Marie_Isabelle_of_Orl_ans
Arnulf_II_Count_of_Flanders	parent	Matilda_of_Saxony_countess_of_Flanders
Isabella_I_of_Castile	successor	Joanna_of_Castile
Charles_Emmanuel_I_Duke_of_Savoy	mother	Margaret_of_Valois_Duchess_of_Berry
Odo_I_Count_of_Orl_ans	spouse	Engeltrude_de_F_zensac
Lorenzo_de_Medici_Duke_of_Urbino	spouse	Madeleine_de_La_Tour_d_Auvergne
Pierfrancesco_the_Elder	type	Person
Alfonso_VII_of_Le_n_and_Castile	spouse	Berengaria_of_Barcelona
Letizia_Bonaparte	child	Caroline_Bonaparte
Edward_I_of_England	child	Thomas_of_Brotherton_1st_Earl_of_Norfolk
Yolanda_Latin_Empress	parent	Margaret_I_Countess_of_Flanders
Anna_Maria_of_Ostfriesland	mother	Anna_of_Holstei_Gottorp
George_Gordon_4th_Earl_of_Huntly	child	Patrick_Gordon_of_Auchindoun
Charles_I_Gonzaga_Duke_of_Mantua	type	Person
Henry_the_Lion	spouse	Matilda_of_England_Duchess_of_Saxony
Baldwin_II_of_Jerusalem	successor	Fulk_King_of_Jerusalem
Louis_VI_of_France	spouse	Lucienne_of_Rochefort
Henry_IV_of_France	predecessor	Henry_III_of_France
Maria_Teresa_Cybo_Malaspina_Duchess_of_Massa	spouse	Ercole_III_d_Este_Duke_of_Modena
Ermentrude_of_Orl_ans	parent	Engeltrude_de_F_zensac
James_III_of_Scotland	predecessor	James_II_of_Scotland
Victor_Amadeus_II_of_Sardinia	predecessor	Charles_Emmanuel_II_Duke_of_Savoy
Alfred_the_Great	type	Person
Matthew_Stewart_2nd_Earl_of_Lennox	mother	Margaret_Boswell
Catherine_of_Foix_Countess_of_Candale	spouse	Gaston_de_Foix_Count_of_Candale
Prince_Philippe_Count_of_Paris	predecessor	Henri_Count_of_Chambord
Louise_Marie_Ad_la_de_de_Bourbon_Duchess_of_Orl_ans	mother	Maria_Teresa_Felicitas_d_Este
_thelwulf_King_of_Wessex	parent	Ecgberht_King_of_Wessex
James_IV_of_Scotland	spouse	Margaret_Tudor
Antoine_of_Navarre	mother	Fran_oise_d_Alen_on
Hugh_III_Duke_of_Burgundy	successor	Odo_III_Duke_of_Burgundy
Alfonso_VIII_of_Castile	type	Person
Elizabeth_Gordon_Countess_of_Huntly	child	George_Gordon_5th_Earl_of_Huntly
Margaret_of_Foix	spouse	Margaret_Countess_of_Vertus
Louis_XI	parent	Charles_VII_of_France
Leopold_II_Holy_Roman_Emperor	child	Francis_II_Holy_Roman_Emperor
Charlotte_of_Mecklenburg_Strelitz	child	Prince_Adolphus_Duke_of_Cambridge
Victor_Amadeus_II_of_Sardinia	child	Charles_Emmanuel_III_of_Sardinia
Afonso_IV_of_Portugal	mother	Elizabeth_of_Portugal
Maria_Beatrice_of_Savoy	mother	Maria_Theresa_of_Austria_Este_Queen_of_Sardinia
Matilda_of_Carinthia	spouse	Theobald_II_Count_of_Champagne
Theobald_II_Duke_of_Lorraine	child	Frederick_IV_Duke_of_Lorraine
Henry_I_of_Navarre	child	Joan_I_of_Navarre
Adela_of_Champagne	child	Agnes_of_France_Byzantine_Empress
Maria_Theresa_of_Spain	child	Louis_Dauphin_of_France_son_of_Louis_XIV
James_I_of_Aragon	father	Peter_II_of_Aragon
Louis_the_German	child	Louis_the_Younger
Douce_I_Countess_of_Provence	type	Person
Hugh_of_Italy	mother	Bertha_daughter_of_Lothair_II
Magnus_II_Duke_of_Brunswic_L_neburg	parent	Sophia_of_Brandenburg
Philip_I_of_Castile	successor	Charles_V_Holy_Roman_Emperor
Gerloc	mother	Poppa_of_Bayeux
Charles_the_Simple	predecessor	Odo_of_France
Charles_V_Holy_Roman_Emperor	predecessor	Joanna_of_Castile
Louis_XII	predecessor	Charles_Duke_of_Orl_ans
Rudolf_I_of_Germany	child	Rudolf_II_Duke_of_Austria
Isabella_of_Portugal_Queen_of_Castile	father	John_Constable_of_Portugal
Francesco_I_de_Medici_Grand_Duke_of_Tuscany	child	Anna_de_Medici
Marie_Ad_la_de_of_Savoy	parent	Anne_Marie_d_Orl_ans
Joan_of_Valois_Countess_of_Hainaut	parent	Margaret_Countess_of_Anjou
Henry_VII_of_England	child	Mary_Tudor_Queen_of_France
Matilda_of_B_thune	parent	Robert_VII_Lord_of_B_thune
Blanche_of_Castile	spouse	Louis_VIII_of_France
Ramon_Berenguer_IV_Count_of_Provence	parent	Alfonso_II_Count_of_Provence
Hugh_of_Italy	father	Theobald_of_Arles
Baldwin_V_Count_of_Flanders	father	Baldwin_IV_Count_of_Flanders
Sancho_III_of_Castile	predecessor	Alfonso_VII_of_Le_n_and_Castile
Louis_Duke_of_Savoy	child	Amadeus_IX_Duke_of_Savoy
Odo_III_Duke_of_Burgundy	type	Person
Richeza_of_Poland_Queen_of_Sweden	child	Canute_V_of_Denmark
Piero_the_Unfortunate	successor	Girolamo_Savonarola
Louis_I_Duke_of_Bavaria	parent	Agnes_of_Loon
John_of_Bohemia	father	Henry_VII_Holy_Roman_Emperor
Henry_Count_of_Portugal	successor	Afonso_I_of_Portugal
Ferdinand_I_Holy_Roman_Emperor	successor	Maximilian_II_Holy_Roman_Emperor
Leopold_II_Holy_Roman_Emperor	child	Archduke_Anton_Victor_of_Austria
Margaret_II_Countess_of_Flanders	type	Person
Joan_I_of_Navarre	parent	Blanche_of_Artois
Isabella_of_Valois_Duchess_of_Bourbon	child	Louis_II_Duke_of_Bourbon
Margaret_of_Brieg	father	Louis_I_of_Brzeg
Leopold_II_Holy_Roman_Emperor	child	Archduke_Louis_of_Austria
Archduchess_Margaret_of_Austria_nun	type	Person
Albert_II_Duke_of_Austria	type	Person
Mariana_Victoria_of_Spain	type	Person
Marie_of_Anjou	parent	Yolande_of_Aragon
Ida_Countess_of_Hainaut	spouse	Baldwin_II_Count_of_Hainaut
Rudolph_II_of_Burgundy	mother	Guilla_of_Provence
Fulk_IV_Count_of_Anjou	mother	Ermengarde_of_Anjou_Duchess_of_Burgundy
Princess_Christine_Louise_of_Oettinge_Oettingen	child	Elisabeth_Christine_of_Brunswic_Wolfenb_ttel
Louis_the_Stammerer	spouse	Ansgarde_of_Burgundy
Louis_Duke_of_Orl_ans_1703_1752	predecessor	Philippe_II_Duke_of_Orl_ans
Fran_oise_Marie_de_Bourbon	child	Charlotte_Agla__d_Orl_ans
Charles_IV_Holy_Roman_Emperor	predecessor	John_of_Bohemia
Louis_IV_Holy_Roman_Emperor	child	William_I_Duke_of_Bavaria
Anna_Maria_of_Mecklenburg_Schwerin	mother	Anna_Maria_of_Ostfriesland
Charles_VI_of_France	predecessor	Charles_V_of_France
Bona_of_Savoy	child	Bianca_Maria_Sforza
Margaret_of_Artois	parent	Blanche_of_Brittany
Adele_of_Valois	spouse	Theobald_III_Count_of_Blois
Pierfrancesco_the_Elder	parent	Lorenzo_the_Elder
Blanche_of_Brittany	father	John_II_Duke_of_Brittany
Plectrude	spouse	Pepin_of_Herstal
Robert_III_of_Worms	father	Robert_II_Count_of_Hesbaye
Duchess_Helene_of_Mecklenburg_Schwerin	parent	Princess_Caroline_Louise_of_Saxe_Weimar_Eisenach
Blanche_of_Artois	child	Henry_3rd_Earl_of_Lancaster
Charles_Count_of_Valois	parent	Isabella_of_Aragon_Queen_of_France
Enno_III_Count_of_East_Frisia	spouse	Anna_of_Holstei_Gottorp
Henry_IV_of_France	child	Catherine_Henriette_de_Bourbon
Leopold_III_Duke_of_Austria	successor	William_Duke_of_Austria
Adalard_of_Paris	type	Person
Marie_of_Luxembourg_Countess_of_Vend_me	father	Peter_II_Count_of_Saint_Pol
Beatrice_of_Brandenburg	father	Otto_V_Margrave_of_Brandenburg_Salzwedel
Baldwin_of_Luxembourg	type	Person
John_II_Count_of_Holland	father	John_I_Count_of_Hainaut
Saint_Casimir	type	Person
Marie_Ad_la_de_of_Savoy	spouse	Louis_Duke_of_Burgundy
Frederick_I_Duke_of_Lorraine	successor	Frederick_II_Duke_of_Lorraine
Ferdinand_II_of_Le_n	predecessor	Alfonso_VII_of_Le_n_and_Castile
Robert_I_Count_of_Dreux	parent	Adelaide_of_Maurienne
Beatrice_of_England	child	Marie_of_Brittany_Countess_of_Saint_Pol
Theobald_II_Count_of_Champagne	spouse	Matilda_of_Carinthia
Ferdinand_I_of_Aragon	parent	John_I_of_Castile
Francis_II_Duke_of_Lorraine	child	Nicholas_Francis_Duke_of_Lorraine
Maria_Theresa	father	Charles_VI_Holy_Roman_Emperor
Ingegerd_Olofsdotter_of_Sweden	child	Anastasia_of_Kiev
Louis_IV_of_France	father	Charles_the_Simple
Agnes_of_France_Duchess_of_Burgundy	child	Joan_the_Lame
Maria_Theresa	child	Maria_Amalia_Duchess_of_Parma
Ferdinand_the_Holy_Prince	type	Person
Matilda_of_Bavaria_Margravine_of_Meissen	parent	Beatrice_of_Silesia
Violant_of_Hungary	spouse	James_I_of_Aragon
Margaret_of_Artois	spouse	Louis_Count_of__vreux
John_Stewart_3rd_Earl_of_Lennox	parent	Matthew_Stewart_2nd_Earl_of_Lennox
John_King_of_England	successor	Henry_III_of_England
Eleanor_of_Austria	spouse	Manuel_I_of_Portugal
Agnes_of_Merania	child	Marie_of_France_Duchess_of_Brabant
James_II_of_Scotland	child	Margaret_Stewart_born_c._1455
Marie_of_France_Duchess_of_Bar	spouse	Robert_Duke_of_Bar
Alfonso_XI_of_Castile	spouse	Maria_of_Portugal_Queen_of_Castile
Philip_IV_of_Spain	child	Maria_Theresa_of_Spain
Louis_XII	mother	Marie_of_Cleves_Duchess_of_Orl_ans
Maria_Theresa_of_Savoy	father	Victor_Amadeus_III_of_Sardinia
Frederick_III_Holy_Roman_Emperor	predecessor	Sigismund_Holy_Roman_Emperor
Archduke_Maximilian_Francis_of_Austria	type	Person
Louis_I_of_Anjou	parent	John_II_of_France
Bernard_of_Italy	type	Person
Beatrice_of_Bourbon_Queen_of_Bohemia	type	Person
Berengaria_of_Barcelona	parent	Douce_I_Countess_of_Provence
John_I_Duke_of_Brittany	mother	Alix_Duchess_of_Brittany
Adelaide_of_Maurienne	parent	Gisela_of_Burgundy_Marchioness_of_Montferrat
Louis_IX_of_France	child	Robert_Count_of_Clermont
Frederick_II_Duke_of_Lorraine	predecessor	Frederick_I_Duke_of_Lorraine
Robert_II_of_Scotland	spouse	Elizabeth_Mure
Joan_Fitzalan_Countess_of_Hereford	parent	Richard_Fitzalan_3rd_Earl_of_Arundel
Henrietta_Maria	parent	Marie_de_Medici
Anne_of_Austria	spouse	Louis_XIII
Otto_William_Count_of_Burgundy	type	Person
Peter_I_Duke_of_Brittany	spouse	Alix_Duchess_of_Brittany
Jacques_of_Savoy_Count_of_Romont	spouse	Marie_of_Luxembourg_Countess_of_Vend_me
Maria_of_Austria_Holy_Roman_Empress	parent	Charles_V_Holy_Roman_Emperor
Madame_de_Montesson	type	Person
John_I_Duke_of_Lorraine	parent	Rudolph_Duke_of_Lorraine
Adolf_King_of_the_Romans	type	Person
Agust_n_Fernando_Mu_oz_y_S_nchez_1st_Duke_of_Ri_nsares	type	Person
Mary_of_Hungary_Queen_of_Naples	type	Person
Ferdinand_Karl_Archduke_of_Austria_Este	father	Francis_I_Holy_Roman_Emperor
Violant_of_Bar	parent	Marie_of_France_Duchess_of_Bar
Saint_Margaret_of_Scotland	child	Edgar_King_of_Scotland
John_the_Fearless	child	Philip_the_Good
Sibylla_of_Anjou	mother	Ermengarde_Countess_of_Maine
Charles_Duke_of_Orl_ans	child	Joan_of_Valois_Duchess_of_Alen_on
Maria_of_Swabia	spouse	Henry_II_Duke_of_Brabant
Guy_IV_Count_of_Saint_Pol	spouse	Marie_of_Brittany_Countess_of_Saint_Pol
Eleanor_of_Aquitaine	predecessor	William_X_Duke_of_Aquitaine
Odo_I_Count_of_Blois	father	Theobald_I_Count_of_Blois
Charlotte_of_Mecklenburg_Strelitz	child	Ernest_Augustus_King_of_Hanover
Anna_Maria_of_Mecklenburg_Schwerin	child	Johann_Adolf_I_Duke_of_Saxe_Weissenfels
John_IV_Marquis_of_Montferrat	spouse	Margaret_of_Savoy_Countess_of_Saint_Pol
Blanche_of_Artois	spouse	Henry_I_of_Navarre
Charles_Emmanuel_III_of_Sardinia	child	Emanuele_Filiberto_Duke_of_Aosta_1731_1735
Isabella_de_Beauchamp	mother	Maud_FitzJohn_Countess_of_Warwick
Afonso_III_of_Portugal	successor	Denis_of_Portugal
Maria_of_Austria_Holy_Roman_Empress	child	Anna_of_Austria_Queen_of_Spain
Francis_IV_Duke_of_Modena	spouse	Maria_Beatrice_of_Savoy
Duke_Ernest_Gottlob_of_Mecklenburg	type	Person
Judith_of_Bavaria_died_843	parent	Hedwig_of_Bavaria
Maria_Theresa_of_Naples_and_Sicily	child	Archduchess_Clementina_of_Austria
Hugh_Capet	parent	Hugh_the_Great
John_II_Duke_of_Brittany	type	Person
Otto_IV_Count_of_Burgundy	parent	Adelaide_Countess_of_Burgundy
Joanna_of_Castile	child	Eleanor_of_Austria
Pepin_the_Short	parent	Charles_Martel
John_George_I_Elector_of_Saxony	type	Person
John_the_Fearless	father	Philip_the_Bold
Margaret_of_Flanders_Duchess_of_Brabant	father	Guy_Count_of_Flanders
Anne_of_Bohemia_and_Hungary	parent	Anne_of_Foix_Candale
Ferdinand_I_of_the_Two_Sicilies	successor	Francis_I_of_the_Two_Sicilies
Marie_Caroline_of_Bourbo_Two_Sicilies_Duchess_of_Berry	parent	Archduchess_Maria_Clementina_of_Austria
Juan_de_Arag_n	type	Person
Ferdinand_III_of_Castile	predecessor	Alfonso_IX_of_Le_n
Archduchess_Anna_of_Austria	parent	Anne_of_Bohemia_and_Hungary
Charles_VI_of_France	successor	Charles_VII_of_France
Philip_Duke_of_Parma	spouse	Louise__lisabeth_of_France
Albert_II_Duke_of_Austria	mother	Elisabeth_of_Carinthia_Queen_of_the_Romans
Charles_Count_of_Valois	parent	Philip_III_of_France
Charles_VI_Holy_Roman_Emperor	type	Person
Matilda_of_Frisia	spouse	Henry_I_of_France
Archduchess_Anna_of_Austria	type	Person
Prince_Philippe_Count_of_Paris	child	Princess_Louise_of_Orl_ans
Maximilian_I_Holy_Roman_Emperor	parent	Eleanor_of_Portugal_Holy_Roman_Empress
Ernest_Augustus_Elector_of_Hanover	child	Maximilian_William_of_Brunswic_L_neburg
John_I_Duke_of_Lorraine	parent	Marie_de_Ch_tillon_1323_1363
Sancho_VII_of_Navarre	successor	Theobald_I_of_Navarre
Ingegerd_Olofsdotter_of_Sweden	child	Vladimir_of_Novgorod
Blanche_of_Castile	mother	Eleanor_of_England_Queen_of_Castile
Baldwin_IV_Count_of_Flanders	father	Arnulf_II_Count_of_Flanders
Isabella_of_France	child	John_of_Eltham_Earl_of_Cornwall
Carloman_of_Bavaria	predecessor	Louis_the_German
Piero_di_Cosimo_de_Medici	type	Person
Louis_IX_Landgrave_of_Hesse_Darmstadt	spouse	Countess_Palatine_Caroline_of_Zweibr_cken
Maria_Carolina_of_Austria	child	Prince_Alberto_of_Naples_and_Sicily
Victor_Amadeus_III_of_Sardinia	father	Charles_Emmanuel_III_of_Sardinia
Margaret_of_Foix	mother	Eleanor_of_Navarre
Stephen_II_of_Auxonne	parent	William_III_of_M_con
Eleanor_of_Castile	child	Henry_son_of_Edward_I
Matilda_of_B_thune	father	Robert_VII_Lord_of_B_thune
Margaret_of_the_Palatinate	child	Catherine_of_Lorraine_Margravine_of_Bade_Baden
Alys_of_France_Countess_of_Vexin	child	Marie_Countess_of_Ponthieu
Henry_III_Duke_of_Brabant	father	Henry_II_Duke_of_Brabant
Clemence_of_Austria	child	Clementia_of_Hungary
Sibylla_of_Anjou	child	Gertrude_of_Flanders_Countess_of_Savoy
Eleanor_of_England_Queen_of_Castile	parent	Henry_II_of_England
Louis_the_Stammerer	parent	Charles_the_Bald
Catherine_de_Medici	child	Henry_III_of_France
Eadgifu_of_Wessex	father	Edward_the_Elder
Louis_VIII_of_France	successor	Louis_IX_of_France
Charles_the_Younger	type	Person
Leopold_II_Holy_Roman_Emperor	successor	Francis_II_Holy_Roman_Emperor
Ren_e_of_Bourbon	type	Person
Agnes_of_the_Palatinate	type	Person
Margaret_of_the_Palatinate	parent	Elisabeth_of_Nuremberg
Albert_II_Duke_of_Austria	successor	Rudolf_IV_Duke_of_Austria
Eleanor_of_Alburquerque	child	Eleanor_of_Aragon_Queen_of_Portugal
Charles_Emmanuel_III_of_Sardinia	father	Victor_Amadeus_II_of_Sardinia
Elizabeth_of_Austria_1436_1505	child	Alexander_Jagiellon
Bertrade_of_Montfort	spouse	Fulk_IV_Count_of_Anjou
Blanche_of_Castile	child	Alphonse_Count_of_Poitiers
Sancho_I_of_Portugal	successor	Afonso_II_of_Portugal
Marie_Duchess_of_Auvergne	type	Person
Wilhelmine_Amalie_of_Brunswick	child	Maria_Josepha_of_Austria
Margaret_II_Countess_of_Hainaut	spouse	Louis_IV_Holy_Roman_Emperor
Louis_the_German	successor	Louis_the_Younger
Henry_I_Duke_of_Brabant	spouse	Matilda_of_Boulogne_Duchess_of_Brabant
Boso_the_Elder	father	Boso_II_of_Italy
Marie_of_Anjou	spouse	Charles_VII_of_France
Frederick_II_Duke_of_Brunswic_L_neburg	father	Bernard_I_Duke_of_Brunswic_L_neburg
Rudolph_of_France	spouse	Emma_of_France
Charles_IX_of_France	mother	Catherine_de_Medici
Edward_I_of_England	spouse	Eleanor_of_Castile
Otto_V_Duke_of_Brunswic_L_neburg	father	Frederick_II_Duke_of_Brunswic_L_neburg
Philip_III_of_France	child	Louis_Count_of__vreux
Margaret_of_Savoy_Countess_of_Saint_Pol	type	Person
Ealhswith	type	Person
Ernest_II_Duke_of_Brunswic_L_neburg	predecessor	William_the_Younger_Duke_of_Brunswic_L_neburg
Anna_of_Lorraine	type	Person
Henry_Stuart_Lord_Darnley	father	Matthew_Stewart_4th_Earl_of_Lennox
Sophia_Eleonore_of_Saxony	child	Landgravine_Elisabeth_Amalie_of_Hesse_Darmstadt
James_II_of_Scotland	successor	James_III_of_Scotland
David_II_of_Scotland	type	Person
Godfrey_I_Count_of_Verdun	type	Person
Judith_of_Bavaria_died_843	spouse	Louis_the_Pious
Charles_Emmanuel_III_of_Sardinia	mother	Anne_Marie_d_Orl_ans
Francis_II_Holy_Roman_Emperor	child	Archduke_Joseph_Franz_of_Austria
George_II_of_Great_Britain	child	Louise_of_Great_Britain
Ferdinand_III_of_Castile	child	Philip_of_Castile
John_III_Duke_of_Brittany	successor	John_of_Montfort
Philip_III_of_Navarre	predecessor	Charles_IV_of_France
Ermentrude_of_Orl_ans	child	Charles_the_Child
Catherine_Woodville_Duchess_of_Buckingham	type	Person
Adelaide_of_Leuven	type	Person
Agnes_of_Merania	mother	Agnes_of_Rochlitz
Catherine_of_Austria_Duchess_of_Calabria	type	Person
Gerberga_of_Saxony	spouse	Louis_IV_of_France
Violant_of_Hungary	child	Peter_III_of_Aragon
Alfonso_VII_of_Le_n_and_Castile	mother	Urraca_of_Le_n
James_Hepburn_4th_Earl_of_Bothwell	father	Patrick_Hepburn_3rd_Earl_of_Bothwell
Louis_XVIII	father	Louis_Dauphin_of_France_son_of_Louis_XV
Marie_de_Medici	child	Gaston_Duke_of_Orl_ans
Hugh_IV_Duke_of_Burgundy	child	John_of_Burgundy_1231_68
Frederick_II_Margrave_of_Meissen	type	Person
Albert_III_Count_of_Habsburg	parent	Werner_II_Count_of_Habsburg
Godfrey_I_Count_of_Louvain	father	Henry_II_Count_of_Louvain
Odo_I_Count_of_Blois	parent	Luitgarde_of_Vermandois
James_I_of_Scotland	child	Isabella_of_Scotland_Duchess_of_Brittany
Eleanor_of_Navarre	parent	Blanche_I_of_Navarre
Louis_Duke_of_Orl_ans_1703_1752	child	Louis_Philippe_I_Duke_of_Orl_ans
William_III_Duke_of_Aquitaine	type	Person
Maria_Theresa_of_Naples_and_Sicily	parent	Maria_Carolina_of_Austria
Maria_Josepha_of_Austria	father	Joseph_I_Holy_Roman_Emperor
Louis_Duke_of_Orl_ans_1703_1752	mother	Fran_oise_Marie_de_Bourbon
Lorenzo_de_Medici	successor	Piero_the_Unfortunate
Lady_Margaret_Beaufort	spouse	Edmund_Tudor_1st_Earl_of_Richmond
Margaret_of_Flanders_Duchess_of_Brabant	type	Person
James_I_of_Scotland	child	Joan_Stewart_Countess_of_Morton
Anne_of_Foix_Candale	child	Anne_of_Bohemia_and_Hungary
Jean_Cardinal_of_Lorraine	type	Person
Magnus_I_Duke_of_Brunswic_L_neburg	type	Person
Henri_d_Orl_ans_Duke_of_Aumale	type	Person
Matthias_I_Duke_of_Lorraine	parent	Simon_I_Duke_of_Lorraine
Francesco_I_Sforza	father	Muzio_Attendolo_Sforza
Louis_VI_of_France	predecessor	Philip_I_of_France
Charlotte_Agla__d_Orl_ans	child	Ercole_III_d_Este_Duke_of_Modena
Yolanda_Latin_Empress	child	Philip_II_Marquis_of_Namur
Dirk_IV_Count_of_Holland	predecessor	Dirk_III_Count_of_Holland
Eleanor_of_Provence	child	Edward_I_of_England
Sviatoslav_I	parent	Igor_of_Kiev
Anne_Marie_d_Orl_ans	child	Victor_Amadeus_Prince_of_Piedmont
Archduchess_Margaret_of_Austria_1567_1633	type	Person
Amadeus_VIII_Duke_of_Savoy	successor	Louis_Duke_of_Savoy
Margaret_of_Provence	child	Robert_Count_of_Clermont
Ferdinand_Philippe_Duke_of_Orl_ans	parent	Maria_Amalia_of_Naples_and_Sicily
Hugh_III_Duke_of_Burgundy	child	Odo_III_Duke_of_Burgundy
John_King_of_England	father	Henry_II_of_England
Mahaut_of_Ch_tillon	father	Guy_IV_Count_of_Saint_Pol
Catherine_of_Valois	parent	Charles_VI_of_France
Robert_III_of_Scotland	successor	James_I_of_Scotland
Francesco_I_Sforza	successor	Galeazzo_Maria_Sforza
Louis_XIII	spouse	Anne_of_Austria
Eleanor_of_Alburquerque	child	Alfonso_V_of_Aragon
Igor_of_Kiev	successor	Olga_of_Kiev
Princess_Augusta_of_Saxe_Gotha	child	Princess_Louisa_of_Great_Britain
Anna_Maria_of_Mecklenburg_Schwerin	parent	Adolphus_Frederick_I_Duke_of_Mecklenburg_Schwerin
Agnes_of_Burgundy_Duchess_of_Bourbon	parent	John_the_Fearless
Floris_I_Count_of_Holland	father	Dirk_III_Count_of_Holland
Marie_of_France_Duchess_of_Brabant	spouse	Henry_I_Duke_of_Brabant
Mary_of_Hungary_Queen_of_Naples	mother	Elizabeth_the_Cuman
Sophia_of_Minsk	child	Canute_VI_of_Denmark
Francis_IV_Duke_of_Modena	successor	Francis_V_Duke_of_Modena
Marie_of_Cleves_Duchess_of_Orl_ans	type	Person
Philip_V_of_France	child	Joan_III_Countess_of_Burgundy
Francis_I_Holy_Roman_Emperor	child	Archduchess_Maria_Carolina_of_Austria_born_1740
Isabella_of_Portugal	type	Person
Robert_II_Count_of_Dreux	parent	Agnes_de_Baudemont_Countess_of_Braine
Thomas_2nd_Earl_of_Lancaster	type	Person
Victor_Amadeus_II_of_Sardinia	child	Marie_Ad_la_de_of_Savoy
Matilda_II_Countess_of_Boulogne	spouse	Afonso_III_of_Portugal
Edward_King_of_Portugal	child	Ferdinand_Duke_of_Viseu
George_III	successor	George_IV
Alfonso_X_of_Castile	child	Violant_of_Castile
Stephen_V_of_Hungary	type	Person
Afonso_III_of_Portugal	child	Afonso_of_Portugal_Lord_of_Portalegre
Edward_Count_Palatine_of_Simmern	spouse	Anne_Gonzaga
Margaret_of_Bourbon_1438_1483	parent	Charles_I_Duke_of_Bourbon
Nicholas_Francis_Duke_of_Lorraine	type	Person
Christine_of_Saxony	child	Barbara_of_Hesse
Odoardo_Farnese_Hereditary_Prince_of_Parma	spouse	Countess_Palatine_Dorothea_Sophie_of_Neuburg
Maria_Beatrice_d_Este_Duchess_of_Massa	child	Maria_Theresa_of_Austria_Este_Queen_of_Sardinia
Robert_II_Duke_of_Burgundy	successor	Hugh_V_Duke_of_Burgundy
Charles_Ferdinand_Duke_of_Berry	type	Person
Saint_Margaret_of_Scotland	child	Alexander_I_of_Scotland
Carlo_Duke_of_Calabria	type	Person
John_II_of_France	parent	Philip_VI_of_France
Charles_Martel	successor	Carloman_mayor_of_the_palace
Lothair_of_France	mother	Gerberga_of_Saxony
Francis_II_of_France	predecessor	Henry_II_of_France
Afonso_IV_of_Portugal	child	Eleanor_of_Portugal_Queen_of_Aragon
Maria_Sophia_of_Neuburg	type	Person
Beatrice_of_Brandenburg	spouse	Bolko_I_the_Strict
Countess_Palatine_Dorothea_Sophie_of_Neuburg	spouse	Francesco_Farnese_Duke_of_Parma
Baldwin_III_Count_of_Hainaut	father	Baldwin_II_Count_of_Hainaut
Eleanor_of_Austria	child	Maria_of_Portugal_Duchess_of_Viseu
Sancho_I_of_Portugal	type	Person
Beatrice_of_Navarre_Duchess_of_Burgundy	type	Person
Maredudd_ap_Tudur	parent	Marged_ferch_Tomos
Maria_Beatrice_d_Este_Duchess_of_Massa	child	Archduke_Karl_Ambrosius_of_Austria_Este
Leopold_II_Holy_Roman_Emperor	child	Ferdinand_III_Grand_Duke_of_Tuscany
Claude_of_France	spouse	Francis_I_of_France
Beatrice_of_Portugal_died_1381	child	Eleanor_of_Alburquerque
Lambert_II_Count_of_Louvain	parent	Gerberga_of_Lower_Lorraine
Maria_Leopoldina_of_Austria	type	Person
Blanche_of_Burgundy	parent	Mahaut_Countess_of_Artois
Christine_of_Saxony	child	William_IV_Landgrave_of_Hesse_Kassel
Marie_of_Brabant_Queen_of_France	child	Margaret_of_France_Queen_of_England
Mary_de_Bohun	spouse	Henry_IV_of_England
Gertrude_of_Hohenberg	child	Matilda_of_Habsburg
Galeazzo_Maria_Sforza	spouse	Bona_of_Savoy
Charlotte_of_Mecklenburg_Strelitz	child	Princess_Amelia_of_the_United_Kingdom
Alfonso_II_Count_of_Provence	parent	Alfonso_II_of_Aragon
Beatrice_of_Savoy	father	Thomas_Count_of_Savoy
Charles_Martel	child	Hiltrud
Yolanda_of_Courtenay	father	Peter_II_of_Courtenay
Ferdinand_Philippe_Duke_of_Orl_ans	child	Prince_Robert_Duke_of_Chartres
Ramon_Berenguer_IV_Count_of_Provence	parent	Garsenda_Countess_of_Forcalquier
Reginar_III_Count_of_Hainaut	parent	Reginar_II_Count_of_Hainaut
Charles_X	predecessor	Louis_XVIII
Pepin_of_Herstal	parent	Begga
Eleanor_of_England_Queen_of_Castile	father	Henry_II_of_England
Beatrice_of_Castile_1242_1303	type	Person
Adela_of_Champagne	child	Philip_II_of_France
Eleanor_of_Castile	predecessor	Joan_Countess_of_Ponthieu
Rudolph_of_France	mother	Adelaide_of_Auxerre_born_c._870
John_II_of_Portugal	parent	Isabel_of_Coimbra
Joan_II_of_Navarre	child	Philip_Count_of_Longueville
Anne_Woodville	type	Person
Frederick_Prince_of_Wales	child	Princess_Elizabeth_of_Great_Britain
Afonso_I_of_Portugal	predecessor	Henry_Count_of_Portugal
Edward_III_of_England	father	Edward_II_of_England
Eleanor_of_Aquitaine	child	Marie_of_France_Countess_of_Champagne
Henry_II_of_England	mother	Empress_Matilda
Joan_II_Countess_of_Burgundy	child	Margaret_I_Countess_of_Burgundy
Louis_Philippe_I_Duke_of_Orl_ans	parent	Louis_Duke_of_Orl_ans_1703_1752
Clementia_of_Hungary	type	Person
Simon_I_de_Montfort	successor	Amaury_II_de_Montfort
Margaret_I_Countess_of_Flanders	spouse	Baldwin_V_Count_of_Hainaut
Louis_XI	spouse	Margaret_Stewart_Dauphine_of_France
Alfonso_VIII_of_Castile	predecessor	Sancho_III_of_Castile
Rudolph_II_of_Burgundy	spouse	Bertha_of_Swabia
Anne_of_Brittany	parent	Francis_II_Duke_of_Brittany
Louis_IV_Holy_Roman_Emperor	child	Louis_II_Elector_of_Brandenburg
Joan_II_Countess_of_Burgundy	child	Joan_III_Countess_of_Burgundy
Godfrey_I_Count_of_Louvain	parent	Verdun
Lothair_of_France	child	Arnulf_archbishop_of_Reims
Simon_I_Duke_of_Lorraine	father	Theodoric_II_Duke_of_Lorraine
Louis_XVI	father	Louis_Dauphin_of_France_son_of_Louis_XV
Antoine_Duke_of_Lorraine	child	Nicolas_Duke_of_Merc_ur
Henry_I_of_France	father	Robert_II_of_France
Maria_Dobroniega_of_Kiev	type	Person
Willa_of_Burgundy	parent	Rudolph_I_of_Burgundy
Ferdinand_I_of_Aragon	child	Maria_of_Aragon_Queen_of_Castile
Theobald_I_Duke_of_Lorraine	predecessor	Frederick_II_Duke_of_Lorraine
William_V_Duke_of_Bavaria	type	Person
Anne_of_Bohemia_and_Hungary	spouse	Ferdinand_I_Holy_Roman_Emperor
Jasper_Tudor	type	Person
Vladimir_of_Novgorod	type	Person
Maria_of_Austria_Holy_Roman_Empress	parent	Isabella_of_Portugal
Gersende_of_Maine	type	Person
Albert_Frederick_Duke_of_Prussia	spouse	Marie_Eleonore_of_Cleves
Herbert_III_of_Omois	spouse	Eadgifu_of_Wessex
Louis_V_of_France	spouse	Adelaide_Blanche_of_Anjou
Polyxena_of_Hesse_Rotenburg	spouse	Charles_Emmanuel_III_of_Sardinia
Mary_of_Burgundy_Duchess_of_Cleves	mother	Margaret_of_Bavaria
Beatrice_Regina_della_Scala	parent	Mastino_II_della_Scala
Hugh_IV_Duke_of_Burgundy	child	Robert_II_Duke_of_Burgundy
Joan_Beaufort_Queen_of_Scots	spouse	James_Stewart_the_Black_Knight_of_Lorn
Eleanor_of_Aquitaine	spouse	Louis_VII_of_France
Louis_XI	successor	Charles_VIII_of_France
James_II_of_Scotland	child	John_Stewart_Earl_of_Mar_died_1479
Frederick_III_Duke_of_Austria	type	Person
Louis_XIII	type	Person
Yaroslav_the_Wise	type	Person
_thelred_I_King_of_Wessex	successor	Alfred_the_Great
Napoleon	successor	Louis_XVIII
Baldwin_IV_Count_of_Flanders	parent	Rozala_of_Italy
Victor_Amadeus_II_of_Sardinia	child	Vittorio_Francesco_Marquis_of_Susa
Philip_the_Bold	father	John_II_of_France
Lorenzo_de_Medici	parent	Lucrezia_Tornabuoni
Ren_e_of_Bourbon	spouse	Antoine_Duke_of_Lorraine
Matilda_of_Scotland	father	Malcolm_III_of_Scotland
Gertrude_of_Saxony	parent	Bernard_II_Duke_of_Saxony
Beatrice_of_Nuremberg	type	Person
Mar_a_Isabella_of_Spain	child	Prince_Antonio_Count_of_Lecce
Hortense_de_Beauharnais	child	Napol_on_Louis_Bonaparte
Philibert_II_Duke_of_Savoy	successor	Charles_III_Duke_of_Savoy
Napoleon	father	Carlo_Buonaparte
Henry_VI_Count_of_Luxembourg	child	Henry_VII_Holy_Roman_Emperor
Ramon_Berenguer_III_Count_of_Barcelona	parent	Maud_of_Apulia
Maria_of_Aragon_Queen_of_Portugal	father	Ferdinand_II_of_Aragon
Joan_Countess_of_Ponthieu	child	Eleanor_of_Castile
Gertrude_of_Hohenberg	parent	Burkhard_V_Count_of_Hohenberg
Fran_oise_d_Aubign__Marquise_de_Maintenon	father	Constant_d_Aubign_
Joan_I_Countess_of_Auvergne	predecessor	William_XII_Count_of_Auvergne
Gerberga_of_Saxony	child	Matilda_of_France
Philip_II_Duke_of_Savoy	parent	Louis_Duke_of_Savoy
Margaret_of_Anjou	spouse	Henry_VI_of_England
Philip_of_France_1116_1131	parent	Adelaide_of_Maurienne
John_King_of_England	successor	Louis_VIII_of_France
Elizabeth_of_Austria_1436_1505	parent	Albert_II_of_Germany
Henry_IX_Duke_of_Bavaria	parent	Judith_of_Flanders_died_1095
Philippe_II_Duke_of_Orl_ans	mother	Elizabeth_Charlotte_Madame_Palatine
Augustus_III_of_Poland	spouse	Maria_Josepha_of_Austria
Margaret_of_Brabant	parent	Margaret_of_Flanders_Duchess_of_Brabant
Fran_oise_d_Alen_on	spouse	Charles_Duke_of_Vend_me
Elizabeth_of_York	child	Margaret_Tudor
Eleanor_of_Scotland	type	Person
Euphemia_de_Ross	type	Person
Joanna_of_Hainaut	type	Person
John_I_of_Portugal	type	Person
Ermentrude_of_Orl_ans	child	Louis_the_Stammerer
Arthur_II_Duke_of_Brittany	child	John_of_Montfort
Bernard_I_Duke_of_Brunswic_L_neburg	type	Person
Sophia_of_Holstei_Gottorp	spouse	John_VII_Duke_of_Mecklenburg_Schwerin
Eleanor_of_Castile	child	Eleanor_of_England_Countess_of_Bar
John_II_of_France	spouse	Bonne_of_Luxembourg
Salomea_of_Berg	child	Judith_of_Poland
Princess_Sophia_of_the_United_Kingdom	type	Person
Ernest_I_Duke_of_Brunswic_L_neburg	parent	Margaret_of_Saxony_Duchess_of_Brunswic_L_neburg
Philip_II_of_Spain	child	Carlos_Prince_of_Asturias
Sancho_III_of_Castile	type	Person
Karl_August_Grand_Duke_of_Saxe_Weimar_Eisenach	spouse	Princess_Louise_of_Hesse_Darmstadt_1757_1830
Beatrice_of_Savoy	mother	Margaret_of_Geneva
Countess_Palatine_Dorothea_Sophie_of_Neuburg	parent	Landgravine_Elisabeth_Amalie_of_Hesse_Darmstadt
Clementia_of_Hungary	mother	Clemence_of_Austria
Prince_Alfred_of_Great_Britain	type	Person
Walter_Stewart_6th_High_Steward_of_Scotland	parent	James_Stewart_5th_High_Steward_of_Scotland
Henry_I_of_France	parent	Constance_of_Arles
Louise_Marie_Ad_la_de_de_Bourbon_Duchess_of_Orl_ans	type	Person
Marie_de_Medici	parent	Joanna_of_Austria_Grand_Duchess_of_Tuscany
Rudolf_I_of_Germany	child	Judith_of_Habsburg
Edward_the_Elder	child	Eadred
Elisabeth_of_France_1602_1644	parent	Henry_IV_of_France
Charles_III_of_Spain	predecessor	Antonio_Farnese_Duke_of_Parma
_thelwulf_King_of_Wessex	child	_thelbald_King_of_Wessex
Richard_III_of_England	type	Person
Marie_of_Luxembourg_Queen_of_France	spouse	Charles_IV_of_France
Archduchess_Marie_Anne_of_Austria	type	Person
Charles_X	child	Marie_Th_r_se_of_France
Violant_of_Hungary	parent	Andrew_II_of_Hungary
John_of_Bohemia	child	Anne_of_Bohemia_Duchess_of_Austria
Margaret_of_Foix	child	Francis_II_Duke_of_Brittany
William_Longsword	type	Person
Victor_Amadeus_II_of_Sardinia	type	Person
John_Woodville	type	Person
Napoleon	spouse	Marie_Louise_Duchess_of_Parma
Alfonso_XI_of_Castile	parent	Constance_of_Portugal
Marie_of_Anjou	parent	Louis_II_of_Anjou
Charles_Martel	predecessor	Pepin_of_Herstal
Eleanor_of_England_Countess_of_Leicester	type	Person
Louis_XVI	parent	Maria_Josepha_of_Saxony_Dauphine_of_France
Caroline_of_Ansbach	spouse	George_II_of_Great_Britain
Alfonso_VIII_of_Castile	child	Berengaria_of_Castile
Anne_of_Brittany	spouse	Charles_VIII_of_France
Alfonso_XI_of_Castile	child	Fadrique_Alfonso
Charles_X	successor	Henri_Count_of_Chambord
Hedwig_of_France_Countess_of_Mons	type	Person
Marguerite_of_Lorraine	type	Person
Empress_Matilda	parent	Matilda_of_Scotland
Maria_of_Aragon_Queen_of_Portugal	child	Ferdinand_of_Portugal_Duke_of_Guarda
Otto_I_Duke_of_Brunswic_L_neburg	parent	Helena_of_Denmark
Margaret_of_Baux	parent	Francis_of_Baux
Ingerman_Count_of_Hesbaye	type	Person
Maria_Theresa	child	Archduchess_Maria_Elisabeth_of_Austria_born_1743
Maria_of_Austria_Holy_Roman_Empress	child	Rudolf_II_Holy_Roman_Emperor
Peter_II_Count_of_Saint_Pol	spouse	Margaret_of_Savoy_Countess_of_Saint_Pol
Ferdinand_I_Holy_Roman_Emperor	child	Elizabeth_of_Austria_1526_1545
French_Revolution_of_1848	predecessor	Louis_Philippe_I
Matilda_of_Habsburg	type	Person
Wulfoald	successor	Pepin_of_Herstal
Beatrice_of_Hungary_Dauphine_of_Viennois	type	Person
Margaret_of_France_Queen_of_England_and_Hungary	type	Person
Vladimir_the_Great	child	Sudislav
Willa_of_Burgundy	mother	Guilla_of_Provence
Berengar_I_of_Italy	type	Person
Marie_of_Anjou	child	Radegonde_of_Valois
William_IX_Duke_of_Aquitaine	father	William_VIII_Duke_of_Aquitaine
Liudolf_Margrave_of_Frisia	parent	Gisela_of_Swabia
James_I_of_Scotland	child	Mary_Stewart_Countess_of_Buchan
Ramon_Berenguer_IV_Count_of_Provence	father	Alfonso_II_Count_of_Provence
Robert_II_Count_of_Artois	successor	Mahaut_Countess_of_Artois
Lothair_II_of_Italy	child	Emma_of_Italy
Walter_Stewart_6th_High_Steward_of_Scotland	type	Person
Rudolf_II_Holy_Roman_Emperor	predecessor	Maximilian_II_Holy_Roman_Emperor
Bianca_Maria_Sforza	type	Person
Frederick_V_Burgrave_of_Nuremberg	spouse	Elisabeth_of_Meissen
Werner_II_Count_of_Habsburg	type	Person
Duke_of_Schleswig	type	Person
Adelaide_Countess_of_Burgundy	type	Person
William_the_Younger_Duke_of_Brunswic_L_neburg	child	Christian_Duke_of_Brunswic_L_neburg
Osburh	type	Person
John_of_Bohemia	spouse	Elizabeth_of_Bohemia_1292_1330
Joan_of__vreux	parent	Margaret_of_Artois
William_IV_Duke_of_Aquitaine	mother	Gerloc
Henry_the_Middle_Duke_of_Brunswic_L_neburg	parent	Otto_V_Duke_of_Brunswic_L_neburg
Theobald_III_Count_of_Champagne	mother	Marie_of_France_Countess_of_Champagne
William_I_Count_of_Hainaut	father	John_II_Count_of_Holland
Antoinette_of_Bourbon	parent	Marie_of_Luxembourg_Countess_of_Vend_me
Hedwig_of_Saxony	father	Henry_the_Fowler
Louis_Duke_of_Burgundy	child	Louis_XV
Joan_III_Countess_of_Burgundy	type	Person
Philip_V_of_France	parent	Philip_IV_of_France
Anne_of_Brittany	father	Francis_II_Duke_of_Brittany
Princess_Mary_Duchess_of_Gloucester_and_Edinburgh	type	Person
Ferdinand_I_of_Portugal	predecessor	Peter_I_of_Portugal
Geoffrey_Plantagenet_Count_of_Anjou	predecessor	Stephen_King_of_England
Yolanda_Latin_Empress	successor	Robert_I_Latin_Emperor
Giovanni_delle_Bande_Nere	type	Person
John_VI_of_Vend_me	spouse	Joan_of_Ponthieu_Dame_of_Epernon
Alfonso_X_of_Castile	child	Peter_of_Castile_Lord_of_Ledesma
Judith_of_Habsburg	child	Elizabeth_of_Bohemia_1292_1330
Maria_Theresa_of_Naples_and_Sicily	parent	Ferdinand_I_of_the_Two_Sicilies
Eleanor_of_Aragon_Queen_of_Portugal	spouse	Edward_King_of_Portugal
Louis_VII_of_France	child	Alys_of_France_Countess_of_Vexin
Sancho_II_of_Portugal	successor	Afonso_III_of_Portugal
Leopold_II_Holy_Roman_Emperor	successor	Ferdinand_III_Grand_Duke_of_Tuscany
Afonso_II_of_Portugal	parent	Dulce_of_Aragon
Charles_Martel	child	Bernard_son_of_Charles_Martel
William_VIII_Duke_of_Aquitaine	parent	Agnes_of_Burgundy_Duchess_of_Aquitaine
John_II_of_Aragon	child	Alfonso_de_Arag_n_y_Escobar
Francis_II_Duke_of_Brittany	child	Anne_of_Brittany
Adelaide_of_Burgundy_Duchess_of_Brabant	type	Person
Louis_VI_of_France	mother	Bertha_of_Holland
Matilda_of_Brabant_Countess_of_Artois	parent	Maria_of_Swabia
Berthold_I_of_Istria	father	Berthold_II_Count_of_Andechs
Ferdinand_I_of_Aragon	father	John_I_of_Castile
Maria_Theresa	child	Leopold_II_Holy_Roman_Emperor
Salomea_of_Berg	child	Agnes_of_Poland
Louis_Dauphin_of_France_son_of_Louis_XV	child	Louis_Duke_of_Burgundy_1751_1761
Cosimo_I_de_Medici_Grand_Duke_of_Tuscany	type	Person
Mary_Tudor_Queen_of_France	type	Person
Charles_VII_of_France	predecessor	Henry_VI_of_England
Princess_Marie_Isabelle_of_Orl_ans	predecessor	Maria_Amalia_of_Naples_and_Sicily
Magdalene_of_Brandenburg_1412_1454	spouse	Frederick_II_Duke_of_Brunswic_L_neburg
Richard_III_of_England	successor	Henry_VII_of_England
Ramon_Berenguer_IV_Count_of_Barcelona	mother	Douce_I_Countess_of_Provence
Alfred_the_Great	father	_thelwulf_King_of_Wessex
Odo_III_Duke_of_Burgundy	predecessor	Hugh_III_Duke_of_Burgundy
Vladimir_the_Great	parent	Sviatoslav_I
Albert_Azzo_II_Margrave_of_Milan	parent	Albert_Azzo_I_Margrave_of_Milan
Louis_I_of_Anjou	father	John_II_of_France
Francis_IV_Duke_of_Modena	child	Francis_V_Duke_of_Modena
Francis_II_Duke_of_Brittany	successor	Anne_of_Brittany
Stephen_II_of_Auxonne	type	Person
Philip_V_of_Spain	spouse	Maria_Luisa_Gabriella_of_Savoy
Lothair_of_France	parent	Louis_IV_of_France
Blanche_of_Navarre_Queen_of_France	type	Person
Philip_II_Duke_of_Savoy	father	Louis_Duke_of_Savoy
Albert_I_Duke_of_Brunswic_L_neburg	parent	Matilda_of_Brandenburg_Duchess_of_Brunswic_L_neburg
Louis_V_of_France	successor	Hugh_Capet
John_I_of_Portugal	child	Peter_Duke_of_Coimbra
Joan_Fitzalan_Countess_of_Hereford	father	Richard_Fitzalan_3rd_Earl_of_Arundel
Matthew_I_of_Montmorency	spouse	Adelaide_of_Maurienne
Bernhard_Count_of_Anhalt	predecessor	Henry_the_Lion
John_of_Bohemia	child	Charles_IV_Holy_Roman_Emperor
Theobald_I_of_Navarre	child	Theobald_II_of_Navarre
Agatha_wife_of_Edward_the_Exile	spouse	Edward_the_Exile
Ingeborg_of_Kiev	type	Person
Jeanne_de_Bourbon_Duchess_of_Bourbon	mother	Isabelle_de_Beauvau
Ferdinand_I_of_the_Two_Sicilies	child	Leopold_Prince_of_Salerno
Wulfhilde_of_Saxony	spouse	Henry_IX_Duke_of_Bavaria
Matthew_Stewart_4th_Earl_of_Lennox	father	John_Stewart_3rd_Earl_of_Lennox
Ernest_Duke_of_Austria	parent	Viridis_Visconti
Jacquetta_of_Luxembourg	child	Richard_Woodville_3rd_Earl_Rivers
Afonso_I_of_Portugal	predecessor	Theresa_Countess_of_Portugal
Gerberga_of_Saxony	child	Charles_Duke_of_Lower_Lorraine
Piero_the_Unfortunate	spouse	Alfonsina_Orsini
Eleanor_of_Lancaster	child	John_FitzAlan_1st_Baron_Arundel
Sancho_I_of_Portugal	child	Berengaria_of_Portugal
Joan_of_Valois_Countess_of_Beaumont	type	Person
Charles_Emmanuel_III_of_Sardinia	child	Princess_Maria_Luisa_of_Savoy_1729_1767
Adolphus_Frederick_III_Duke_of_Mecklenburg_Strelitz	predecessor	Adolphus_Frederick_II_Duke_of_Mecklenburg_Strelitz
Charles_IX_of_France	successor	Henry_III_of_France
Louis_Philippe_I_Duke_of_Orl_ans	child	Bathilde_d_Orl_ans
Gerberga_of_Burgundy	type	Person
Beatrice_of_Burgundy_Lady_of_Bourbon	type	Person
Maria_of_Austria_Holy_Roman_Empress	child	Matthias_Holy_Roman_Emperor
Anne_of_Cyprus	child	Charlotte_of_Savoy
Ferdinand_II_Holy_Roman_Emperor	type	Person
Philip_V_of_Spain	type	Person
George_III	spouse	Charlotte_of_Mecklenburg_Strelitz
Isabella_of_Portugal_Queen_of_Castile	type	Person
Philip_II_Duke_of_Savoy	child	Ren__of_Savoy
John_I_Count_of_Hainaut	parent	Bouchard_IV_of_Avesnes
Gerberga_of_Lower_Lorraine	type	Person
Aimery_I_Viscount_of_Ch_tellerault	spouse	Dangereuse_de_l_Isle_Bouchard
Ferdinand_IV_of_Castile	parent	Sancho_IV_of_Castile
Isabella_of_Valois_Duchess_of_Bourbon	child	Blanche_of_Bourbon
Amadeus_IX_Duke_of_Savoy	type	Person
Sancha_of_Portugal_born_1264	type	Person
Joan_Countess_of_Ponthieu	successor	Eleanor_of_Castile
Ingeborg_of_Denmark_Queen_of_France	parent	Sophia_of_Minsk
Philip_the_Good	spouse	Isabella_of_Portugal_Duchess_of_Burgundy
Yaroslav_the_Wise	spouse	Vladimir_the_Great
Margaret_of_Nevers	type	Person
Rudolph_of_France	predecessor	Robert_I_of_France
Duke_Charles_Louis_Frederick_of_Mecklenburg	parent	Adolphus_Frederick_II_Duke_of_Mecklenburg_Strelitz
Henrietta_of_England	child	Anne_Marie_d_Orl_ans
William_III_Duke_of_Aquitaine	spouse	Gerloc
Henry_II_Count_of_Louvain	type	Person
Madame_de_Montesson	spouse	Louis_Philippe_I_Duke_of_Orl_ans
Sibylla_of_Burgundy_Duchess_of_Burgundy	type	Person
Louis_X_of_France	parent	Philip_IV_of_France
Nicholas_Francis_Duke_of_Lorraine	parent	Francis_II_Duke_of_Lorraine
Conrad_I_of_Burgundy	parent	Rudolph_II_of_Burgundy
Francis_I_of_the_Two_Sicilies	predecessor	Ferdinand_I_of_the_Two_Sicilies
Beatrice_of_England	type	Person
Ingegerd_Olofsdotter_of_Sweden	spouse	Yaroslav_the_Wise
Philip_IV_of_France	predecessor	Joan_I_of_Navarre
Charles_Count_of_Valois	father	Philip_III_of_France
Thomas_of_Lancaster_Duke_of_Clarence	spouse	Margaret_Holland_Duchess_of_Clarence
Piero_the_Unfortunate	mother	Clarice_Orsini
Egbert_archbishop_of_Trier	type	Person
Olga_of_Kiev	successor	Sviatoslav_I
Charles_IV_of_France	parent	Joan_I_of_Navarre
Liutgard_of_Saxony_died_885	predecessor	Hemma
Maria_of_Aragon_Queen_of_Portugal	child	Cardinal_Infante_Afonso_of_Portugal
Frederick_II_Duke_of_Lorraine	mother	Wierzchoslawa_Ludmilla_of_Greater_Poland
Agatha_wife_of_Edward_the_Exile	child	Saint_Margaret_of_Scotland
Maximilian_I_Holy_Roman_Emperor	predecessor	Frederick_III_Holy_Roman_Emperor
Wilhelmine_Amalie_of_Brunswick	parent	John_Frederick_Duke_of_Brunswic_Calenberg
Henry_II_of_Castile	mother	Eleanor_de_Guzm_n
John_II_Duke_of_Brittany	child	Arthur_II_Duke_of_Brittany
Charlotte_of_Bourbon_Queen_of_Cyprus	child	Anne_of_Cyprus
Edward_II_of_England	parent	Eleanor_of_Castile
George_III	child	Prince_Adolphus_Duke_of_Cambridge
Maria_Amalia_of_Naples_and_Sicily	successor	Princess_Marie_Isabelle_of_Orl_ans
Alfred_the_Great	successor	Edward_the_Elder
James_II_of_Scotland	spouse	Mary_of_Guelders
John_II_of_France	child	Isabella_Countess_of_Vertus
Beatrice_of_Silesia	child	Stephen_II_Duke_of_Bavaria
Helie_of_Burgundy	type	Person
Adela_of_Normandy	type	Person
John_the_Fearless	child	Anne_of_Burgundy
Prince_Philippe_Count_of_Paris	mother	Duchess_Helene_of_Mecklenburg_Schwerin
Elizabeth_of_Bohemia_1292_1330	parent	Judith_of_Habsburg
Hugh_Magnus	mother	Constance_of_Arles
Maria_Theresa	predecessor	Charles_VII_Holy_Roman_Emperor
Rudolph_II_of_Burgundy	successor	Hugh_of_Italy
James_II_of_Scotland	father	James_I_of_Scotland
Juana_Manuel	spouse	Henry_II_of_Castile
Margaret_Holland_Duchess_of_Clarence	parent	Thomas_Holland_2nd_Earl_of_Kent
Elizabeth_Woodville	spouse	Edward_IV_of_England
John_II_of_France	successor	Philip_the_Bold
Galeazzo_Maria_Sforza	mother	Bianca_Maria_Visconti
Henry_IV_of_France	child	Gaston_Duke_of_Orl_ans
Louis_II_of_Anjou	predecessor	Louis_I_of_Anjou
Nicolas_Duke_of_Merc_ur	child	Henri_de_Lorraine_Chaligny
Princess_Elisabeth_Albertine_of_Saxe_Hildburghausen	child	Duke_Ernest_Gottlob_of_Mecklenburg
Geoffrey_Plantagenet_Count_of_Anjou	parent	Ermengarde_Countess_of_Maine
Maria_Theresa_of_Spain	mother	Elisabeth_of_France_1602_1644
Maria_Antonia_Ferdinanda_of_Spain	child	Maria_Anna_of_Savoy_Duchess_of_Chablais
Philippe_I_Duke_of_Orl_ans	child	_lisabeth_Charlotte_d_Orl_ans
Philip_the_Good	mother	Margaret_of_Bavaria
Albert_II_Duke_of_Austria	child	Leopold_III_Duke_of_Austria
John_King_of_England	mother	Eleanor_of_Aquitaine
Maximilian_II_Holy_Roman_Emperor	child	Archduke_Ernest_of_Austria
Louis_VII_of_France	child	Alix_of_France
Ramon_Berenguer_IV_Count_of_Barcelona	parent	Ramon_Berenguer_III_Count_of_Barcelona
Peter_of_Castile_Lord_of_Cameros	type	Person
Princess_Marie_Isabelle_of_Orl_ans	parent	Antoine_Duke_of_Montpensier
Maria_Theresa_of_Naples_and_Sicily	father	Ferdinand_I_of_the_Two_Sicilies
Ferdinand_II_of_Le_n	child	Alfonso_IX_of_Le_n
Cosimo_de_Medici	parent	Giovanni_di_Bicci_de_Medici
Philip_I_of_Castile	child	Eleanor_of_Austria
Anna_Maria_of_Mecklenburg_Schwerin	type	Person
Henry_the_Lion	child	Otto_IV_Holy_Roman_Emperor
Radbot_of_Klettgau	parent	Lanzelin_Count_of_Habsburg
Napoleon_II	predecessor	Napoleon
Camilla_Martelli	type	Person
Amaury_II_de_Montfort	predecessor	Simon_I_de_Montfort
Louis_IV_Holy_Roman_Emperor	mother	Matilda_of_Habsburg
Dirk_III_Count_of_Holland	predecessor	Arnulf_Count_of_Holland
Agnes_of_Burgundy_Duchess_of_Bourbon	parent	Margaret_of_Bavaria
Matilda_of_Frisia	parent	Liudolf_Margrave_of_Frisia
Frederick_IV_Duke_of_Lorraine	child	Rudolph_Duke_of_Lorraine
Ramon_Berenguer_III_Count_of_Barcelona	parent	Ramon_Berenguer_II_Count_of_Barcelona
Elisabeth_of_Valois	type	Person
John_I_of_France	mother	Clementia_of_Hungary
Henry_X_Duke_of_Bavaria	parent	Wulfhilde_of_Saxony
mother	type	http://www.w3.org/1999/02/22_rdf_syntax_ns#Property
Joanna_of_Castile	type	Person
Henry_III_of_England	child	Edward_I_of_England
Ferdinand_I_of_Aragon	mother	Eleanor_of_Aragon_Queen_of_Castile
Maria_Theresa	successor	Charles_VII_Holy_Roman_Emperor
Antoinette_of_Bourbon	child	Francis_Duke_of_Guise
Alfonso_II_of_Aragon	parent	Ramon_Berenguer_IV_Count_of_Barcelona
Eleanor_of_Lancaster	spouse	John_de_Beaumont_2nd_Baron_Beaumont
Philip_II_of_France	spouse	Ingeborg_of_Denmark_Queen_of_France
Louis_Duke_of_Savoy	parent	Amadeus_VIII_Duke_of_Savoy
Charles_IV_of_Spain	spouse	Maria_Luisa_of_Parma
James_III_of_Scotland	parent	James_II_of_Scotland
Willa_of_Tuscany	parent	Boso_Margrave_of_Tuscany
Alfonso_II_Count_of_Provence	predecessor	Sancho_Count_of_Provence
Richard_Fitzalan_4th_Earl_of_Arundel	type	Person
Henry_IV_of_France	spouse	Margaret_of_Valois
Louis_V_of_France	predecessor	Lothair_of_France
Maria_Amalia_of_Saxony	child	Charles_IV_of_Spain
Eleanor_of_Lancaster	child	Alice_Holland_Countess_of_Kent
Albert_III_Count_of_Habsburg	father	Werner_II_Count_of_Habsburg
Charles_the_Bold	type	Person
Rudolf_II_Count_of_Habsburg	type	Person
Maria_Amalia_of_Saxony	child	Charles_III_of_Spain
Charles_VII_of_France	child	Charlotte_de_Br_z_
Victor_Amadeus_I_Duke_of_Savoy	child	Princess_Luisa_Cristina_of_Savoy
Maria_Anna_of_Spain	type	Person
Eleanor_of_Aquitaine	mother	A_nor_de_Ch_tellerault
Alessandro_de_Medici_Duke_of_Florence	type	Person
Philippe_I_Duke_of_Orl_ans	child	Philippe_Charles_Duke_of_Valois
Gian_Gastone_de_Medici_Grand_Duke_of_Tuscany	type	Person
Eleanor_de_Guzm_n	type	Person
Philip_I_Landgrave_of_Hesse	spouse	Christine_of_Saxony
Joan_of__vreux	parent	Louis_Count_of__vreux
Isabeau_of_Bavaria	mother	Taddea_Visconti
Joan_Beaufort_Queen_of_Scots	parent	Margaret_Holland_Duchess_of_Clarence
Leopold_Duke_of_Lorraine	child	Prince_Charles_Alexander_of_Lorraine
Robert_I_Duke_of_Burgundy	child	Hildegarde_of_Burgundy
Hedwig_of_Bavaria	parent	Isambart
Ermengarde_of_Hesbaye	child	Lothair_I
Otto_I_Duke_of_Saxony	successor	Henry_the_Fowler
Matthias_I_Duke_of_Lorraine	father	Simon_I_Duke_of_Lorraine
Archduchess_Maria_Clementina_of_Austria	parent	Leopold_II_Holy_Roman_Emperor
Florine_of_Burgundy	type	Person
Dedi_III_Margrave_of_Lusatia	type	Person
Otto_II_Count_of_Habsburg	type	Person
Louis_Duke_of_Savoy	mother	Mary_of_Burgundy_Duchess_of_Savoy
Robert_II_Duke_of_Burgundy	child	Odo_IV_Duke_of_Burgundy
Judith_of_Habsburg	child	Margaret_of_Bohemia_Duchess_of_Wroclaw
Mariana_of_Austria	type	Person
Philip_II_Duke_of_Savoy	spouse	Claudine_de_Brosse
Violant_of_Hungary	child	Violant_of_Aragon
Charles_V_Holy_Roman_Emperor	parent	Joanna_of_Castile
Catherine_de_Medici	child	Francis_II_of_France
Fulk_I_Count_of_Anjou	mother	Adelais_of_Amboise
John_the_Fearless	spouse	Margaret_of_Bavaria
Elisabeth_of_Meissen	child	Frederick_I_Elector_of_Brandenburg
Ingegerd_Olofsdotter_of_Sweden	spouse	Vladimir_the_Great
Maria_Josepha_of_Austria	child	Princess_Maria_Christina_of_Saxony_1735_1782
John_King_of_England	child	Isabella_of_England
Charlotte_of_Bourbon_Queen_of_Cyprus	child	John_II_of_Cyprus
Blanche_I_of_Navarre	successor	John_II_of_Aragon
Ferdinand_I_Holy_Roman_Emperor	successor	Ferdinand_II_Archduke_of_Austria
Charles_V_of_France	successor	Charles_VI_of_France
Francis_IV_Duke_of_Modena	child	Archduchess_Maria_Theresa_of_Austria_Este_1817_1886
Malusha	spouse	Sviatoslav_I
Marie_of_Luxembourg_Queen_of_France	parent	Henry_VII_Holy_Roman_Emperor
Louis_XIV	child	Marie_Anne_de_Bourbon
Robert_Count_of_Clermont	parent	Margaret_of_Provence
Napoleon_III	child	Napol_on_Prince_Imperial
Hugh_III_Duke_of_Burgundy	child	Margaret_of_Burgundy_Countess_of_Savoy
Louis_XIV	child	Louis_Auguste_Duke_of_Maine
Ren__of_Anjou	predecessor	Joanna_II_of_Naples
Henry_III_of_France	successor	Henry_IV_of_France
Denis_of_Portugal	spouse	Elizabeth_of_Portugal
Philip_II_Duke_of_Savoy	mother	Anne_of_Cyprus
Elizabeth_Gordon_Countess_of_Huntly	child	James_Gordon_Jesuit
Louis_Dauphin_of_France_son_of_Louis_XV	child	_lisabeth_of_France
Constance_of_Arles	parent	William_I_of_Provence
James_I_of_Aragon	child	Constance_of_Aragon_Lady_of_Villena
Isabella_of_Valois	spouse	Charles_Duke_of_Orl_ans
Magdalene_Sibylle_of_Prussia	spouse	John_George_I_Elector_of_Saxony
Frederick_Prince_of_Wales	child	Prince_Henry_Duke_of_Cumberland_and_Strathearn
Alix_Duchess_of_Brittany	successor	Peter_I_Duke_of_Brittany
George_III	child	Ernest_Augustus_King_of_Hanover
Francis_I_of_France	child	Henry_II_of_France
Reginar_II_Count_of_Hainaut	parent	Reginar_Longneck
Charles_V_of_France	parent	John_II_of_France
Eleanor_of_Aquitaine	child	Henry_the_Young_King
Agnes_of_France_Duchess_of_Burgundy	parent	Margaret_of_Provence
Nicholas_Francis_Duke_of_Lorraine	child	Charles_V_Duke_of_Lorraine
Alfonso_X_of_Castile	child	Berengaria_of_Castile_Lady_of_Guadalajara
Pepin_the_Short	father	Charles_Martel
Henry_the_Lion	child	Gertrude_of_Bavaria
Willa_of_Tuscany	spouse	Berengar_II_of_Italy
Louis_the_Pious	successor	Louis_the_German
Maria_Luisa_of_Spain	child	Maria_Theresa_of_Austria_1767_1827
Peter_I_Duke_of_Bourbon	parent	Louis_I_Duke_of_Bourbon
Philip_V_of_France	predecessor	John_I_of_France
Philip_II_of_Spain	father	Charles_V_Holy_Roman_Emperor
Charles_V_Duke_of_Lorraine	mother	Claude_Fran_oise_de_Lorraine
Robert_II_of_Scotland	child	Alexander_Stewart_Earl_of_Buchan
James_I_Count_of_La_Marche	child	Isabelle_de_Bourbon
Elizabeth_Woodville	child	Anne_of_York_daughter_of_Edward_IV
Marie_Duchess_of_Auvergne	successor	Agnes_of_Burgundy_Duchess_of_Bourbon
Isabella_of_Aragon_Queen_of_France	parent	James_I_of_Aragon
Borrell_II_Count_of_Barcelona	father	Sunyer_Count_of_Barcelona
John_of_Bohemia	predecessor	Henry_of_Bohemia
Henry_VII_Holy_Roman_Emperor	child	John_of_Bohemia
Maria_Theresa_of_Austria_Este_Queen_of_Sardinia	child	Maria_Beatrice_of_Savoy
Charles_VI_of_France	child	Louis_Duke_of_Guyenne
Elizabeth_of_Luxembourg	parent	Barbara_of_Cilli
Christina_of_Denmark	spouse	Francis_I_Duke_of_Lorraine
John_II_of_Portugal	successor	Manuel_I_of_Portugal
Ferdinand_I_of_Austria	predecessor	Francis_II_Holy_Roman_Emperor
Mary_of_Hungary_Queen_of_Naples	child	Charles_Martel_of_Anjou
Alfonso_II_Count_of_Provence	father	Alfonso_II_of_Aragon
Henry_II_Duke_of_Brabant	spouse	Maria_of_Swabia
Reginar_III_Count_of_Hainaut	father	Reginar_II_Count_of_Hainaut
Odo_IV_Duke_of_Burgundy	parent	Robert_II_Duke_of_Burgundy
Philip_II_Duke_of_Savoy	child	Philibert_II_Duke_of_Savoy
Maria_Theresa	child	Archduchess_Maria_Anna_of_Austria_born_1738
Margaret_of_Brieg	child	Albert_II_Duke_of_Bavaria
John_II_of_Portugal	child	Afonso_Prince_of_Portugal
Anne_of_Bohemia_and_Hungary	child	Maria_of_Austria_Duchess_of_J_lich_Cleves_Berg
Alfonso_II_of_Aragon	child	Alfonso_II_Count_of_Provence
Elisabeth_of_Austria_Queen_of_France	spouse	Charles_IX_of_France
Elizabeth_I	predecessor	Philip_II_of_Spain
Henry_son_of_Robert_I_of_Burgundy	mother	Helie_of_Semur
Ferdinand_III_of_Castile	mother	Berengaria_of_Castile
Yaroslav_the_Wise	child	Iziaslav_I_of_Kiev
Giuseppe_Maria_Buonaparte	child	Carlo_Buonaparte
Agnes_of_Rochlitz	spouse	Berthold_Duke_of_Merania
Beatriz_of_Portugal_Duchess_of_Viseu	spouse	Ferdinand_Duke_of_Viseu
Margaret_of_Valois_Angoul_me	mother	Louise_of_Savoy
Cosimo_I_de_Medici_Grand_Duke_of_Tuscany	child	Isabella_de_Medici
Emma_of_Italy	parent	Adelaide_of_Italy
Baldwin_V_Count_of_Flanders	parent	Baldwin_IV_Count_of_Flanders
Philip_I_of_France	predecessor	Henry_I_of_France
Marie_of_France_Duchess_of_Bar	child	Violant_of_Bar
Eleanor_of_Austria	mother	Joanna_of_Castile
Henry_3rd_Earl_of_Lancaster	spouse	Maud_Chaworth
Elisabeth_of_Nuremberg	child	Margaret_of_the_Palatinate
Elizabeth_of_York	child	Edmund_Tudor_Duke_of_Somerset
Geoffrey_Plantagenet_Count_of_Anjou	father	Fulk_King_of_Jerusalem
Archduchess_Anna_of_Austria	parent	Ferdinand_I_Holy_Roman_Emperor
Margaret_of_Foix	parent	Gaston_IV_Count_of_Foix
Charles_III_Duke_of_Lorraine	child	Elisabeth_of_Lorraine
John_II_Duke_of_Brittany	successor	Arthur_II_Duke_of_Brittany
Princess_Elisabeth_Albertine_of_Saxe_Hildburghausen	child	Duke_George_Augustus_of_Mecklenburg
Beatrice_of_Portugal_died_1381	mother	In_s_de_Castro
Charles_VI_of_France	child	John_Duke_of_Touraine
Gaston_Duke_of_Orl_ans	successor	Philippe_I_Duke_of_Orl_ans
James_V_of_Scotland	mother	Margaret_Tudor
Eleanor_of_Castile	successor	Edward_II_of_England
Philippa_of_Hainault	father	William_I_Count_of_Hainaut
Charles_the_Bald	successor	Louis_the_Stammerer
Napoleon_II	mother	Marie_Louise_Duchess_of_Parma
Eleanor_of_Aquitaine	parent	William_X_Duke_of_Aquitaine
Maria_Carolina_of_Austria	spouse	Ferdinand_I_of_the_Two_Sicilies
Napol_on_Louis_Bonaparte	predecessor	Louis_Bonaparte
Charlotte_of_Bourbon_Queen_of_Cyprus	mother	Catherine_of_Vend_me
Charles_the_Bold	successor	Mary_of_Burgundy
John_the_Fearless	child	Agnes_of_Burgundy_Duchess_of_Bourbon
Claude_of_France	child	Charlotte_of_France
Frederick_II_Duke_of_Saxe_Gotha_Altenburg	spouse	Princess_Magdalena_Augusta_of_Anhalt_Zerbst
Anne_Marie_d_Orl_ans	parent	Philippe_I_Duke_of_Orl_ans
Maria_Antonia_Ferdinanda_of_Spain	mother	Elisabeth_Farnese
Lothair_II_of_Italy	father	Hugh_of_Italy
Henry_IX_Duke_of_Bavaria	father	Welf_I_Duke_of_Bavaria
Elisabeth_of_France_1602_1644	child	Balthasar_Charles_Prince_of_Asturias
Maria_Theresa	child	Marie_Antoinette
Isabella_of_Bourbon	child	Mary_of_Burgundy
Antoine_of_Navarre	predecessor	Henry_II_of_Navarre
George_Gordon_4th_Earl_of_Huntly	child	Adam_Gordon_of_Auchindoun
Ferdinand_II_of_Aragon	child	Isabella_of_Aragon_Queen_of_Portugal
Charlotte_of_Mecklenburg_Strelitz	child	Prince_Alfred_of_Great_Britain
Gertrude_of_Saxony	father	Bernard_II_Duke_of_Saxony
Maximilian_I_Holy_Roman_Emperor	spouse	Anne_of_Brittany
James_Hepburn_4th_Earl_of_Bothwell	spouse	Mary_Queen_of_Scots
Sophia_of_Saxe_Weissenfels_Princess_of_Anhalt_Zerbst	parent	Anna_Maria_of_Mecklenburg_Schwerin
Louis_XIV	successor	Louis_XV
Charles_Emmanuel_I_Duke_of_Savoy	child	Prince_Maurice_of_Savoy
Louis_Bonaparte	parent	Letizia_Bonaparte
Mahaut_Countess_of_Artois	successor	Joan_II_Countess_of_Burgundy
Ferdinand_II_of_Le_n	successor	Alfonso_IX_of_Le_n
Elizabeth_the_Cuman	child	Mary_of_Hungary_Queen_of_Naples
Maria_Theresa	parent	Charles_VI_Holy_Roman_Emperor
Francis_I_Holy_Roman_Emperor	mother	_lisabeth_Charlotte_d_Orl_ans
John_I_of_Castile	parent	Juana_Manuel
Sverker_I_of_Sweden	spouse	Richeza_of_Poland_Queen_of_Sweden
Elisabeth_of_France_1602_1644	mother	Marie_de_Medici
Archduchess_Anna_of_Austria	predecessor	Marie_of_Bade_Sponheim
Hildegard_of_the_Vinzgau	parent	Gerold_of_Vinzgau
Philip_VI_of_France	parent	Margaret_Countess_of_Anjou
Princess_Augusta_of_Saxe_Gotha	child	Caroline_Matilda_of_Great_Britain
Hugh_II_Duke_of_Burgundy	child	Sibylla_of_Burgundy
Philippe_II_Duke_of_Orl_ans	child	Charlotte_Agla__d_Orl_ans
Maria_Carolina_of_Austria	child	Maria_Amalia_of_Naples_and_Sicily
Baldwin_VI_Count_of_Flanders	parent	Baldwin_V_Count_of_Flanders
Philip_III_of_Spain	child	Infante_Carlos_of_Spain_1607_1632
Frederick_III_Duke_of_Lorraine	successor	Theobald_II_Duke_of_Lorraine
Clemence_of_Austria	child	Beatrice_of_Hungary_Dauphine_of_Viennois
Alfonso_II_of_Aragon	child	Peter_II_of_Aragon
George_I_of_Great_Britain	child	Sophia_Dorothea_of_Hanover
Empress_Jos_phine	child	Eug_ne_de_Beauharnais
Philip_V_of_Spain	spouse	Maria_Amalia_of_Saxony
Marie_Th_r_se_of_France	mother	Marie_Antoinette
Afonso_II_of_Portugal	child	Sancho_II_of_Portugal
Princess_Augusta_of_Saxe_Gotha	child	Princess_Augusta_of_Great_Britain
Mary_of_Hungary_Queen_of_Naples	parent	Stephen_V_of_Hungary
Louis_the_Stammerer	child	Charles_the_Simple
Victor_Amadeus_I_Duke_of_Savoy	child	Princess_Henriette_Adelaide_of_Savoy
Ramon_Berenguer_III_Count_of_Barcelona	spouse	Douce_I_Countess_of_Provence
Sviatoslav_I	father	Igor_of_Kiev
Maria_Beatrice_d_Este_Duchess_of_Massa	child	Maria_Ludovika_of_Austria_Este
Ferdinand_Philippe_Duke_of_Orl_ans	child	Prince_Philippe_Count_of_Paris
Maria_Beatrice_d_Este_Duchess_of_Massa	parent	Ercole_III_d_Este_Duke_of_Modena
Charles_IV_of_France	successor	Joan_II_of_Navarre
Margaret_of_Bourbon_1438_1483	child	Philibert_II_Duke_of_Savoy
Walter_Stewart_6th_High_Steward_of_Scotland	father	James_Stewart_5th_High_Steward_of_Scotland
Leopold_III_Duke_of_Austria	predecessor	Rudolf_IV_Duke_of_Austria
Anne_of_Bohemia_and_Hungary	child	Joanna_of_Austria_Grand_Duchess_of_Tuscany
Eleanor_of_Aquitaine	child	Geoffrey_II_Duke_of_Brittany
Conrad_I_of_Burgundy	child	Gisela_of_Burgundy
Ramon_Berenguer_III_Count_of_Barcelona	predecessor	Berenguer_Ramon_II_Count_of_Barcelona
George_II_of_Great_Britain	mother	Sophia_Dorothea_of_Celle
Claude_of_France	mother	Anne_of_Brittany
Berengar_II_of_Italy	parent	Adalbert_I_of_Ivrea
Anne_of_Kiev	mother	Ingegerd_Olofsdotter_of_Sweden
Princess_Elisabeth_Albertine_of_Saxe_Hildburghausen	child	Charles_II_Grand_Duke_of_Mecklenburg_Strelitz
Francis_IV_Duke_of_Modena	predecessor	Ercole_III_d_Este_Duke_of_Modena
Henry_III_of_England	parent	John_King_of_England
Napoleon	parent	Letizia_Bonaparte
Charles_V_of_France	father	John_II_of_France
Marie_Antoinette	spouse	Louis_XVI
Philip_III_of_Navarre	mother	Margaret_of_Artois
Marie_of_Anjou	father	Louis_II_of_Anjou
Philip_I_of_Castile	mother	Mary_of_Burgundy
Joan_of_Navarre_Queen_of_England	spouse	John_IV_Duke_of_Brittany
Benedicta_Henrietta_of_the_Palatinate	child	Wilhelmine_Amalie_of_Brunswick
Hugh_IV_Duke_of_Burgundy	parent	Odo_III_Duke_of_Burgundy
Robert_II_of_Scotland	child	David_Stewart_Earl_of_Strathearn
Bertrade_of_Montfort	parent	Simon_I_de_Montfort
John_King_of_England	child	Eleanor_of_England_Countess_of_Leicester
Salomea_of_Berg	child	Henry_of_Sandomierz
Philip_I_of_France	spouse	Bertrade_of_Montfort
Elisabeth_of_Nuremberg	parent	Elisabeth_of_Meissen
Yolande_Duchess_of_Lorraine	spouse	Frederick_II_Count_of_Vaud_mont
Nicolas_Duke_of_Merc_ur	child	Eric_of_Lorraine
John_VIII_Count_of_Vend_me	father	Louis_Count_of_Vend_me
Rudolph_I_of_Burgundy	successor	Rudolph_II_of_Burgundy
William_V_Duke_of_Aquitaine	parent	William_IV_Duke_of_Aquitaine
Infanta_Luisa_Fernanda_Duchess_of_Montpensier	father	Ferdinand_VII_of_Spain
Pepin_of_Herstal	spouse	Plectrude
John_II_Count_of_Holland	mother	Adelaide_of_Holland
Charles_Count_of_Angoul_me	parent	John_Count_of_Angoul_me
Philippa_Countess_of_Toulouse	spouse	William_IX_Duke_of_Aquitaine
Sunyer_Count_of_Barcelona	father	Wilfred_the_Hairy
George_II_of_Great_Britain	spouse	Caroline_of_Ansbach
Paul_Scarron	spouse	Fran_oise_d_Aubign__Marquise_de_Maintenon
Eleanor_of_Aquitaine	child	William_IX_Count_of_Poitiers
Peter_I_of_Portugal	predecessor	Afonso_IV_of_Portugal
Judith_of_Habsburg	parent	Rudolf_I_of_Germany
William_XII_Count_of_Auvergne	successor	Joan_I_Countess_of_Auvergne
Janus_of_Cyprus	spouse	Charlotte_of_Bourbon_Queen_of_Cyprus
Yolanda_Latin_Empress	child	Maria_of_Courtenay
Henry_Stuart_Lord_Darnley	child	James_VI_and_I
Elisabeth_of_Meissen	child	John_III_Burgrave_of_Nuremberg
Robert_II_Duke_of_Burgundy	child	Joan_the_Lame
Ferdinand_IV_of_Castile	parent	Mar_a_de_Molina
Alfonso_X_of_Castile	predecessor	Ferdinand_III_of_Castile
Princess_Magdalena_Augusta_of_Anhalt_Zerbst	child	Prince_John_August_of_Saxe_Gotha_Altenburg
John_I_Duke_of_Brittany	predecessor	Alix_Duchess_of_Brittany
Maria_Theresa_of_Naples_and_Sicily	child	Archduchess_Marie_Caroline_of_Austria
Adelaide_of_Maurienne	parent	Humbert_II_Count_of_Savoy
Elizabeth_of_Luxembourg	spouse	Albert_II_of_Germany
Adolphus_Frederick_I_Duke_of_Mecklenburg_Schwerin	parent	John_VII_Duke_of_Mecklenburg_Schwerin
Maria_Anna_of_Bavaria_born_1551	spouse	Charles_II_Archduke_of_Austria
Louis_VII_of_France	father	Louis_VI_of_France
Bonne_of_Luxembourg	father	John_of_Bohemia
Philippe_II_Duke_of_Orl_ans	child	Louis_Duke_of_Orl_ans_1703_1752
Eleanor_of_Portugal_Holy_Roman_Empress	mother	Eleanor_of_Aragon_Queen_of_Portugal
George_Gordon_4th_Earl_of_Huntly	spouse	Elizabeth_Gordon_Countess_of_Huntly
Philip_II_of_Spain	predecessor	Mary_I_of_England
George_III	child	Princess_Amelia_of_the_United_Kingdom
John_II_of_Aragon	child	Ferdinand_II_of_Aragon
Blanca_of_Navarre_Queen_of_Castile	spouse	Sancho_III_of_Castile
Joan_II_Countess_of_Burgundy	child	Isabella_of_France_Dauphine_of_Viennois
Robert_Count_of_Clermont	parent	Louis_IX_of_France
Eleanor_of_Navarre	child	Pierre_de_Foix_le_jeune
Rupert_King_of_the_Romans	spouse	Elisabeth_of_Nuremberg
Maria_Carolina_of_Austria	child	Maria_Theresa_of_Naples_and_Sicily
Charles_the_Bald	successor	Charles_the_Fat
Pepin_of_Herstal	child	Childebrand_I
Louis_Rudolph_Duke_of_Brunswic_L_neburg	spouse	Princess_Christine_Louise_of_Oettinge_Oettingen
John_II_of_Aragon	spouse	Blanche_I_of_Navarre
Bertha_of_Swabia	spouse	Rudolph_II_of_Burgundy
Fran_oise_Marie_de_Bourbon	child	Louise__lisabeth_d_Orl_ans
Prince_Philippe_Count_of_Paris	predecessor	Ferdinand_Philippe_Duke_of_Orl_ans
Salomea_of_Berg	parent	Henry_I_Count_of_Berg
Charles_Emmanuel_II_Duke_of_Savoy	parent	Christine_of_France
Antoine_Duke_of_Montpensier	parent	Louis_Philippe_I
Elisabeth_of_Meissen	child	Beatrice_of_Nuremberg
Louis_XV	mother	Marie_Ad_la_de_of_Savoy
Ramon_Berenguer_III_Count_of_Barcelona	successor	Ramon_Berenguer_IV_Count_of_Barcelona
Margaret_of_Bavaria	parent	Margaret_of_Brieg
Hugh_IV_Duke_of_Burgundy	child	Adelaide_of_Burgundy_Duchess_of_Brabant
Charlemagne	successor	Bernard_of_Italy
Charles_Duke_of_Vend_me	child	Francis_Count_of_Enghien
Charles_Emmanuel_III_of_Sardinia	parent	Victor_Amadeus_II_of_Sardinia
Agnes_of_France_Duchess_of_Burgundy	parent	Louis_IX_of_France
Louis_I_Duke_of_Orl_ans	child	Charles_Duke_of_Orl_ans
Magnus_II_Duke_of_Brunswic_L_neburg	parent	Magnus_I_Duke_of_Brunswic_L_neburg
Charles_Martel	mother	Alpaida
Henry_II_of_France	parent	Claude_of_France
Mary_de_Bohun	mother	Joan_Fitzalan_Countess_of_Hereford
Fran_oise_Ath_na_s_de_Rochechouart_Marquise_de_Montespan	parent	Gabriel_de_Rochechouart_de_Mortemart
Bertha_of_Holland	mother	Gertrude_of_Saxony
John_I_Duke_of_Brittany	predecessor	Peter_I_Duke_of_Brittany
John_II_Duke_of_Brittany	child	Blanche_of_Brittany
Maria_Beatrice_d_Este_Duchess_of_Massa	child	Archduchess_Maria_Leopoldine_of_Austria_Este
Elisabeth_Farnese	parent	Odoardo_Farnese_Hereditary_Prince_of_Parma
Matilda_of_Bavaria_Margravine_of_Meissen	parent	Louis_IV_Holy_Roman_Emperor
Joan_Countess_of_Ponthieu	predecessor	Simon_Count_of_Ponthieu
Charles_III_Duke_of_Lorraine	child	Francis_II_Duke_of_Lorraine
Archduchess_Maria_Clementina_of_Austria	spouse	Francis_I_of_the_Two_Sicilies
Yaroslav_the_Wise	successor	Iziaslav_I_of_Kiev
Albert_I_of_Germany	child	Agnes_of_Austria_1281_1364
Charles_the_Fat	predecessor	Charles_the_Bald
Isabella_of_France	child	Eleanor_of_Woodstock
Henry_VII_of_England	successor	Henry_VIII
Richard_Count_of__tampes	mother	Joan_of_Navarre_Queen_of_England
Ferdinand_Philippe_Duke_of_Orl_ans	predecessor	Louis_Philippe_I
Louis_XVI	child	Sophie_of_France_1786_1787
Charles_the_Fat	father	Louis_the_German
Charles_the_Fat	mother	Hemma
Isabella_Duchess_of_Lorraine	child	Louis_of_Anjou_Marquis_of_Pont___Mousson
Charlemagne	predecessor	Pepin_the_Short
Henry_II_of_France	child	Charles_IX_of_France
father	type	http://www.w3.org/1999/02/22_rdf_syntax_ns#Property
Eleanor_of_Provence	child	Margaret_of_England
Charles_V_Holy_Roman_Emperor	spouse	Isabella_of_Portugal
William_the_Younger_Duke_of_Brunswic_L_neburg	predecessor	Ernest_I_Duke_of_Brunswic_L_neburg
Ernest_Augustus_Elector_of_Hanover	father	George_Duke_of_Brunswic_Calenberg
Marie_of_Luxembourg_Countess_of_Vend_me	parent	Margaret_of_Savoy_Countess_of_Saint_Pol
Ferdinand_II_of_Le_n	mother	Berengaria_of_Barcelona
John_II_of_France	child	John_Duke_of_Berry
Charles_III_Duke_of_Lorraine	mother	Christina_of_Denmark
Eleanor_of_Viseu	parent	Ferdinand_Duke_of_Viseu
Robert_II_of_France	child	Adela_of_France
Charles_VIII_of_France	parent	Charlotte_of_Savoy
Robert_I_Duke_of_Burgundy	parent	Robert_II_of_France
Ferdinand_I_of_the_Two_Sicilies	child	Prince_Alberto_of_Naples_and_Sicily
John_King_of_England	predecessor	Eleanor_of_Aquitaine
Charles_IX_of_France	child	Charles_de_Valois_Duke_of_Angoul_me
Richeza_of_Poland_Queen_of_Sweden	mother	Salomea_of_Berg
Francis_I_Duke_of_Lorraine	successor	Charles_III_Duke_of_Lorraine
Carloman_II	parent	Ansgarde_of_Burgundy
Gisela_of_Burgundy_Marchioness_of_Montferrat	father	William_I_Count_of_Burgundy
Gisela_of_Burgundy_Marchioness_of_Montferrat	spouse	Rainier_Marquis_of_Montferrat
Philip_I_of_Castile	successor	Joanna_of_Castile
John_I_Count_of_Hainaut	father	Bouchard_IV_of_Avesnes
Maria_Christina_of_the_Two_Sicilies	child	Isabella_II_of_Spain
Ferdinand_IV_of_Castile	father	Sancho_IV_of_Castile
Francis_I_Holy_Roman_Emperor	child	Archduchess_Maria_Carolina_of_Austria_stillborn_1748
Francis_II_Duke_of_Brittany	parent	Margaret_Countess_of_Vertus
Barbara_Jagiellon	spouse	George_Duke_of_Saxony
Elizabeth_Woodville	child	Richard_of_Shrewsbury_Duke_of_York
Hemma	parent	Welf_father_of_Judith
Duke_Charles_Louis_Frederick_of_Mecklenburg	father	Adolphus_Frederick_II_Duke_of_Mecklenburg_Strelitz
Isabella_of_Valois_Duchess_of_Bourbon	child	Joanna_of_Bourbon
Louis_Philippe_I	successor	Prince_Philippe_Count_of_Paris
Afonso_II_of_Portugal	child	Fernando_Lord_of_Serpa
George_II_of_Great_Britain	successor	George_III
Mahaut_Countess_of_Artois	predecessor	Robert_II_Count_of_Artois
Conrad_I_of_Burgundy	father	Rudolph_II_of_Burgundy
Mahaut_of_Ch_tillon	mother	Marie_of_Brittany_Countess_of_Saint_Pol
Hugh_IV_Duke_of_Burgundy	father	Odo_III_Duke_of_Burgundy
Eleanor_of_Aquitaine	successor	John_King_of_England
Fulk_King_of_Jerusalem	child	Elias_II_Count_of_Maine
Alfonso_II_of_Aragon	successor	Peter_II_of_Aragon
Louis_XII	predecessor	Ludovico_Sforza
Isabella_of_Hainault	child	Louis_VIII_of_France
Theresa_Countess_of_Portugal	marriedTo	Henry_Count_of_Portugal
George_I_of_Great_Britain	marriedTo	Sophia_Dorothea_of_Celle
Maria_Amalia_of_Saxony	marriedTo	Elisabeth_Farnese
Hugh_Count_of_Burgundy	marriedTo	Adelaide_Countess_of_Burgundy
Mariana_of_Austria	marriedTo	Philip_IV_of_Spain
Ethelinde_of_Northeim	marriedTo	Welf_I_Duke_of_Bavaria
Arthur_II_Duke_of_Brittany	marriedTo	Marie_Viscountess_of_Limoges
Pepin_of_Herstal	marriedTo	Alpaida
Princess_Elisabeth_Albertine_of_Saxe_Hildburghausen	marriedTo	Duke_Charles_Louis_Frederick_of_Mecklenburg
Maria_Theresa_of_Naples_and_Sicily	marriedTo	Francis_II_Holy_Roman_Emperor
Francis_II_Holy_Roman_Emperor	marriedTo	Maria_Theresa_of_Naples_and_Sicily
Duke_Charles_Louis_Frederick_of_Mecklenburg	marriedTo	Princess_Elisabeth_Albertine_of_Saxe_Hildburghausen
Alpaida	marriedTo	Pepin_of_Herstal
Marie_Viscountess_of_Limoges	marriedTo	Arthur_II_Duke_of_Brittany
Welf_I_Duke_of_Bavaria	marriedTo	Judith_of_Flanders_died_1095
Philip_IV_of_Spain	marriedTo	Mariana_of_Austria
Adelaide_Countess_of_Burgundy	marriedTo	Hugh_Count_of_Burgundy
Elisabeth_Farnese	marriedTo	Maria_Amalia_of_Saxony
Sophia_Dorothea_of_Celle	marriedTo	George_I_of_Great_Britain
Henry_Count_of_Portugal	marriedTo	Theresa_Countess_of_Portugal
