1383_1385_Portuguese_interregnum	successor	John_I_of_Portugal
1383_1385_Portuguese_interregnum	type	Person
A_nor_de_Ch_tellerault	father	Aimery_I_Viscount_of_Ch_tellerault
A_nor_de_Ch_tellerault	mother	Dangereuse_de_l_Isle_Bouchard
A_nor_de_Ch_tellerault	parent	Aimery_I_Viscount_of_Ch_tellerault
A_nor_de_Ch_tellerault	parent	Dangereuse_de_l_Isle_Bouchard
A_nor_de_Ch_tellerault	spouse	William_X_Duke_of_Aquitaine
A_nor_de_Ch_tellerault	type	Person
Ad_la_de_d_Orl_ans	type	Person
Adalard_of_Paris	type	Person
Adalbert_Duke_of_Lorraine	successor	Gerard_Duke_of_Lorraine
Adalbert_Duke_of_Lorraine	type	Person
Adalbert_I_of_Ivrea	type	Person
Adalbert_of_Italy	spouse	Gerberga_of_M_con
Adalbert_of_Italy	type	Person
Adam_Albert_von_Neipperg	spouse	Marie_Louise_Duchess_of_Parma
Adam_Albert_von_Neipperg	type	Person
Adam_FitzRoy	type	Person
Adam_Gordon_of_Auchindoun	type	Person
Adela_of_Champagne	child	Agnes_of_France_Byzantine_Empress
Adela_of_Champagne	child	Philip_II_of_France
Adela_of_Champagne	father	Theobald_II_Count_of_Champagne
Adela_of_Champagne	spouse	Louis_VII_of_France
Adela_of_Champagne	type	Person
Adela_of_France	spouse	Baldwin_V_Count_of_Flanders
Adela_of_France	type	Person
Adela_of_Milan	spouse	Albert_Azzo_I_Margrave_of_Milan
Adela_of_Milan	type	Person
Adela_of_Normandy	spouse	Stephen_Count_of_Blois
Adela_of_Normandy	type	Person
Adelaide_Blanche_of_Anjou	father	Fulk_II_Count_of_Anjou
Adelaide_Blanche_of_Anjou	parent	Fulk_II_Count_of_Anjou
Adelaide_Blanche_of_Anjou	spouse	Louis_V_of_France
Adelaide_Blanche_of_Anjou	type	Person
Adelaide_Countess_of_Burgundy	spouse	Hugh_Count_of_Burgundy
Adelaide_Countess_of_Burgundy	successor	Otto_IV_Count_of_Burgundy
Adelaide_Countess_of_Burgundy	type	Person
Adelaide_of_Aquitaine	child	Gisela_of_France_Countess_of_Ponthieu
Adelaide_of_Aquitaine	child	Hedwig_of_France_Countess_of_Mons
Adelaide_of_Aquitaine	child	Robert_II_of_France
Adelaide_of_Aquitaine	father	William_III_Duke_of_Aquitaine
Adelaide_of_Aquitaine	mother	Gerloc
Adelaide_of_Aquitaine	parent	Gerloc
Adelaide_of_Aquitaine	parent	William_III_Duke_of_Aquitaine
Adelaide_of_Aquitaine	spouse	Hugh_Capet
Adelaide_of_Aquitaine	type	Person
Adelaide_of_Auxerre_born_c._870	father	Conrad_II_Duke_of_Transjurane_Burgundy
Adelaide_of_Auxerre_born_c._870	father	Robert_III_of_Worms
Adelaide_of_Auxerre_born_c._870	mother	Waldrada_of_Worms
Adelaide_of_Auxerre_born_c._870	parent	Conrad_II_Duke_of_Transjurane_Burgundy
Adelaide_of_Auxerre_born_c._870	parent	Waldrada_of_Worms
Adelaide_of_Auxerre_born_c._870	spouse	Richard_Duke_of_Burgundy
Adelaide_of_Auxerre_born_c._870	type	Person
Adelaide_of_Burgundy_Duchess_of_Brabant	father	Hugh_IV_Duke_of_Burgundy
Adelaide_of_Burgundy_Duchess_of_Brabant	mother	Yolande_of_Dreux_Duchess_of_Burgundy
Adelaide_of_Burgundy_Duchess_of_Brabant	parent	Hugh_IV_Duke_of_Burgundy
Adelaide_of_Burgundy_Duchess_of_Brabant	parent	Yolande_of_Dreux_Duchess_of_Burgundy
Adelaide_of_Burgundy_Duchess_of_Brabant	spouse	Henry_III_Duke_of_Brabant
Adelaide_of_Burgundy_Duchess_of_Brabant	type	Person
Adelaide_of_Burgundy_born_c._896	type	Person
Adelaide_of_Holland	spouse	John_I_Count_of_Hainaut
Adelaide_of_Holland	type	Person
Adelaide_of_Italy	predecessor	Willa_of_Tuscany
Adelaide_of_Italy	spouse	Lothair_II_of_Italy
Adelaide_of_Italy	successor	Willa_of_Tuscany
Adelaide_of_Italy	type	Person
Adelaide_of_Leuven	spouse	Simon_I_Duke_of_Lorraine
Adelaide_of_Leuven	type	Person
Adelaide_of_Maurienne	child	Constance_of_France_Countess_of_Toulouse
Adelaide_of_Maurienne	child	Henry_of_France_Archbishop_of_Reims
Adelaide_of_Maurienne	child	Louis_VII_of_France
Adelaide_of_Maurienne	child	Philip_of_France_Archdeacon_of_Paris
Adelaide_of_Maurienne	father	Humbert_II_Count_of_Savoy
Adelaide_of_Maurienne	father	Rainier_Marquis_of_Montferrat
Adelaide_of_Maurienne	mother	Gisela_of_Burgundy_Marchioness_of_Montferrat
Adelaide_of_Maurienne	parent	Gisela_of_Burgundy_Marchioness_of_Montferrat
Adelaide_of_Maurienne	parent	Humbert_II_Count_of_Savoy
Adelaide_of_Maurienne	spouse	Louis_VI_of_France
Adelaide_of_Maurienne	spouse	Matthew_I_of_Montmorency
Adelaide_of_Maurienne	type	Person
Adelaide_of_Paris	child	Charles_the_Simple
Adelaide_of_Paris	parent	Adalard_of_Paris
Adelaide_of_Paris	parent	March_of_Friuli
Adelaide_of_Paris	spouse	Louis_the_Stammerer
Adelaide_of_Paris	type	Person
Adelaide_of_Tours	child	Conrad_II_Duke_of_Transjurane_Burgundy
Adelaide_of_Tours	child	Hugh_the_Abbot
Adelaide_of_Tours	child	Odo_of_France
Adelaide_of_Tours	child	Robert_I_of_France
Adelaide_of_Tours	child	Welf_I
Adelaide_of_Tours	father	Hugh_of_Tours
Adelaide_of_Tours	parent	Hugh_of_Tours
Adelaide_of_Tours	spouse	Conrad_I_Count_of_Auxerre
Adelaide_of_Tours	spouse	Robert_the_Strong
Adelaide_of_Tours	type	Person
Adelais_of_Amboise	type	Person
Adele_of_Valois	spouse	Theobald_III_Count_of_Blois
Adele_of_Valois	type	Person
Adele_of_Vermandois	spouse	Arnulf_I_Count_of_Flanders
Adele_of_Vermandois	type	Person
Adolf_Duke_of_Holstei_Gottorp	spouse	Christine_of_Hesse
Adolf_Duke_of_Holstei_Gottorp	type	Person
Adolf_King_of_the_Romans	predecessor	Rudolf_I_of_Germany
Adolf_King_of_the_Romans	successor	Albert_I_of_Germany
Adolf_King_of_the_Romans	type	Person
Adolph_I_Duke_of_Cleves	spouse	Mary_of_Burgundy_Duchess_of_Cleves
Adolph_I_Duke_of_Cleves	type	Person
Adolph_of_Cleves_Lord_of_Ravenstein	type	Person
Adolphus_Frederick_III_Duke_of_Mecklenburg_Strelitz	father	Adolphus_Frederick_II_Duke_of_Mecklenburg_Strelitz
Adolphus_Frederick_III_Duke_of_Mecklenburg_Strelitz	predecessor	Adolphus_Frederick_II_Duke_of_Mecklenburg_Strelitz
Adolphus_Frederick_III_Duke_of_Mecklenburg_Strelitz	type	Person
Adolphus_Frederick_II_Duke_of_Mecklenburg_Strelitz	child	Adolphus_Frederick_III_Duke_of_Mecklenburg_Strelitz
Adolphus_Frederick_II_Duke_of_Mecklenburg_Strelitz	child	Duchess_Gustave_Caroline_of_Mecklenburg_Strelitz
Adolphus_Frederick_II_Duke_of_Mecklenburg_Strelitz	child	Duke_Charles_Louis_Frederick_of_Mecklenburg
Adolphus_Frederick_II_Duke_of_Mecklenburg_Strelitz	father	Adolphus_Frederick_I_Duke_of_Mecklenburg_Schwerin
Adolphus_Frederick_II_Duke_of_Mecklenburg_Strelitz	parent	Adolphus_Frederick_I_Duke_of_Mecklenburg_Schwerin
Adolphus_Frederick_II_Duke_of_Mecklenburg_Strelitz	successor	Adolphus_Frederick_III_Duke_of_Mecklenburg_Strelitz
Adolphus_Frederick_II_Duke_of_Mecklenburg_Strelitz	type	Person
Adolphus_Frederick_IV_Duke_of_Mecklenburg_Strelitz	type	Person
Adolphus_Frederick_I_Duke_of_Mecklenburg_Schwerin	father	John_VII_Duke_of_Mecklenburg_Schwerin
Adolphus_Frederick_I_Duke_of_Mecklenburg_Schwerin	mother	Sophia_of_Holstei_Gottorp
Adolphus_Frederick_I_Duke_of_Mecklenburg_Schwerin	parent	John_VII_Duke_of_Mecklenburg_Schwerin
Adolphus_Frederick_I_Duke_of_Mecklenburg_Schwerin	parent	Sophia_of_Holstei_Gottorp
Adolphus_Frederick_I_Duke_of_Mecklenburg_Schwerin	spouse	Anna_Maria_of_Ostfriesland
Adolphus_Frederick_I_Duke_of_Mecklenburg_Schwerin	type	Person
Aelis	spouse	Robert_I_of_France
Aelis	type	Person
Afonso_III_of_Portugal	child	Afonso_of_Portugal_Lord_of_Portalegre
Afonso_III_of_Portugal	child	Blanche_of_Portugal_1259_1321
Afonso_III_of_Portugal	child	Denis_of_Portugal
Afonso_III_of_Portugal	child	Maria_of_Portugal_nun
Afonso_III_of_Portugal	child	Martim_Afonso_Chichorro
Afonso_III_of_Portugal	child	Sancha_of_Portugal_born_1264
Afonso_III_of_Portugal	child	Urraca_Afonso
Afonso_III_of_Portugal	mother	Urraca_of_Castile_Queen_of_Portugal
Afonso_III_of_Portugal	parent	Afonso_II_of_Portugal
Afonso_III_of_Portugal	spouse	Beatrice_of_Castile_1242_1303
Afonso_III_of_Portugal	spouse	Matilda_II_Countess_of_Boulogne
Afonso_III_of_Portugal	successor	Denis_of_Portugal
Afonso_III_of_Portugal	type	Person
Afonso_II_of_Portugal	child	Afonso_III_of_Portugal
Afonso_II_of_Portugal	child	Fernando_Lord_of_Serpa
Afonso_II_of_Portugal	child	Sancho_II_of_Portugal
Afonso_II_of_Portugal	father	Sancho_I_of_Portugal
Afonso_II_of_Portugal	mother	Dulce_of_Aragon
Afonso_II_of_Portugal	parent	Dulce_of_Aragon
Afonso_II_of_Portugal	parent	Sancho_I_of_Portugal
Afonso_II_of_Portugal	predecessor	Sancho_I_of_Portugal
Afonso_II_of_Portugal	spouse	Urraca_of_Castile_Queen_of_Portugal
Afonso_II_of_Portugal	successor	Sancho_II_of_Portugal
Afonso_II_of_Portugal	type	Person
Afonso_IV_of_Portugal	child	Eleanor_of_Portugal_Queen_of_Aragon
Afonso_IV_of_Portugal	child	Maria_of_Portugal_Queen_of_Castile
Afonso_IV_of_Portugal	child	Peter_I_of_Portugal
Afonso_IV_of_Portugal	father	Denis_of_Portugal
Afonso_IV_of_Portugal	mother	Elizabeth_of_Portugal
Afonso_IV_of_Portugal	parent	Denis_of_Portugal
Afonso_IV_of_Portugal	parent	Elizabeth_of_Portugal
Afonso_IV_of_Portugal	predecessor	Denis_of_Portugal
Afonso_IV_of_Portugal	spouse	Beatrice_of_Castile_1293_1359
Afonso_IV_of_Portugal	successor	Peter_I_of_Portugal
Afonso_IV_of_Portugal	type	Person
Afonso_I_Duke_of_Braganza	spouse	Beatriz_Pereira_de_Alvim
Afonso_I_Duke_of_Braganza	type	Person
Afonso_I_of_Portugal	father	Henry_Count_of_Portugal
Afonso_I_of_Portugal	father	Theresa_Countess_of_Portugal
Afonso_I_of_Portugal	parent	Henry_Count_of_Portugal
Afonso_I_of_Portugal	parent	Theresa_Countess_of_Portugal
Afonso_I_of_Portugal	predecessor	Theresa_Countess_of_Portugal
Afonso_I_of_Portugal	spouse	Matilda_of_Savoy_Queen_of_Portugal
Afonso_I_of_Portugal	successor	Sancho_I_of_Portugal
Afonso_I_of_Portugal	type	Person
Afonso_Prince_of_Portugal	type	Person
Afonso_V_of_Portugal	father	Edward_King_of_Portugal
Afonso_V_of_Portugal	mother	Eleanor_of_Aragon_Queen_of_Portugal
Afonso_V_of_Portugal	parent	Edward_King_of_Portugal
Afonso_V_of_Portugal	parent	Eleanor_of_Aragon_Queen_of_Portugal
Afonso_V_of_Portugal	predecessor	Edward_King_of_Portugal
Afonso_V_of_Portugal	successor	John_II_of_Portugal
Afonso_V_of_Portugal	type	Person
Afonso_of_Portugal_Lord_of_Portalegre	type	Person
Agatha_of_Lorraine	type	Person
Agatha_wife_of_Edward_the_Exile	child	Cristina_daughter_of_Edward_the_Exile
Agatha_wife_of_Edward_the_Exile	child	Edgar__theling
Agatha_wife_of_Edward_the_Exile	child	Saint_Margaret_of_Scotland
Agatha_wife_of_Edward_the_Exile	spouse	Edward_the_Exile
Agatha_wife_of_Edward_the_Exile	type	Person
Agnes_de_Baudemont	successor	Robert_II_Count_of_Dreux
Agnes_de_Baudemont	type	Person
Agnes_de_Baudemont_Countess_of_Braine	spouse	Robert_I_Count_of_Dreux
Agnes_de_Baudemont_Countess_of_Braine	type	Person
Agnes_of_Austria_1281_1364	type	Person
Agnes_of_Beaujeu	spouse	Theobald_I_of_Navarre
Agnes_of_Beaujeu	type	Person
Agnes_of_Burgundy_Duchess_of_Aquitaine	spouse	William_V_Duke_of_Aquitaine
Agnes_of_Burgundy_Duchess_of_Aquitaine	type	Person
Agnes_of_Burgundy_Duchess_of_Bourbon	child	Charles_II_Duke_of_Bourbon
Agnes_of_Burgundy_Duchess_of_Bourbon	child	John_II_Duke_of_Bourbon
Agnes_of_Burgundy_Duchess_of_Bourbon	child	Louis_de_Bourbon_Bishop_of_Li_ge
Agnes_of_Burgundy_Duchess_of_Bourbon	child	Margaret_of_Bourbon_1438_1483
Agnes_of_Burgundy_Duchess_of_Bourbon	child	Peter_II_Duke_of_Bourbon
Agnes_of_Burgundy_Duchess_of_Bourbon	parent	Margaret_of_Bavaria
Agnes_of_Burgundy_Duchess_of_Bourbon	spouse	Charles_I_Duke_of_Bourbon
Agnes_of_Burgundy_Duchess_of_Bourbon	type	Person
Agnes_of_Cleves	type	Person
Agnes_of_France_Byzantine_Empress	type	Person
Agnes_of_France_Duchess_of_Burgundy	child	Blanche_of_Burgundy_Countess_of_Savoy
Agnes_of_France_Duchess_of_Burgundy	child	Hugh_V_Duke_of_Burgundy
Agnes_of_France_Duchess_of_Burgundy	child	Margaret_of_Burgundy_Queen_of_France
Agnes_of_France_Duchess_of_Burgundy	father	Louis_IX_of_France
Agnes_of_France_Duchess_of_Burgundy	parent	Louis_IX_of_France
Agnes_of_France_Duchess_of_Burgundy	parent	Margaret_of_Provence
Agnes_of_France_Duchess_of_Burgundy	spouse	Robert_II_Duke_of_Burgundy
Agnes_of_France_Duchess_of_Burgundy	type	Person
Agnes_of_Hesse	type	Person
Agnes_of_Loon	spouse	Otto_I_Duke_of_Bavaria
Agnes_of_Loon	type	Person
Agnes_of_Merania	child	Marie_of_France_Duchess_of_Brabant
Agnes_of_Merania	father	Berthold_Duke_of_Merania
Agnes_of_Merania	parent	Agnes_of_Rochlitz
Agnes_of_Merania	parent	Berthold_Duke_of_Merania
Agnes_of_Merania	spouse	Philip_II_of_France
Agnes_of_Merania	type	Person
Agnes_of_Navarre	type	Person
Agnes_of_Poland	type	Person
Agnes_of_Rochlitz	father	Dedi_III_Margrave_of_Lusatia
Agnes_of_Rochlitz	parent	Dedi_III_Margrave_of_Lusatia
Agnes_of_Rochlitz	spouse	Berthold_Duke_of_Merania
Agnes_of_Rochlitz	type	Person
Agnes_of_the_Palatinate	spouse	Otto_II_Duke_of_Bavaria
Agnes_of_the_Palatinate	type	Person
Agust_n_Fernando_Mu_oz_y_S_nchez_1st_Duke_of_Ri_nsares	spouse	Maria_Christina_of_the_Two_Sicilies
Agust_n_Fernando_Mu_oz_y_S_nchez_1st_Duke_of_Ri_nsares	type	Person
Agust_n_Mar_a_Mu_oz_y_Borb_n_1st_Duke_of_Taranc_n	type	Person
Aimery_I_Viscount_of_Ch_tellerault	spouse	Dangereuse_de_l_Isle_Bouchard
Aimery_I_Viscount_of_Ch_tellerault	type	Person
Alan_Stewart_of_Darnley	father	John_Stewart_of_Darnley
Alan_Stewart_of_Darnley	parent	John_Stewart_of_Darnley
Alan_Stewart_of_Darnley	type	Person
Albert_Azzo_II_Margrave_of_Milan	father	Albert_Azzo_I_Margrave_of_Milan
Albert_Azzo_II_Margrave_of_Milan	mother	Adela_of_Milan
Albert_Azzo_II_Margrave_of_Milan	parent	Albert_Azzo_I_Margrave_of_Milan
Albert_Azzo_II_Margrave_of_Milan	spouse	Kunigunde_of_Altdorf
Albert_Azzo_II_Margrave_of_Milan	type	Person
Albert_Azzo_I_Margrave_of_Milan	father	Oberto_II_Margrave_of_Milan
Albert_Azzo_I_Margrave_of_Milan	parent	Oberto_II_Margrave_of_Milan
Albert_Azzo_I_Margrave_of_Milan	spouse	Adela_of_Milan
Albert_Azzo_I_Margrave_of_Milan	type	Person
Albert_Casimir_Duke_of_Teschen	type	Person
Albert_Frederick_Duke_of_Prussia	spouse	Marie_Eleonore_of_Cleves
Albert_Frederick_Duke_of_Prussia	type	Person
Albert_III_Count_of_Habsburg	father	Werner_II_Count_of_Habsburg
Albert_III_Count_of_Habsburg	type	Person
Albert_III_Duke_of_Austria	type	Person
Albert_II_Duke_of_Austria	child	Albert_III_Duke_of_Austria
Albert_II_Duke_of_Austria	child	Frederick_III_Duke_of_Austria
Albert_II_Duke_of_Austria	child	Rudolf_IV_Duke_of_Austria
Albert_II_Duke_of_Austria	father	Albert_I_of_Germany
Albert_II_Duke_of_Austria	parent	Albert_I_of_Germany
Albert_II_Duke_of_Austria	parent	Elisabeth_of_Carinthia_Queen_of_the_Romans
Albert_II_Duke_of_Austria	predecessor	Frederick_the_Fair
Albert_II_Duke_of_Austria	predecessor	Henry_of_Bohemia
Albert_II_Duke_of_Austria	spouse	Joanna_of_Pfirt
Albert_II_Duke_of_Austria	successor	Rudolf_IV_Duke_of_Austria
Albert_II_Duke_of_Austria	type	Person
Albert_II_Duke_of_Bavaria	type	Person
Albert_II_Duke_of_Brunswic_L_neburg	father	Albert_I_Duke_of_Brunswic_L_neburg
Albert_II_Duke_of_Brunswic_L_neburg	parent	Albert_I_Duke_of_Brunswic_L_neburg
Albert_II_Duke_of_Brunswic_L_neburg	spouse	Rixa_of_Werle
Albert_II_Duke_of_Brunswic_L_neburg	type	Person
Albert_II_Duke_of_Saxony	type	Person
Albert_II_of_Germany	spouse	Elizabeth_of_Luxembourg
Albert_II_of_Germany	successor	Frederick_III_Holy_Roman_Emperor
Albert_II_of_Germany	type	Person
Albert_IV_Count_of_Habsburg	father	Rudolf_II_Count_of_Habsburg
Albert_IV_Count_of_Habsburg	parent	Rudolf_II_Count_of_Habsburg
Albert_IV_Count_of_Habsburg	type	Person
Albert_I_Duke_of_Bavaria	spouse	Margaret_of_Brieg
Albert_I_Duke_of_Bavaria	type	Person
Albert_I_Duke_of_Brunswic_L_neburg	father	Otto_I_Duke_of_Brunswic_L_neburg
Albert_I_Duke_of_Brunswic_L_neburg	mother	Matilda_of_Brandenburg_Duchess_of_Brunswic_L_neburg
Albert_I_Duke_of_Brunswic_L_neburg	parent	Otto_I_Duke_of_Brunswic_L_neburg
Albert_I_Duke_of_Brunswic_L_neburg	predecessor	Otto_I_Duke_of_Brunswic_L_neburg
Albert_I_Duke_of_Brunswic_L_neburg	type	Person
Albert_I_of_Germany	child	Agnes_of_Austria_1281_1364
Albert_I_of_Germany	child	Albert_II_Duke_of_Austria
Albert_I_of_Germany	child	Anne_of_Austria_Margravine_of_Brandenburg
Albert_I_of_Germany	child	Catherine_of_Austria_Duchess_of_Calabria
Albert_I_of_Germany	child	Elisabeth_of_Austria_Duchess_of_Lorraine
Albert_I_of_Germany	child	Frederick_the_Fair
Albert_I_of_Germany	child	Leopold_I_Duke_of_Austria
Albert_I_of_Germany	child	Otto_Duke_of_Austria
Albert_I_of_Germany	child	Rudolf_I_of_Bohemia
Albert_I_of_Germany	father	Rudolf_I_of_Germany
Albert_I_of_Germany	mother	Gertrude_of_Hohenberg
Albert_I_of_Germany	parent	Gertrude_of_Hohenberg
Albert_I_of_Germany	parent	Rudolf_I_of_Germany
Albert_I_of_Germany	spouse	Elisabeth_of_Carinthia_Queen_of_the_Romans
Albert_I_of_Germany	successor	Henry_VII_Holy_Roman_Emperor
Albert_I_of_Germany	type	Person
Albert_VII_Archduke_of_Austria	type	Person
Albert_V_Duke_of_Bavaria	spouse	Archduchess_Anna_of_Austria
Albert_V_Duke_of_Bavaria	type	Person
Albert_the_Bear	successor	Henry_the_Lion
Albert_the_Bear	type	Person
Albrecht_of_Saxe_Weissenfels	type	Person
Alderano_I_Cybo_Malaspina	successor	Maria_Teresa_Cybo_Malaspina_Duchess_of_Massa
Alderano_I_Cybo_Malaspina	type	Person
Alessandro_de_Medici_Duke_of_Florence	successor	Cosimo_I_de_Medici_Grand_Duke_of_Tuscany
Alessandro_de_Medici_Duke_of_Florence	type	Person
Alexander_I_of_Scotland	type	Person
Alexander_Jagiellon	type	Person
Alexander_Sigismund_von_der_Pfalz_Neuburg	type	Person
Alexander_Stewart_4th_High_Steward_of_Scotland	predecessor	Walter_Stewart_3rd_High_Steward_of_Scotland
Alexander_Stewart_4th_High_Steward_of_Scotland	successor	James_Stewart_5th_High_Steward_of_Scotland
Alexander_Stewart_4th_High_Steward_of_Scotland	type	Person
Alexander_Stewart_Duke_of_Albany	type	Person
Alexander_Stewart_Duke_of_Rothesay	type	Person
Alexander_Stewart_Earl_of_Buchan	type	Person
Alexander_Stewart_of_Darnley_died_1404	type	Person
Alexandre_de_Beauharnais	spouse	Empress_Jos_phine
Alexandre_de_Beauharnais	type	Person
Alfonsina_Orsini	spouse	Piero_the_Unfortunate
Alfonsina_Orsini	type	Person
Alfonso_Fern_ndez_el_Ni_o	type	Person
Alfonso_II_Count_of_Provence	child	Ramon_Berenguer_IV_Count_of_Provence
Alfonso_II_Count_of_Provence	parent	Alfonso_II_of_Aragon
Alfonso_II_Count_of_Provence	parent	Sancha_of_Castile_Queen_of_Aragon
Alfonso_II_Count_of_Provence	predecessor	Sancho_Count_of_Provence
Alfonso_II_Count_of_Provence	spouse	Garsenda_Countess_of_Forcalquier
Alfonso_II_Count_of_Provence	successor	Ramon_Berenguer_IV_Count_of_Provence
Alfonso_II_Count_of_Provence	type	Person
Alfonso_II_of_Aragon	child	Alfonso_II_Count_of_Provence
Alfonso_II_of_Aragon	child	Eleanor_of_Aragon_Countess_of_Toulouse
Alfonso_II_of_Aragon	child	Peter_II_of_Aragon
Alfonso_II_of_Aragon	child	Sancha_of_Aragon_Countess_of_Toulouse
Alfonso_II_of_Aragon	father	Petronilla_of_Aragon
Alfonso_II_of_Aragon	father	Ramon_Berenguer_IV_Count_of_Barcelona
Alfonso_II_of_Aragon	mother	Petronilla_of_Aragon
Alfonso_II_of_Aragon	parent	Petronilla_of_Aragon
Alfonso_II_of_Aragon	predecessor	Petronilla_of_Aragon
Alfonso_II_of_Aragon	predecessor	Ramon_Berenguer_IV_Count_of_Barcelona
Alfonso_II_of_Aragon	spouse	Sancha_of_Castile_Queen_of_Aragon
Alfonso_II_of_Aragon	successor	Peter_II_of_Aragon
Alfonso_II_of_Aragon	type	Person
Alfonso_IX_of_Le_n	child	Alfonso_of_Molina
Alfonso_IX_of_Le_n	child	Berengaria_of_Le_n
Alfonso_IX_of_Le_n	child	Ferdinand_III_of_Castile
Alfonso_IX_of_Le_n	father	Ferdinand_II_of_Le_n
Alfonso_IX_of_Le_n	mother	Urraca_of_Portugal
Alfonso_IX_of_Le_n	parent	Ferdinand_II_of_Le_n
Alfonso_IX_of_Le_n	parent	Urraca_of_Portugal
Alfonso_IX_of_Le_n	predecessor	Ferdinand_II_of_Le_n
Alfonso_IX_of_Le_n	spouse	Berengaria_of_Castile
Alfonso_IX_of_Le_n	spouse	Theresa_of_Portugal_Queen_of_Le_n
Alfonso_IX_of_Le_n	successor	Ferdinand_III_of_Castile
Alfonso_IX_of_Le_n	type	Person
Alfonso_VIII_of_Castile	child	Berengaria_of_Castile
Alfonso_VIII_of_Castile	child	Blanche_of_Castile
Alfonso_VIII_of_Castile	child	Eleanor_of_Castile_died_1244
Alfonso_VIII_of_Castile	child	Ferdinand_of_Castile_died_1211
Alfonso_VIII_of_Castile	child	Henry_I_of_Castile
Alfonso_VIII_of_Castile	father	Sancho_III_of_Castile
Alfonso_VIII_of_Castile	mother	Blanca_of_Navarre_Queen_of_Castile
Alfonso_VIII_of_Castile	parent	Sancho_III_of_Castile
Alfonso_VIII_of_Castile	predecessor	Sancho_III_of_Castile
Alfonso_VIII_of_Castile	spouse	Eleanor_of_England_Queen_of_Castile
Alfonso_VIII_of_Castile	successor	Henry_I_of_Castile
Alfonso_VIII_of_Castile	type	Person
Alfonso_VII_of_Le_n_and_Castile	child	Constance_of_Castile
Alfonso_VII_of_Le_n_and_Castile	child	Ferdinand_II_of_Le_n
Alfonso_VII_of_Le_n_and_Castile	child	Sancha_of_Castile_Queen_of_Navarre
Alfonso_VII_of_Le_n_and_Castile	child	Sancho_III_of_Castile
Alfonso_VII_of_Le_n_and_Castile	child	Stephanie_Alfonso_of_Castile
Alfonso_VII_of_Le_n_and_Castile	child	Urraca_of_Castile_Queen_of_Navarre
Alfonso_VII_of_Le_n_and_Castile	parent	Raymond_of_Burgundy
Alfonso_VII_of_Le_n_and_Castile	parent	Urraca_of_Le_n
Alfonso_VII_of_Le_n_and_Castile	spouse	Berengaria_of_Barcelona
Alfonso_VII_of_Le_n_and_Castile	successor	Ferdinand_II_of_Le_n
Alfonso_VII_of_Le_n_and_Castile	successor	Sancho_III_of_Castile
Alfonso_VII_of_Le_n_and_Castile	type	Person
Alfonso_V_of_Aragon	father	Ferdinand_I_of_Aragon
Alfonso_V_of_Aragon	predecessor	Ferdinand_I_of_Aragon
Alfonso_V_of_Aragon	predecessor	Ren__of_Anjou
Alfonso_V_of_Aragon	successor	John_II_of_Aragon
Alfonso_V_of_Aragon	type	Person
Alfonso_XI_of_Castile	child	Fadrique_Alfonso
Alfonso_XI_of_Castile	child	Henry_II_of_Castile
Alfonso_XI_of_Castile	child	Sancho_Alfonso
Alfonso_XI_of_Castile	father	Ferdinand_IV_of_Castile
Alfonso_XI_of_Castile	mother	Constance_of_Portugal
Alfonso_XI_of_Castile	parent	Constance_of_Portugal
Alfonso_XI_of_Castile	spouse	Constanza_Manuel
Alfonso_XI_of_Castile	spouse	Eleanor_de_Guzm_n
Alfonso_XI_of_Castile	spouse	Maria_of_Portugal_Queen_of_Castile
Alfonso_XI_of_Castile	successor	Peter_of_Castile
Alfonso_XI_of_Castile	type	Person
Alfonso_X_of_Castile	child	Alfonso_Fern_ndez_el_Ni_o
Alfonso_X_of_Castile	child	Berengaria_of_Castile_Lady_of_Guadalajara
Alfonso_X_of_Castile	child	James_of_Castile_Lord_of_Cameros
Alfonso_X_of_Castile	child	John_of_Castile_Lord_of_Valencia_de_Campos
Alfonso_X_of_Castile	child	Sancho_IV_of_Castile
Alfonso_X_of_Castile	child	Violant_of_Castile
Alfonso_X_of_Castile	father	Ferdinand_III_of_Castile
Alfonso_X_of_Castile	mother	Elisabeth_of_Swabia
Alfonso_X_of_Castile	parent	Elisabeth_of_Swabia
Alfonso_X_of_Castile	predecessor	Ferdinand_III_of_Castile
Alfonso_X_of_Castile	spouse	Violant_of_Aragon
Alfonso_X_of_Castile	successor	Sancho_IV_of_Castile
Alfonso_X_of_Castile	type	Person
Alfonso_de_Arag_n_y_Escobar	type	Person
Alfonso_de_Castilla_y_Molina	type	Person
Alfonso_of_Molina	type	Person
Alfred_the_Great	child	Edward_the_Elder
Alfred_the_Great	child	_thelfl_d
Alfred_the_Great	child	_thelweard_son_of_Alfred
Alfred_the_Great	father	_thelwulf_King_of_Wessex
Alfred_the_Great	mother	Osburh
Alfred_the_Great	parent	Osburh
Alfred_the_Great	parent	_thelwulf_King_of_Wessex
Alfred_the_Great	spouse	Ealhswith
Alfred_the_Great	successor	Edward_the_Elder
Alfred_the_Great	type	Person
Alice_Holland_Countess_of_Kent	father	Richard_Fitzalan_3rd_Earl_of_Arundel
Alice_Holland_Countess_of_Kent	mother	Eleanor_of_Lancaster
Alice_Holland_Countess_of_Kent	parent	Eleanor_of_Lancaster
Alice_Holland_Countess_of_Kent	parent	Richard_Fitzalan_3rd_Earl_of_Arundel
Alice_Holland_Countess_of_Kent	spouse	Thomas_Holland_2nd_Earl_of_Kent
Alice_Holland_Countess_of_Kent	type	Person
Alice_of_Namur	spouse	Baldwin_IV_Count_of_Hainaut
Alice_of_Namur	type	Person
Alice_of_Normandy	spouse	Reginald_I_Count_of_Burgundy
Alice_of_Normandy	type	Person
Alice_of_Vergy	spouse	Odo_III_Duke_of_Burgundy
Alice_of_Vergy	type	Person
Alix_Duchess_of_Brittany	spouse	Peter_I_Duke_of_Brittany
Alix_Duchess_of_Brittany	successor	John_I_Duke_of_Brittany
Alix_Duchess_of_Brittany	successor	Peter_I_Duke_of_Brittany
Alix_Duchess_of_Brittany	type	Person
Alix_of_Brittany_Dame_de_Pontarcy	type	Person
Alix_of_France	type	Person
Almodis_de_la_Marche	spouse	Ramon_Berenguer_I_Count_of_Barcelona
Almodis_de_la_Marche	type	Person
Alonso_de_Arag_n	type	Person
Alpaida	child	Charles_Martel
Alpaida	child	Childebrand_I
Alpaida	spouse	Pepin_of_Herstal
Alpaida	type	Person
Alphonse_Count_of_Poitiers	type	Person
Alphonso_Earl_of_Chester	type	Person
Alys_of_France_Countess_of_Vexin	child	Marie_Countess_of_Ponthieu
Alys_of_France_Countess_of_Vexin	father	Louis_VII_of_France
Alys_of_France_Countess_of_Vexin	mother	Constance_of_Castile
Alys_of_France_Countess_of_Vexin	parent	Constance_of_Castile
Alys_of_France_Countess_of_Vexin	parent	Louis_VII_of_France
Alys_of_France_Countess_of_Vexin	spouse	William_IV_Count_of_Ponthieu
Alys_of_France_Countess_of_Vexin	type	Person
Am_lie_of_Orl_ans	type	Person
Amadeus_III_Count_of_Savoy	predecessor	Humbert_II_Count_of_Savoy
Amadeus_III_Count_of_Savoy	type	Person
Amadeus_II_Count_of_Savoy	spouse	Joan_of_Geneva
Amadeus_II_Count_of_Savoy	successor	Humbert_II_Count_of_Savoy
Amadeus_II_Count_of_Savoy	type	Person
Amadeus_IX_Duke_of_Savoy	father	Louis_Duke_of_Savoy
Amadeus_IX_Duke_of_Savoy	predecessor	Louis_Duke_of_Savoy
Amadeus_IX_Duke_of_Savoy	type	Person
Amadeus_VIII_Duke_of_Savoy	parent	Bonne_of_Berry
Amadeus_VIII_Duke_of_Savoy	spouse	Mary_of_Burgundy_Duchess_of_Savoy
Amadeus_VIII_Duke_of_Savoy	successor	Louis_Duke_of_Savoy
Amadeus_VIII_Duke_of_Savoy	type	Person
Amadeus_VII_Count_of_Savoy	type	Person
Amalric_of_Jerusalem	type	Person
Amaury_II_de_Montfort	predecessor	Simon_I_de_Montfort
Amaury_II_de_Montfort	type	Person
Amaury_I_de_Montfort	father	Guillaume_de_Montfort_of_Hainaut
Amaury_I_de_Montfort	parent	Guillaume_de_Montfort_of_Hainaut
Amaury_I_de_Montfort	predecessor	Guillaume_de_Montfort_of_Hainaut
Amaury_I_de_Montfort	successor	Simon_I_de_Montfort
Amaury_I_de_Montfort	type	Person
Amicie_de_Courtenay	father	Peter_of_Courtenay_Lord_of_Conches
Amicie_de_Courtenay	parent	Peter_of_Courtenay_Lord_of_Conches
Amicie_de_Courtenay	spouse	Robert_II_Count_of_Artois
Amicie_de_Courtenay	type	Person
Anabella_Drummond	spouse	Robert_III_of_Scotland
Anabella_Drummond	type	Person
Anastasia_of_Kiev	type	Person
Andrew_Duke_of_Slavonia	type	Person
Andrew_II_of_Hungary	spouse	Yolanda_of_Courtenay
Andrew_II_of_Hungary	type	Person
Anna_Canalis_di_Cumiana	spouse	Victor_Amadeus_II_of_Sardinia
Anna_Canalis_di_Cumiana	type	Person
Anna_Eleonore_of_Hesse_Darmstadt	spouse	George_Duke_of_Brunswic_Calenberg
Anna_Eleonore_of_Hesse_Darmstadt	type	Person
Anna_Gr_fin_D_nhoff	type	Person
Anna_Jagiellon_Duchess_of_Pomerania	type	Person
Anna_Maria_of_Mecklenburg_Schwerin	child	Albrecht_of_Saxe_Weissenfels
Anna_Maria_of_Mecklenburg_Schwerin	child	August_of_Saxe_Weissenfels_1650_1674
Anna_Maria_of_Mecklenburg_Schwerin	child	Heinrich_of_Saxe_Weissenfels_Count_of_Barby
Anna_Maria_of_Mecklenburg_Schwerin	child	Johann_Adolf_I_Duke_of_Saxe_Weissenfels
Anna_Maria_of_Mecklenburg_Schwerin	child	Magdalena_Sibylla_of_Saxe_Weissenfels
Anna_Maria_of_Mecklenburg_Schwerin	child	Sophia_of_Saxe_Weissenfels_Princess_of_Anhalt_Zerbst
Anna_Maria_of_Mecklenburg_Schwerin	father	Adolphus_Frederick_I_Duke_of_Mecklenburg_Schwerin
Anna_Maria_of_Mecklenburg_Schwerin	mother	Anna_Maria_of_Ostfriesland
Anna_Maria_of_Mecklenburg_Schwerin	parent	Adolphus_Frederick_I_Duke_of_Mecklenburg_Schwerin
Anna_Maria_of_Mecklenburg_Schwerin	parent	Anna_Maria_of_Ostfriesland
Anna_Maria_of_Mecklenburg_Schwerin	spouse	Augustus_Duke_of_Saxe_Weissenfels
Anna_Maria_of_Mecklenburg_Schwerin	type	Person
Anna_Maria_of_Ostfriesland	father	Enno_III_Count_of_East_Frisia
Anna_Maria_of_Ostfriesland	parent	Anna_of_Holstei_Gottorp
Anna_Maria_of_Ostfriesland	parent	Enno_III_Count_of_East_Frisia
Anna_Maria_of_Ostfriesland	spouse	Adolphus_Frederick_I_Duke_of_Mecklenburg_Schwerin
Anna_Maria_of_Ostfriesland	type	Person
Anna_Porphyrogenita	spouse	Vladimir_the_Great
Anna_Porphyrogenita	type	Person
Anna_Sforza	type	Person
Anna_Sophia_II_Abbess_of_Quedlinburg	type	Person
Anna_Sophia_of_Prussia	type	Person
Anna_de_Medici	type	Person
Anna_of_Austria_Queen_of_Spain	spouse	Philip_II_of_Spain
Anna_of_Austria_Queen_of_Spain	type	Person
Anna_of_Glogau	spouse	Louis_II_Duke_of_Bavaria
Anna_of_Glogau	type	Person
Anna_of_Hesse	type	Person
Anna_of_Holstei_Gottorp	father	Adolf_Duke_of_Holstei_Gottorp
Anna_of_Holstei_Gottorp	mother	Christine_of_Hesse
Anna_of_Holstei_Gottorp	parent	Adolf_Duke_of_Holstei_Gottorp
Anna_of_Holstei_Gottorp	parent	Christine_of_Hesse
Anna_of_Holstei_Gottorp	spouse	Enno_III_Count_of_East_Frisia
Anna_of_Holstei_Gottorp	type	Person
Anna_of_Hungary_Byzantine_empress	type	Person
Anna_of_Lorraine	type	Person
Anna_of_Nassau_Dillenburg	spouse	Otto_V_Duke_of_Brunswic_L_neburg
Anna_of_Nassau_Dillenburg	type	Person
Anna_von_Campe	spouse	Henry_the_Middle_Duke_of_Brunswic_L_neburg
Anna_von_Campe	type	Person
Annabella_of_Scotland	type	Person
Anne_Christine_of_Sulzbach_Princess_of_Piedmont	spouse	Charles_Emmanuel_III_of_Sardinia
Anne_Christine_of_Sulzbach_Princess_of_Piedmont	type	Person
Anne_Gonzaga	child	Anne_Henriette_of_Bavaria
Anne_Gonzaga	child	Benedicta_Henrietta_of_the_Palatinate
Anne_Gonzaga	child	Luise_Marie_of_the_Palatinate
Anne_Gonzaga	father	Charles_I_Gonzaga_Duke_of_Mantua
Anne_Gonzaga	mother	Catherine_of_Mayenne
Anne_Gonzaga	parent	Charles_I_Gonzaga_Duke_of_Mantua
Anne_Gonzaga	spouse	Edward_Count_Palatine_of_Simmern
Anne_Gonzaga	type	Person
Anne_Henriette_of_Bavaria	type	Person
Anne_Marie_Th_r_se_de_Lorraine	type	Person
Anne_Marie_d_Orl_ans	child	Charles_Emmanuel_III_of_Sardinia
Anne_Marie_d_Orl_ans	child	Maria_Luisa_Gabriella_of_Savoy
Anne_Marie_d_Orl_ans	child	Victor_Amadeus_Prince_of_Piedmont
Anne_Marie_d_Orl_ans	father	Philippe_I_Duke_of_Orl_ans
Anne_Marie_d_Orl_ans	parent	Philippe_I_Duke_of_Orl_ans
Anne_Marie_d_Orl_ans	spouse	Victor_Amadeus_II_of_Sardinia
Anne_Marie_d_Orl_ans	type	Person
Anne_Princess_Royal_and_Princess_of_Orange	type	Person
Anne_Queen_of_Great_Britain	successor	George_I_of_Great_Britain
Anne_Queen_of_Great_Britain	type	Person
Anne_Stuart_born_1637	type	Person
Anne_Woodville	type	Person
Anne_of_Austria	father	Philip_III_of_Spain
Anne_of_Austria	parent	Philip_III_of_Spain
Anne_of_Austria	predecessor	Louis_XIV
Anne_of_Austria	spouse	Louis_XIII
Anne_of_Austria	type	Person
Anne_of_Austria_Landgravine_of_Thuringia	type	Person
Anne_of_Austria_Margravine_of_Brandenburg	type	Person
Anne_of_Austria_Queen_of_Poland	type	Person
Anne_of_Bohemia_1290_1313	type	Person
Anne_of_Bohemia_Duchess_of_Austria	type	Person
Anne_of_Bohemia_and_Hungary	child	Archduchess_Anna_of_Austria
Anne_of_Bohemia_and_Hungary	child	Archduchess_Barbara_of_Austria
Anne_of_Bohemia_and_Hungary	child	Charles_II_Archduke_of_Austria
Anne_of_Bohemia_and_Hungary	child	Ferdinand_II_Archduke_of_Austria
Anne_of_Bohemia_and_Hungary	child	Joanna_of_Austria_Grand_Duchess_of_Tuscany
Anne_of_Bohemia_and_Hungary	child	Maria_of_Austria_Duchess_of_J_lich_Cleves_Berg
Anne_of_Bohemia_and_Hungary	child	Maximilian_II_Holy_Roman_Emperor
Anne_of_Bohemia_and_Hungary	father	Vladislaus_II_of_Hungary
Anne_of_Bohemia_and_Hungary	mother	Anne_of_Foix_Candale
Anne_of_Bohemia_and_Hungary	parent	Vladislaus_II_of_Hungary
Anne_of_Bohemia_and_Hungary	spouse	Ferdinand_I_Holy_Roman_Emperor
Anne_of_Bohemia_and_Hungary	type	Person
Anne_of_Brittany	child	Charles_Orlando_Dauphin_of_France
Anne_of_Brittany	child	Claude_of_France
Anne_of_Brittany	child	Ren_e_of_France
Anne_of_Brittany	father	Francis_II_Duke_of_Brittany
Anne_of_Brittany	father	Margaret_Countess_of_Vertus
Anne_of_Brittany	father	Richard_Count_of__tampes
Anne_of_Brittany	mother	Margaret_of_Foix
Anne_of_Brittany	predecessor	Francis_II_Duke_of_Brittany
Anne_of_Brittany	spouse	Charles_VIII_of_France
Anne_of_Brittany	spouse	Louis_XII
Anne_of_Brittany	spouse	Maximilian_I_Holy_Roman_Emperor
Anne_of_Brittany	successor	Claude_of_France
Anne_of_Brittany	type	Person
Anne_of_Burgundy	type	Person
Anne_of_Cyprus	child	Amadeus_IX_Duke_of_Savoy
Anne_of_Cyprus	child	Bona_of_Savoy
Anne_of_Cyprus	child	Charlotte_of_Savoy
Anne_of_Cyprus	child	Jacques_of_Savoy_Count_of_Romont
Anne_of_Cyprus	child	Louis_of_Cyprus
Anne_of_Cyprus	child	Margaret_of_Savoy_Countess_of_Saint_Pol
Anne_of_Cyprus	child	Marie_of_Savoy_Countess_of_Saint_Pol
Anne_of_Cyprus	child	Philip_II_Duke_of_Savoy
Anne_of_Cyprus	father	Janus_of_Cyprus
Anne_of_Cyprus	mother	Charlotte_of_Bourbon_Queen_of_Cyprus
Anne_of_Cyprus	parent	Charlotte_of_Bourbon_Queen_of_Cyprus
Anne_of_Cyprus	parent	Janus_of_Cyprus
Anne_of_Cyprus	spouse	Louis_Duke_of_Savoy
Anne_of_Cyprus	type	Person
Anne_of_Foix_Candale	child	Anne_of_Bohemia_and_Hungary
Anne_of_Foix_Candale	child	Louis_II_of_Hungary
Anne_of_Foix_Candale	father	Gaston_de_Foix_Count_of_Candale
Anne_of_Foix_Candale	mother	Catherine_of_Foix_Countess_of_Candale
Anne_of_Foix_Candale	parent	Catherine_of_Foix_Countess_of_Candale
Anne_of_Foix_Candale	parent	Gaston_de_Foix_Count_of_Candale
Anne_of_Foix_Candale	spouse	Vladislaus_II_of_Hungary
Anne_of_Foix_Candale	type	Person
Anne_of_France	type	Person
Anne_of_Kiev	child	Hugh_Count_of_Vermandois
Anne_of_Kiev	father	Yaroslav_the_Wise
Anne_of_Kiev	mother	Ingegerd_Olofsdotter_of_Sweden
Anne_of_Kiev	parent	Ingegerd_Olofsdotter_of_Sweden
Anne_of_Kiev	parent	Yaroslav_the_Wise
Anne_of_Kiev	spouse	Henry_I_of_France
Anne_of_Kiev	type	Person
Anne_of_Orl_ans_Abbess_of_Fontevraud	type	Person
Anne_of_York_daughter_of_Edward_IV	type	Person
Ansegisel	spouse	Begga
Ansegisel	type	Person
Ansgarde_of_Burgundy	spouse	Louis_the_Stammerer
Ansgarde_of_Burgundy	type	Person
Anthony_Woodville_2nd_Earl_Rivers	type	Person
Antoine_Count_of_Vaud_mont	father	Frederick_I_Count_of_Vaud_mont
Antoine_Count_of_Vaud_mont	mother	Margaret_of_Joinville
Antoine_Count_of_Vaud_mont	parent	Frederick_I_Count_of_Vaud_mont
Antoine_Count_of_Vaud_mont	parent	Margaret_of_Joinville
Antoine_Count_of_Vaud_mont	spouse	Marie_Countess_of_Harcourt
Antoine_Count_of_Vaud_mont	type	Person
Antoine_Duke_of_Lorraine	child	Anna_of_Lorraine
Antoine_Duke_of_Lorraine	child	Francis_I_Duke_of_Lorraine
Antoine_Duke_of_Lorraine	child	Nicolas_Duke_of_Merc_ur
Antoine_Duke_of_Lorraine	father	Ren__II_Duke_of_Lorraine
Antoine_Duke_of_Lorraine	mother	Philippa_of_Guelders
Antoine_Duke_of_Lorraine	parent	Philippa_of_Guelders
Antoine_Duke_of_Lorraine	parent	Ren__II_Duke_of_Lorraine
Antoine_Duke_of_Lorraine	predecessor	Ren__II_Duke_of_Lorraine
Antoine_Duke_of_Lorraine	spouse	Ren_e_of_Bourbon
Antoine_Duke_of_Lorraine	successor	Francis_I_Duke_of_Lorraine
Antoine_Duke_of_Lorraine	type	Person
Antoine_Duke_of_Montpensier	child	Infante_Antonio_Duke_of_Galliera
Antoine_Duke_of_Montpensier	child	Mercedes_of_Orl_ans
Antoine_Duke_of_Montpensier	child	Princess_Mar_a_Cristina_of_Orl_ans
Antoine_Duke_of_Montpensier	child	Princess_Marie_Isabelle_of_Orl_ans
Antoine_Duke_of_Montpensier	father	Louis_Philippe_I
Antoine_Duke_of_Montpensier	mother	Maria_Amalia_of_Naples_and_Sicily
Antoine_Duke_of_Montpensier	parent	Louis_Philippe_I
Antoine_Duke_of_Montpensier	parent	Maria_Amalia_of_Naples_and_Sicily
Antoine_Duke_of_Montpensier	predecessor	Antoine_Philippe_Duke_of_Montpensier
Antoine_Duke_of_Montpensier	spouse	Infanta_Luisa_Fernanda_Duchess_of_Montpensier
Antoine_Duke_of_Montpensier	successor	Prince_Ferdinand_Duke_of_Montpensier
Antoine_Duke_of_Montpensier	type	Person
Antoine_Philippe_Duke_of_Montpensier	successor	Antoine_Duke_of_Montpensier
Antoine_Philippe_Duke_of_Montpensier	type	Person
Antoine_of_Navarre	child	Catherine_de_Bourbon
Antoine_of_Navarre	father	Charles_Duke_of_Vend_me
Antoine_of_Navarre	parent	Charles_Duke_of_Vend_me
Antoine_of_Navarre	parent	Fran_oise_d_Alen_on
Antoine_of_Navarre	predecessor	Henry_II_of_Navarre
Antoine_of_Navarre	spouse	Jeanne_d_Albret
Antoine_of_Navarre	successor	Jeanne_d_Albret
Antoine_of_Navarre	type	Person
Antoinette_of_Bourbon	child	Charles_Cardinal_of_Lorraine
Antoinette_of_Bourbon	child	Claude_Duke_of_Aumale
Antoinette_of_Bourbon	child	Francis_Duke_of_Guise
Antoinette_of_Bourbon	child	Mary_of_Guise
Antoinette_of_Bourbon	child	Ren__Marquis_of_Elbeuf
Antoinette_of_Bourbon	father	Francis_Count_of_Vend_me
Antoinette_of_Bourbon	parent	Francis_Count_of_Vend_me
Antoinette_of_Bourbon	parent	Marie_of_Luxembourg_Countess_of_Vend_me
Antoinette_of_Bourbon	spouse	Claude_Duke_of_Guise
Antoinette_of_Bourbon	type	Person
Antonia_of_Lorraine	type	Person
Antonia_of_Savoy	type	Person
Antonio_Farnese_Duke_of_Parma	successor	Charles_III_of_Spain
Antonio_Farnese_Duke_of_Parma	type	Person
Antonio_de_Medici	type	Person
Anund_Jacob	type	Person
Archbishop_of_Canterbury	type	Person
Archbishop_of_Cologne	type	Person
Archduchess_Anna_of_Austria	child	Ernest_of_Bavaria
Archduchess_Anna_of_Austria	child	Ferdinand_of_Bavaria_soldier
Archduchess_Anna_of_Austria	child	Maria_Anna_of_Bavaria_born_1551
Archduchess_Anna_of_Austria	child	Maximiliana_Maria_of_Bavaria
Archduchess_Anna_of_Austria	child	William_V_Duke_of_Bavaria
Archduchess_Anna_of_Austria	father	Ferdinand_I_Holy_Roman_Emperor
Archduchess_Anna_of_Austria	mother	Anne_of_Bohemia_and_Hungary
Archduchess_Anna_of_Austria	parent	Anne_of_Bohemia_and_Hungary
Archduchess_Anna_of_Austria	parent	Ferdinand_I_Holy_Roman_Emperor
Archduchess_Anna_of_Austria	predecessor	Marie_of_Bade_Sponheim
Archduchess_Anna_of_Austria	spouse	Albert_V_Duke_of_Bavaria
Archduchess_Anna_of_Austria	successor	Renata_of_Lorraine
Archduchess_Anna_of_Austria	type	Person
Archduchess_Barbara_of_Austria	type	Person
Archduchess_Catherine_Renata_of_Austria	type	Person
Archduchess_Clementina_of_Austria	type	Person
Archduchess_Eleanor_of_Austria	type	Person
Archduchess_Eleanor_of_Austria_1582_1620	type	Person
Archduchess_Gregoria_Maximiliana_of_Austria	type	Person
Archduchess_Helena_of_Austria_1543_1574	type	Person
Archduchess_Magdalena_of_Austria	type	Person
Archduchess_Margaret_of_Austria_1567_1633	type	Person
Archduchess_Margaret_of_Austria_nun	type	Person
Archduchess_Maria_Amalia_of_Austria_1780_1798	type	Person
Archduchess_Maria_Anna_of_Austria_born_1738	type	Person
Archduchess_Maria_Anna_of_Austria_born_1770	type	Person
Archduchess_Maria_Anna_of_Austria_governor	type	Person
Archduchess_Maria_Carolina_of_Austria_born_1740	type	Person
Archduchess_Maria_Carolina_of_Austria_stillborn_1748	type	Person
Archduchess_Maria_Clementina_of_Austria	child	Marie_Caroline_of_Bourbo_Two_Sicilies_Duchess_of_Berry
Archduchess_Maria_Clementina_of_Austria	parent	Maria_Luisa_of_Spain
Archduchess_Maria_Clementina_of_Austria	spouse	Francis_I_of_the_Two_Sicilies
Archduchess_Maria_Clementina_of_Austria	type	Person
Archduchess_Maria_Dorothea_of_Austria	predecessor	Princess_Marie_Isabelle_of_Orl_ans
Archduchess_Maria_Dorothea_of_Austria	type	Person
Archduchess_Maria_Elisabeth_of_Austria_born_1737	type	Person
Archduchess_Maria_Elisabeth_of_Austria_born_1743	type	Person
Archduchess_Maria_Johanna_Gabriela_of_Austria	type	Person
Archduchess_Maria_Josepha_of_Austria	type	Person
Archduchess_Maria_Leopoldine_of_Austria_Este	type	Person
Archduchess_Maria_Maddalena_of_Austria	type	Person
Archduchess_Maria_Theresa_of_Austria_Este_1817_1886	father	Francis_IV_Duke_of_Modena
Archduchess_Maria_Theresa_of_Austria_Este_1817_1886	mother	Maria_Beatrice_of_Savoy
Archduchess_Maria_Theresa_of_Austria_Este_1817_1886	parent	Francis_IV_Duke_of_Modena
Archduchess_Maria_Theresa_of_Austria_Este_1817_1886	parent	Maria_Beatrice_of_Savoy
Archduchess_Maria_Theresa_of_Austria_Este_1817_1886	spouse	Henri_Count_of_Chambord
Archduchess_Maria_Theresa_of_Austria_Este_1817_1886	type	Person
Archduchess_Marie_Anne_of_Austria	type	Person
Archduchess_Marie_Caroline_of_Austria	type	Person
Archduke_Alexander_Leopold_of_Austria	type	Person
Archduke_Anton_Victor_of_Austria	type	Person
Archduke_Charles_Duke_of_Teschen	type	Person
Archduke_Charles_Joseph_of_Austria_born_1745	type	Person
Archduke_Ernest_of_Austria	type	Person
Archduke_Ferdinand_Karl_Joseph_of_Austria_Este	type	Person
Archduke_Ferdinand_Karl_Viktor_of_Austria_Este	type	Person
Archduke_Franz_Karl_of_Austria	type	Person
Archduke_John_of_Austria	type	Person
Archduke_Joseph_Franz_of_Austria	type	Person
Archduke_Joseph_of_Austria_Palatine_of_Hungary	type	Person
Archduke_Karl_Ambrosius_of_Austria_Este	type	Person
Archduke_Louis_of_Austria	type	Person
Archduke_Maximilian_Ernest_of_Austria	type	Person
Archduke_Maximilian_Francis_of_Austria	type	Person
Archduke_Maximilian_of_Austria_Este	type	Person
Archduke_Rainer_Joseph_of_Austria	type	Person
Archduke_Rudolf_of_Austria	type	Person
Archduke_Wenceslaus_of_Austria	type	Person
Arnulf_Count_of_Holland	child	Dirk_III_Count_of_Holland
Arnulf_Count_of_Holland	father	Dirk_II_Count_of_Holland
Arnulf_Count_of_Holland	parent	Dirk_II_Count_of_Holland
Arnulf_Count_of_Holland	predecessor	Dirk_II_Count_of_Holland
Arnulf_Count_of_Holland	spouse	Lutgardis_of_Luxemburg
Arnulf_Count_of_Holland	successor	Dirk_III_Count_of_Holland
Arnulf_Count_of_Holland	type	Person
Arnulf_II_Count_of_Flanders	father	Baldwin_III_Count_of_Flanders
Arnulf_II_Count_of_Flanders	father	Godfrey_I_Count_of_Verdun
Arnulf_II_Count_of_Flanders	mother	Matilda_of_Saxony_countess_of_Flanders
Arnulf_II_Count_of_Flanders	parent	Baldwin_III_Count_of_Flanders
Arnulf_II_Count_of_Flanders	parent	Matilda_of_Saxony_countess_of_Flanders
Arnulf_II_Count_of_Flanders	spouse	Rozala_of_Italy
Arnulf_II_Count_of_Flanders	type	Person
Arnulf_I_Count_of_Flanders	father	Baldwin_II_Margrave_of_Flanders
Arnulf_I_Count_of_Flanders	mother	_lfthryth_Countess_of_Flanders
Arnulf_I_Count_of_Flanders	parent	Baldwin_II_Margrave_of_Flanders
Arnulf_I_Count_of_Flanders	parent	_lfthryth_Countess_of_Flanders
Arnulf_I_Count_of_Flanders	spouse	Adele_of_Vermandois
Arnulf_I_Count_of_Flanders	type	Person
Arnulf_archbishop_of_Reims	type	Person
Arnulf_of_Carinthia	predecessor	Charles_the_Fat
Arnulf_of_Carinthia	type	Person
Arthur_III_Duke_of_Brittany	successor	Francis_II_Duke_of_Brittany
Arthur_III_Duke_of_Brittany	type	Person
Arthur_II_Duke_of_Brittany	child	John_III_Duke_of_Brittany
Arthur_II_Duke_of_Brittany	father	John_II_Duke_of_Brittany
Arthur_II_Duke_of_Brittany	parent	Beatrice_of_England
Arthur_II_Duke_of_Brittany	parent	John_II_Duke_of_Brittany
Arthur_II_Duke_of_Brittany	predecessor	John_II_Duke_of_Brittany
Arthur_II_Duke_of_Brittany	spouse	Yolande_of_Dreux_Queen_of_Scotland
Arthur_II_Duke_of_Brittany	successor	John_III_Duke_of_Brittany
Arthur_II_Duke_of_Brittany	type	Person
Arthur_Prince_of_Wales	type	Person
Auda_of_France	type	Person
August_of_Saxe_Weissenfels_1650_1674	type	Person
Auguste_of_Bade_Baden	spouse	Louis_Duke_of_Orl_ans_1703_1752
Auguste_of_Bade_Baden	type	Person
Augustus_Duke_of_Saxe_Weissenfels	spouse	Anna_Maria_of_Mecklenburg_Schwerin
Augustus_Duke_of_Saxe_Weissenfels	type	Person
Augustus_III_of_Poland	spouse	Maria_Josepha_of_Austria
Augustus_III_of_Poland	type	Person
Augustus_the_Elder_Duke_of_Brunswic_L_neburg	type	Person
Averardo_de_Medici	type	Person
Baldred_of_Kent	successor	Ecgberht_King_of_Wessex
Baldred_of_Kent	type	Person
Baldwin_III_Count_of_Flanders	father	Arnulf_I_Count_of_Flanders
Baldwin_III_Count_of_Flanders	mother	Adele_of_Vermandois
Baldwin_III_Count_of_Flanders	parent	Adele_of_Vermandois
Baldwin_III_Count_of_Flanders	parent	Arnulf_I_Count_of_Flanders
Baldwin_III_Count_of_Flanders	spouse	Matilda_of_Saxony_countess_of_Flanders
Baldwin_III_Count_of_Flanders	type	Person
Baldwin_III_Count_of_Hainaut	father	Baldwin_II_Count_of_Hainaut
Baldwin_III_Count_of_Hainaut	mother	Ida_Countess_of_Hainaut
Baldwin_III_Count_of_Hainaut	parent	Baldwin_II_Count_of_Hainaut
Baldwin_III_Count_of_Hainaut	parent	Ida_Countess_of_Hainaut
Baldwin_III_Count_of_Hainaut	type	Person
Baldwin_III_of_Jerusalem	type	Person
Baldwin_II_Count_of_Hainaut	father	Baldwin_VI_Count_of_Flanders
Baldwin_II_Count_of_Hainaut	mother	Richilde_Countess_of_Hainaut
Baldwin_II_Count_of_Hainaut	parent	Baldwin_VI_Count_of_Flanders
Baldwin_II_Count_of_Hainaut	parent	Richilde_Countess_of_Hainaut
Baldwin_II_Count_of_Hainaut	spouse	Ida_Countess_of_Hainaut
Baldwin_II_Count_of_Hainaut	type	Person
Baldwin_II_Latin_Emperor	type	Person
Baldwin_II_Margrave_of_Flanders	father	Baldwin_I_Margrave_of_Flanders
Baldwin_II_Margrave_of_Flanders	mother	Judith_of_Flanders
Baldwin_II_Margrave_of_Flanders	parent	Judith_of_Flanders
Baldwin_II_Margrave_of_Flanders	spouse	_lfthryth_Countess_of_Flanders
Baldwin_II_Margrave_of_Flanders	type	Person
Baldwin_II_of_Jerusalem	successor	Fulk_King_of_Jerusalem
Baldwin_II_of_Jerusalem	type	Person
Baldwin_IV_Count_of_Flanders	father	Arnulf_II_Count_of_Flanders
Baldwin_IV_Count_of_Flanders	mother	Rozala_of_Italy
Baldwin_IV_Count_of_Flanders	parent	Arnulf_II_Count_of_Flanders
Baldwin_IV_Count_of_Flanders	parent	Rozala_of_Italy
Baldwin_IV_Count_of_Flanders	spouse	Eleanor_of_Normandy
Baldwin_IV_Count_of_Flanders	spouse	Ogive_of_Luxembourg
Baldwin_IV_Count_of_Flanders	type	Person
Baldwin_IV_Count_of_Hainaut	father	Baldwin_III_Count_of_Hainaut
Baldwin_IV_Count_of_Hainaut	parent	Baldwin_III_Count_of_Hainaut
Baldwin_IV_Count_of_Hainaut	spouse	Alice_of_Namur
Baldwin_IV_Count_of_Hainaut	type	Person
Baldwin_I_Margrave_of_Flanders	spouse	Judith_of_Flanders
Baldwin_I_Margrave_of_Flanders	type	Person
Baldwin_VI_Count_of_Flanders	father	Baldwin_V_Count_of_Flanders
Baldwin_VI_Count_of_Flanders	mother	Adela_of_France
Baldwin_VI_Count_of_Flanders	parent	Adela_of_France
Baldwin_VI_Count_of_Flanders	parent	Baldwin_V_Count_of_Flanders
Baldwin_VI_Count_of_Flanders	spouse	Richilde_Countess_of_Hainaut
Baldwin_VI_Count_of_Flanders	type	Person
Baldwin_V_Count_of_Flanders	child	Baldwin_VI_Count_of_Flanders
Baldwin_V_Count_of_Flanders	child	Matilda_of_Flanders
Baldwin_V_Count_of_Flanders	child	Robert_I_Count_of_Flanders
Baldwin_V_Count_of_Flanders	mother	Ogive_of_Luxembourg
Baldwin_V_Count_of_Flanders	parent	Ogive_of_Luxembourg
Baldwin_V_Count_of_Flanders	spouse	Adela_of_France
Baldwin_V_Count_of_Flanders	type	Person
Baldwin_V_Count_of_Hainaut	father	Baldwin_IV_Count_of_Hainaut
Baldwin_V_Count_of_Hainaut	mother	Alice_of_Namur
Baldwin_V_Count_of_Hainaut	parent	Baldwin_IV_Count_of_Hainaut
Baldwin_V_Count_of_Hainaut	spouse	Margaret_I_Countess_of_Flanders
Baldwin_V_Count_of_Hainaut	type	Person
Baldwin_of_Luxembourg	type	Person
Balthasar_Charles_Prince_of_Asturias	type	Person
Barbara_Jagiellon	child	Christine_of_Saxony
Barbara_Jagiellon	child	Frederick_Hereditary_Prince_of_Saxony
Barbara_Jagiellon	child	John_Hereditary_Prince_of_Saxony
Barbara_Jagiellon	child	Magdalena_of_Saxony
Barbara_Jagiellon	father	Casimir_IV_Jagiellon
Barbara_Jagiellon	mother	Elizabeth_of_Austria_1436_1505
Barbara_Jagiellon	parent	Casimir_IV_Jagiellon
Barbara_Jagiellon	parent	Elizabeth_of_Austria_1436_1505
Barbara_Jagiellon	spouse	George_Duke_of_Saxony
Barbara_Jagiellon	type	Person
Barbara_of_Cilli	child	Elizabeth_of_Luxembourg
Barbara_of_Cilli	spouse	Sigismund_Holy_Roman_Emperor
Barbara_of_Cilli	type	Person
Barbara_of_Hesse	type	Person
Bartholomew_de_L_Isle_Bouchard	type	Person
Bathilde_d_Orl_ans	type	Person
Beatrice_Countess_of_Arundel	type	Person
Beatrice_Regina_della_Scala	father	Mastino_II_della_Scala
Beatrice_Regina_della_Scala	parent	Mastino_II_della_Scala
Beatrice_Regina_della_Scala	spouse	Bernab__Visconti
Beatrice_Regina_della_Scala	type	Person
Beatrice_of_Albon	spouse	Hugh_III_Duke_of_Burgundy
Beatrice_of_Albon	type	Person
Beatrice_of_Avesnes	spouse	Henry_VI_Count_of_Luxembourg
Beatrice_of_Avesnes	type	Person
Beatrice_of_Bavaria	type	Person
Beatrice_of_Bourbon_Queen_of_Bohemia	spouse	John_of_Bohemia
Beatrice_of_Bourbon_Queen_of_Bohemia	type	Person
Beatrice_of_Brandenburg	father	Otto_V_Margrave_of_Brandenburg_Salzwedel
Beatrice_of_Brandenburg	spouse	Bolko_I_the_Strict
Beatrice_of_Brandenburg	type	Person
Beatrice_of_Burgundy_Lady_of_Bourbon	spouse	Robert_Count_of_Clermont
Beatrice_of_Burgundy_Lady_of_Bourbon	type	Person
Beatrice_of_Castile_1242_1303	spouse	Afonso_III_of_Portugal
Beatrice_of_Castile_1242_1303	type	Person
Beatrice_of_Castile_1293_1359	spouse	Afonso_IV_of_Portugal
Beatrice_of_Castile_1293_1359	type	Person
Beatrice_of_Castile_Marchioness_of_Montferrat	type	Person
Beatrice_of_England	child	Arthur_II_Duke_of_Brittany
Beatrice_of_England	child	Marie_of_Brittany_Countess_of_Saint_Pol
Beatrice_of_England	parent	Henry_III_of_England
Beatrice_of_England	spouse	John_II_Duke_of_Brittany
Beatrice_of_England	type	Person
Beatrice_of_Hungary_Dauphine_of_Viennois	type	Person
Beatrice_of_Luxembourg	type	Person
Beatrice_of_Navarre_Duchess_of_Burgundy	spouse	Hugh_IV_Duke_of_Burgundy
Beatrice_of_Navarre_Duchess_of_Burgundy	type	Person
Beatrice_of_Nuremberg	type	Person
Beatrice_of_Portugal	spouse	John_I_of_Castile
Beatrice_of_Portugal	type	Person
Beatrice_of_Portugal_Duchess_of_Savoy	spouse	Charles_III_Duke_of_Savoy
Beatrice_of_Portugal_Duchess_of_Savoy	type	Person
Beatrice_of_Portugal_died_1381	child	Eleanor_of_Alburquerque
Beatrice_of_Portugal_died_1381	father	Peter_I_of_Portugal
Beatrice_of_Portugal_died_1381	mother	In_s_de_Castro
Beatrice_of_Portugal_died_1381	parent	In_s_de_Castro
Beatrice_of_Portugal_died_1381	parent	Peter_I_of_Portugal
Beatrice_of_Portugal_died_1381	spouse	Sancho_Alfonso
Beatrice_of_Portugal_died_1381	type	Person
Beatrice_of_Provence	father	Ramon_Berenguer_IV_Count_of_Provence
Beatrice_of_Provence	predecessor	Ramon_Berenguer_IV_Count_of_Provence
Beatrice_of_Provence	type	Person
Beatrice_of_Savoy	child	Beatrice_of_Provence
Beatrice_of_Savoy	child	Margaret_of_Provence
Beatrice_of_Savoy	child	Sanchia_of_Provence
Beatrice_of_Savoy	father	Thomas_Count_of_Savoy
Beatrice_of_Savoy	mother	Margaret_of_Geneva
Beatrice_of_Savoy	parent	Margaret_of_Geneva
Beatrice_of_Savoy	parent	Thomas_Count_of_Savoy
Beatrice_of_Savoy	spouse	Ramon_Berenguer_IV_Count_of_Provence
Beatrice_of_Savoy	type	Person
Beatrice_of_Savoy_Lady_of_Villena	type	Person
Beatrice_of_Silesia	child	Louis_V_Duke_of_Bavaria
Beatrice_of_Silesia	father	Bolko_I_the_Strict
Beatrice_of_Silesia	parent	Beatrice_of_Brandenburg
Beatrice_of_Silesia	parent	Bolko_I_the_Strict
Beatrice_of_Silesia	spouse	Louis_IV_Holy_Roman_Emperor
Beatrice_of_Silesia	type	Person
Beatrice_of_Vermandois	spouse	Robert_I_of_France
Beatrice_of_Vermandois	type	Person
Beatriz_Pereira_de_Alvim	father	Nuno__lvares_Pereira
Beatriz_Pereira_de_Alvim	parent	Leonor_de_Alvim
Beatriz_Pereira_de_Alvim	parent	Nuno__lvares_Pereira
Beatriz_Pereira_de_Alvim	spouse	Afonso_I_Duke_of_Braganza
Beatriz_Pereira_de_Alvim	type	Person
Beatriz_of_Portugal_Duchess_of_Viseu	child	Eleanor_of_Viseu
Beatriz_of_Portugal_Duchess_of_Viseu	child	Isabel_of_Viseu
Beatriz_of_Portugal_Duchess_of_Viseu	child	Manuel_I_of_Portugal
Beatriz_of_Portugal_Duchess_of_Viseu	father	John_Constable_of_Portugal
Beatriz_of_Portugal_Duchess_of_Viseu	parent	Isabel_of_Barcelos
Beatriz_of_Portugal_Duchess_of_Viseu	parent	John_Constable_of_Portugal
Beatriz_of_Portugal_Duchess_of_Viseu	type	Person
Begga	spouse	Ansegisel
Begga	type	Person
Benedicta_Henrietta_of_the_Palatinate	child	Duchess_Charlotte_Felicitas_of_Brunswic_L_neburg
Benedicta_Henrietta_of_the_Palatinate	child	Wilhelmine_Amalie_of_Brunswick
Benedicta_Henrietta_of_the_Palatinate	mother	Anne_Gonzaga
Benedicta_Henrietta_of_the_Palatinate	parent	Anne_Gonzaga
Benedicta_Henrietta_of_the_Palatinate	parent	Edward_Count_Palatine_of_Simmern
Benedicta_Henrietta_of_the_Palatinate	spouse	John_Frederick_Duke_of_Brunswic_Calenberg
Benedicta_Henrietta_of_the_Palatinate	type	Person
Beorhtric_of_Wessex	successor	Ecgberht_King_of_Wessex
Beorhtric_of_Wessex	type	Person
Berchar	type	Person
Berengar_II_of_Italy	child	Adalbert_of_Italy
Berengar_II_of_Italy	child	Conrad_of_Ivrea
Berengar_II_of_Italy	child	Guy_of_Ivrea
Berengar_II_of_Italy	child	Rozala_of_Italy
Berengar_II_of_Italy	father	Adalbert_I_of_Ivrea
Berengar_II_of_Italy	parent	Adalbert_I_of_Ivrea
Berengar_II_of_Italy	parent	Gisela_of_Friuli
Berengar_II_of_Italy	predecessor	Lothair_II_of_Italy
Berengar_II_of_Italy	spouse	Willa_of_Tuscany
Berengar_II_of_Italy	successor	Otto_I_Holy_Roman_Emperor
Berengar_II_of_Italy	type	Person
Berengar_II_of_Neustria	type	Person
Berengar_I_of_Italy	predecessor	Charles_the_Fat
Berengar_I_of_Italy	successor	Rudolph_II_of_Burgundy
Berengar_I_of_Italy	type	Person
Berengaria_of_Barcelona	father	Ramon_Berenguer_III_Count_of_Barcelona
Berengaria_of_Barcelona	mother	Douce_I_Countess_of_Provence
Berengaria_of_Barcelona	parent	Douce_I_Countess_of_Provence
Berengaria_of_Barcelona	parent	Ramon_Berenguer_III_Count_of_Barcelona
Berengaria_of_Barcelona	spouse	Alfonso_VII_of_Le_n_and_Castile
Berengaria_of_Barcelona	type	Person
Berengaria_of_Castile	spouse	Alfonso_IX_of_Le_n
Berengaria_of_Castile	type	Person
Berengaria_of_Castile_Lady_of_Guadalajara	type	Person
Berengaria_of_Le_n	type	Person
Berengaria_of_Portugal	type	Person
Berenguer_Ramon_II_Count_of_Barcelona	successor	Ramon_Berenguer_III_Count_of_Barcelona
Berenguer_Ramon_II_Count_of_Barcelona	type	Person
Berenguer_Ramon_I_Count_of_Barcelona	father	Ramon_Borrell_Count_of_Barcelona
Berenguer_Ramon_I_Count_of_Barcelona	mother	Ermesinde_of_Carcassonne
Berenguer_Ramon_I_Count_of_Barcelona	parent	Ramon_Borrell_Count_of_Barcelona
Berenguer_Ramon_I_Count_of_Barcelona	spouse	Guisla_de_Llu__
Berenguer_Ramon_I_Count_of_Barcelona	successor	Ramon_Berenguer_I_Count_of_Barcelona
Berenguer_Ramon_I_Count_of_Barcelona	type	Person
Bernab__Visconti	spouse	Beatrice_Regina_della_Scala
Bernab__Visconti	type	Person
Bernard_II_Duke_of_Saxony	spouse	Eilika_of_Schweinfurt
Bernard_II_Duke_of_Saxony	type	Person
Bernard_I_Duke_of_Brunswic_L_neburg	father	Magnus_II_Duke_of_Brunswic_L_neburg
Bernard_I_Duke_of_Brunswic_L_neburg	type	Person
Bernard_of_Gothia	successor	Wilfred_the_Hairy
Bernard_of_Gothia	type	Person
Bernard_of_Italy	type	Person
Bernard_son_of_Charles_Martel	type	Person
Bernard_son_of_Charles_the_Fat	type	Person
Bernhard_Count_of_Anhalt	predecessor	Henry_the_Lion
Bernhard_Count_of_Anhalt	type	Person
Bertha_Duchess_of_Lorraine	spouse	Matthias_I_Duke_of_Lorraine
Bertha_Duchess_of_Lorraine	type	Person
Bertha_daughter_of_Lothair_II	spouse	Theobald_of_Arles
Bertha_daughter_of_Lothair_II	type	Person
Bertha_of_Burgundy	father	Conrad_I_of_Burgundy
Bertha_of_Burgundy	mother	Matilda_of_France
Bertha_of_Burgundy	parent	Conrad_I_of_Burgundy
Bertha_of_Burgundy	parent	Matilda_of_France
Bertha_of_Burgundy	spouse	Odo_I_Count_of_Blois
Bertha_of_Burgundy	spouse	Robert_II_of_France
Bertha_of_Burgundy	type	Person
Bertha_of_Holland	child	Constance_of_France_Princess_of_Antioch
Bertha_of_Holland	child	Louis_VI_of_France
Bertha_of_Holland	father	Floris_I_Count_of_Holland
Bertha_of_Holland	mother	Gertrude_of_Saxony
Bertha_of_Holland	parent	Floris_I_Count_of_Holland
Bertha_of_Holland	parent	Gertrude_of_Saxony
Bertha_of_Holland	spouse	Philip_I_of_France
Bertha_of_Holland	type	Person
Bertha_of_Swabia	spouse	Rudolph_II_of_Burgundy
Bertha_of_Swabia	type	Person
Berthold_Duke_of_Merania	father	Berthold_I_of_Istria
Berthold_Duke_of_Merania	parent	Berthold_I_of_Istria
Berthold_Duke_of_Merania	spouse	Agnes_of_Rochlitz
Berthold_Duke_of_Merania	type	Person
Berthold_II_Count_of_Andechs	spouse	Sophia_of_Istria
Berthold_II_Count_of_Andechs	type	Person
Berthold_I_of_Istria	father	Berthold_II_Count_of_Andechs
Berthold_I_of_Istria	parent	Berthold_II_Count_of_Andechs
Berthold_I_of_Istria	type	Person
Bertrada_of_Laon	father	Charibert_of_Laon
Bertrada_of_Laon	parent	Charibert_of_Laon
Bertrada_of_Laon	spouse	Pepin_the_Short
Bertrada_of_Laon	type	Person
Bertrade_of_Montfort	child	Cecile_of_France
Bertrade_of_Montfort	child	Fulk_King_of_Jerusalem
Bertrade_of_Montfort	father	Simon_I_de_Montfort
Bertrade_of_Montfort	parent	Simon_I_de_Montfort
Bertrade_of_Montfort	spouse	Fulk_IV_Count_of_Anjou
Bertrade_of_Montfort	spouse	Philip_I_of_France
Bertrade_of_Montfort	type	Person
Bianca_Cappello	spouse	Francesco_I_de_Medici_Grand_Duke_of_Tuscany
Bianca_Cappello	type	Person
Bianca_Maria_Sforza	spouse	Maximilian_I_Holy_Roman_Emperor
Bianca_Maria_Sforza	type	Person
Bianca_Maria_Visconti	spouse	Francesco_I_Sforza
Bianca_Maria_Visconti	type	Person
Bivin_of_Gorze	type	Person
Blanca_of_Navarre_Queen_of_Castile	spouse	Sancho_III_of_Castile
Blanca_of_Navarre_Queen_of_Castile	type	Person
Blanche_II_of_Navarre	type	Person
Blanche_I_of_Navarre	spouse	John_II_of_Aragon
Blanche_I_of_Navarre	successor	John_II_of_Aragon
Blanche_I_of_Navarre	type	Person
Blanche_of_Anjou	type	Person
Blanche_of_Artois	child	Henry_3rd_Earl_of_Lancaster
Blanche_of_Artois	child	Joan_I_of_Navarre
Blanche_of_Artois	child	Thomas_2nd_Earl_of_Lancaster
Blanche_of_Artois	father	Robert_I_Count_of_Artois
Blanche_of_Artois	parent	Matilda_of_Brabant_Countess_of_Artois
Blanche_of_Artois	spouse	Edmund_Crouchback
Blanche_of_Artois	type	Person
Blanche_of_Bourbon	type	Person
Blanche_of_Brittany	father	John_II_Duke_of_Brittany
Blanche_of_Brittany	parent	John_II_Duke_of_Brittany
Blanche_of_Brittany	spouse	Philip_of_Artois
Blanche_of_Brittany	type	Person
Blanche_of_Burgundy	father	Otto_IV_Count_of_Burgundy
Blanche_of_Burgundy	mother	Mahaut_Countess_of_Artois
Blanche_of_Burgundy	parent	Mahaut_Countess_of_Artois
Blanche_of_Burgundy	parent	Otto_IV_Count_of_Burgundy
Blanche_of_Burgundy	spouse	Charles_IV_of_France
Blanche_of_Burgundy	type	Person
Blanche_of_Burgundy_Countess_of_Savoy	type	Person
Blanche_of_Castile	child	Alphonse_Count_of_Poitiers
Blanche_of_Castile	child	Charles_I_of_Anjou
Blanche_of_Castile	child	Isabelle_of_France_saint
Blanche_of_Castile	child	Louis_IX_of_France
Blanche_of_Castile	father	Alfonso_VIII_of_Castile
Blanche_of_Castile	mother	Eleanor_of_England_Queen_of_Castile
Blanche_of_Castile	parent	Alfonso_VIII_of_Castile
Blanche_of_Castile	spouse	Louis_VIII_of_France
Blanche_of_Castile	type	Person
Blanche_of_France_Duchess_of_Austria	type	Person
Blanche_of_France_Duchess_of_Orl_ans	type	Person
Blanche_of_France_Infanta_of_Castile	type	Person
Blanche_of_France_nun	type	Person
Blanche_of_Lancaster	spouse	John_of_Gaunt
Blanche_of_Lancaster	type	Person
Blanche_of_Navarre_Countess_of_Champagne	spouse	Theobald_III_Count_of_Champagne
Blanche_of_Navarre_Countess_of_Champagne	type	Person
Blanche_of_Navarre_Duchess_of_Brittany	spouse	John_I_Duke_of_Brittany
Blanche_of_Navarre_Duchess_of_Brittany	type	Person
Blanche_of_Navarre_Queen_of_France	child	Joan_of_France_1351_1371
Blanche_of_Navarre_Queen_of_France	father	Philip_III_of_Navarre
Blanche_of_Navarre_Queen_of_France	mother	Joan_II_of_Navarre
Blanche_of_Navarre_Queen_of_France	parent	Joan_II_of_Navarre
Blanche_of_Navarre_Queen_of_France	parent	Philip_III_of_Navarre
Blanche_of_Navarre_Queen_of_France	spouse	Philip_VI_of_France
Blanche_of_Navarre_Queen_of_France	type	Person
Blanche_of_Portugal_1259_1321	type	Person
Blanche_of_Valois	type	Person
Bolko_I_the_Strict	spouse	Beatrice_of_Brandenburg
Bolko_I_the_Strict	type	Person
Bona_of_Savoy	child	Anna_Sforza
Bona_of_Savoy	child	Bianca_Maria_Sforza
Bona_of_Savoy	child	Gian_Galeazzo_Sforza
Bona_of_Savoy	father	Louis_Duke_of_Savoy
Bona_of_Savoy	parent	Anne_of_Cyprus
Bona_of_Savoy	parent	Louis_Duke_of_Savoy
Bona_of_Savoy	spouse	Galeazzo_Maria_Sforza
Bona_of_Savoy	type	Person
Bonne_of_Armagnac	spouse	Charles_Duke_of_Orl_ans
Bonne_of_Armagnac	type	Person
Bonne_of_Artois	spouse	Philip_the_Good
Bonne_of_Artois	type	Person
Bonne_of_Berry	type	Person
Bonne_of_Bourbon	type	Person
Bonne_of_Luxembourg	child	Charles_V_of_France
Bonne_of_Luxembourg	child	Joan_of_Valois_Queen_of_Navarre
Bonne_of_Luxembourg	child	John_Duke_of_Berry
Bonne_of_Luxembourg	child	Louis_I_of_Anjou
Bonne_of_Luxembourg	child	Marie_of_France_Duchess_of_Bar
Bonne_of_Luxembourg	child	Philip_the_Bold
Bonne_of_Luxembourg	father	John_of_Bohemia
Bonne_of_Luxembourg	parent	Elizabeth_of_Bohemia_1292_1330
Bonne_of_Luxembourg	parent	John_of_Bohemia
Bonne_of_Luxembourg	spouse	John_II_of_France
Bonne_of_Luxembourg	type	Person
Boris_and_Gleb	type	Person
Borrell_II_Count_of_Barcelona	father	Sunyer_Count_of_Barcelona
Borrell_II_Count_of_Barcelona	parent	Sunyer_Count_of_Barcelona
Borrell_II_Count_of_Barcelona	type	Person
Boso_II_of_Italy	type	Person
Boso_Margrave_of_Tuscany	spouse	Willa_of_Burgundy
Boso_Margrave_of_Tuscany	type	Person
Boso_the_Elder	child	Hucbert
Boso_the_Elder	father	Boso_II_of_Italy
Boso_the_Elder	parent	Boso_II_of_Italy
Boso_the_Elder	type	Person
Bouchard_IV_of_Avesnes	father	James_of_Avesnes
Bouchard_IV_of_Avesnes	parent	James_of_Avesnes
Bouchard_IV_of_Avesnes	spouse	Margaret_II_Countess_of_Flanders
Bouchard_IV_of_Avesnes	type	Person
Brun_I_Count_of_Brunswick	spouse	Gisela_of_Swabia
Brun_I_Count_of_Brunswick	type	Person
Bruno_the_Great	type	Person
Burkhard_V_Count_of_Hohenberg	type	Person
C_sar_Duke_of_Vend_me	type	Person
Camilla_Martelli	spouse	Cosimo_I_de_Medici_Grand_Duke_of_Tuscany
Camilla_Martelli	type	Person
Canute_Lavard	type	Person
Canute_VI_of_Denmark	father	Valdemar_I_of_Denmark
Canute_VI_of_Denmark	predecessor	Valdemar_I_of_Denmark
Canute_VI_of_Denmark	type	Person
Canute_V_of_Denmark	type	Person
Cardinal_Infante_Afonso_of_Portugal	type	Person
Cardinal_Infante_Ferdinand_of_Austria	type	Person
Carlo_Buonaparte	father	Giuseppe_Maria_Buonaparte
Carlo_Buonaparte	spouse	Letizia_Bonaparte
Carlo_Buonaparte	type	Person
Carlo_Duke_of_Calabria	type	Person
Carloman_I	type	Person
Carloman_II	father	Louis_the_Stammerer
Carloman_II	parent	Louis_the_Stammerer
Carloman_II	predecessor	Louis_III_of_France
Carloman_II	predecessor	Louis_the_Stammerer
Carloman_II	successor	Charles_the_Fat
Carloman_II	type	Person
Carloman_mayor_of_the_palace	predecessor	Charles_Martel
Carloman_mayor_of_the_palace	successor	Pepin_the_Short
Carloman_mayor_of_the_palace	type	Person
Carloman_of_Bavaria	father	Louis_the_German
Carloman_of_Bavaria	predecessor	Louis_the_German
Carloman_of_Bavaria	successor	Charles_the_Fat
Carloman_of_Bavaria	type	Person
Carloman_son_of_Charles_the_Bald	type	Person
Carlos_Prince_of_Asturias	type	Person
Caroline_Bonaparte	type	Person
Caroline_Matilda_of_Great_Britain	type	Person
Caroline_of_Ansbach	spouse	George_II_of_Great_Britain
Caroline_of_Ansbach	type	Person
Casimir_II_the_Just	type	Person
Casimir_IV_Jagiellon	spouse	Elizabeth_of_Austria_1436_1505
Casimir_IV_Jagiellon	type	Person
Catalina_Micaela_of_Spain	spouse	Charles_Emmanuel_I_Duke_of_Savoy
Catalina_Micaela_of_Spain	type	Person
Caterina_Sforza	spouse	Giovanni_il_Popolano
Caterina_Sforza	type	Person
Catherine_Henriette_de_Bourbon	type	Person
Catherine_I_Latin_Empress	spouse	Charles_Count_of_Valois
Catherine_I_Latin_Empress	type	Person
Catherine_Woodville_Duchess_of_Buckingham	type	Person
Catherine_de_Bourbon	type	Person
Catherine_de_Medici	child	Charles_IX_of_France
Catherine_de_Medici	child	Claude_of_France_1547_1575
Catherine_de_Medici	child	Elisabeth_of_Valois
Catherine_de_Medici	child	Francis_II_of_France
Catherine_de_Medici	child	Henry_III_of_France
Catherine_de_Medici	child	Margaret_of_Valois
Catherine_de_Medici	father	Lorenzo_de_Medici_Duke_of_Urbino
Catherine_de_Medici	mother	Madeleine_de_La_Tour_d_Auvergne
Catherine_de_Medici	parent	Lorenzo_de_Medici_Duke_of_Urbino
Catherine_de_Medici	spouse	Henry_II_of_France
Catherine_de_Medici	type	Person
Catherine_of_Anhalt_Bernburg	spouse	Magnus_II_Duke_of_Brunswic_L_neburg
Catherine_of_Anhalt_Bernburg	type	Person
Catherine_of_Aragon	type	Person
Catherine_of_Austria_Duchess_of_Calabria	type	Person
Catherine_of_Austria_Queen_of_Poland	type	Person
Catherine_of_Austria_Queen_of_Portugal	type	Person
Catherine_of_Cleves_1417_1479	type	Person
Catherine_of_Foix_Countess_of_Candale	father	Gaston_IV_Count_of_Foix
Catherine_of_Foix_Countess_of_Candale	mother	Eleanor_of_Navarre
Catherine_of_Foix_Countess_of_Candale	parent	Eleanor_of_Navarre
Catherine_of_Foix_Countess_of_Candale	parent	Gaston_IV_Count_of_Foix
Catherine_of_Foix_Countess_of_Candale	spouse	Gaston_de_Foix_Count_of_Candale
Catherine_of_Foix_Countess_of_Candale	type	Person
Catherine_of_France_Countess_of_Charolais	type	Person
Catherine_of_France_Countess_of_Montpensier	type	Person
Catherine_of_Hungary_Queen_of_Serbia	type	Person
Catherine_of_Lancaster	type	Person
Catherine_of_Lorraine_1573_1648	type	Person
Catherine_of_Lorraine_Margravine_of_Bade_Baden	type	Person
Catherine_of_Mayenne	spouse	Charles_I_Gonzaga_Duke_of_Mantua
Catherine_of_Mayenne	type	Person
Catherine_of_Portugal_nun	type	Person
Catherine_of_Valois	child	Edmund_Tudor_1st_Earl_of_Richmond
Catherine_of_Valois	child	Henry_VI_of_England
Catherine_of_Valois	child	Jasper_Tudor
Catherine_of_Valois	father	Charles_VI_of_France
Catherine_of_Valois	mother	Isabeau_of_Bavaria
Catherine_of_Valois	parent	Isabeau_of_Bavaria
Catherine_of_Valois	spouse	Henry_V_of_England
Catherine_of_Valois	spouse	Owen_Tudor
Catherine_of_Valois	type	Person
Catherine_of_Valois_Courtenay	type	Person
Catherine_of_Vend_me	father	John_VI_of_Vend_me
Catherine_of_Vend_me	mother	Joan_of_Ponthieu_Dame_of_Epernon
Catherine_of_Vend_me	parent	Joan_of_Ponthieu_Dame_of_Epernon
Catherine_of_Vend_me	parent	John_VI_of_Vend_me
Catherine_of_Vend_me	spouse	John_I_Count_of_La_Marche
Catherine_of_Vend_me	type	Person
Catherine_of_York	type	Person
Cecile_of_France	type	Person
Cecily_of_York	type	Person
Charibert_of_Laon	type	Person
Charlemagne	child	Charles_the_Younger
Charlemagne	child	Louis_the_Pious
Charlemagne	child	Pepin_of_Italy
Charlemagne	child	Pepin_the_Hunchback
Charlemagne	parent	Pepin_the_Short
Charlemagne	predecessor	Desiderius
Charlemagne	spouse	Hildegard_of_the_Vinzgau
Charlemagne	successor	Louis_the_Pious
Charlemagne	type	Person
Charles_Brandon_1st_Duke_of_Suffolk	spouse	Mary_Tudor_Queen_of_France
Charles_Brandon_1st_Duke_of_Suffolk	type	Person
Charles_Cardinal_of_Lorraine	type	Person
Charles_Count_of_Angoul_me	father	John_Count_of_Angoul_me
Charles_Count_of_Angoul_me	parent	John_Count_of_Angoul_me
Charles_Count_of_Angoul_me	spouse	Louise_of_Savoy
Charles_Count_of_Angoul_me	type	Person
Charles_Count_of_Maine	type	Person
Charles_Count_of_Valois	child	Blanche_of_Valois
Charles_Count_of_Valois	child	Catherine_of_Valois_Courtenay
Charles_Count_of_Valois	child	Isabella_of_Valois_Duchess_of_Bourbon
Charles_Count_of_Valois	child	Marie_of_Valois_Duchess_of_Calabria
Charles_Count_of_Valois	father	Philip_III_of_France
Charles_Count_of_Valois	mother	Isabella_of_Aragon_Queen_of_France
Charles_Count_of_Valois	parent	Isabella_of_Aragon_Queen_of_France
Charles_Count_of_Valois	parent	Philip_III_of_France
Charles_Count_of_Valois	spouse	Catherine_I_Latin_Empress
Charles_Count_of_Valois	spouse	Mahaut_of_Ch_tillon
Charles_Count_of_Valois	spouse	Margaret_Countess_of_Anjou
Charles_Count_of_Valois	successor	Philip_VI_of_France
Charles_Count_of_Valois	type	Person
Charles_Duke_of_Berry_1686_1714	type	Person
Charles_Duke_of_Lower_Lorraine	type	Person
Charles_Duke_of_Orl_ans	child	Anne_of_Orl_ans_Abbess_of_Fontevraud
Charles_Duke_of_Orl_ans	child	Joan_of_Valois_Duchess_of_Alen_on
Charles_Duke_of_Orl_ans	child	Louis_XII
Charles_Duke_of_Orl_ans	child	Marie_of_Orl_ans_Viscountess_of_Narbonne
Charles_Duke_of_Orl_ans	father	Louis_I_Duke_of_Orl_ans
Charles_Duke_of_Orl_ans	mother	Valentina_Visconti_Duchess_of_Orl_ans
Charles_Duke_of_Orl_ans	parent	Louis_I_Duke_of_Orl_ans
Charles_Duke_of_Orl_ans	parent	Valentina_Visconti_Duchess_of_Orl_ans
Charles_Duke_of_Orl_ans	spouse	Bonne_of_Armagnac
Charles_Duke_of_Orl_ans	spouse	Isabella_of_Valois
Charles_Duke_of_Orl_ans	spouse	Marie_of_Cleves_Duchess_of_Orl_ans
Charles_Duke_of_Orl_ans	successor	Louis_XII
Charles_Duke_of_Orl_ans	type	Person
Charles_Duke_of_Vend_me	child	Antoine_of_Navarre
Charles_Duke_of_Vend_me	child	Charles_de_Bourbon_cardinal
Charles_Duke_of_Vend_me	child	Francis_Count_of_Enghien
Charles_Duke_of_Vend_me	child	John_Count_of_Soissons_and_Enghien
Charles_Duke_of_Vend_me	child	Louis_Prince_of_Cond__1530_1569
Charles_Duke_of_Vend_me	father	Francis_Count_of_Vend_me
Charles_Duke_of_Vend_me	mother	Marie_of_Luxembourg_Countess_of_Vend_me
Charles_Duke_of_Vend_me	parent	Francis_Count_of_Vend_me
Charles_Duke_of_Vend_me	parent	Marie_of_Luxembourg_Countess_of_Vend_me
Charles_Duke_of_Vend_me	spouse	Fran_oise_d_Alen_on
Charles_Duke_of_Vend_me	type	Person
Charles_Emmanuel_III_of_Sardinia	child	Emanuele_Filiberto_Duke_of_Aosta_1731_1735
Charles_Emmanuel_III_of_Sardinia	child	Prince_Carlo_Francesco_Duke_of_Aosta
Charles_Emmanuel_III_of_Sardinia	child	Prince_Vittorio_Amedeo_Teodoro_Duke_of_Aosta
Charles_Emmanuel_III_of_Sardinia	child	Princess_Eleonora_of_Savoy
Charles_Emmanuel_III_of_Sardinia	child	Princess_Maria_Vittoria_Margherita_of_Savoy
Charles_Emmanuel_III_of_Sardinia	child	Victor_Amadeus_III_of_Sardinia
Charles_Emmanuel_III_of_Sardinia	father	Victor_Amadeus_II_of_Sardinia
Charles_Emmanuel_III_of_Sardinia	mother	Anne_Marie_d_Orl_ans
Charles_Emmanuel_III_of_Sardinia	parent	Anne_Marie_d_Orl_ans
Charles_Emmanuel_III_of_Sardinia	predecessor	Victor_Amadeus_II_of_Sardinia
Charles_Emmanuel_III_of_Sardinia	spouse	Anne_Christine_of_Sulzbach_Princess_of_Piedmont
Charles_Emmanuel_III_of_Sardinia	spouse	Elisabeth_Therese_of_Lorraine
Charles_Emmanuel_III_of_Sardinia	spouse	Polyxena_of_Hesse_Rotenburg
Charles_Emmanuel_III_of_Sardinia	successor	Victor_Amadeus_III_of_Sardinia
Charles_Emmanuel_III_of_Sardinia	type	Person
Charles_Emmanuel_II_Duke_of_Savoy	child	Victor_Amadeus_II_of_Sardinia
Charles_Emmanuel_II_Duke_of_Savoy	father	Victor_Amadeus_I_Duke_of_Savoy
Charles_Emmanuel_II_Duke_of_Savoy	mother	Christine_of_France
Charles_Emmanuel_II_Duke_of_Savoy	parent	Christine_of_France
Charles_Emmanuel_II_Duke_of_Savoy	parent	Victor_Amadeus_I_Duke_of_Savoy
Charles_Emmanuel_II_Duke_of_Savoy	predecessor	Francis_Hyacinth_Duke_of_Savoy
Charles_Emmanuel_II_Duke_of_Savoy	spouse	Fran_oise_Madeleine_d_Orl_ans
Charles_Emmanuel_II_Duke_of_Savoy	spouse	Marie_Jeanne_Baptiste_of_Savoy_Nemours
Charles_Emmanuel_II_Duke_of_Savoy	successor	Victor_Amadeus_II_of_Sardinia
Charles_Emmanuel_II_Duke_of_Savoy	type	Person
Charles_Emmanuel_IV_of_Sardinia	father	Victor_Amadeus_III_of_Sardinia
Charles_Emmanuel_IV_of_Sardinia	predecessor	Victor_Amadeus_III_of_Sardinia
Charles_Emmanuel_IV_of_Sardinia	type	Person
Charles_Emmanuel_I_Duke_of_Savoy	child	Emanuel_Filibert_of_Savoy
Charles_Emmanuel_I_Duke_of_Savoy	child	Margaret_of_Savoy_Vicereine_of_Portugal
Charles_Emmanuel_I_Duke_of_Savoy	child	Prince_Maurice_of_Savoy
Charles_Emmanuel_I_Duke_of_Savoy	child	Thomas_Francis_Prince_of_Carignano
Charles_Emmanuel_I_Duke_of_Savoy	child	Victor_Amadeus_I_Duke_of_Savoy
Charles_Emmanuel_I_Duke_of_Savoy	father	Emmanuel_Philibert_Duke_of_Savoy
Charles_Emmanuel_I_Duke_of_Savoy	mother	Margaret_of_Valois_Duchess_of_Berry
Charles_Emmanuel_I_Duke_of_Savoy	parent	Emmanuel_Philibert_Duke_of_Savoy
Charles_Emmanuel_I_Duke_of_Savoy	parent	Margaret_of_Valois_Duchess_of_Berry
Charles_Emmanuel_I_Duke_of_Savoy	predecessor	Emmanuel_Philibert_Duke_of_Savoy
Charles_Emmanuel_I_Duke_of_Savoy	spouse	Catalina_Micaela_of_Spain
Charles_Emmanuel_I_Duke_of_Savoy	type	Person
Charles_Felix_of_Sardinia	type	Person
Charles_Ferdinand_Duke_of_Berry	child	Henri_Count_of_Chambord
Charles_Ferdinand_Duke_of_Berry	child	Princess_Louise_d_Artois
Charles_Ferdinand_Duke_of_Berry	father	Charles_X
Charles_Ferdinand_Duke_of_Berry	mother	Maria_Theresa_of_Savoy
Charles_Ferdinand_Duke_of_Berry	parent	Charles_X
Charles_Ferdinand_Duke_of_Berry	parent	Maria_Theresa_of_Savoy
Charles_Ferdinand_Duke_of_Berry	spouse	Marie_Caroline_of_Bourbo_Two_Sicilies_Duchess_of_Berry
Charles_Ferdinand_Duke_of_Berry	type	Person
Charles_Ferdinand_Prince_of_Capua	type	Person
Charles_Frederick_Grand_Duke_of_Saxe_Weimar_Eisenach	type	Person
Charles_III_Duke_of_Lorraine	child	Antonia_of_Lorraine
Charles_III_Duke_of_Lorraine	child	Catherine_of_Lorraine_1573_1648
Charles_III_Duke_of_Lorraine	child	Elisabeth_of_Lorraine
Charles_III_Duke_of_Lorraine	child	Francis_II_Duke_of_Lorraine
Charles_III_Duke_of_Lorraine	father	Francis_I_Duke_of_Lorraine
Charles_III_Duke_of_Lorraine	mother	Christina_of_Denmark
Charles_III_Duke_of_Lorraine	parent	Christina_of_Denmark
Charles_III_Duke_of_Lorraine	predecessor	Francis_I_Duke_of_Lorraine
Charles_III_Duke_of_Lorraine	spouse	Claude_of_France_1547_1575
Charles_III_Duke_of_Lorraine	successor	Henry_II_Duke_of_Lorraine
Charles_III_Duke_of_Lorraine	type	Person
Charles_III_Duke_of_Savoy	child	Emmanuel_Philibert_Duke_of_Savoy
Charles_III_Duke_of_Savoy	father	Philip_II_Duke_of_Savoy
Charles_III_Duke_of_Savoy	parent	Claudine_de_Brosse
Charles_III_Duke_of_Savoy	predecessor	Philibert_II_Duke_of_Savoy
Charles_III_Duke_of_Savoy	spouse	Beatrice_of_Portugal_Duchess_of_Savoy
Charles_III_Duke_of_Savoy	successor	Emmanuel_Philibert_Duke_of_Savoy
Charles_III_Duke_of_Savoy	type	Person
Charles_III_Philip_Elector_Palatine	type	Person
Charles_III_of_Spain	father	Philip_V_of_Spain
Charles_III_of_Spain	mother	Elisabeth_Farnese
Charles_III_of_Spain	parent	Elisabeth_Farnese
Charles_III_of_Spain	parent	Philip_V_of_Spain
Charles_III_of_Spain	predecessor	Antonio_Farnese_Duke_of_Parma
Charles_III_of_Spain	predecessor	Charles_VI_Holy_Roman_Emperor
Charles_III_of_Spain	spouse	Maria_Amalia_of_Saxony
Charles_III_of_Spain	successor	Charles_IV_of_Spain
Charles_III_of_Spain	successor	Charles_VI_Holy_Roman_Emperor
Charles_III_of_Spain	type	Person
Charles_II_Archduke_of_Austria	father	Ferdinand_I_Holy_Roman_Emperor
Charles_II_Archduke_of_Austria	predecessor	Ferdinand_I_Holy_Roman_Emperor
Charles_II_Archduke_of_Austria	spouse	Maria_Anna_of_Bavaria_born_1551
Charles_II_Archduke_of_Austria	type	Person
Charles_II_Count_of_Alen_on	type	Person
Charles_II_Duke_of_Bourbon	type	Person
Charles_II_Duke_of_Lorraine	spouse	Margaret_of_the_Palatinate
Charles_II_Duke_of_Lorraine	type	Person
Charles_II_Duke_of_Savoy	successor	Philip_II_Duke_of_Savoy
Charles_II_Duke_of_Savoy	type	Person
Charles_II_Grand_Duke_of_Mecklenburg_Strelitz	type	Person
Charles_II_de_Valois_Duke_of_Orl_ans	type	Person
Charles_II_of_England	type	Person
Charles_II_of_Naples	spouse	Mary_of_Hungary_Queen_of_Naples
Charles_II_of_Naples	successor	Margaret_Countess_of_Anjou
Charles_II_of_Naples	type	Person
Charles_II_of_Navarre	type	Person
Charles_II_of_Spain	father	Philip_IV_of_Spain
Charles_II_of_Spain	predecessor	Philip_IV_of_Spain
Charles_II_of_Spain	successor	Philip_V_of_Spain
Charles_II_of_Spain	type	Person
Charles_IV_Duke_of_Alen_on	type	Person
Charles_IV_Duke_of_Lorraine	type	Person
Charles_IV_Holy_Roman_Emperor	father	John_of_Bohemia
Charles_IV_Holy_Roman_Emperor	predecessor	John_of_Bohemia
Charles_IV_Holy_Roman_Emperor	type	Person
Charles_IV_of_Anjou	predecessor	Ren__of_Anjou
Charles_IV_of_Anjou	type	Person
Charles_IV_of_France	child	Blanche_of_France_Duchess_of_Orl_ans
Charles_IV_of_France	father	Philip_IV_of_France
Charles_IV_of_France	mother	Joan_I_of_Navarre
Charles_IV_of_France	parent	Joan_I_of_Navarre
Charles_IV_of_France	parent	Philip_IV_of_France
Charles_IV_of_France	predecessor	Philip_V_of_France
Charles_IV_of_France	spouse	Blanche_of_Burgundy
Charles_IV_of_France	spouse	Joan_of__vreux
Charles_IV_of_France	spouse	Marie_of_Luxembourg_Queen_of_France
Charles_IV_of_France	successor	Joan_II_of_Navarre
Charles_IV_of_France	successor	Philip_III_of_Navarre
Charles_IV_of_France	successor	Philip_VI_of_France
Charles_IV_of_France	type	Person
Charles_IV_of_Spain	predecessor	Charles_III_of_Spain
Charles_IV_of_Spain	spouse	Maria_Luisa_of_Parma
Charles_IV_of_Spain	type	Person
Charles_IX_of_France	child	Charles_de_Valois_Duke_of_Angoul_me
Charles_IX_of_France	child	Marie_Elisabeth_of_France
Charles_IX_of_France	mother	Catherine_de_Medici
Charles_IX_of_France	parent	Catherine_de_Medici
Charles_IX_of_France	parent	Henry_II_of_France
Charles_IX_of_France	predecessor	Francis_II_of_France
Charles_IX_of_France	spouse	Elisabeth_of_Austria_Queen_of_France
Charles_IX_of_France	successor	Henry_III_of_France
Charles_IX_of_France	type	Person
Charles_I_Duke_of_Bourbon	spouse	Agnes_of_Burgundy_Duchess_of_Bourbon
Charles_I_Duke_of_Bourbon	type	Person
Charles_I_Gonzaga_Duke_of_Mantua	spouse	Catherine_of_Mayenne
Charles_I_Gonzaga_Duke_of_Mantua	type	Person
Charles_I_of_Anjou	type	Person
Charles_I_of_England	type	Person
Charles_I_of_Hungary	type	Person
Charles_Martel	child	Auda_of_France
Charles_Martel	child	Grifo_noble
Charles_Martel	child	Hiltrud
Charles_Martel	child	Pepin_the_Short
Charles_Martel	child	Remigius_of_Rouen
Charles_Martel	father	Pepin_of_Herstal
Charles_Martel	mother	Alpaida
Charles_Martel	parent	Alpaida
Charles_Martel	parent	Pepin_of_Herstal
Charles_Martel	predecessor	Pepin_of_Herstal
Charles_Martel	predecessor	Theudoald
Charles_Martel	spouse	Rotrude_of_Hesbaye
Charles_Martel	successor	Carloman_mayor_of_the_palace
Charles_Martel	successor	Pepin_the_Short
Charles_Martel	type	Person
Charles_Martel_of_Anjou	spouse	Clemence_of_Austria
Charles_Martel_of_Anjou	type	Person
Charles_Orlando_Dauphin_of_France	type	Person
Charles_Prince_of_Anhalt_Zerbst	spouse	Sophia_of_Saxe_Weissenfels_Princess_of_Anhalt_Zerbst
Charles_Prince_of_Anhalt_Zerbst	type	Person
Charles_Prince_of_Taranto	type	Person
Charles_Prince_of_Viana	type	Person
Charles_Ren__de_Bombelles	spouse	Marie_Louise_Duchess_of_Parma
Charles_Ren__de_Bombelles	type	Person
Charles_VIII_of_France	child	Charles_Orlando_Dauphin_of_France
Charles_VIII_of_France	father	Louis_XI
Charles_VIII_of_France	parent	Charlotte_of_Savoy
Charles_VIII_of_France	spouse	Anne_of_Brittany
Charles_VIII_of_France	successor	Louis_XII
Charles_VIII_of_France	type	Person
Charles_VII_Holy_Roman_Emperor	predecessor	Maria_Theresa
Charles_VII_Holy_Roman_Emperor	successor	Francis_I_Holy_Roman_Emperor
Charles_VII_Holy_Roman_Emperor	successor	Maria_Theresa
Charles_VII_Holy_Roman_Emperor	type	Person
Charles_VII_of_France	child	Catherine_of_France_Countess_of_Charolais
Charles_VII_of_France	child	Charles_of_Valois_Duke_of_Berry
Charles_VII_of_France	child	Charlotte_de_Br_z_
Charles_VII_of_France	child	Joan_of_France_Duchess_of_Bourbon
Charles_VII_of_France	child	Louis_XI
Charles_VII_of_France	child	Radegonde_of_Valois
Charles_VII_of_France	child	Yolande_of_Valois
Charles_VII_of_France	father	Charles_VI_of_France
Charles_VII_of_France	mother	Isabeau_of_Bavaria
Charles_VII_of_France	parent	Isabeau_of_Bavaria
Charles_VII_of_France	predecessor	Charles_VI_of_France
Charles_VII_of_France	predecessor	Henry_VI_of_England
Charles_VII_of_France	spouse	Marie_of_Anjou
Charles_VII_of_France	successor	Louis_XI
Charles_VII_of_France	type	Person
Charles_VI_Holy_Roman_Emperor	predecessor	Charles_III_of_Spain
Charles_VI_Holy_Roman_Emperor	predecessor	Victor_Amadeus_II_of_Sardinia
Charles_VI_Holy_Roman_Emperor	spouse	Elisabeth_Christine_of_Brunswic_Wolfenb_ttel
Charles_VI_Holy_Roman_Emperor	successor	Charles_III_of_Spain
Charles_VI_Holy_Roman_Emperor	successor	Victor_Amadeus_II_of_Sardinia
Charles_VI_Holy_Roman_Emperor	type	Person
Charles_VI_of_France	child	Catherine_of_Valois
Charles_VI_of_France	child	Isabella_of_Valois
Charles_VI_of_France	child	John_Duke_of_Touraine
Charles_VI_of_France	child	Louis_Duke_of_Guyenne
Charles_VI_of_France	child	Marie_of_Valois_Prioress_of_Poissy
Charles_VI_of_France	child	Michelle_of_Valois
Charles_VI_of_France	father	Charles_V_of_France
Charles_VI_of_France	mother	Joanna_of_Bourbon
Charles_VI_of_France	parent	Charles_V_of_France
Charles_VI_of_France	parent	Joanna_of_Bourbon
Charles_VI_of_France	predecessor	Charles_V_of_France
Charles_VI_of_France	spouse	Isabeau_of_Bavaria
Charles_VI_of_France	successor	Charles_VII_of_France
Charles_VI_of_France	successor	Henry_VI_of_England
Charles_VI_of_France	type	Person
Charles_V_Duke_of_Lorraine	father	Nicholas_Francis_Duke_of_Lorraine
Charles_V_Duke_of_Lorraine	mother	Claude_Fran_oise_de_Lorraine
Charles_V_Duke_of_Lorraine	parent	Claude_Fran_oise_de_Lorraine
Charles_V_Duke_of_Lorraine	parent	Nicholas_Francis_Duke_of_Lorraine
Charles_V_Duke_of_Lorraine	spouse	Eleonore_of_Austria_Queen_of_Poland
Charles_V_Duke_of_Lorraine	type	Person
Charles_V_Holy_Roman_Emperor	father	Joanna_of_Castile
Charles_V_Holy_Roman_Emperor	father	Philip_I_of_Castile
Charles_V_Holy_Roman_Emperor	mother	Joanna_of_Castile
Charles_V_Holy_Roman_Emperor	parent	Joanna_of_Castile
Charles_V_Holy_Roman_Emperor	parent	Philip_I_of_Castile
Charles_V_Holy_Roman_Emperor	predecessor	Joanna_of_Castile
Charles_V_Holy_Roman_Emperor	predecessor	Maximilian_I_Holy_Roman_Emperor
Charles_V_Holy_Roman_Emperor	predecessor	Philip_I_of_Castile
Charles_V_Holy_Roman_Emperor	spouse	Isabella_of_Portugal
Charles_V_Holy_Roman_Emperor	successor	Ferdinand_I_Holy_Roman_Emperor
Charles_V_Holy_Roman_Emperor	successor	Philip_II_of_Spain
Charles_V_Holy_Roman_Emperor	type	Person
Charles_V_of_France	child	Catherine_of_France_Countess_of_Montpensier
Charles_V_of_France	child	Charles_VI_of_France
Charles_V_of_France	child	Jean_de_Montagu
Charles_V_of_France	child	Louis_I_Duke_of_Orl_ans
Charles_V_of_France	father	John_II_of_France
Charles_V_of_France	mother	Bonne_of_Luxembourg
Charles_V_of_France	parent	Bonne_of_Luxembourg
Charles_V_of_France	predecessor	John_II_of_France
Charles_V_of_France	spouse	Joanna_of_Bourbon
Charles_V_of_France	successor	Charles_VI_of_France
Charles_V_of_France	type	Person
Charles_X	child	Charles_Ferdinand_Duke_of_Berry
Charles_X	child	Louis_Antoine_Duke_of_Angoul_me
Charles_X	child	Sophie_of_France_1776_1783
Charles_X	father	Louis_Dauphin_of_France_son_of_Louis_XV
Charles_X	mother	Maria_Josepha_of_Saxony_Dauphine_of_France
Charles_X	parent	Louis_Dauphin_of_France_son_of_Louis_XV
Charles_X	parent	Maria_Josepha_of_Saxony_Dauphine_of_France
Charles_X	spouse	Louis_XVI
Charles_X	spouse	Maria_Theresa_of_Savoy
Charles_X	successor	Henri_Count_of_Chambord
Charles_X	successor	Louis_Antoine_Duke_of_Angoul_me
Charles_X	successor	Louis_Philippe_I
Charles_X	type	Person
Charles_d_Orl_ans_Duke_of_Penthi_vre	type	Person
Charles_d_vreux	type	Person
Charles_de_Bourbon_cardinal	type	Person
Charles_de_Lorraine_de_Vaud_mont	type	Person
Charles_de_Morny_Duke_of_Morny	type	Person
Charles_de_Valois_Duke_of_Angoul_me	type	Person
Charles_of_Austria_Bishop_of_Wroclaw	type	Person
Charles_of_Lorraine_bishop_of_Metz_and_Strasbourg	type	Person
Charles_of_Saxony_Duke_of_Courland	type	Person
Charles_of_Valois_Duke_of_Berry	type	Person
Charles_the_Bald	child	Carloman_son_of_Charles_the_Bald
Charles_the_Bald	child	Charles_the_Child
Charles_the_Bald	child	Lothair_the_Lame
Charles_the_Bald	child	Rothilde
Charles_the_Bald	father	Louis_the_Pious
Charles_the_Bald	mother	Judith_of_Bavaria_died_843
Charles_the_Bald	parent	Judith_of_Bavaria_died_843
Charles_the_Bald	parent	Louis_the_Pious
Charles_the_Bald	predecessor	Louis_II_of_Italy
Charles_the_Bald	spouse	Ermentrude_of_Orl_ans
Charles_the_Bald	successor	Charles_the_Fat
Charles_the_Bald	type	Person
Charles_the_Bold	child	Mary_of_Burgundy
Charles_the_Bold	father	Philip_the_Good
Charles_the_Bold	mother	Isabella_of_Portugal_Duchess_of_Burgundy
Charles_the_Bold	predecessor	Philip_the_Good
Charles_the_Bold	spouse	Isabella_of_Bourbon
Charles_the_Bold	successor	Mary_of_Burgundy
Charles_the_Bold	type	Person
Charles_the_Child	type	Person
Charles_the_Fat	child	Bernard_son_of_Charles_the_Fat
Charles_the_Fat	father	Louis_the_German
Charles_the_Fat	mother	Hemma
Charles_the_Fat	parent	Hemma
Charles_the_Fat	parent	Louis_the_German
Charles_the_Fat	predecessor	Carloman_II
Charles_the_Fat	predecessor	Carloman_of_Bavaria
Charles_the_Fat	predecessor	Louis_the_German
Charles_the_Fat	spouse	Richardis
Charles_the_Fat	successor	Arnulf_of_Carinthia
Charles_the_Fat	successor	Berengar_I_of_Italy
Charles_the_Fat	successor	Guy_III_of_Spoleto
Charles_the_Fat	successor	Odo_of_France
Charles_the_Fat	type	Person
Charles_the_Simple	child	Gisela_of_France
Charles_the_Simple	father	Louis_the_Stammerer
Charles_the_Simple	mother	Adelaide_of_Paris
Charles_the_Simple	parent	Adelaide_of_Paris
Charles_the_Simple	parent	Louis_the_Stammerer
Charles_the_Simple	spouse	Eadgifu_of_Wessex
Charles_the_Simple	successor	Robert_I_of_France
Charles_the_Simple	type	Person
Charles_the_Younger	type	Person
Charlotte_Agla__d_Orl_ans	child	Ercole_III_d_Este_Duke_of_Modena
Charlotte_Agla__d_Orl_ans	child	Princess_Maria_Fortunata_d_Este
Charlotte_Agla__d_Orl_ans	father	Philippe_II_Duke_of_Orl_ans
Charlotte_Agla__d_Orl_ans	mother	Fran_oise_Marie_de_Bourbon
Charlotte_Agla__d_Orl_ans	parent	Fran_oise_Marie_de_Bourbon
Charlotte_Agla__d_Orl_ans	parent	Philippe_II_Duke_of_Orl_ans
Charlotte_Agla__d_Orl_ans	spouse	Francesco_III_d_Este_Duke_of_Modena
Charlotte_Agla__d_Orl_ans	type	Person
Charlotte_Christine_of_Brunswic_Wolfenb_ttel	type	Person
Charlotte_Princess_Royal	type	Person
Charlotte_de_Br_z_	type	Person
Charlotte_of_Bourbon_Queen_of_Cyprus	child	Anne_of_Cyprus
Charlotte_of_Bourbon_Queen_of_Cyprus	father	John_I_Count_of_La_Marche
Charlotte_of_Bourbon_Queen_of_Cyprus	mother	Catherine_of_Vend_me
Charlotte_of_Bourbon_Queen_of_Cyprus	parent	Catherine_of_Vend_me
Charlotte_of_Bourbon_Queen_of_Cyprus	parent	John_I_Count_of_La_Marche
Charlotte_of_Bourbon_Queen_of_Cyprus	spouse	Janus_of_Cyprus
Charlotte_of_Bourbon_Queen_of_Cyprus	type	Person
Charlotte_of_France	type	Person
Charlotte_of_Mecklenburg_Strelitz	child	Charlotte_Princess_Royal
Charlotte_of_Mecklenburg_Strelitz	child	Ernest_Augustus_King_of_Hanover
Charlotte_of_Mecklenburg_Strelitz	child	George_IV
Charlotte_of_Mecklenburg_Strelitz	child	Prince_Adolphus_Duke_of_Cambridge
Charlotte_of_Mecklenburg_Strelitz	child	Prince_Alfred_of_Great_Britain
Charlotte_of_Mecklenburg_Strelitz	child	Prince_Edward_Duke_of_Kent_and_Strathearn
Charlotte_of_Mecklenburg_Strelitz	child	Prince_Frederick_Duke_of_York_and_Albany
Charlotte_of_Mecklenburg_Strelitz	child	Prince_Octavius_of_Great_Britain
Charlotte_of_Mecklenburg_Strelitz	child	Princess_Amelia_of_the_United_Kingdom
Charlotte_of_Mecklenburg_Strelitz	child	Princess_Elizabeth_of_the_United_Kingdom
Charlotte_of_Mecklenburg_Strelitz	child	Princess_Mary_Duchess_of_Gloucester_and_Edinburgh
Charlotte_of_Mecklenburg_Strelitz	child	Princess_Sophia_of_the_United_Kingdom
Charlotte_of_Mecklenburg_Strelitz	mother	Princess_Elisabeth_Albertine_of_Saxe_Hildburghausen
Charlotte_of_Mecklenburg_Strelitz	parent	Duke_Charles_Louis_Frederick_of_Mecklenburg
Charlotte_of_Mecklenburg_Strelitz	parent	Princess_Elisabeth_Albertine_of_Saxe_Hildburghausen
Charlotte_of_Mecklenburg_Strelitz	spouse	George_III
Charlotte_of_Mecklenburg_Strelitz	type	Person
Charlotte_of_Savoy	child	Anne_of_France
Charlotte_of_Savoy	father	Louis_Duke_of_Savoy
Charlotte_of_Savoy	mother	Anne_of_Cyprus
Charlotte_of_Savoy	parent	Anne_of_Cyprus
Charlotte_of_Savoy	parent	Louis_Duke_of_Savoy
Charlotte_of_Savoy	spouse	Louis_XI
Charlotte_of_Savoy	type	Person
Childebrand_I	type	Person
Childeric_III	successor	Pepin_the_Short
Childeric_III	type	Person
Christian_Duke_of_Brunswic_L_neburg	type	Person
Christian_III_Count_Palatine_of_Zweibr_cken	spouse	Countess_Caroline_of_Nassau_Saarbr_cken
Christian_III_Count_Palatine_of_Zweibr_cken	type	Person
Christina_of_Denmark	spouse	Francis_I_Duke_of_Lorraine
Christina_of_Denmark	type	Person
Christina_of_Lorraine	type	Person
Christina_of_Salm	spouse	Francis_II_Duke_of_Lorraine
Christina_of_Salm	type	Person
Christine_of_France	spouse	Victor_Amadeus_I_Duke_of_Savoy
Christine_of_France	type	Person
Christine_of_Hesse	father	Philip_I_Landgrave_of_Hesse
Christine_of_Hesse	mother	Christine_of_Saxony
Christine_of_Hesse	parent	Christine_of_Saxony
Christine_of_Hesse	parent	Philip_I_Landgrave_of_Hesse
Christine_of_Hesse	spouse	Adolf_Duke_of_Holstei_Gottorp
Christine_of_Hesse	type	Person
Christine_of_Saxony	child	Agnes_of_Hesse
Christine_of_Saxony	child	Anna_of_Hesse
Christine_of_Saxony	child	Barbara_of_Hesse
Christine_of_Saxony	child	Christine_of_Hesse
Christine_of_Saxony	child	Elisabeth_of_Hesse_Electress_Palatine
Christine_of_Saxony	child	George_I_Landgrave_of_Hesse_Darmstadt
Christine_of_Saxony	child	Louis_IV_Landgrave_of_Hesse_Marburg
Christine_of_Saxony	child	William_IV_Landgrave_of_Hesse_Kassel
Christine_of_Saxony	father	George_Duke_of_Saxony
Christine_of_Saxony	mother	Barbara_Jagiellon
Christine_of_Saxony	parent	George_Duke_of_Saxony
Christine_of_Saxony	spouse	Philip_I_Landgrave_of_Hesse
Christine_of_Saxony	type	Person
Cipriano_de_Palafox_8th_Count_of_Montijo	type	Person
Clarice_Orsini	spouse	Lorenzo_de_Medici
Clarice_Orsini	type	Person
Claude_Duke_of_Aumale	type	Person
Claude_Duke_of_Guise	spouse	Antoinette_of_Bourbon
Claude_Duke_of_Guise	type	Person
Claude_Fran_oise_de_Lorraine	spouse	Nicholas_Francis_Duke_of_Lorraine
Claude_Fran_oise_de_Lorraine	type	Person
Claude_of_France	child	Charles_II_de_Valois_Duke_of_Orl_ans
Claude_of_France	child	Charlotte_of_France
Claude_of_France	child	Henry_II_of_France
Claude_of_France	child	Madeleine_of_Valois
Claude_of_France	child	Margaret_of_Valois_Duchess_of_Berry
Claude_of_France	father	Anne_of_Brittany
Claude_of_France	father	Charles_VIII_of_France
Claude_of_France	father	Louis_XII
Claude_of_France	father	Maximilian_I_Holy_Roman_Emperor
Claude_of_France	mother	Anne_of_Brittany
Claude_of_France	parent	Louis_XII
Claude_of_France	successor	Francis_III_Duke_of_Brittany
Claude_of_France	type	Person
Claude_of_France_1547_1575	spouse	Charles_III_Duke_of_Lorraine
Claude_of_France_1547_1575	type	Person
Claudine_de_Brosse	spouse	Philip_II_Duke_of_Savoy
Claudine_de_Brosse	type	Person
Clemence_of_Austria	child	Beatrice_of_Hungary_Dauphine_of_Viennois
Clemence_of_Austria	child	Charles_I_of_Hungary
Clemence_of_Austria	father	Rudolf_I_of_Germany
Clemence_of_Austria	mother	Gertrude_of_Hohenberg
Clemence_of_Austria	parent	Gertrude_of_Hohenberg
Clemence_of_Austria	parent	Rudolf_I_of_Germany
Clemence_of_Austria	spouse	Charles_Martel_of_Anjou
Clemence_of_Austria	type	Person
Clemens_Wenceslaus_of_Saxony	type	Person
Clementia_of_Burgundy	spouse	Godfrey_I_Count_of_Louvain
Clementia_of_Burgundy	type	Person
Clementia_of_Hungary	child	John_I_of_France
Clementia_of_Hungary	father	Charles_Martel_of_Anjou
Clementia_of_Hungary	mother	Clemence_of_Austria
Clementia_of_Hungary	parent	Charles_Martel_of_Anjou
Clementia_of_Hungary	parent	Clemence_of_Austria
Clementia_of_Hungary	spouse	Louis_X_of_France
Clementia_of_Hungary	type	Person
Clementia_of_Z_hringen	spouse	Henry_the_Lion
Clementia_of_Z_hringen	type	Person
Clotilde_of_France	type	Person
Conrad_II_Duke_of_Transjurane_Burgundy	spouse	Waldrada_of_Worms
Conrad_II_Duke_of_Transjurane_Burgundy	type	Person
Conrad_IV_of_Germany	successor	Henry_VII_Holy_Roman_Emperor
Conrad_IV_of_Germany	type	Person
Conrad_I_Count_of_Auxerre	spouse	Adelaide_of_Tours
Conrad_I_Count_of_Auxerre	type	Person
Conrad_I_of_Burgundy	child	Bertha_of_Burgundy
Conrad_I_of_Burgundy	child	Gerberga_of_Burgundy
Conrad_I_of_Burgundy	child	Rudolph_III_of_Burgundy
Conrad_I_of_Burgundy	father	Rudolph_II_of_Burgundy
Conrad_I_of_Burgundy	mother	Bertha_of_Swabia
Conrad_I_of_Burgundy	parent	Rudolph_II_of_Burgundy
Conrad_I_of_Burgundy	predecessor	Rudolph_II_of_Burgundy
Conrad_I_of_Burgundy	spouse	Matilda_of_France
Conrad_I_of_Burgundy	successor	Rudolph_III_of_Burgundy
Conrad_I_of_Burgundy	type	Person
Conrad_I_of_Germany	successor	Henry_the_Fowler
Conrad_I_of_Germany	type	Person
Conrad_of_Ivrea	type	Person
Constance_of_Aragon	type	Person
Constance_of_Aragon_Lady_of_Villena	type	Person
Constance_of_Arles	child	Adela_of_France
Constance_of_Arles	child	Henry_I_of_France
Constance_of_Arles	child	Hugh_Magnus
Constance_of_Arles	child	Robert_I_Duke_of_Burgundy
Constance_of_Arles	father	William_I_of_Provence
Constance_of_Arles	parent	Adelaide_Blanche_of_Anjou
Constance_of_Arles	parent	William_I_of_Provence
Constance_of_Arles	spouse	Robert_II_of_France
Constance_of_Arles	type	Person
Constance_of_Austria	type	Person
Constance_of_Burgundy	type	Person
Constance_of_Castile	child	Alys_of_France_Countess_of_Vexin
Constance_of_Castile	child	Margaret_of_France_Queen_of_England_and_Hungary
Constance_of_Castile	father	Alfonso_VII_of_Le_n_and_Castile
Constance_of_Castile	parent	Alfonso_VII_of_Le_n_and_Castile
Constance_of_Castile	spouse	Louis_VII_of_France
Constance_of_Castile	type	Person
Constance_of_France_Countess_of_Toulouse	type	Person
Constance_of_France_Princess_of_Antioch	type	Person
Constance_of_Portugal	spouse	Ferdinand_IV_of_Castile
Constance_of_Portugal	type	Person
Constant_d_Aubign_	type	Person
Constanza_Manuel	spouse	Alfonso_XI_of_Castile
Constanza_Manuel	type	Person
Contessina_de_Bardi	spouse	Cosimo_de_Medici
Contessina_de_Bardi	type	Person
Cosimo_I_de_Medici_Grand_Duke_of_Tuscany	child	Ferdinando_I_de_Medici_Grand_Duke_of_Tuscany
Cosimo_I_de_Medici_Grand_Duke_of_Tuscany	child	Francesco_I_de_Medici_Grand_Duke_of_Tuscany
Cosimo_I_de_Medici_Grand_Duke_of_Tuscany	child	Garzia_de_Medici
Cosimo_I_de_Medici_Grand_Duke_of_Tuscany	child	Giovanni_de_Medici_cardinal
Cosimo_I_de_Medici_Grand_Duke_of_Tuscany	child	Lucrezia_de_Medici_Duchess_of_Ferrara
Cosimo_I_de_Medici_Grand_Duke_of_Tuscany	child	Maria_de_Medici_1540_1557
Cosimo_I_de_Medici_Grand_Duke_of_Tuscany	child	Portrait_of_Bia_de_Medici
Cosimo_I_de_Medici_Grand_Duke_of_Tuscany	child	Virginia_de_Medici
Cosimo_I_de_Medici_Grand_Duke_of_Tuscany	father	Giovanni_delle_Bande_Nere
Cosimo_I_de_Medici_Grand_Duke_of_Tuscany	parent	Giovanni_delle_Bande_Nere
Cosimo_I_de_Medici_Grand_Duke_of_Tuscany	parent	Maria_Salviati
Cosimo_I_de_Medici_Grand_Duke_of_Tuscany	predecessor	Alessandro_de_Medici_Duke_of_Florence
Cosimo_I_de_Medici_Grand_Duke_of_Tuscany	spouse	Camilla_Martelli
Cosimo_I_de_Medici_Grand_Duke_of_Tuscany	spouse	Eleanor_of_Toledo
Cosimo_I_de_Medici_Grand_Duke_of_Tuscany	successor	Francesco_I_de_Medici_Grand_Duke_of_Tuscany
Cosimo_I_de_Medici_Grand_Duke_of_Tuscany	type	Person
Cosimo_de_Medici	father	Giovanni_di_Bicci_de_Medici
Cosimo_de_Medici	parent	Giovanni_di_Bicci_de_Medici
Cosimo_de_Medici	spouse	Contessina_de_Bardi
Cosimo_de_Medici	successor	Piero_di_Cosimo_de_Medici
Cosimo_de_Medici	type	Person
Count_of_Boulogne	type	Person
Count_of_Montijo	type	Person
Countess_Amalia_Katharina_of_Waldeck	spouse	George_Louis_I_Count_of_Erbach_Erbach
Countess_Amalia_Katharina_of_Waldeck	type	Person
Countess_Caroline_of_Nassau_Saarbr_cken	father	Louis_Crato_Count_of_Nassau_Saarbr_cken
Countess_Caroline_of_Nassau_Saarbr_cken	parent	Louis_Crato_Count_of_Nassau_Saarbr_cken
Countess_Caroline_of_Nassau_Saarbr_cken	spouse	Christian_III_Count_Palatine_of_Zweibr_cken
Countess_Caroline_of_Nassau_Saarbr_cken	type	Person
Countess_Palatine_Caroline_of_Zweibr_cken	child	Frederica_Louisa_of_Hesse_Darmstadt
Countess_Palatine_Caroline_of_Zweibr_cken	child	Louis_I_Grand_Duke_of_Hesse
Countess_Palatine_Caroline_of_Zweibr_cken	child	Natalia_Alexeievna_Wilhelmina_Louisa_of_Hesse_Darmstadt
Countess_Palatine_Caroline_of_Zweibr_cken	child	Prince_Christian_of_Hesse_Darmstadt
Countess_Palatine_Caroline_of_Zweibr_cken	child	Princess_Caroline_of_Hesse_Darmstadt
Countess_Palatine_Caroline_of_Zweibr_cken	child	Princess_Louise_of_Hesse_Darmstadt_1757_1830
Countess_Palatine_Caroline_of_Zweibr_cken	father	Christian_III_Count_Palatine_of_Zweibr_cken
Countess_Palatine_Caroline_of_Zweibr_cken	mother	Countess_Caroline_of_Nassau_Saarbr_cken
Countess_Palatine_Caroline_of_Zweibr_cken	parent	Christian_III_Count_Palatine_of_Zweibr_cken
Countess_Palatine_Caroline_of_Zweibr_cken	parent	Countess_Caroline_of_Nassau_Saarbr_cken
Countess_Palatine_Caroline_of_Zweibr_cken	spouse	Louis_IX_Landgrave_of_Hesse_Darmstadt
Countess_Palatine_Caroline_of_Zweibr_cken	type	Person
Countess_Palatine_Dorothea_Sophie_of_Neuburg	child	Elisabeth_Farnese
Countess_Palatine_Dorothea_Sophie_of_Neuburg	father	Philip_William_Elector_Palatine
Countess_Palatine_Dorothea_Sophie_of_Neuburg	mother	Landgravine_Elisabeth_Amalie_of_Hesse_Darmstadt
Countess_Palatine_Dorothea_Sophie_of_Neuburg	parent	Philip_William_Elector_Palatine
Countess_Palatine_Dorothea_Sophie_of_Neuburg	spouse	Francesco_Farnese_Duke_of_Parma
Countess_Palatine_Dorothea_Sophie_of_Neuburg	spouse	Odoardo_Farnese_Hereditary_Prince_of_Parma
Countess_Palatine_Dorothea_Sophie_of_Neuburg	type	Person
Countess_Palatine_Hedwig_Elisabeth_of_Neuburg	type	Person
Countess_Sophia_Albertine_of_Erbach_Erbach	father	George_Louis_I_Count_of_Erbach_Erbach
Countess_Sophia_Albertine_of_Erbach_Erbach	mother	Countess_Amalia_Katharina_of_Waldeck
Countess_Sophia_Albertine_of_Erbach_Erbach	parent	George_Louis_I_Count_of_Erbach_Erbach
Countess_Sophia_Albertine_of_Erbach_Erbach	spouse	Ernest_Frederick_I_Duke_of_Saxe_Hildburghausen
Countess_Sophia_Albertine_of_Erbach_Erbach	type	Person
Countess_of_Pembroke	type	Person
Counts_and_dukes_of_Aumale	type	Person
County_of_Trast_mara	type	Person
Cristina_daughter_of_Edward_the_Exile	type	Person
Cumans	type	Person
Cymburgis_of_Masovia	spouse	Ernest_Duke_of_Austria
Cymburgis_of_Masovia	type	Person
Dangereuse_de_l_Isle_Bouchard	father	Bartholomew_de_L_Isle_Bouchard
Dangereuse_de_l_Isle_Bouchard	spouse	Aimery_I_Viscount_of_Ch_tellerault
Dangereuse_de_l_Isle_Bouchard	type	Person
David_II_of_Scotland	successor	Robert_II_of_Scotland
David_II_of_Scotland	type	Person
David_I_of_Scotland	type	Person
David_Stewart_Duke_of_Rothesay	type	Person
David_Stewart_Earl_of_Moray	type	Person
David_Stewart_Earl_of_Strathearn	type	Person
Dedi_III_Margrave_of_Lusatia	type	Person
Denis_Lord_of_Cifuentes	type	Person
Denis_of_Portugal	child	Afonso_IV_of_Portugal
Denis_of_Portugal	father	Afonso_III_of_Portugal
Denis_of_Portugal	mother	Beatrice_of_Castile_1242_1303
Denis_of_Portugal	parent	Afonso_III_of_Portugal
Denis_of_Portugal	parent	Beatrice_of_Castile_1242_1303
Denis_of_Portugal	predecessor	Afonso_III_of_Portugal
Denis_of_Portugal	spouse	Elizabeth_of_Portugal
Denis_of_Portugal	successor	Afonso_IV_of_Portugal
Denis_of_Portugal	type	Person
Desiderius	successor	Charlemagne
Desiderius	type	Person
Diego_Prince_of_Asturias	type	Person
Diogo_Duke_of_Viseu	type	Person
Dirk_III_Count_of_Holland	child	Dirk_IV_Count_of_Holland
Dirk_III_Count_of_Holland	father	Arnulf_Count_of_Holland
Dirk_III_Count_of_Holland	mother	Lutgardis_of_Luxemburg
Dirk_III_Count_of_Holland	parent	Arnulf_Count_of_Holland
Dirk_III_Count_of_Holland	parent	Lutgardis_of_Luxemburg
Dirk_III_Count_of_Holland	predecessor	Arnulf_Count_of_Holland
Dirk_III_Count_of_Holland	successor	Dirk_IV_Count_of_Holland
Dirk_III_Count_of_Holland	type	Person
Dirk_II_Count_of_Holland	child	Arnulf_Count_of_Holland
Dirk_II_Count_of_Holland	child	Egbert_archbishop_of_Trier
Dirk_II_Count_of_Holland	father	Dirk_I_Count_of_Holland
Dirk_II_Count_of_Holland	successor	Arnulf_Count_of_Holland
Dirk_II_Count_of_Holland	type	Person
Dirk_IV_Count_of_Holland	father	Dirk_III_Count_of_Holland
Dirk_IV_Count_of_Holland	successor	Floris_I_Count_of_Holland
Dirk_IV_Count_of_Holland	type	Person
Dirk_I_Count_of_Holland	child	Dirk_II_Count_of_Holland
Dirk_I_Count_of_Holland	father	Gerolf_of_Holland
Dirk_I_Count_of_Holland	parent	Gerolf_of_Holland
Dirk_I_Count_of_Holland	predecessor	Gerolf_of_Holland
Dirk_I_Count_of_Holland	successor	Dirk_II_Count_of_Holland
Dirk_I_Count_of_Holland	type	Person
Dirk_V_Count_of_Holland	predecessor	Floris_I_Count_of_Holland
Dirk_V_Count_of_Holland	type	Person
Dobroniega_Ludgarda_of_Poland	type	Person
Dorotea_Gonzaga	spouse	Galeazzo_Maria_Sforza
Dorotea_Gonzaga	type	Person
Dorothea_of_Brunswic_L_neburg	type	Person
Dorothea_of_Denmark_Duchess_of_Brunswic_L_neburg	spouse	William_the_Younger_Duke_of_Brunswic_L_neburg
Dorothea_of_Denmark_Duchess_of_Brunswic_L_neburg	type	Person
Dorothea_of_Lorraine	type	Person
Douce_I_Countess_of_Provence	spouse	Ramon_Berenguer_III_Count_of_Barcelona
Douce_I_Countess_of_Provence	type	Person
Drogo_of_Champagne	predecessor	Pepin_of_Herstal
Drogo_of_Champagne	type	Person
Duarte_Duke_of_Guimar_es_1515_1540	type	Person
Duchess_Anna_of_Prussia	type	Person
Duchess_Charlotte_Felicitas_of_Brunswic_L_neburg	type	Person
Duchess_Christiane_of_Mecklenburg	type	Person
Duchess_Gustave_Caroline_of_Mecklenburg_Strelitz	type	Person
Duchess_Helene_of_Mecklenburg_Schwerin	child	Prince_Philippe_Count_of_Paris
Duchess_Helene_of_Mecklenburg_Schwerin	child	Prince_Robert_Duke_of_Chartres
Duchess_Helene_of_Mecklenburg_Schwerin	father	Frederick_Louis_Hereditary_Grand_Duke_of_Mecklenburg_Schwerin
Duchess_Helene_of_Mecklenburg_Schwerin	mother	Princess_Caroline_Louise_of_Saxe_Weimar_Eisenach
Duchess_Helene_of_Mecklenburg_Schwerin	parent	Princess_Caroline_Louise_of_Saxe_Weimar_Eisenach
Duchess_Helene_of_Mecklenburg_Schwerin	spouse	Ferdinand_Philippe_Duke_of_Orl_ans
Duchess_Helene_of_Mecklenburg_Schwerin	type	Person
Duchess_Sophie_of_Prussia	type	Person
Duke_Charles_Louis_Frederick_of_Mecklenburg	child	Adolphus_Frederick_IV_Duke_of_Mecklenburg_Strelitz
Duke_Charles_Louis_Frederick_of_Mecklenburg	child	Charles_II_Grand_Duke_of_Mecklenburg_Strelitz
Duke_Charles_Louis_Frederick_of_Mecklenburg	child	Charlotte_of_Mecklenburg_Strelitz
Duke_Charles_Louis_Frederick_of_Mecklenburg	child	Duchess_Christiane_of_Mecklenburg
Duke_Charles_Louis_Frederick_of_Mecklenburg	child	Duke_George_Augustus_of_Mecklenburg
Duke_Charles_Louis_Frederick_of_Mecklenburg	father	Adolphus_Frederick_II_Duke_of_Mecklenburg_Strelitz
Duke_Charles_Louis_Frederick_of_Mecklenburg	parent	Adolphus_Frederick_II_Duke_of_Mecklenburg_Strelitz
Duke_Charles_Louis_Frederick_of_Mecklenburg	type	Person
Duke_Ernest_Gottlob_of_Mecklenburg	type	Person
Duke_George_Augustus_of_Mecklenburg	type	Person
Duke_of_Schleswig	type	Person
Dulce_of_Aragon	spouse	Sancho_I_of_Portugal
Dulce_of_Aragon	type	Person
Dulce_of_Le_n	type	Person
Eadburh_of_Winchester	type	Person
Eadgifu_of_Wessex	child	Louis_IV_of_France
Eadgifu_of_Wessex	father	Edward_the_Elder
Eadgifu_of_Wessex	mother	_lffl_d_wife_of_Edward_the_Elder
Eadgifu_of_Wessex	parent	Edward_the_Elder
Eadgifu_of_Wessex	parent	_lffl_d_wife_of_Edward_the_Elder
Eadgifu_of_Wessex	spouse	Charles_the_Simple
Eadgifu_of_Wessex	spouse	Herbert_III_of_Omois
Eadgifu_of_Wessex	type	Person
Eadgyth	type	Person
Eadhild	spouse	Hugh_the_Great
Eadhild	type	Person
Eadred	type	Person
Ealhmund_of_Kent	type	Person
Ealhswith	spouse	Alfred_the_Great
Ealhswith	type	Person
Ebalus_Duke_of_Aquitaine	father	Ranulf_II_of_Aquitaine
Ebalus_Duke_of_Aquitaine	parent	Ranulf_II_of_Aquitaine
Ebalus_Duke_of_Aquitaine	type	Person
Eberhard_II_Count_of_W_rttemberg	spouse	John_I_Duke_of_Lorraine
Eberhard_II_Count_of_W_rttemberg	type	Person
Ecgberht_King_of_Wessex	child	_thelwulf_King_of_Wessex
Ecgberht_King_of_Wessex	father	Ealhmund_of_Kent
Ecgberht_King_of_Wessex	parent	Ealhmund_of_Kent
Ecgberht_King_of_Wessex	predecessor	Baldred_of_Kent
Ecgberht_King_of_Wessex	predecessor	Beorhtric_of_Wessex
Ecgberht_King_of_Wessex	successor	_thelwulf_King_of_Wessex
Ecgberht_King_of_Wessex	type	Person
Eckhard_I_Count_of_Scheyern	father	Otto_I_Count_of_Scheyern
Eckhard_I_Count_of_Scheyern	parent	Otto_I_Count_of_Scheyern
Eckhard_I_Count_of_Scheyern	type	Person
Edgar_King_of_Scotland	type	Person
Edgar__theling	type	Person
Edith_of_Polesworth	type	Person
Edmund_Crouchback	spouse	Blanche_of_Artois
Edmund_Crouchback	type	Person
Edmund_I	type	Person
Edmund_Tudor_1st_Earl_of_Richmond	spouse	Lady_Margaret_Beaufort
Edmund_Tudor_1st_Earl_of_Richmond	type	Person
Edmund_Tudor_Duke_of_Somerset	type	Person
Edmund_of_Scotland	type	Person
Edmund_of_Woodstock_1st_Earl_of_Kent	type	Person
Edward_Count_Palatine_of_Simmern	spouse	Anne_Gonzaga
Edward_Count_Palatine_of_Simmern	type	Person
Edward_III_Duke_of_Bar	type	Person
Edward_III_of_England	father	Edward_II_of_England
Edward_III_of_England	mother	Isabella_of_France
Edward_III_of_England	parent	Edward_II_of_England
Edward_III_of_England	parent	Isabella_of_France
Edward_III_of_England	predecessor	Edward_II_of_England
Edward_III_of_England	spouse	Philippa_of_Hainault
Edward_III_of_England	successor	Richard_II_of_England
Edward_III_of_England	type	Person
Edward_II_of_England	child	Adam_FitzRoy
Edward_II_of_England	child	Edward_III_of_England
Edward_II_of_England	child	Eleanor_of_Woodstock
Edward_II_of_England	child	John_of_Eltham_Earl_of_Cornwall
Edward_II_of_England	father	Edward_I_of_England
Edward_II_of_England	father	Eleanor_of_Castile
Edward_II_of_England	mother	Eleanor_of_Castile
Edward_II_of_England	parent	Eleanor_of_Castile
Edward_II_of_England	predecessor	Eleanor_of_Castile
Edward_II_of_England	spouse	Isabella_of_France
Edward_II_of_England	successor	Edward_III_of_England
Edward_II_of_England	type	Person
Edward_IV_of_England	predecessor	Henry_VI_of_England
Edward_IV_of_England	spouse	Elizabeth_Woodville
Edward_IV_of_England	successor	Henry_VI_of_England
Edward_IV_of_England	type	Person
Edward_I_of_England	child	Alphonso_Earl_of_Chester
Edward_I_of_England	child	Edmund_of_Woodstock_1st_Earl_of_Kent
Edward_I_of_England	child	Henry_son_of_Edward_I
Edward_I_of_England	child	Joan_of_Acre
Edward_I_of_England	child	Margaret_of_England_Duchess_of_Brabant
Edward_I_of_England	child	Thomas_of_Brotherton_1st_Earl_of_Norfolk
Edward_I_of_England	father	Henry_III_of_England
Edward_I_of_England	mother	Eleanor_of_Provence
Edward_I_of_England	parent	Eleanor_of_Provence
Edward_I_of_England	parent	Henry_III_of_England
Edward_I_of_England	predecessor	Henry_III_of_England
Edward_I_of_England	spouse	Eleanor_of_Castile
Edward_I_of_England	spouse	Margaret_of_France_Queen_of_England
Edward_I_of_England	type	Person
Edward_King_of_Portugal	child	Afonso_V_of_Portugal
Edward_King_of_Portugal	child	Eleanor_of_Portugal_Holy_Roman_Empress
Edward_King_of_Portugal	child	Ferdinand_Duke_of_Viseu
Edward_King_of_Portugal	child	Joan_of_Portugal
Edward_King_of_Portugal	father	John_I_of_Portugal
Edward_King_of_Portugal	mother	Philippa_of_Lancaster
Edward_King_of_Portugal	parent	Philippa_of_Lancaster
Edward_King_of_Portugal	spouse	Eleanor_of_Aragon_Queen_of_Portugal
Edward_King_of_Portugal	successor	Afonso_V_of_Portugal
Edward_King_of_Portugal	type	Person
Edward_V_of_England	type	Person
Edward_Woodville_Lord_Scales	type	Person
Edward_of_Westminster_Prince_of_Wales	type	Person
Edward_the_Elder	child	Eadburh_of_Winchester
Edward_the_Elder	child	Eadgifu_of_Wessex
Edward_the_Elder	child	Edith_of_Polesworth
Edward_the_Elder	child	Edwin_son_of_Edward_the_Elder
Edward_the_Elder	child	_lfweard_of_Wessex
Edward_the_Elder	child	_thelstan
Edward_the_Elder	father	Alfred_the_Great
Edward_the_Elder	parent	Alfred_the_Great
Edward_the_Elder	parent	Ealhswith
Edward_the_Elder	predecessor	Alfred_the_Great
Edward_the_Elder	spouse	_lffl_d_wife_of_Edward_the_Elder
Edward_the_Elder	type	Person
Edward_the_Exile	spouse	Agatha_wife_of_Edward_the_Exile
Edward_the_Exile	type	Person
Edwin_son_of_Edward_the_Elder	type	Person
Egbert_archbishop_of_Trier	type	Person
Eilika_of_Schweinfurt	spouse	Bernard_II_Duke_of_Saxony
Eilika_of_Schweinfurt	type	Person
Eleanor_Clifford_Countess_of_Cumberland	type	Person
Eleanor_de_Guzm_n	spouse	Alfonso_XI_of_Castile
Eleanor_de_Guzm_n	type	Person
Eleanor_de_Medici	type	Person
Eleanor_of_Alburquerque	child	Alfonso_V_of_Aragon
Eleanor_of_Alburquerque	child	Eleanor_of_Aragon_Queen_of_Portugal
Eleanor_of_Alburquerque	child	Henry_Duke_of_Villena
Eleanor_of_Alburquerque	child	John_II_of_Aragon
Eleanor_of_Alburquerque	child	Maria_of_Aragon_Queen_of_Castile
Eleanor_of_Alburquerque	child	Peter_of_Aragon_Count_of_Alburquerque
Eleanor_of_Alburquerque	father	Sancho_Alfonso
Eleanor_of_Alburquerque	parent	Beatrice_of_Portugal_died_1381
Eleanor_of_Alburquerque	parent	Sancho_Alfonso
Eleanor_of_Alburquerque	spouse	Ferdinand_I_of_Aragon
Eleanor_of_Alburquerque	type	Person
Eleanor_of_Anjou	type	Person
Eleanor_of_Aquitaine	child	Alix_of_France
Eleanor_of_Aquitaine	child	Eleanor_of_England_Queen_of_Castile
Eleanor_of_Aquitaine	child	Geoffrey_II_Duke_of_Brittany
Eleanor_of_Aquitaine	child	Henry_the_Young_King
Eleanor_of_Aquitaine	child	Joan_of_England_Queen_of_Sicily
Eleanor_of_Aquitaine	child	John_King_of_England
Eleanor_of_Aquitaine	child	Marie_of_France_Countess_of_Champagne
Eleanor_of_Aquitaine	child	Matilda_of_England_Duchess_of_Saxony
Eleanor_of_Aquitaine	child	Richard_I_of_England
Eleanor_of_Aquitaine	child	William_IX_Count_of_Poitiers
Eleanor_of_Aquitaine	father	William_X_Duke_of_Aquitaine
Eleanor_of_Aquitaine	mother	A_nor_de_Ch_tellerault
Eleanor_of_Aquitaine	parent	William_X_Duke_of_Aquitaine
Eleanor_of_Aquitaine	spouse	Henry_II_of_England
Eleanor_of_Aquitaine	successor	John_King_of_England
Eleanor_of_Aquitaine	type	Person
Eleanor_of_Aragon_Countess_of_Toulouse	type	Person
Eleanor_of_Aragon_Queen_of_Castile	spouse	John_I_of_Castile
Eleanor_of_Aragon_Queen_of_Castile	type	Person
Eleanor_of_Aragon_Queen_of_Portugal	child	Afonso_V_of_Portugal
Eleanor_of_Aragon_Queen_of_Portugal	child	Eleanor_of_Portugal_Holy_Roman_Empress
Eleanor_of_Aragon_Queen_of_Portugal	child	Ferdinand_Duke_of_Viseu
Eleanor_of_Aragon_Queen_of_Portugal	child	Joan_of_Portugal
Eleanor_of_Aragon_Queen_of_Portugal	father	Ferdinand_I_of_Aragon
Eleanor_of_Aragon_Queen_of_Portugal	mother	Eleanor_of_Alburquerque
Eleanor_of_Aragon_Queen_of_Portugal	parent	Eleanor_of_Alburquerque
Eleanor_of_Aragon_Queen_of_Portugal	parent	Ferdinand_I_of_Aragon
Eleanor_of_Aragon_Queen_of_Portugal	spouse	Edward_King_of_Portugal
Eleanor_of_Aragon_Queen_of_Portugal	type	Person
Eleanor_of_Austria	child	Maria_of_Portugal_Duchess_of_Viseu
Eleanor_of_Austria	father	Philip_I_of_Castile
Eleanor_of_Austria	mother	Joanna_of_Castile
Eleanor_of_Austria	parent	Joanna_of_Castile
Eleanor_of_Austria	parent	Philip_I_of_Castile
Eleanor_of_Austria	spouse	Francis_I_of_France
Eleanor_of_Austria	spouse	Manuel_I_of_Portugal
Eleanor_of_Austria	type	Person
Eleanor_of_Brittany_abbess	type	Person
Eleanor_of_Castile	child	Alphonso_Earl_of_Chester
Eleanor_of_Castile	child	Eleanor_of_England_Countess_of_Bar
Eleanor_of_Castile	child	Elizabeth_of_Rhuddlan
Eleanor_of_Castile	child	Joan_of_Acre
Eleanor_of_Castile	father	Ferdinand_III_of_Castile
Eleanor_of_Castile	father	Joan_Countess_of_Ponthieu
Eleanor_of_Castile	parent	Joan_Countess_of_Ponthieu
Eleanor_of_Castile	predecessor	Joan_Countess_of_Ponthieu
Eleanor_of_Castile	spouse	Edward_I_of_England
Eleanor_of_Castile	successor	Edward_II_of_England
Eleanor_of_Castile	type	Person
Eleanor_of_Castile_1307_1359	type	Person
Eleanor_of_Castile_Queen_of_Navarre	type	Person
Eleanor_of_Castile_died_1244	spouse	James_I_of_Aragon
Eleanor_of_Castile_died_1244	type	Person
Eleanor_of_England_Countess_of_Bar	type	Person
Eleanor_of_England_Countess_of_Leicester	type	Person
Eleanor_of_England_Queen_of_Castile	child	Berengaria_of_Castile
Eleanor_of_England_Queen_of_Castile	child	Blanche_of_Castile
Eleanor_of_England_Queen_of_Castile	child	Eleanor_of_Castile_died_1244
Eleanor_of_England_Queen_of_Castile	father	Henry_II_of_England
Eleanor_of_England_Queen_of_Castile	mother	Eleanor_of_Aquitaine
Eleanor_of_England_Queen_of_Castile	parent	Eleanor_of_Aquitaine
Eleanor_of_England_Queen_of_Castile	parent	Henry_II_of_England
Eleanor_of_England_Queen_of_Castile	spouse	Alfonso_VIII_of_Castile
Eleanor_of_England_Queen_of_Castile	type	Person
Eleanor_of_Lancaster	child	Alice_Holland_Countess_of_Kent
Eleanor_of_Lancaster	child	Archbishop_of_Canterbury
Eleanor_of_Lancaster	child	Henry_Beaumont_3rd_Baron_Beaumont
Eleanor_of_Lancaster	child	John_FitzAlan_1st_Baron_Arundel
Eleanor_of_Lancaster	child	Thomas_Arundel
Eleanor_of_Lancaster	father	Henry_3rd_Earl_of_Lancaster
Eleanor_of_Lancaster	mother	Maud_Chaworth
Eleanor_of_Lancaster	parent	Henry_3rd_Earl_of_Lancaster
Eleanor_of_Lancaster	parent	Maud_Chaworth
Eleanor_of_Lancaster	spouse	John_de_Beaumont_2nd_Baron_Beaumont
Eleanor_of_Lancaster	spouse	Richard_Fitzalan_3rd_Earl_of_Arundel
Eleanor_of_Lancaster	type	Person
Eleanor_of_Navarre	child	Catherine_of_Foix_Countess_of_Candale
Eleanor_of_Navarre	child	John_of_Foix_Viscount_of_Narbonne
Eleanor_of_Navarre	child	Margaret_of_Foix
Eleanor_of_Navarre	child	Pierre_de_Foix_le_jeune
Eleanor_of_Navarre	father	John_II_of_Aragon
Eleanor_of_Navarre	predecessor	John_II_of_Aragon
Eleanor_of_Navarre	spouse	Gaston_IV_Count_of_Foix
Eleanor_of_Navarre	type	Person
Eleanor_of_Normandy	spouse	Baldwin_IV_Count_of_Flanders
Eleanor_of_Normandy	type	Person
Eleanor_of_Portugal_Holy_Roman_Empress	father	Edward_King_of_Portugal
Eleanor_of_Portugal_Holy_Roman_Empress	parent	Edward_King_of_Portugal
Eleanor_of_Portugal_Holy_Roman_Empress	parent	Eleanor_of_Aragon_Queen_of_Portugal
Eleanor_of_Portugal_Holy_Roman_Empress	spouse	Frederick_III_Holy_Roman_Emperor
Eleanor_of_Portugal_Holy_Roman_Empress	type	Person
Eleanor_of_Portugal_Queen_of_Aragon	type	Person
Eleanor_of_Portugal_Queen_of_Denmark	type	Person
Eleanor_of_Provence	child	Beatrice_of_England
Eleanor_of_Provence	child	Edmund_Crouchback
Eleanor_of_Provence	child	Katherine_of_England
Eleanor_of_Provence	child	Margaret_of_England
Eleanor_of_Provence	father	Ramon_Berenguer_IV_Count_of_Provence
Eleanor_of_Provence	mother	Beatrice_of_Savoy
Eleanor_of_Provence	parent	Beatrice_of_Savoy
Eleanor_of_Provence	parent	Ramon_Berenguer_IV_Count_of_Provence
Eleanor_of_Provence	spouse	Henry_III_of_England
Eleanor_of_Provence	type	Person
Eleanor_of_Prussia	type	Person
Eleanor_of_Scotland	type	Person
Eleanor_of_Toledo	spouse	Cosimo_I_de_Medici_Grand_Duke_of_Tuscany
Eleanor_of_Toledo	type	Person
Eleanor_of_Viseu	child	Afonso_Prince_of_Portugal
Eleanor_of_Viseu	parent	Beatriz_of_Portugal_Duchess_of_Viseu
Eleanor_of_Viseu	parent	Ferdinand_Duke_of_Viseu
Eleanor_of_Viseu	spouse	John_II_of_Portugal
Eleanor_of_Viseu	type	Person
Eleanor_of_Woodstock	type	Person
Eleonore_Magdalene_of_Neuburg	type	Person
Eleonore_of_Austria_Queen_of_Poland	spouse	Charles_V_Duke_of_Lorraine
Eleonore_of_Austria_Queen_of_Poland	type	Person
Elias_II_Count_of_Maine	type	Person
Elias_I_Count_of_Maine	type	Person
Elisa_Bonaparte	type	Person
Elisabeth_Christine_of_Brunswic_Wolfenb_ttel	child	Archduchess_Maria_Anna_of_Austria_governor
Elisabeth_Christine_of_Brunswic_Wolfenb_ttel	child	Maria_Theresa
Elisabeth_Christine_of_Brunswic_Wolfenb_ttel	father	Louis_Rudolph_Duke_of_Brunswic_L_neburg
Elisabeth_Christine_of_Brunswic_Wolfenb_ttel	mother	Princess_Christine_Louise_of_Oettinge_Oettingen
Elisabeth_Christine_of_Brunswic_Wolfenb_ttel	spouse	Charles_VI_Holy_Roman_Emperor
Elisabeth_Christine_of_Brunswic_Wolfenb_ttel	type	Person
Elisabeth_Farnese	child	Charles_III_of_Spain
Elisabeth_Farnese	child	Maria_Antonia_Ferdinanda_of_Spain
Elisabeth_Farnese	child	Maria_Teresa_Rafaela_of_Spain
Elisabeth_Farnese	child	Mariana_Victoria_of_Spain
Elisabeth_Farnese	child	Philip_Duke_of_Parma
Elisabeth_Farnese	father	Odoardo_Farnese_Hereditary_Prince_of_Parma
Elisabeth_Farnese	mother	Countess_Palatine_Dorothea_Sophie_of_Neuburg
Elisabeth_Farnese	parent	Countess_Palatine_Dorothea_Sophie_of_Neuburg
Elisabeth_Farnese	parent	Odoardo_Farnese_Hereditary_Prince_of_Parma
Elisabeth_Farnese	spouse	Philip_V_of_Spain
Elisabeth_Farnese	type	Person
Elisabeth_Therese_of_Lorraine	spouse	Charles_Emmanuel_III_of_Sardinia
Elisabeth_Therese_of_Lorraine	type	Person
Elisabeth_of_Austria_Duchess_of_Lorraine	spouse	Frederick_IV_Duke_of_Lorraine
Elisabeth_of_Austria_Duchess_of_Lorraine	type	Person
Elisabeth_of_Austria_Queen_of_France	child	Marie_Elisabeth_of_France
Elisabeth_of_Austria_Queen_of_France	father	Maximilian_II_Holy_Roman_Emperor
Elisabeth_of_Austria_Queen_of_France	mother	Maria_of_Austria_Holy_Roman_Empress
Elisabeth_of_Austria_Queen_of_France	parent	Maximilian_II_Holy_Roman_Emperor
Elisabeth_of_Austria_Queen_of_France	spouse	Charles_IX_of_France
Elisabeth_of_Austria_Queen_of_France	type	Person
Elisabeth_of_Carinthia_Queen_of_the_Romans	spouse	Albert_I_of_Germany
Elisabeth_of_Carinthia_Queen_of_the_Romans	type	Person
Elisabeth_of_Cleves	spouse	Stephen_III_Duke_of_Bavaria
Elisabeth_of_Cleves	type	Person
Elisabeth_of_Courtenay	type	Person
Elisabeth_of_France_1602_1644	child	Balthasar_Charles_Prince_of_Asturias
Elisabeth_of_France_1602_1644	child	Maria_Theresa_of_Spain
Elisabeth_of_France_1602_1644	father	Henry_IV_of_France
Elisabeth_of_France_1602_1644	mother	Marie_de_Medici
Elisabeth_of_France_1602_1644	parent	Henry_IV_of_France
Elisabeth_of_France_1602_1644	parent	Marie_de_Medici
Elisabeth_of_France_1602_1644	spouse	Philip_IV_of_Spain
Elisabeth_of_France_1602_1644	type	Person
Elisabeth_of_Hesse_Electress_Palatine	type	Person
Elisabeth_of_Lorraine	type	Person
Elisabeth_of_Meissen	child	Beatrice_of_Nuremberg
Elisabeth_of_Meissen	child	Elisabeth_of_Nuremberg
Elisabeth_of_Meissen	child	Frederick_I_Elector_of_Brandenburg
Elisabeth_of_Meissen	child	John_III_Burgrave_of_Nuremberg
Elisabeth_of_Meissen	child	Margaret_of_Hohenzoller_Nuremberg
Elisabeth_of_Meissen	father	Frederick_II_Margrave_of_Meissen
Elisabeth_of_Meissen	mother	Matilda_of_Bavaria_Margravine_of_Meissen
Elisabeth_of_Meissen	parent	Frederick_II_Margrave_of_Meissen
Elisabeth_of_Meissen	parent	Matilda_of_Bavaria_Margravine_of_Meissen
Elisabeth_of_Meissen	spouse	Frederick_V_Burgrave_of_Nuremberg
Elisabeth_of_Meissen	type	Person
Elisabeth_of_Nuremberg	child	John_Count_Palatine_of_Neumarkt
Elisabeth_of_Nuremberg	child	Louis_III_Elector_Palatine
Elisabeth_of_Nuremberg	child	Margaret_of_the_Palatinate
Elisabeth_of_Nuremberg	child	Otto_I_Count_Palatine_of_Mosbach
Elisabeth_of_Nuremberg	father	Frederick_V_Burgrave_of_Nuremberg
Elisabeth_of_Nuremberg	mother	Elisabeth_of_Meissen
Elisabeth_of_Nuremberg	parent	Elisabeth_of_Meissen
Elisabeth_of_Nuremberg	parent	Frederick_V_Burgrave_of_Nuremberg
Elisabeth_of_Nuremberg	spouse	Rupert_King_of_the_Romans
Elisabeth_of_Nuremberg	type	Person
Elisabeth_of_Sicily_Duchess_of_Bavaria	spouse	Stephen_II_Duke_of_Bavaria
Elisabeth_of_Sicily_Duchess_of_Bavaria	type	Person
Elisabeth_of_Swabia	spouse	Ferdinand_III_of_Castile
Elisabeth_of_Swabia	type	Person
Elisabeth_of_Valois	spouse	Philip_II_of_Spain
Elisabeth_of_Valois	type	Person
Elisiv_of_Kiev	type	Person
Elizabeth_Charlotte_Madame_Palatine	spouse	Philippe_I_Duke_of_Orl_ans
Elizabeth_Charlotte_Madame_Palatine	type	Person
Elizabeth_Gordon_Countess_of_Huntly	child	Adam_Gordon_of_Auchindoun
Elizabeth_Gordon_Countess_of_Huntly	child	George_Gordon_5th_Earl_of_Huntly
Elizabeth_Gordon_Countess_of_Huntly	child	Jean_Gordon_Countess_of_Bothwell
Elizabeth_Gordon_Countess_of_Huntly	child	Patrick_Gordon_of_Auchindoun
Elizabeth_Gordon_Countess_of_Huntly	spouse	George_Gordon_4th_Earl_of_Huntly
Elizabeth_Gordon_Countess_of_Huntly	type	Person
Elizabeth_I	predecessor	Philip_II_of_Spain
Elizabeth_I	type	Person
Elizabeth_Mure	spouse	Robert_II_of_Scotland
Elizabeth_Mure	type	Person
Elizabeth_Stuart_daughter_of_Charles_I	type	Person
Elizabeth_Tudor_1492_1495	type	Person
Elizabeth_Woodville	child	Anne_of_York_daughter_of_Edward_IV
Elizabeth_Woodville	child	Cecily_of_York
Elizabeth_Woodville	child	Edward_V_of_England
Elizabeth_Woodville	child	Elizabeth_of_York
Elizabeth_Woodville	child	Richard_of_Shrewsbury_Duke_of_York
Elizabeth_Woodville	child	Thomas_Grey_1st_Marquess_of_Dorset
Elizabeth_Woodville	father	Richard_Woodville_1st_Earl_Rivers
Elizabeth_Woodville	mother	Jacquetta_of_Luxembourg
Elizabeth_Woodville	parent	Jacquetta_of_Luxembourg
Elizabeth_Woodville	parent	Richard_Woodville_1st_Earl_Rivers
Elizabeth_Woodville	spouse	Edward_IV_of_England
Elizabeth_Woodville	type	Person
Elizabeth_of_Austria_1436_1505	child	Alexander_Jagiellon
Elizabeth_of_Austria_1436_1505	child	Anna_Jagiellon_Duchess_of_Pomerania
Elizabeth_of_Austria_1436_1505	child	Barbara_Jagiellon
Elizabeth_of_Austria_1436_1505	child	Hedwig_Jagiellon_Duchess_of_Bavaria
Elizabeth_of_Austria_1436_1505	child	Saint_Casimir
Elizabeth_of_Austria_1436_1505	child	Sigismund_I_the_Old
Elizabeth_of_Austria_1436_1505	child	Sophia_Jagiellon_Margravine_of_Brandenburg_Ansbach
Elizabeth_of_Austria_1436_1505	father	Albert_II_of_Germany
Elizabeth_of_Austria_1436_1505	mother	Elizabeth_of_Luxembourg
Elizabeth_of_Austria_1436_1505	parent	Albert_II_of_Germany
Elizabeth_of_Austria_1436_1505	parent	Elizabeth_of_Luxembourg
Elizabeth_of_Austria_1436_1505	spouse	Casimir_IV_Jagiellon
Elizabeth_of_Austria_1436_1505	type	Person
Elizabeth_of_Austria_1526_1545	type	Person
Elizabeth_of_Bohemia_1292_1330	child	Anne_of_Bohemia_Duchess_of_Austria
Elizabeth_of_Bohemia_1292_1330	child	Bonne_of_Luxembourg
Elizabeth_of_Bohemia_1292_1330	child	Charles_IV_Holy_Roman_Emperor
Elizabeth_of_Bohemia_1292_1330	father	Wenceslaus_II_of_Bohemia
Elizabeth_of_Bohemia_1292_1330	mother	Judith_of_Habsburg
Elizabeth_of_Bohemia_1292_1330	parent	Judith_of_Habsburg
Elizabeth_of_Bohemia_1292_1330	parent	Wenceslaus_II_of_Bohemia
Elizabeth_of_Bohemia_1292_1330	type	Person
Elizabeth_of_Hungary_Queen_of_Serbia	type	Person
Elizabeth_of_Lancaster_Duchess_of_Exeter	type	Person
Elizabeth_of_Luxembourg	child	Anne_of_Austria_Landgravine_of_Thuringia
Elizabeth_of_Luxembourg	father	Sigismund_Holy_Roman_Emperor
Elizabeth_of_Luxembourg	mother	Barbara_of_Cilli
Elizabeth_of_Luxembourg	parent	Sigismund_Holy_Roman_Emperor
Elizabeth_of_Luxembourg	spouse	Albert_II_of_Germany
Elizabeth_of_Luxembourg	type	Person
Elizabeth_of_Portugal	spouse	Denis_of_Portugal
Elizabeth_of_Portugal	type	Person
Elizabeth_of_Rhuddlan	type	Person
Elizabeth_of_York	child	Arthur_Prince_of_Wales
Elizabeth_of_York	child	Edmund_Tudor_Duke_of_Somerset
Elizabeth_of_York	child	Margaret_Tudor
Elizabeth_of_York	child	Mary_Tudor_Queen_of_France
Elizabeth_of_York	parent	Elizabeth_Woodville
Elizabeth_of_York	spouse	Henry_VII_of_England
Elizabeth_of_York	type	Person
Elizabeth_the_Cuman	child	Andrew_Duke_of_Slavonia
Elizabeth_the_Cuman	child	Anna_of_Hungary_Byzantine_empress
Elizabeth_the_Cuman	child	Catherine_of_Hungary_Queen_of_Serbia
Elizabeth_the_Cuman	child	Elizabeth_of_Hungary_Queen_of_Serbia
Elizabeth_the_Cuman	child	Ladislaus_IV_of_Hungary
Elizabeth_the_Cuman	child	Mary_of_Hungary_Queen_of_Naples
Elizabeth_the_Cuman	parent	Cumans
Elizabeth_the_Cuman	parent	K_ten
Elizabeth_the_Cuman	spouse	Stephen_V_of_Hungary
Elizabeth_the_Cuman	type	Person
Emanuel_Filibert_of_Savoy	type	Person
Emanuele_Filiberto_Duke_of_Aosta_1731_1735	type	Person
Emma_of_Anjou	type	Person
Emma_of_Blois	spouse	William_IV_Duke_of_Aquitaine
Emma_of_Blois	type	Person
Emma_of_France	spouse	Rudolph_of_France
Emma_of_France	type	Person
Emma_of_Italy	child	Louis_V_of_France
Emma_of_Italy	parent	Adelaide_of_Italy
Emma_of_Italy	parent	Lothair_II_of_Italy
Emma_of_Italy	spouse	Lothair_of_France
Emma_of_Italy	type	Person
Emma_of_Paris_Duchess_of_Normandy	type	Person
Emmanuel_Philibert_Duke_of_Savoy	child	Charles_Emmanuel_I_Duke_of_Savoy
Emmanuel_Philibert_Duke_of_Savoy	father	Charles_III_Duke_of_Savoy
Emmanuel_Philibert_Duke_of_Savoy	mother	Beatrice_of_Portugal_Duchess_of_Savoy
Emmanuel_Philibert_Duke_of_Savoy	parent	Beatrice_of_Portugal_Duchess_of_Savoy
Emmanuel_Philibert_Duke_of_Savoy	parent	Charles_III_Duke_of_Savoy
Emmanuel_Philibert_Duke_of_Savoy	predecessor	Charles_III_Duke_of_Savoy
Emmanuel_Philibert_Duke_of_Savoy	spouse	Margaret_of_Valois_Duchess_of_Berry
Emmanuel_Philibert_Duke_of_Savoy	successor	Charles_Emmanuel_I_Duke_of_Savoy
Emmanuel_Philibert_Duke_of_Savoy	type	Person
Empress_Jos_phine	child	Eug_ne_de_Beauharnais
Empress_Jos_phine	child	Hortense_de_Beauharnais
Empress_Jos_phine	spouse	Alexandre_de_Beauharnais
Empress_Jos_phine	type	Person
Empress_Matilda	child	Geoffrey_Count_of_Nantes
Empress_Matilda	child	Henry_II_of_England
Empress_Matilda	child	William_FitzEmpress
Empress_Matilda	father	Henry_I_of_England
Empress_Matilda	spouse	Geoffrey_Plantagenet_Count_of_Anjou
Empress_Matilda	spouse	Henry_V_Holy_Roman_Emperor
Empress_Matilda	type	Person
Engelbert_Duke_of_Carinthia	type	Person
Engeltrude_de_F_zensac	father	Leuthard_I_of_Paris
Engeltrude_de_F_zensac	spouse	Odo_I_Count_of_Orl_ans
Engeltrude_de_F_zensac	type	Person
Enno_III_Count_of_East_Frisia	spouse	Anna_of_Holstei_Gottorp
Enno_III_Count_of_East_Frisia	type	Person
Ercole_III_d_Este_Duke_of_Modena	spouse	Maria_Teresa_Cybo_Malaspina_Duchess_of_Massa
Ercole_III_d_Este_Duke_of_Modena	successor	Francis_IV_Duke_of_Modena
Ercole_III_d_Este_Duke_of_Modena	type	Person
Eric_of_Lorraine	type	Person
Ermengarde_Countess_of_Maine	father	Elias_I_Count_of_Maine
Ermengarde_Countess_of_Maine	parent	Elias_I_Count_of_Maine
Ermengarde_Countess_of_Maine	spouse	Fulk_King_of_Jerusalem
Ermengarde_Countess_of_Maine	type	Person
Ermengarde_of_Anjou_Duchess_of_Burgundy	father	Fulk_III_Count_of_Anjou
Ermengarde_of_Anjou_Duchess_of_Burgundy	parent	Fulk_III_Count_of_Anjou
Ermengarde_of_Anjou_Duchess_of_Burgundy	spouse	Geoffrey_II_Count_of_G_tinais
Ermengarde_of_Anjou_Duchess_of_Burgundy	spouse	Robert_I_Duke_of_Burgundy
Ermengarde_of_Anjou_Duchess_of_Burgundy	type	Person
Ermengarde_of_Anjou_d._1146	spouse	William_IX_Duke_of_Aquitaine
Ermengarde_of_Anjou_d._1146	type	Person
Ermengarde_of_Auvergne	spouse	Odo_II_Count_of_Blois
Ermengarde_of_Auvergne	type	Person
Ermengarde_of_Hesbaye	child	Lothair_I
Ermengarde_of_Hesbaye	child	Pepin_I_of_Aquitaine
Ermengarde_of_Hesbaye	father	Ingerman_Count_of_Hesbaye
Ermengarde_of_Hesbaye	parent	Ingerman_Count_of_Hesbaye
Ermengarde_of_Hesbaye	spouse	Louis_the_Pious
Ermengarde_of_Hesbaye	type	Person
Ermengarde_of_Tuscany	successor	Willa_of_Tuscany
Ermengarde_of_Tuscany	type	Person
Ermentrude_daughter_of_Louis_the_Stammerer	type	Person
Ermentrude_de_Roucy	spouse	Otto_William_Count_of_Burgundy
Ermentrude_de_Roucy	type	Person
Ermentrude_of_Orl_ans	child	Carloman_son_of_Charles_the_Bald
Ermentrude_of_Orl_ans	child	Charles_the_Child
Ermentrude_of_Orl_ans	child	Judith_of_Flanders
Ermentrude_of_Orl_ans	child	Louis_the_Stammerer
Ermentrude_of_Orl_ans	father	Odo_I_Count_of_Orl_ans
Ermentrude_of_Orl_ans	mother	Engeltrude_de_F_zensac
Ermentrude_of_Orl_ans	parent	Engeltrude_de_F_zensac
Ermentrude_of_Orl_ans	parent	Odo_I_Count_of_Orl_ans
Ermentrude_of_Orl_ans	spouse	Charles_the_Bald
Ermentrude_of_Orl_ans	type	Person
Ermesinde_of_Carcassonne	spouse	Ramon_Borrell_Count_of_Barcelona
Ermesinde_of_Carcassonne	type	Person
Ernest_Augustus_Duke_of_York_and_Albany	type	Person
Ernest_Augustus_Elector_of_Hanover	child	Ernest_Augustus_Duke_of_York_and_Albany
Ernest_Augustus_Elector_of_Hanover	child	George_I_of_Great_Britain
Ernest_Augustus_Elector_of_Hanover	child	Maximilian_William_of_Brunswic_L_neburg
Ernest_Augustus_Elector_of_Hanover	child	Sophia_Charlotte_of_Hanover
Ernest_Augustus_Elector_of_Hanover	father	George_Duke_of_Brunswic_Calenberg
Ernest_Augustus_Elector_of_Hanover	mother	Anna_Eleonore_of_Hesse_Darmstadt
Ernest_Augustus_Elector_of_Hanover	parent	George_Duke_of_Brunswic_Calenberg
Ernest_Augustus_Elector_of_Hanover	predecessor	John_Frederick_Duke_of_Brunswic_Calenberg
Ernest_Augustus_Elector_of_Hanover	spouse	Sophia_of_Hanover
Ernest_Augustus_Elector_of_Hanover	successor	George_I_of_Great_Britain
Ernest_Augustus_Elector_of_Hanover	type	Person
Ernest_Augustus_King_of_Hanover	type	Person
Ernest_Duke_of_Austria	father	Leopold_III_Duke_of_Austria
Ernest_Duke_of_Austria	mother	Viridis_Visconti
Ernest_Duke_of_Austria	parent	Leopold_III_Duke_of_Austria
Ernest_Duke_of_Austria	parent	Viridis_Visconti
Ernest_Duke_of_Austria	spouse	Cymburgis_of_Masovia
Ernest_Duke_of_Austria	successor	Frederick_III_Holy_Roman_Emperor
Ernest_Duke_of_Austria	type	Person
Ernest_Frederick_I_Duke_of_Saxe_Hildburghausen	spouse	Countess_Sophia_Albertine_of_Erbach_Erbach
Ernest_Frederick_I_Duke_of_Saxe_Hildburghausen	type	Person
Ernest_II_Duke_of_Brunswic_L_neburg	father	William_the_Younger_Duke_of_Brunswic_L_neburg
Ernest_II_Duke_of_Brunswic_L_neburg	predecessor	William_the_Younger_Duke_of_Brunswic_L_neburg
Ernest_II_Duke_of_Brunswic_L_neburg	type	Person
Ernest_I_Duke_of_Brunswic_L_neburg	father	Henry_the_Middle_Duke_of_Brunswic_L_neburg
Ernest_I_Duke_of_Brunswic_L_neburg	mother	Margaret_of_Saxony_Duchess_of_Brunswic_L_neburg
Ernest_I_Duke_of_Brunswic_L_neburg	parent	Henry_the_Middle_Duke_of_Brunswic_L_neburg
Ernest_I_Duke_of_Brunswic_L_neburg	parent	Margaret_of_Saxony_Duchess_of_Brunswic_L_neburg
Ernest_I_Duke_of_Brunswic_L_neburg	successor	William_the_Younger_Duke_of_Brunswic_L_neburg
Ernest_I_Duke_of_Brunswic_L_neburg	type	Person
Ernest_of_Bavaria	type	Person
Estrid_of_the_Obotrites	child	Anund_Jacob
Estrid_of_the_Obotrites	parent	Tribal_chief
Estrid_of_the_Obotrites	spouse	Olof_Sk_tkonung
Estrid_of_the_Obotrites	type	Person
Ethelinde_of_Northeim	spouse	Welf_I_Duke_of_Bavaria
Ethelinde_of_Northeim	type	Person
Ethelred_of_Scotland	type	Person
Eug_ne_de_Beauharnais	type	Person
Eug_nie_de_Montijo	child	Napol_on_Prince_Imperial
Eug_nie_de_Montijo	mother	Mar_a_Manuela_Kirkpatrick_de_Grevign_e
Eug_nie_de_Montijo	parent	Cipriano_de_Palafox_8th_Count_of_Montijo
Eug_nie_de_Montijo	parent	Count_of_Montijo
Eug_nie_de_Montijo	parent	Mar_a_Manuela_Kirkpatrick_de_Grevign_e
Eug_nie_de_Montijo	spouse	Napoleon_III
Eug_nie_de_Montijo	type	Person
Eugene_Jean_Count_of_Soissons	spouse	Maria_Teresa_Cybo_Malaspina_Duchess_of_Massa
Eugene_Jean_Count_of_Soissons	type	Person
Euphemia_de_Ross	spouse	Robert_II_of_Scotland
Euphemia_de_Ross	type	Person
Fadrique_Alfonso	type	Person
Ferdinand_Count_of_Flanders	type	Person
Ferdinand_Duke_of_Parma	type	Person
Ferdinand_Duke_of_Viseu	child	Diogo_Duke_of_Viseu
Ferdinand_Duke_of_Viseu	child	Eleanor_of_Viseu
Ferdinand_Duke_of_Viseu	child	Isabel_of_Viseu
Ferdinand_Duke_of_Viseu	father	Edward_King_of_Portugal
Ferdinand_Duke_of_Viseu	mother	Eleanor_of_Aragon_Queen_of_Portugal
Ferdinand_Duke_of_Viseu	parent	Edward_King_of_Portugal
Ferdinand_Duke_of_Viseu	parent	Eleanor_of_Aragon_Queen_of_Portugal
Ferdinand_Duke_of_Viseu	type	Person
Ferdinand_III_Grand_Duke_of_Tuscany	father	Leopold_II_Holy_Roman_Emperor
Ferdinand_III_Grand_Duke_of_Tuscany	predecessor	Leopold_II_Holy_Roman_Emperor
Ferdinand_III_Grand_Duke_of_Tuscany	type	Person
Ferdinand_III_of_Castile	child	Alfonso_X_of_Castile
Ferdinand_III_of_Castile	child	Ferdinand_of_Castile_born_1238
Ferdinand_III_of_Castile	child	Frederick_of_Castile
Ferdinand_III_of_Castile	child	Manuel_of_Castile
Ferdinand_III_of_Castile	child	Philip_of_Castile
Ferdinand_III_of_Castile	child	Sancho_of_Castile_bishop
Ferdinand_III_of_Castile	father	Alfonso_IX_of_Le_n
Ferdinand_III_of_Castile	mother	Berengaria_of_Castile
Ferdinand_III_of_Castile	parent	Berengaria_of_Castile
Ferdinand_III_of_Castile	predecessor	Alfonso_IX_of_Le_n
Ferdinand_III_of_Castile	spouse	Elisabeth_of_Swabia
Ferdinand_III_of_Castile	spouse	Joan_Countess_of_Ponthieu
Ferdinand_III_of_Castile	successor	Alfonso_X_of_Castile
Ferdinand_III_of_Castile	type	Person
Ferdinand_II_Archduke_of_Austria	predecessor	Ferdinand_I_Holy_Roman_Emperor
Ferdinand_II_Archduke_of_Austria	type	Person
Ferdinand_II_Holy_Roman_Emperor	type	Person
Ferdinand_II_of_Aragon	child	Alonso_de_Arag_n
Ferdinand_II_of_Aragon	child	Catherine_of_Aragon
Ferdinand_II_of_Aragon	child	Isabella_of_Aragon_Queen_of_Portugal
Ferdinand_II_of_Aragon	child	Joanna_of_Castile
Ferdinand_II_of_Aragon	child	John_Prince_of_Asturias
Ferdinand_II_of_Aragon	child	Maria_of_Aragon_Queen_of_Portugal
Ferdinand_II_of_Aragon	father	John_II_of_Aragon
Ferdinand_II_of_Aragon	mother	Juana_Enr_quez
Ferdinand_II_of_Aragon	parent	John_II_of_Aragon
Ferdinand_II_of_Aragon	parent	Juana_Enr_quez
Ferdinand_II_of_Aragon	predecessor	John_II_of_Aragon
Ferdinand_II_of_Aragon	predecessor	Louis_XII
Ferdinand_II_of_Aragon	spouse	Germaine_of_Foix
Ferdinand_II_of_Aragon	spouse	Isabella_I_of_Castile
Ferdinand_II_of_Aragon	successor	Joanna_of_Castile
Ferdinand_II_of_Aragon	type	Person
Ferdinand_II_of_Le_n	child	Alfonso_IX_of_Le_n
Ferdinand_II_of_Le_n	father	Alfonso_VII_of_Le_n_and_Castile
Ferdinand_II_of_Le_n	mother	Berengaria_of_Barcelona
Ferdinand_II_of_Le_n	parent	Alfonso_VII_of_Le_n_and_Castile
Ferdinand_II_of_Le_n	parent	Berengaria_of_Barcelona
Ferdinand_II_of_Le_n	predecessor	Alfonso_VII_of_Le_n_and_Castile
Ferdinand_II_of_Le_n	spouse	Teresa_Fern_ndez_de_Traba
Ferdinand_II_of_Le_n	spouse	Urraca_L_pez_de_Haro
Ferdinand_II_of_Le_n	spouse	Urraca_of_Portugal
Ferdinand_II_of_Le_n	successor	Alfonso_IX_of_Le_n
Ferdinand_II_of_Le_n	type	Person
Ferdinand_II_of_the_Two_Sicilies	type	Person
Ferdinand_IV_of_Castile	child	Alfonso_XI_of_Castile
Ferdinand_IV_of_Castile	child	Eleanor_of_Castile_1307_1359
Ferdinand_IV_of_Castile	father	Sancho_IV_of_Castile
Ferdinand_IV_of_Castile	mother	Mar_a_de_Molina
Ferdinand_IV_of_Castile	parent	Mar_a_de_Molina
Ferdinand_IV_of_Castile	predecessor	Sancho_IV_of_Castile
Ferdinand_IV_of_Castile	spouse	Constance_of_Portugal
Ferdinand_IV_of_Castile	type	Person
Ferdinand_I_Holy_Roman_Emperor	child	Archduchess_Anna_of_Austria
Ferdinand_I_Holy_Roman_Emperor	child	Archduchess_Barbara_of_Austria
Ferdinand_I_Holy_Roman_Emperor	child	Archduchess_Eleanor_of_Austria
Ferdinand_I_Holy_Roman_Emperor	child	Archduchess_Magdalena_of_Austria
Ferdinand_I_Holy_Roman_Emperor	child	Archduchess_Margaret_of_Austria_nun
Ferdinand_I_Holy_Roman_Emperor	child	Catherine_of_Austria_Queen_of_Poland
Ferdinand_I_Holy_Roman_Emperor	child	Charles_II_Archduke_of_Austria
Ferdinand_I_Holy_Roman_Emperor	child	Maria_of_Austria_Duchess_of_J_lich_Cleves_Berg
Ferdinand_I_Holy_Roman_Emperor	father	Philip_I_of_Castile
Ferdinand_I_Holy_Roman_Emperor	parent	Joanna_of_Castile
Ferdinand_I_Holy_Roman_Emperor	parent	Philip_I_of_Castile
Ferdinand_I_Holy_Roman_Emperor	predecessor	Charles_V_Holy_Roman_Emperor
Ferdinand_I_Holy_Roman_Emperor	predecessor	Louis_II_of_Hungary
Ferdinand_I_Holy_Roman_Emperor	spouse	Anne_of_Bohemia_and_Hungary
Ferdinand_I_Holy_Roman_Emperor	successor	Charles_II_Archduke_of_Austria
Ferdinand_I_Holy_Roman_Emperor	successor	Ferdinand_II_Archduke_of_Austria
Ferdinand_I_Holy_Roman_Emperor	successor	Maximilian_II_Holy_Roman_Emperor
Ferdinand_I_Holy_Roman_Emperor	type	Person
Ferdinand_I_of_Aragon	child	Alfonso_V_of_Aragon
Ferdinand_I_of_Aragon	child	Eleanor_of_Aragon_Queen_of_Portugal
Ferdinand_I_of_Aragon	child	Henry_Duke_of_Villena
Ferdinand_I_of_Aragon	child	John_II_of_Aragon
Ferdinand_I_of_Aragon	child	Maria_of_Aragon_Queen_of_Castile
Ferdinand_I_of_Aragon	child	Peter_of_Aragon_Count_of_Alburquerque
Ferdinand_I_of_Aragon	father	John_I_of_Castile
Ferdinand_I_of_Aragon	mother	Eleanor_of_Aragon_Queen_of_Castile
Ferdinand_I_of_Aragon	parent	Eleanor_of_Aragon_Queen_of_Castile
Ferdinand_I_of_Aragon	spouse	Eleanor_of_Alburquerque
Ferdinand_I_of_Aragon	successor	Alfonso_V_of_Aragon
Ferdinand_I_of_Aragon	type	Person
Ferdinand_I_of_Austria	father	Francis_II_Holy_Roman_Emperor
Ferdinand_I_of_Austria	predecessor	Francis_II_Holy_Roman_Emperor
Ferdinand_I_of_Austria	type	Person
Ferdinand_I_of_Portugal	father	Peter_I_of_Portugal
Ferdinand_I_of_Portugal	predecessor	Peter_I_of_Portugal
Ferdinand_I_of_Portugal	type	Person
Ferdinand_I_of_the_Two_Sicilies	child	Carlo_Duke_of_Calabria
Ferdinand_I_of_the_Two_Sicilies	child	Francis_I_of_the_Two_Sicilies
Ferdinand_I_of_the_Two_Sicilies	child	Luisa_of_Naples_and_Sicily
Ferdinand_I_of_the_Two_Sicilies	child	Maria_Amalia_of_Naples_and_Sicily
Ferdinand_I_of_the_Two_Sicilies	child	Maria_Clotilde_of_Naples_and_Sicily
Ferdinand_I_of_the_Two_Sicilies	child	Maria_Cristina_of_Naples_and_Sicily
Ferdinand_I_of_the_Two_Sicilies	child	Maria_Henrietta_of_Naples_and_Sicily
Ferdinand_I_of_the_Two_Sicilies	child	Prince_Alberto_of_Naples_and_Sicily
Ferdinand_I_of_the_Two_Sicilies	child	Prince_Giuseppe_of_Naples_and_Sicily
Ferdinand_I_of_the_Two_Sicilies	child	Princess_Maria_Antonia_of_Naples_and_Sicily
Ferdinand_I_of_the_Two_Sicilies	child	Princess_Maria_Isabella_of_Naples_and_Sicily
Ferdinand_I_of_the_Two_Sicilies	father	Charles_III_of_Spain
Ferdinand_I_of_the_Two_Sicilies	mother	Maria_Amalia_of_Saxony
Ferdinand_I_of_the_Two_Sicilies	parent	Charles_III_of_Spain
Ferdinand_I_of_the_Two_Sicilies	parent	Maria_Amalia_of_Saxony
Ferdinand_I_of_the_Two_Sicilies	spouse	Lucia_Migliaccio
Ferdinand_I_of_the_Two_Sicilies	spouse	Maria_Carolina_of_Austria
Ferdinand_I_of_the_Two_Sicilies	successor	Francis_I_of_the_Two_Sicilies
Ferdinand_I_of_the_Two_Sicilies	type	Person
Ferdinand_Karl_Archduke_of_Austria_Este	child	Archduchess_Maria_Leopoldine_of_Austria_Este
Ferdinand_Karl_Archduke_of_Austria_Este	child	Francis_IV_Duke_of_Modena
Ferdinand_Karl_Archduke_of_Austria_Este	child	Maria_Ludovika_of_Austria_Este
Ferdinand_Karl_Archduke_of_Austria_Este	father	Francis_I_Holy_Roman_Emperor
Ferdinand_Karl_Archduke_of_Austria_Este	mother	Maria_Theresa
Ferdinand_Karl_Archduke_of_Austria_Este	parent	Francis_I_Holy_Roman_Emperor
Ferdinand_Karl_Archduke_of_Austria_Este	parent	Maria_Theresa
Ferdinand_Karl_Archduke_of_Austria_Este	spouse	Maria_Beatrice_d_Este_Duchess_of_Massa
Ferdinand_Karl_Archduke_of_Austria_Este	type	Person
Ferdinand_Philippe_Duke_of_Orl_ans	child	Prince_Philippe_Count_of_Paris
Ferdinand_Philippe_Duke_of_Orl_ans	child	Prince_Robert_Duke_of_Chartres
Ferdinand_Philippe_Duke_of_Orl_ans	parent	Louis_Philippe_I
Ferdinand_Philippe_Duke_of_Orl_ans	parent	Maria_Amalia_of_Naples_and_Sicily
Ferdinand_Philippe_Duke_of_Orl_ans	predecessor	Louis_Philippe_I
Ferdinand_Philippe_Duke_of_Orl_ans	spouse	Duchess_Helene_of_Mecklenburg_Schwerin
Ferdinand_Philippe_Duke_of_Orl_ans	successor	Prince_Philippe_Count_of_Paris
Ferdinand_Philippe_Duke_of_Orl_ans	type	Person
Ferdinand_Prince_of_Asturias	type	Person
Ferdinand_VII_of_Spain	spouse	Maria_Christina_of_the_Two_Sicilies
Ferdinand_VII_of_Spain	type	Person
Ferdinand_VI_of_Spain	predecessor	Philip_V_of_Spain
Ferdinand_VI_of_Spain	type	Person
Ferdinand_of_Bavaria_soldier	type	Person
Ferdinand_of_Castile_born_1238	type	Person
Ferdinand_of_Castile_died_1211	type	Person
Ferdinand_of_Le_n_died_1214	type	Person
Ferdinand_of_Portugal_Duke_of_Guarda	type	Person
Ferdinand_the_Holy_Prince	type	Person
Ferdinando_I_de_Medici_Grand_Duke_of_Tuscany	predecessor	Francesco_I_de_Medici_Grand_Duke_of_Tuscany
Ferdinando_I_de_Medici_Grand_Duke_of_Tuscany	type	Person
Fernando_Lord_of_Serpa	type	Person
Fernando_Mar_a_Mu_oz_y_Borb_n_2nd_Duke_of_Taranc_n	type	Person
Fernando_S_nchez_2nd_Count_of_Alburquerque	type	Person
Fernando_de_la_Cerda_1255_1275	type	Person
Florine_of_Burgundy	type	Person
Floris_I_Count_of_Holland	child	Bertha_of_Holland
Floris_I_Count_of_Holland	parent	Dirk_III_Count_of_Holland
Floris_I_Count_of_Holland	predecessor	Dirk_IV_Count_of_Holland
Floris_I_Count_of_Holland	spouse	Gertrude_of_Saxony
Floris_I_Count_of_Holland	successor	Dirk_V_Count_of_Holland
Floris_I_Count_of_Holland	type	Person
Fran_ois_III_d_Orl_ans_Duke_of_Longueville	type	Person
Fran_ois_d_Orl_ans_Prince_of_Joinville	type	Person
Fran_ois_de_Lorraine	type	Person
Fran_oise_Ath_na_s_de_Rochechouart_Marquise_de_Montespan	father	Gabriel_de_Rochechouart_de_Mortemart
Fran_oise_Ath_na_s_de_Rochechouart_Marquise_de_Montespan	parent	Gabriel_de_Rochechouart_de_Mortemart
Fran_oise_Ath_na_s_de_Rochechouart_Marquise_de_Montespan	spouse	Louis_Henri_de_Pardaillan_de_Gondrin
Fran_oise_Ath_na_s_de_Rochechouart_Marquise_de_Montespan	spouse	Louis_XIV
Fran_oise_Ath_na_s_de_Rochechouart_Marquise_de_Montespan	type	Person
Fran_oise_Madeleine_d_Orl_ans	spouse	Charles_Emmanuel_II_Duke_of_Savoy
Fran_oise_Madeleine_d_Orl_ans	type	Person
Fran_oise_Marie_de_Bourbon	child	Charlotte_Agla__d_Orl_ans
Fran_oise_Marie_de_Bourbon	child	Louis_Duke_of_Orl_ans_1703_1752
Fran_oise_Marie_de_Bourbon	child	Louise_Ad_la_de_d_Orl_ans
Fran_oise_Marie_de_Bourbon	child	Louise_Diane_Princess_of_Conti
Fran_oise_Marie_de_Bourbon	child	Louise__lisabeth_Duchess_of_Berry
Fran_oise_Marie_de_Bourbon	child	Louise__lisabeth_d_Orl_ans
Fran_oise_Marie_de_Bourbon	father	Louis_XIV
Fran_oise_Marie_de_Bourbon	parent	Fran_oise_Ath_na_s_de_Rochechouart_Marquise_de_Montespan
Fran_oise_Marie_de_Bourbon	parent	Louis_XIV
Fran_oise_Marie_de_Bourbon	spouse	Philippe_II_Duke_of_Orl_ans
Fran_oise_Marie_de_Bourbon	type	Person
Fran_oise_d_Alen_on	spouse	Charles_Duke_of_Vend_me
Fran_oise_d_Alen_on	type	Person
Fran_oise_d_Aubign__Marquise_de_Maintenon	father	Constant_d_Aubign_
Fran_oise_d_Aubign__Marquise_de_Maintenon	parent	Constant_d_Aubign_
Fran_oise_d_Aubign__Marquise_de_Maintenon	spouse	Louis_XIV
Fran_oise_d_Aubign__Marquise_de_Maintenon	spouse	Paul_Scarron
Fran_oise_d_Aubign__Marquise_de_Maintenon	type	Person
Frances_Grey_Duchess_of_Suffolk	type	Person
Francesco_Farnese_Duke_of_Parma	spouse	Countess_Palatine_Dorothea_Sophie_of_Neuburg
Francesco_Farnese_Duke_of_Parma	type	Person
Francesco_III_d_Este_Duke_of_Modena	spouse	Charlotte_Agla__d_Orl_ans
Francesco_III_d_Este_Duke_of_Modena	type	Person
Francesco_I_Sforza	father	Muzio_Attendolo_Sforza
Francesco_I_Sforza	parent	Lucia_da_Torsano
Francesco_I_Sforza	parent	Muzio_Attendolo_Sforza
Francesco_I_Sforza	predecessor	Golden_Ambrosian_Republic
Francesco_I_Sforza	spouse	Bianca_Maria_Visconti
Francesco_I_Sforza	successor	Galeazzo_Maria_Sforza
Francesco_I_Sforza	type	Person
Francesco_I_de_Medici_Grand_Duke_of_Tuscany	child	Anna_de_Medici
Francesco_I_de_Medici_Grand_Duke_of_Tuscany	child	Antonio_de_Medici
Francesco_I_de_Medici_Grand_Duke_of_Tuscany	child	Eleanor_de_Medici
Francesco_I_de_Medici_Grand_Duke_of_Tuscany	child	Marie_de_Medici
Francesco_I_de_Medici_Grand_Duke_of_Tuscany	father	Cosimo_I_de_Medici_Grand_Duke_of_Tuscany
Francesco_I_de_Medici_Grand_Duke_of_Tuscany	mother	Eleanor_of_Toledo
Francesco_I_de_Medici_Grand_Duke_of_Tuscany	parent	Cosimo_I_de_Medici_Grand_Duke_of_Tuscany
Francesco_I_de_Medici_Grand_Duke_of_Tuscany	predecessor	Cosimo_I_de_Medici_Grand_Duke_of_Tuscany
Francesco_I_de_Medici_Grand_Duke_of_Tuscany	spouse	Bianca_Cappello
Francesco_I_de_Medici_Grand_Duke_of_Tuscany	spouse	Joanna_of_Austria_Grand_Duchess_of_Tuscany
Francesco_I_de_Medici_Grand_Duke_of_Tuscany	successor	Ferdinando_I_de_Medici_Grand_Duke_of_Tuscany
Francesco_I_de_Medici_Grand_Duke_of_Tuscany	type	Person
Francis_Count_of_Enghien	type	Person
Francis_Count_of_Vend_me	father	John_VIII_Count_of_Vend_me
Francis_Count_of_Vend_me	parent	John_VIII_Count_of_Vend_me
Francis_Count_of_Vend_me	spouse	Marie_of_Luxembourg_Countess_of_Vend_me
Francis_Count_of_Vend_me	type	Person
Francis_Duke_of_Anjou	father	Henry_II_of_France
Francis_Duke_of_Anjou	parent	Catherine_de_Medici
Francis_Duke_of_Anjou	parent	Henry_II_of_France
Francis_Duke_of_Anjou	type	Person
Francis_Duke_of_Guise	type	Person
Francis_Hyacinth_Duke_of_Savoy	father	Victor_Amadeus_I_Duke_of_Savoy
Francis_Hyacinth_Duke_of_Savoy	predecessor	Victor_Amadeus_I_Duke_of_Savoy
Francis_Hyacinth_Duke_of_Savoy	successor	Charles_Emmanuel_II_Duke_of_Savoy
Francis_Hyacinth_Duke_of_Savoy	type	Person
Francis_III_Duke_of_Brittany	type	Person
Francis_II_Duke_of_Brittany	child	Anne_of_Brittany
Francis_II_Duke_of_Brittany	father	Margaret_of_Foix
Francis_II_Duke_of_Brittany	father	Richard_Count_of__tampes
Francis_II_Duke_of_Brittany	mother	Margaret_Countess_of_Vertus
Francis_II_Duke_of_Brittany	parent	Margaret_Countess_of_Vertus
Francis_II_Duke_of_Brittany	parent	Richard_Count_of__tampes
Francis_II_Duke_of_Brittany	predecessor	Arthur_III_Duke_of_Brittany
Francis_II_Duke_of_Brittany	spouse	Margaret_of_Brittany
Francis_II_Duke_of_Brittany	spouse	Margaret_of_Foix
Francis_II_Duke_of_Brittany	successor	Anne_of_Brittany
Francis_II_Duke_of_Brittany	type	Person
Francis_II_Duke_of_Lorraine	child	Charles_IV_Duke_of_Lorraine
Francis_II_Duke_of_Lorraine	child	Marguerite_of_Lorraine
Francis_II_Duke_of_Lorraine	child	Nicholas_Francis_Duke_of_Lorraine
Francis_II_Duke_of_Lorraine	father	Charles_III_Duke_of_Lorraine
Francis_II_Duke_of_Lorraine	mother	Claude_of_France_1547_1575
Francis_II_Duke_of_Lorraine	spouse	Christina_of_Salm
Francis_II_Duke_of_Lorraine	type	Person
Francis_II_Holy_Roman_Emperor	child	Archduchess_Clementina_of_Austria
Francis_II_Holy_Roman_Emperor	child	Archduke_Franz_Karl_of_Austria
Francis_II_Holy_Roman_Emperor	child	Archduke_Joseph_Franz_of_Austria
Francis_II_Holy_Roman_Emperor	child	Ferdinand_I_of_Austria
Francis_II_Holy_Roman_Emperor	child	Maria_Leopoldina_of_Austria
Francis_II_Holy_Roman_Emperor	child	Marie_Louise_Duchess_of_Parma
Francis_II_Holy_Roman_Emperor	father	Leopold_II_Holy_Roman_Emperor
Francis_II_Holy_Roman_Emperor	mother	Maria_Luisa_of_Spain
Francis_II_Holy_Roman_Emperor	parent	Leopold_II_Holy_Roman_Emperor
Francis_II_Holy_Roman_Emperor	parent	Maria_Luisa_of_Spain
Francis_II_Holy_Roman_Emperor	spouse	Maria_Theresa_of_Naples_and_Sicily
Francis_II_Holy_Roman_Emperor	successor	Ferdinand_I_of_Austria
Francis_II_Holy_Roman_Emperor	type	Person
Francis_II_of_France	father	Henry_II_of_France
Francis_II_of_France	mother	Catherine_de_Medici
Francis_II_of_France	parent	Catherine_de_Medici
Francis_II_of_France	parent	Henry_II_of_France
Francis_II_of_France	predecessor	Henry_II_of_France
Francis_II_of_France	spouse	Mary_Queen_of_Scots
Francis_II_of_France	successor	Charles_IX_of_France
Francis_II_of_France	type	Person
Francis_IV_Duke_of_Modena	child	Archduchess_Maria_Theresa_of_Austria_Este_1817_1886
Francis_IV_Duke_of_Modena	child	Archduke_Ferdinand_Karl_Viktor_of_Austria_Este
Francis_IV_Duke_of_Modena	father	Ferdinand_Karl_Archduke_of_Austria_Este
Francis_IV_Duke_of_Modena	parent	Ferdinand_Karl_Archduke_of_Austria_Este
Francis_IV_Duke_of_Modena	parent	Maria_Beatrice_d_Este_Duchess_of_Massa
Francis_IV_Duke_of_Modena	predecessor	Ercole_III_d_Este_Duke_of_Modena
Francis_IV_Duke_of_Modena	spouse	Maria_Beatrice_of_Savoy
Francis_IV_Duke_of_Modena	type	Person
Francis_I_Duke_of_Lorraine	child	Charles_III_Duke_of_Lorraine
Francis_I_Duke_of_Lorraine	child	Renata_of_Lorraine
Francis_I_Duke_of_Lorraine	father	Antoine_Duke_of_Lorraine
Francis_I_Duke_of_Lorraine	mother	Ren_e_of_Bourbon
Francis_I_Duke_of_Lorraine	parent	Antoine_Duke_of_Lorraine
Francis_I_Duke_of_Lorraine	parent	Ren_e_of_Bourbon
Francis_I_Duke_of_Lorraine	predecessor	Antoine_Duke_of_Lorraine
Francis_I_Duke_of_Lorraine	spouse	Christina_of_Denmark
Francis_I_Duke_of_Lorraine	successor	Charles_III_Duke_of_Lorraine
Francis_I_Duke_of_Lorraine	type	Person
Francis_I_Holy_Roman_Emperor	child	Archduchess_Maria_Anna_of_Austria_born_1738
Francis_I_Holy_Roman_Emperor	child	Archduchess_Maria_Carolina_of_Austria_born_1740
Francis_I_Holy_Roman_Emperor	child	Archduchess_Maria_Carolina_of_Austria_stillborn_1748
Francis_I_Holy_Roman_Emperor	child	Archduchess_Maria_Elisabeth_of_Austria_born_1737
Francis_I_Holy_Roman_Emperor	child	Archduchess_Maria_Elisabeth_of_Austria_born_1743
Francis_I_Holy_Roman_Emperor	child	Archduchess_Maria_Johanna_Gabriela_of_Austria
Francis_I_Holy_Roman_Emperor	child	Archduke_Charles_Joseph_of_Austria_born_1745
Francis_I_Holy_Roman_Emperor	child	Archduke_Maximilian_Francis_of_Austria
Francis_I_Holy_Roman_Emperor	child	Ferdinand_Karl_Archduke_of_Austria_Este
Francis_I_Holy_Roman_Emperor	child	Leopold_II_Holy_Roman_Emperor
Francis_I_Holy_Roman_Emperor	child	Maria_Amalia_Duchess_of_Parma
Francis_I_Holy_Roman_Emperor	child	Maria_Carolina_of_Austria
Francis_I_Holy_Roman_Emperor	child	Marie_Antoinette
Francis_I_Holy_Roman_Emperor	father	Leopold_Duke_of_Lorraine
Francis_I_Holy_Roman_Emperor	mother	_lisabeth_Charlotte_d_Orl_ans
Francis_I_Holy_Roman_Emperor	parent	Leopold_Duke_of_Lorraine
Francis_I_Holy_Roman_Emperor	parent	_lisabeth_Charlotte_d_Orl_ans
Francis_I_Holy_Roman_Emperor	predecessor	Charles_VII_Holy_Roman_Emperor
Francis_I_Holy_Roman_Emperor	predecessor	Gian_Gastone_de_Medici_Grand_Duke_of_Tuscany
Francis_I_Holy_Roman_Emperor	predecessor	Maria_Theresa
Francis_I_Holy_Roman_Emperor	spouse	Maria_Theresa
Francis_I_Holy_Roman_Emperor	successor	Joseph_II_Holy_Roman_Emperor
Francis_I_Holy_Roman_Emperor	successor	Leopold_II_Holy_Roman_Emperor
Francis_I_Holy_Roman_Emperor	type	Person
Francis_I_of_France	child	Charles_II_de_Valois_Duke_of_Orl_ans
Francis_I_of_France	child	Francis_III_Duke_of_Brittany
Francis_I_of_France	child	Henry_II_of_France
Francis_I_of_France	child	Madeleine_of_Valois
Francis_I_of_France	child	Margaret_of_Valois_Duchess_of_Berry
Francis_I_of_France	parent	Charles_Count_of_Angoul_me
Francis_I_of_France	parent	Louise_of_Savoy
Francis_I_of_France	spouse	Eleanor_of_Austria
Francis_I_of_France	successor	Henry_II_of_France
Francis_I_of_France	type	Person
Francis_I_of_the_Two_Sicilies	father	Ferdinand_I_of_the_Two_Sicilies
Francis_I_of_the_Two_Sicilies	predecessor	Ferdinand_I_of_the_Two_Sicilies
Francis_I_of_the_Two_Sicilies	spouse	Archduchess_Maria_Clementina_of_Austria
Francis_I_of_the_Two_Sicilies	spouse	Mar_a_Isabella_of_Spain
Francis_I_of_the_Two_Sicilies	type	Person
Francis_Louis_of_Palatinate_Neuburg	type	Person
Francis_V_Duke_of_Modena	type	Person
Francis_of_Baux	type	Person
Frederica_Louisa_of_Hesse_Darmstadt	type	Person
Frederick_Christian_Elector_of_Saxony	type	Person
Frederick_Duke_of_Bavaria	type	Person
Frederick_Hereditary_Prince_of_Saxony	type	Person
Frederick_III_Duke_of_Austria	type	Person
Frederick_III_Duke_of_Lorraine	child	Theobald_II_Duke_of_Lorraine
Frederick_III_Duke_of_Lorraine	father	Matthias_II_Duke_of_Lorraine
Frederick_III_Duke_of_Lorraine	parent	Matthias_II_Duke_of_Lorraine
Frederick_III_Duke_of_Lorraine	predecessor	Matthias_II_Duke_of_Lorraine
Frederick_III_Duke_of_Lorraine	spouse	Theobald_I_of_Navarre
Frederick_III_Duke_of_Lorraine	type	Person
Frederick_III_Duke_of_Saxe_Gotha_Altenburg	type	Person
Frederick_III_Holy_Roman_Emperor	father	Ernest_Duke_of_Austria
Frederick_III_Holy_Roman_Emperor	mother	Cymburgis_of_Masovia
Frederick_III_Holy_Roman_Emperor	parent	Ernest_Duke_of_Austria
Frederick_III_Holy_Roman_Emperor	predecessor	Ernest_Duke_of_Austria
Frederick_III_Holy_Roman_Emperor	predecessor	Ladislaus_the_Posthumous
Frederick_III_Holy_Roman_Emperor	predecessor	Sigismund_Holy_Roman_Emperor
Frederick_III_Holy_Roman_Emperor	spouse	Eleanor_of_Portugal_Holy_Roman_Empress
Frederick_III_Holy_Roman_Emperor	successor	Maximilian_I_Holy_Roman_Emperor
Frederick_III_Holy_Roman_Emperor	type	Person
Frederick_II_Count_of_Vaud_mont	father	Antoine_Count_of_Vaud_mont
Frederick_II_Count_of_Vaud_mont	mother	Marie_Countess_of_Harcourt
Frederick_II_Count_of_Vaud_mont	parent	Antoine_Count_of_Vaud_mont
Frederick_II_Count_of_Vaud_mont	parent	Marie_Countess_of_Harcourt
Frederick_II_Count_of_Vaud_mont	spouse	Yolande_Duchess_of_Lorraine
Frederick_II_Count_of_Vaud_mont	type	Person
Frederick_II_Duke_of_Brunswic_L_neburg	father	Bernard_I_Duke_of_Brunswic_L_neburg
Frederick_II_Duke_of_Brunswic_L_neburg	parent	Bernard_I_Duke_of_Brunswic_L_neburg
Frederick_II_Duke_of_Brunswic_L_neburg	spouse	Magdalene_of_Brandenburg_1412_1454
Frederick_II_Duke_of_Brunswic_L_neburg	type	Person
Frederick_II_Duke_of_Lorraine	child	Matthias_II_Duke_of_Lorraine
Frederick_II_Duke_of_Lorraine	child	Theobald_I_Duke_of_Lorraine
Frederick_II_Duke_of_Lorraine	father	Frederick_I_Duke_of_Lorraine
Frederick_II_Duke_of_Lorraine	mother	Wierzchoslawa_Ludmilla_of_Greater_Poland
Frederick_II_Duke_of_Lorraine	parent	Frederick_I_Duke_of_Lorraine
Frederick_II_Duke_of_Lorraine	parent	Wierzchoslawa_Ludmilla_of_Greater_Poland
Frederick_II_Duke_of_Lorraine	predecessor	Frederick_I_Duke_of_Lorraine
Frederick_II_Duke_of_Lorraine	successor	Theobald_I_Duke_of_Lorraine
Frederick_II_Duke_of_Lorraine	type	Person
Frederick_II_Duke_of_Saxe_Gotha_Altenburg	spouse	Princess_Magdalena_Augusta_of_Anhalt_Zerbst
Frederick_II_Duke_of_Saxe_Gotha_Altenburg	type	Person
Frederick_II_Holy_Roman_Emperor	type	Person
Frederick_II_Margrave_of_Meissen	spouse	Matilda_of_Bavaria_Margravine_of_Meissen
Frederick_II_Margrave_of_Meissen	type	Person
Frederick_IV_Duke_of_Brunswic_L_neburg	type	Person
Frederick_IV_Duke_of_Lorraine	child	Rudolph_Duke_of_Lorraine
Frederick_IV_Duke_of_Lorraine	father	Theobald_II_Duke_of_Lorraine
Frederick_IV_Duke_of_Lorraine	spouse	Elisabeth_of_Austria_Duchess_of_Lorraine
Frederick_IV_Duke_of_Lorraine	type	Person
Frederick_I_Count_of_Vaud_mont	father	John_I_Duke_of_Lorraine
Frederick_I_Count_of_Vaud_mont	parent	John_I_Duke_of_Lorraine
Frederick_I_Count_of_Vaud_mont	spouse	Margaret_of_Joinville
Frederick_I_Count_of_Vaud_mont	type	Person
Frederick_I_Duke_of_Lorraine	child	Frederick_II_Duke_of_Lorraine
Frederick_I_Duke_of_Lorraine	father	Matthias_I_Duke_of_Lorraine
Frederick_I_Duke_of_Lorraine	mother	Bertha_Duchess_of_Lorraine
Frederick_I_Duke_of_Lorraine	parent	Matthias_I_Duke_of_Lorraine
Frederick_I_Duke_of_Lorraine	predecessor	Simon_II_Duke_of_Lorraine
Frederick_I_Duke_of_Lorraine	spouse	Wierzchoslawa_Ludmilla_of_Greater_Poland
Frederick_I_Duke_of_Lorraine	successor	Frederick_II_Duke_of_Lorraine
Frederick_I_Duke_of_Lorraine	type	Person
Frederick_I_Elector_of_Brandenburg	type	Person
Frederick_Louis_Hereditary_Grand_Duke_of_Mecklenburg_Schwerin	spouse	Princess_Caroline_Louise_of_Saxe_Weimar_Eisenach
Frederick_Louis_Hereditary_Grand_Duke_of_Mecklenburg_Schwerin	type	Person
Frederick_Prince_of_Wales	child	Caroline_Matilda_of_Great_Britain
Frederick_Prince_of_Wales	child	George_III
Frederick_Prince_of_Wales	child	Prince_Henry_Duke_of_Cumberland_and_Strathearn
Frederick_Prince_of_Wales	child	Prince_William_Henry_Duke_of_Gloucester_and_Edinburgh
Frederick_Prince_of_Wales	child	Princess_Augusta_of_Great_Britain
Frederick_Prince_of_Wales	child	Princess_Elizabeth_of_Great_Britain
Frederick_Prince_of_Wales	father	George_II_of_Great_Britain
Frederick_Prince_of_Wales	mother	Caroline_of_Ansbach
Frederick_Prince_of_Wales	parent	Caroline_of_Ansbach
Frederick_Prince_of_Wales	parent	George_II_of_Great_Britain
Frederick_Prince_of_Wales	spouse	Princess_Augusta_of_Saxe_Gotha
Frederick_Prince_of_Wales	type	Person
Frederick_V_Burgrave_of_Nuremberg	spouse	Elisabeth_of_Meissen
Frederick_V_Burgrave_of_Nuremberg	type	Person
Frederick_William_Duke_of_Mecklenburg_Schwerin	successor	Adolphus_Frederick_II_Duke_of_Mecklenburg_Strelitz
Frederick_William_Duke_of_Mecklenburg_Schwerin	type	Person
Frederick_of_Castile	type	Person
Frederick_of_Naples	successor	Louis_XII
Frederick_of_Naples	type	Person
Frederick_the_Fair	successor	Albert_II_Duke_of_Austria
Frederick_the_Fair	type	Person
Fredericka_of_Saxe_Gotha_Altenburg	type	Person
Frederuna	child	Gisela_of_France
Frederuna	type	Person
French_Revolution_of_1848	predecessor	Louis_Philippe_I
French_Revolution_of_1848	predecessor	Prince_Philippe_Count_of_Paris
French_Revolution_of_1848	type	Person
Fulk_III_Count_of_Anjou	type	Person
Fulk_II_Count_of_Anjou	father	Fulk_I_Count_of_Anjou
Fulk_II_Count_of_Anjou	parent	Fulk_I_Count_of_Anjou
Fulk_II_Count_of_Anjou	type	Person
Fulk_IV_Count_of_Anjou	child	Ermengarde_of_Anjou_d._1146
Fulk_IV_Count_of_Anjou	child	Fulk_King_of_Jerusalem
Fulk_IV_Count_of_Anjou	child	Geoffrey_IV_Count_of_Anjou
Fulk_IV_Count_of_Anjou	father	Geoffrey_II_Count_of_G_tinais
Fulk_IV_Count_of_Anjou	mother	Ermengarde_of_Anjou_Duchess_of_Burgundy
Fulk_IV_Count_of_Anjou	parent	Ermengarde_of_Anjou_Duchess_of_Burgundy
Fulk_IV_Count_of_Anjou	predecessor	Geoffrey_III_Count_of_Anjou
Fulk_IV_Count_of_Anjou	spouse	Bertrade_of_Montfort
Fulk_IV_Count_of_Anjou	successor	Fulk_King_of_Jerusalem
Fulk_IV_Count_of_Anjou	type	Person
Fulk_I_Count_of_Anjou	parent	Ingelger
Fulk_I_Count_of_Anjou	type	Person
Fulk_King_of_Jerusalem	child	Amalric_of_Jerusalem
Fulk_King_of_Jerusalem	child	Baldwin_III_of_Jerusalem
Fulk_King_of_Jerusalem	child	Elias_II_Count_of_Maine
Fulk_King_of_Jerusalem	child	Geoffrey_Plantagenet_Count_of_Anjou
Fulk_King_of_Jerusalem	child	Matilda_of_Anjou
Fulk_King_of_Jerusalem	father	Fulk_IV_Count_of_Anjou
Fulk_King_of_Jerusalem	mother	Bertrade_of_Montfort
Fulk_King_of_Jerusalem	parent	Bertrade_of_Montfort
Fulk_King_of_Jerusalem	predecessor	Fulk_IV_Count_of_Anjou
Fulk_King_of_Jerusalem	spouse	Ermengarde_Countess_of_Maine
Fulk_King_of_Jerusalem	spouse	Melisende_Queen_of_Jerusalem
Fulk_King_of_Jerusalem	successor	Geoffrey_Plantagenet_Count_of_Anjou
Fulk_King_of_Jerusalem	type	Person
Gabriel_de_Rochechouart_de_Mortemart	type	Person
Galeazzo_Maria_Sforza	father	Francesco_I_Sforza
Galeazzo_Maria_Sforza	mother	Bianca_Maria_Visconti
Galeazzo_Maria_Sforza	parent	Bianca_Maria_Visconti
Galeazzo_Maria_Sforza	parent	Francesco_I_Sforza
Galeazzo_Maria_Sforza	predecessor	Francesco_I_Sforza
Galeazzo_Maria_Sforza	spouse	Bona_of_Savoy
Galeazzo_Maria_Sforza	spouse	Dorotea_Gonzaga
Galeazzo_Maria_Sforza	successor	Gian_Galeazzo_Sforza
Galeazzo_Maria_Sforza	type	Person
Garsenda_Countess_of_Forcalquier	spouse	Alfonso_II_Count_of_Provence
Garsenda_Countess_of_Forcalquier	type	Person
Garzia_de_Medici	type	Person
Gaston_Duke_of_Orl_ans	successor	Philippe_I_Duke_of_Orl_ans
Gaston_Duke_of_Orl_ans	type	Person
Gaston_IV_Count_of_Foix	spouse	Eleanor_of_Navarre
Gaston_IV_Count_of_Foix	type	Person
Gaston_Prince_of_Viana	type	Person
Gaston_de_Foix_Count_of_Candale	spouse	Catherine_of_Foix_Countess_of_Candale
Gaston_de_Foix_Count_of_Candale	type	Person
Geoffrey_Count_of_Nantes	type	Person
Geoffrey_III_Count_of_Anjou	successor	Fulk_IV_Count_of_Anjou
Geoffrey_III_Count_of_Anjou	type	Person
Geoffrey_II_Count_of_G_tinais	spouse	Ermengarde_of_Anjou_Duchess_of_Burgundy
Geoffrey_II_Count_of_G_tinais	type	Person
Geoffrey_II_Duke_of_Brittany	type	Person
Geoffrey_IV_Count_of_Anjou	type	Person
Geoffrey_Plantagenet_Count_of_Anjou	child	Emma_of_Anjou
Geoffrey_Plantagenet_Count_of_Anjou	child	Geoffrey_Count_of_Nantes
Geoffrey_Plantagenet_Count_of_Anjou	child	William_FitzEmpress
Geoffrey_Plantagenet_Count_of_Anjou	father	Fulk_King_of_Jerusalem
Geoffrey_Plantagenet_Count_of_Anjou	mother	Ermengarde_Countess_of_Maine
Geoffrey_Plantagenet_Count_of_Anjou	parent	Ermengarde_Countess_of_Maine
Geoffrey_Plantagenet_Count_of_Anjou	parent	Fulk_King_of_Jerusalem
Geoffrey_Plantagenet_Count_of_Anjou	predecessor	Fulk_King_of_Jerusalem
Geoffrey_Plantagenet_Count_of_Anjou	predecessor	Stephen_King_of_England
Geoffrey_Plantagenet_Count_of_Anjou	spouse	Empress_Matilda
Geoffrey_Plantagenet_Count_of_Anjou	successor	Henry_II_of_England
Geoffrey_Plantagenet_Count_of_Anjou	type	Person
Geoffrey_archbishop_of_York	type	Person
George_Duke_of_Brunswic_Calenberg	father	William_the_Younger_Duke_of_Brunswic_L_neburg
George_Duke_of_Brunswic_Calenberg	mother	Dorothea_of_Denmark_Duchess_of_Brunswic_L_neburg
George_Duke_of_Brunswic_Calenberg	parent	Dorothea_of_Denmark_Duchess_of_Brunswic_L_neburg
George_Duke_of_Brunswic_Calenberg	parent	William_the_Younger_Duke_of_Brunswic_L_neburg
George_Duke_of_Brunswic_Calenberg	spouse	Anna_Eleonore_of_Hesse_Darmstadt
George_Duke_of_Brunswic_Calenberg	type	Person
George_Duke_of_Saxony	spouse	Barbara_Jagiellon
George_Duke_of_Saxony	type	Person
George_Gordon_4th_Earl_of_Huntly	child	Adam_Gordon_of_Auchindoun
George_Gordon_4th_Earl_of_Huntly	child	George_Gordon_5th_Earl_of_Huntly
George_Gordon_4th_Earl_of_Huntly	child	James_Gordon_Jesuit
George_Gordon_4th_Earl_of_Huntly	child	Jean_Gordon_Countess_of_Bothwell
George_Gordon_4th_Earl_of_Huntly	child	Patrick_Gordon_of_Auchindoun
George_Gordon_4th_Earl_of_Huntly	parent	John_Gordon_Lord_Gordon
George_Gordon_4th_Earl_of_Huntly	parent	Margaret_Stewart_Lady_Gordon
George_Gordon_4th_Earl_of_Huntly	spouse	Elizabeth_Gordon_Countess_of_Huntly
George_Gordon_4th_Earl_of_Huntly	type	Person
George_Gordon_5th_Earl_of_Huntly	type	Person
George_III	child	Charlotte_Princess_Royal
George_III	child	Ernest_Augustus_King_of_Hanover
George_III	child	George_IV
George_III	child	Prince_Adolphus_Duke_of_Cambridge
George_III	child	Prince_Alfred_of_Great_Britain
George_III	child	Prince_Frederick_Duke_of_York_and_Albany
George_III	child	Prince_Octavius_of_Great_Britain
George_III	child	Princess_Amelia_of_the_United_Kingdom
George_III	child	Princess_Augusta_Sophia_of_the_United_Kingdom
George_III	child	Princess_Elizabeth_of_the_United_Kingdom
George_III	child	Princess_Mary_Duchess_of_Gloucester_and_Edinburgh
George_III	child	Princess_Sophia_of_the_United_Kingdom
George_III	father	Frederick_Prince_of_Wales
George_III	mother	Princess_Augusta_of_Saxe_Gotha
George_III	parent	Frederick_Prince_of_Wales
George_III	parent	Princess_Augusta_of_Saxe_Gotha
George_III	predecessor	George_II_of_Great_Britain
George_III	spouse	Charlotte_of_Mecklenburg_Strelitz
George_III	successor	George_IV
George_III	type	Person
George_II_Landgrave_of_Hesse_Darmstadt	spouse	Sophia_Eleonore_of_Saxony
George_II_Landgrave_of_Hesse_Darmstadt	type	Person
George_II_of_Great_Britain	child	Anne_Princess_Royal_and_Princess_of_Orange
George_II_of_Great_Britain	child	Louise_of_Great_Britain
George_II_of_Great_Britain	child	Prince_George_William_of_Great_Britain
George_II_of_Great_Britain	child	Prince_William_Duke_of_Cumberland
George_II_of_Great_Britain	child	Princess_Amelia_of_Great_Britain
George_II_of_Great_Britain	child	Princess_Caroline_Elizabeth_of_Great_Britain
George_II_of_Great_Britain	child	Princess_Mary_of_Great_Britain
George_II_of_Great_Britain	father	George_I_of_Great_Britain
George_II_of_Great_Britain	mother	Sophia_Dorothea_of_Celle
George_II_of_Great_Britain	parent	George_I_of_Great_Britain
George_II_of_Great_Britain	predecessor	George_I_of_Great_Britain
George_II_of_Great_Britain	spouse	Caroline_of_Ansbach
George_II_of_Great_Britain	successor	George_III
George_II_of_Great_Britain	type	Person
George_IV	father	George_III
George_IV	predecessor	George_III
George_IV	type	Person
George_I_Landgrave_of_Hesse_Darmstadt	type	Person
George_I_of_Great_Britain	child	George_II_of_Great_Britain
George_I_of_Great_Britain	father	Ernest_Augustus_Elector_of_Hanover
George_I_of_Great_Britain	parent	Ernest_Augustus_Elector_of_Hanover
George_I_of_Great_Britain	parent	Sophia_of_Hanover
George_I_of_Great_Britain	predecessor	Anne_Queen_of_Great_Britain
George_I_of_Great_Britain	spouse	Sophia_Dorothea_of_Celle
George_I_of_Great_Britain	successor	George_II_of_Great_Britain
George_I_of_Great_Britain	type	Person
George_Louis_I_Count_of_Erbach_Erbach	spouse	Countess_Amalia_Katharina_of_Waldeck
George_Louis_I_Count_of_Erbach_Erbach	type	Person
George_Plantagenet_1st_Duke_of_Bedford	type	Person
Gerard_Duke_of_Lorraine	child	Theodoric_II_Duke_of_Lorraine
Gerard_Duke_of_Lorraine	father	Gerard_de_Bouzonville
Gerard_Duke_of_Lorraine	parent	Gerard_de_Bouzonville
Gerard_Duke_of_Lorraine	predecessor	Adalbert_Duke_of_Lorraine
Gerard_Duke_of_Lorraine	type	Person
Gerard_de_Bouzonville	type	Person
Gerberga_of_Burgundy	type	Person
Gerberga_of_Lower_Lorraine	spouse	Lambert_I_Count_of_Louvain
Gerberga_of_Lower_Lorraine	type	Person
Gerberga_of_M_con	predecessor	Willa_of_Tuscany
Gerberga_of_M_con	spouse	Adalbert_of_Italy
Gerberga_of_M_con	type	Person
Gerberga_of_Saxony	child	Charles_Duke_of_Lower_Lorraine
Gerberga_of_Saxony	child	Lothair_of_France
Gerberga_of_Saxony	child	Matilda_of_France
Gerberga_of_Saxony	father	Henry_the_Fowler
Gerberga_of_Saxony	mother	Matilda_of_Ringelheim
Gerberga_of_Saxony	parent	Henry_the_Fowler
Gerberga_of_Saxony	parent	Matilda_of_Ringelheim
Gerberga_of_Saxony	spouse	Gilbert_Duke_of_Lorraine
Gerberga_of_Saxony	spouse	Louis_IV_of_France
Gerberga_of_Saxony	type	Person
Gerloc	father	Rollo
Gerloc	parent	Poppa_of_Bayeux
Gerloc	spouse	William_III_Duke_of_Aquitaine
Gerloc	type	Person
Germaine_of_Foix	spouse	Ferdinand_II_of_Aragon
Germaine_of_Foix	type	Person
Gerold_of_Vinzgau	type	Person
Gerolf_of_Holland	successor	Dirk_I_Count_of_Holland
Gerolf_of_Holland	type	Person
Gersende_of_Maine	spouse	Theobald_III_Count_of_Blois
Gersende_of_Maine	type	Person
Gertrude_of_Bavaria	type	Person
Gertrude_of_Dagsburg	spouse	Theobald_I_of_Navarre
Gertrude_of_Dagsburg	type	Person
Gertrude_of_Flanders_Countess_of_Savoy	type	Person
Gertrude_of_Flanders_Duchess_of_Lorraine	spouse	Theodoric_II_Duke_of_Lorraine
Gertrude_of_Flanders_Duchess_of_Lorraine	type	Person
Gertrude_of_Hohenberg	child	Albert_II_Duke_of_Saxony
Gertrude_of_Hohenberg	child	Albert_I_of_Germany
Gertrude_of_Hohenberg	child	Clemence_of_Austria
Gertrude_of_Hohenberg	child	Hedwig_of_Habsburg
Gertrude_of_Hohenberg	child	Judith_of_Habsburg
Gertrude_of_Hohenberg	child	Rudolf_II_Duke_of_Austria
Gertrude_of_Hohenberg	father	Burkhard_V_Count_of_Hohenberg
Gertrude_of_Hohenberg	parent	Burkhard_V_Count_of_Hohenberg
Gertrude_of_Hohenberg	spouse	Rudolf_I_of_Germany
Gertrude_of_Hohenberg	type	Person
Gertrude_of_S_pplingenburg	spouse	Henry_X_Duke_of_Bavaria
Gertrude_of_S_pplingenburg	type	Person
Gertrude_of_Saxony	father	Bernard_II_Duke_of_Saxony
Gertrude_of_Saxony	mother	Eilika_of_Schweinfurt
Gertrude_of_Saxony	parent	Eilika_of_Schweinfurt
Gertrude_of_Saxony	spouse	Floris_I_Count_of_Holland
Gertrude_of_Saxony	spouse	Robert_I_Count_of_Flanders
Gertrude_of_Saxony	type	Person
Gian_Galeazzo_Sforza	predecessor	Galeazzo_Maria_Sforza
Gian_Galeazzo_Sforza	type	Person
Gian_Gastone_de_Medici_Grand_Duke_of_Tuscany	successor	Francis_I_Holy_Roman_Emperor
Gian_Gastone_de_Medici_Grand_Duke_of_Tuscany	type	Person
Gilbert_Duke_of_Lorraine	spouse	Gerberga_of_Saxony
Gilbert_Duke_of_Lorraine	type	Person
Ginevra_Cavalcanti	spouse	Lorenzo_the_Elder
Ginevra_Cavalcanti	type	Person
Giovanni_de_Medici_cardinal	type	Person
Giovanni_delle_Bande_Nere	father	Giovanni_il_Popolano
Giovanni_delle_Bande_Nere	parent	Giovanni_il_Popolano
Giovanni_delle_Bande_Nere	spouse	Maria_Salviati
Giovanni_delle_Bande_Nere	type	Person
Giovanni_di_Bicci_de_Medici	father	Averardo_de_Medici
Giovanni_di_Bicci_de_Medici	parent	Averardo_de_Medici
Giovanni_di_Bicci_de_Medici	spouse	Piccarda_Bueri
Giovanni_di_Bicci_de_Medici	type	Person
Giovanni_il_Popolano	father	Pierfrancesco_the_Elder
Giovanni_il_Popolano	spouse	Caterina_Sforza
Giovanni_il_Popolano	type	Person
Girolamo_Savonarola	type	Person
Gisela_Abbess_of_Chelles	type	Person
Gisela_of_Burgundy	type	Person
Gisela_of_Burgundy_Marchioness_of_Montferrat	father	William_I_Count_of_Burgundy
Gisela_of_Burgundy_Marchioness_of_Montferrat	parent	William_I_Count_of_Burgundy
Gisela_of_Burgundy_Marchioness_of_Montferrat	spouse	Humbert_II_Count_of_Savoy
Gisela_of_Burgundy_Marchioness_of_Montferrat	spouse	Rainier_Marquis_of_Montferrat
Gisela_of_Burgundy_Marchioness_of_Montferrat	type	Person
Gisela_of_France	type	Person
Gisela_of_France_Countess_of_Ponthieu	type	Person
Gisela_of_Friuli	type	Person
Gisela_of_Swabia	spouse	Brun_I_Count_of_Brunswick
Gisela_of_Swabia	type	Person
Giuliano_de_Medici_Duke_of_Nemours	successor	Lorenzo_de_Medici_Duke_of_Urbino
Giuliano_de_Medici_Duke_of_Nemours	type	Person
Giuseppe_Maria_Buonaparte	child	Carlo_Buonaparte
Giuseppe_Maria_Buonaparte	type	Person
Godfrey_III_Count_of_Louvain	father	Godfrey_II_Count_of_Louvain
Godfrey_III_Count_of_Louvain	parent	Godfrey_II_Count_of_Louvain
Godfrey_III_Count_of_Louvain	type	Person
Godfrey_II_Count_of_Louvain	father	Godfrey_I_Count_of_Louvain
Godfrey_II_Count_of_Louvain	type	Person
Godfrey_I_Count_of_Louvain	father	Henry_II_Count_of_Louvain
Godfrey_I_Count_of_Louvain	parent	Henry_II_Count_of_Louvain
Godfrey_I_Count_of_Louvain	parent	Verdun
Godfrey_I_Count_of_Louvain	spouse	Clementia_of_Burgundy
Godfrey_I_Count_of_Louvain	spouse	Otto_II_Count_of_Chiny
Godfrey_I_Count_of_Louvain	type	Person
Godfrey_I_Count_of_Verdun	spouse	Matilda_of_Saxony_countess_of_Flanders
Godfrey_I_Count_of_Verdun	type	Person
Golden_Ambrosian_Republic	successor	Francesco_I_Sforza
Golden_Ambrosian_Republic	type	Person
Grifo_noble	type	Person
Grimoald_the_Younger	father	Pepin_of_Herstal
Grimoald_the_Younger	predecessor	Pepin_of_Herstal
Grimoald_the_Younger	type	Person
Guigues_VI_of_Viennois	type	Person
Guilla_of_Provence	spouse	Rudolph_I_of_Burgundy
Guilla_of_Provence	type	Person
Guillaume_de_Montfort_of_Hainaut	successor	Amaury_I_de_Montfort
Guillaume_de_Montfort_of_Hainaut	type	Person
Guisla_de_Llu__	spouse	Berenguer_Ramon_I_Count_of_Barcelona
Guisla_de_Llu__	type	Person
Guy_Count_of_Flanders	spouse	Matilda_of_B_thune
Guy_Count_of_Flanders	type	Person
Guy_III_of_Spoleto	predecessor	Charles_the_Fat
Guy_III_of_Spoleto	type	Person
Guy_IV_Count_of_Saint_Pol	spouse	Marie_of_Brittany_Countess_of_Saint_Pol
Guy_IV_Count_of_Saint_Pol	type	Person
Guy_of_Ivrea	type	Person
Hamelin_de_Warenne_Earl_of_Surrey	type	Person
Haziga_of_Diessen	spouse	Otto_I_Count_of_Scheyern
Haziga_of_Diessen	type	Person
Hedwig_Jagiellon_Duchess_of_Bavaria	type	Person
Hedwig_of_Babenberg	spouse	Otto_I_Duke_of_Saxony
Hedwig_of_Babenberg	type	Person
Hedwig_of_Bavaria	father	Isambart
Hedwig_of_Bavaria	parent	Isambart
Hedwig_of_Bavaria	spouse	Welf_father_of_Judith
Hedwig_of_Bavaria	type	Person
Hedwig_of_Formbach	spouse	Theodoric_II_Duke_of_Lorraine
Hedwig_of_Formbach	type	Person
Hedwig_of_France_Countess_of_Mons	type	Person
Hedwig_of_France_Countess_of_Nevers	type	Person
Hedwig_of_Habsburg	type	Person
Hedwig_of_Saxony	child	Emma_of_Paris_Duchess_of_Normandy
Hedwig_of_Saxony	child	Hugh_Capet
Hedwig_of_Saxony	child	Otto_Duke_of_Burgundy
Hedwig_of_Saxony	father	Henry_the_Fowler
Hedwig_of_Saxony	parent	Henry_the_Fowler
Hedwig_of_Saxony	spouse	Hugh_the_Great
Hedwig_of_Saxony	type	Person
Heilika_of_Lengenfeld	spouse	Otto_IV_Count_of_Scheyern
Heilika_of_Lengenfeld	type	Person
Heinrich_of_Saxe_Weissenfels_Count_of_Barby	type	Person
Helena_of_Denmark	spouse	William_of_Winchester_Lord_of_Lunenburg
Helena_of_Denmark	type	Person
Helie_of_Burgundy	type	Person
Helie_of_Semur	spouse	Robert_I_Duke_of_Burgundy
Helie_of_Semur	type	Person
Hemma	child	Carloman_of_Bavaria
Hemma	child	Irmgard_of_Chiemsee
Hemma	child	Louis_the_Younger
Hemma	father	Welf_father_of_Judith
Hemma	mother	Hedwig_of_Bavaria
Hemma	parent	Hedwig_of_Bavaria
Hemma	parent	Welf_father_of_Judith
Hemma	predecessor	Judith_of_Bavaria_died_843
Hemma	spouse	Louis_the_German
Hemma	successor	Liutgard_of_Saxony_died_885
Hemma	type	Person
Henri_Count_of_Chambord	father	Charles_Ferdinand_Duke_of_Berry
Henri_Count_of_Chambord	predecessor	Charles_X
Henri_Count_of_Chambord	spouse	Archduchess_Maria_Theresa_of_Austria_Este_1817_1886
Henri_Count_of_Chambord	successor	Louis_Philippe_I
Henri_Count_of_Chambord	successor	Prince_Philippe_Count_of_Paris
Henri_Count_of_Chambord	type	Person
Henri_Jules_Prince_of_Cond_	successor	Louis_Duke_of_Orl_ans_1703_1752
Henri_Jules_Prince_of_Cond_	type	Person
Henri_d_Orl_ans_Duke_of_Aumale	type	Person
Henri_de_Dreux	type	Person
Henri_de_Lorraine_Chaligny	type	Person
Henrietta_Maria	child	Anne_Stuart_born_1637
Henrietta_Maria	child	Charles_II_of_England
Henrietta_Maria	child	Elizabeth_Stuart_daughter_of_Charles_I
Henrietta_Maria	father	Henry_IV_of_France
Henrietta_Maria	mother	Marie_de_Medici
Henrietta_Maria	parent	Henry_IV_of_France
Henrietta_Maria	parent	Marie_de_Medici
Henrietta_Maria	type	Person
Henrietta_of_England	child	Anne_Marie_d_Orl_ans
Henrietta_of_England	child	Philippe_Charles_Duke_of_Valois
Henrietta_of_England	mother	Henrietta_Maria
Henrietta_of_England	parent	Charles_I_of_England
Henrietta_of_England	parent	Henrietta_Maria
Henrietta_of_England	spouse	Philippe_I_Duke_of_Orl_ans
Henrietta_of_England	type	Person
Henriette_of_France_1727_1752	type	Person
Henry_3rd_Earl_of_Lancaster	spouse	Maud_Chaworth
Henry_3rd_Earl_of_Lancaster	type	Person
Henry_Beaufort	type	Person
Henry_Beaumont_3rd_Baron_Beaumont	type	Person
Henry_Brandon_1st_Earl_of_Lincoln	type	Person
Henry_Count_of_Portugal	child	Afonso_I_of_Portugal
Henry_Count_of_Portugal	father	Henry_son_of_Robert_I_of_Burgundy
Henry_Count_of_Portugal	parent	Henry_son_of_Robert_I_of_Burgundy
Henry_Count_of_Portugal	predecessor	Raymond_of_Burgundy
Henry_Count_of_Portugal	successor	Afonso_I_of_Portugal
Henry_Count_of_Portugal	type	Person
Henry_Duke_of_Villena	type	Person
Henry_III_Duke_of_Brabant	father	Henry_II_Duke_of_Brabant
Henry_III_Duke_of_Brabant	mother	Maria_of_Swabia
Henry_III_Duke_of_Brabant	parent	Henry_II_Duke_of_Brabant
Henry_III_Duke_of_Brabant	parent	Maria_of_Swabia
Henry_III_Duke_of_Brabant	spouse	Adelaide_of_Burgundy_Duchess_of_Brabant
Henry_III_Duke_of_Brabant	type	Person
Henry_III_of_Castile	father	John_I_of_Castile
Henry_III_of_Castile	predecessor	John_I_of_Castile
Henry_III_of_Castile	type	Person
Henry_III_of_England	child	Beatrice_of_England
Henry_III_of_England	child	Edmund_Crouchback
Henry_III_of_England	child	Edward_I_of_England
Henry_III_of_England	child	Margaret_of_England
Henry_III_of_England	father	John_King_of_England
Henry_III_of_England	mother	Isabella_of_Angoul_me
Henry_III_of_England	parent	Isabella_of_Angoul_me
Henry_III_of_England	predecessor	John_King_of_England
Henry_III_of_England	predecessor	Louis_VIII_of_France
Henry_III_of_England	spouse	Eleanor_of_Provence
Henry_III_of_England	successor	Edward_I_of_England
Henry_III_of_England	type	Person
Henry_III_of_France	father	Henry_II_of_France
Henry_III_of_France	mother	Catherine_de_Medici
Henry_III_of_France	parent	Catherine_de_Medici
Henry_III_of_France	parent	Henry_II_of_France
Henry_III_of_France	predecessor	Charles_IX_of_France
Henry_III_of_France	predecessor	Sigismund_II_Augustus
Henry_III_of_France	spouse	Louise_of_Lorraine
Henry_III_of_France	successor	Henry_IV_of_France
Henry_III_of_France	type	Person
Henry_II_Count_of_Louvain	father	Lambert_II_Count_of_Louvain
Henry_II_Count_of_Louvain	parent	Lambert_II_Count_of_Louvain
Henry_II_Count_of_Louvain	type	Person
Henry_II_Duke_of_Austria	successor	Henry_the_Lion
Henry_II_Duke_of_Austria	type	Person
Henry_II_Duke_of_Brabant	father	Henry_I_Duke_of_Brabant
Henry_II_Duke_of_Brabant	mother	Matilda_of_Boulogne_Duchess_of_Brabant
Henry_II_Duke_of_Brabant	parent	Henry_I_Duke_of_Brabant
Henry_II_Duke_of_Brabant	spouse	Maria_of_Swabia
Henry_II_Duke_of_Brabant	spouse	Sophie_of_Thuringia_Duchess_of_Brabant
Henry_II_Duke_of_Brabant	type	Person
Henry_II_Duke_of_Lorraine	predecessor	Charles_III_Duke_of_Lorraine
Henry_II_Duke_of_Lorraine	type	Person
Henry_II_of_Castile	child	Eleanor_of_Castile_Queen_of_Navarre
Henry_II_of_Castile	father	Alfonso_XI_of_Castile
Henry_II_of_Castile	mother	Eleanor_de_Guzm_n
Henry_II_of_Castile	parent	Alfonso_XI_of_Castile
Henry_II_of_Castile	parent	Eleanor_de_Guzm_n
Henry_II_of_Castile	spouse	Juana_Manuel
Henry_II_of_Castile	successor	John_I_of_Castile
Henry_II_of_Castile	type	Person
Henry_II_of_England	child	Eleanor_of_England_Queen_of_Castile
Henry_II_of_England	child	Geoffrey_II_Duke_of_Brittany
Henry_II_of_England	child	Geoffrey_archbishop_of_York
Henry_II_of_England	child	Joan_of_England_Queen_of_Sicily
Henry_II_of_England	child	John_King_of_England
Henry_II_of_England	child	Richard_I_of_England
Henry_II_of_England	child	William_IX_Count_of_Poitiers
Henry_II_of_England	child	William_Longesp_e_3rd_Earl_of_Salisbury
Henry_II_of_England	father	Geoffrey_Plantagenet_Count_of_Anjou
Henry_II_of_England	mother	Empress_Matilda
Henry_II_of_England	parent	Empress_Matilda
Henry_II_of_England	parent	Geoffrey_Plantagenet_Count_of_Anjou
Henry_II_of_England	predecessor	Geoffrey_Plantagenet_Count_of_Anjou
Henry_II_of_England	predecessor	Stephen_King_of_England
Henry_II_of_England	spouse	Eleanor_of_Aquitaine
Henry_II_of_England	successor	Richard_I_of_England
Henry_II_of_England	type	Person
Henry_II_of_France	child	Charles_IX_of_France
Henry_II_of_France	child	Claude_of_France_1547_1575
Henry_II_of_France	child	Elisabeth_of_Valois
Henry_II_of_France	child	Francis_Duke_of_Anjou
Henry_II_of_France	child	Francis_II_of_France
Henry_II_of_France	child	Henry_III_of_France
Henry_II_of_France	child	Louis_of_Valois
Henry_II_of_France	father	Francis_I_of_France
Henry_II_of_France	parent	Francis_I_of_France
Henry_II_of_France	predecessor	Francis_I_of_France
Henry_II_of_France	spouse	Catherine_de_Medici
Henry_II_of_France	successor	Francis_II_of_France
Henry_II_of_France	type	Person
Henry_II_of_Namur	type	Person
Henry_II_of_Navarre	spouse	Margaret_of_Valois_Angoul_me
Henry_II_of_Navarre	successor	Antoine_of_Navarre
Henry_II_of_Navarre	successor	Jeanne_d_Albret
Henry_II_of_Navarre	type	Person
Henry_IV_of_Castile	successor	Isabella_I_of_Castile
Henry_IV_of_Castile	type	Person
Henry_IV_of_England	father	John_of_Gaunt
Henry_IV_of_England	mother	Blanche_of_Lancaster
Henry_IV_of_England	parent	Blanche_of_Lancaster
Henry_IV_of_England	parent	John_of_Gaunt
Henry_IV_of_England	predecessor	John_of_Gaunt
Henry_IV_of_England	spouse	Joan_of_Navarre_Queen_of_England
Henry_IV_of_England	spouse	Mary_de_Bohun
Henry_IV_of_England	successor	Henry_V_of_England
Henry_IV_of_England	type	Person
Henry_IV_of_France	child	C_sar_Duke_of_Vend_me
Henry_IV_of_France	child	Catherine_Henriette_de_Bourbon
Henry_IV_of_France	child	Christine_of_France
Henry_IV_of_France	child	Gaston_Duke_of_Orl_ans
Henry_IV_of_France	child	Henrietta_Maria
Henry_IV_of_France	child	Louis_XIII
Henry_IV_of_France	child	Nicolas_Henri_Duke_of_Orl_ans
Henry_IV_of_France	father	Antoine_of_Navarre
Henry_IV_of_France	father	Jeanne_d_Albret
Henry_IV_of_France	father	William_Duke_of_J_lich_Cleves_Berg
Henry_IV_of_France	mother	Jeanne_d_Albret
Henry_IV_of_France	parent	Jeanne_d_Albret
Henry_IV_of_France	predecessor	Jeanne_d_Albret
Henry_IV_of_France	spouse	Margaret_of_Valois
Henry_IV_of_France	spouse	Marie_de_Medici
Henry_IV_of_France	successor	Louis_XIII
Henry_IV_of_France	type	Person
Henry_IX_Duke_of_Bavaria	father	Welf_I_Duke_of_Bavaria
Henry_IX_Duke_of_Bavaria	mother	Judith_of_Flanders_died_1095
Henry_IX_Duke_of_Bavaria	parent	Judith_of_Flanders_died_1095
Henry_IX_Duke_of_Bavaria	parent	Welf_I_Duke_of_Bavaria
Henry_IX_Duke_of_Bavaria	spouse	Wulfhilde_of_Saxony
Henry_IX_Duke_of_Bavaria	type	Person
Henry_I_Count_of_Berg	type	Person
Henry_I_Count_of_Champagne	father	Theobald_II_Count_of_Champagne
Henry_I_Count_of_Champagne	mother	Matilda_of_Carinthia
Henry_I_Count_of_Champagne	parent	Matilda_of_Carinthia
Henry_I_Count_of_Champagne	spouse	Marie_of_France_Countess_of_Champagne
Henry_I_Count_of_Champagne	type	Person
Henry_I_Duke_of_Bavaria	type	Person
Henry_I_Duke_of_Brabant	father	Godfrey_III_Count_of_Louvain
Henry_I_Duke_of_Brabant	parent	Godfrey_III_Count_of_Louvain
Henry_I_Duke_of_Brabant	spouse	Marie_of_France_Duchess_of_Brabant
Henry_I_Duke_of_Brabant	spouse	Matilda_of_Boulogne_Duchess_of_Brabant
Henry_I_Duke_of_Brabant	type	Person
Henry_I_Duke_of_Burgundy	type	Person
Henry_I_of_Castile	father	Alfonso_VIII_of_Castile
Henry_I_of_Castile	type	Person
Henry_I_of_England	spouse	Matilda_of_Scotland
Henry_I_of_England	type	Person
Henry_I_of_France	child	Hugh_Count_of_Vermandois
Henry_I_of_France	father	Robert_II_of_France
Henry_I_of_France	parent	Constance_of_Arles
Henry_I_of_France	parent	Robert_II_of_France
Henry_I_of_France	predecessor	Hugh_Magnus
Henry_I_of_France	predecessor	Robert_II_of_France
Henry_I_of_France	spouse	Anne_of_Kiev
Henry_I_of_France	spouse	Matilda_of_Frisia
Henry_I_of_France	successor	Philip_I_of_France
Henry_I_of_France	successor	Robert_I_Duke_of_Burgundy
Henry_I_of_France	type	Person
Henry_I_of_Navarre	child	Joan_I_of_Navarre
Henry_I_of_Navarre	parent	Margaret_of_Bourbon_Queen_of_Navarre
Henry_I_of_Navarre	predecessor	Theobald_II_of_Navarre
Henry_I_of_Navarre	successor	Joan_I_of_Navarre
Henry_I_of_Navarre	type	Person
Henry_King_of_Portugal	type	Person
Henry_Stuart_Duke_of_Gloucester	type	Person
Henry_Stuart_Lord_Darnley	child	James_VI_and_I
Henry_Stuart_Lord_Darnley	father	Matthew_Stewart_4th_Earl_of_Lennox
Henry_Stuart_Lord_Darnley	mother	Margaret_Douglas
Henry_Stuart_Lord_Darnley	parent	Margaret_Douglas
Henry_Stuart_Lord_Darnley	parent	Matthew_Stewart_4th_Earl_of_Lennox
Henry_Stuart_Lord_Darnley	spouse	Mary_Queen_of_Scots
Henry_Stuart_Lord_Darnley	type	Person
Henry_VIII	father	Henry_VII_of_England
Henry_VIII	predecessor	Henry_VII_of_England
Henry_VIII	type	Person
Henry_VII_Holy_Roman_Emperor	child	Beatrice_of_Luxembourg
Henry_VII_Holy_Roman_Emperor	child	John_of_Bohemia
Henry_VII_Holy_Roman_Emperor	child	Marie_of_Luxembourg_Queen_of_France
Henry_VII_Holy_Roman_Emperor	father	Henry_VI_Count_of_Luxembourg
Henry_VII_Holy_Roman_Emperor	parent	Beatrice_of_Avesnes
Henry_VII_Holy_Roman_Emperor	predecessor	Albert_I_of_Germany
Henry_VII_Holy_Roman_Emperor	predecessor	Conrad_IV_of_Germany
Henry_VII_Holy_Roman_Emperor	spouse	Margaret_of_Brabant
Henry_VII_Holy_Roman_Emperor	successor	John_of_Bohemia
Henry_VII_Holy_Roman_Emperor	successor	Louis_IV_Holy_Roman_Emperor
Henry_VII_Holy_Roman_Emperor	type	Person
Henry_VII_of_England	child	Arthur_Prince_of_Wales
Henry_VII_of_England	child	Edmund_Tudor_Duke_of_Somerset
Henry_VII_of_England	child	Elizabeth_Tudor_1492_1495
Henry_VII_of_England	child	Henry_VIII
Henry_VII_of_England	child	Mary_Tudor_Queen_of_France
Henry_VII_of_England	father	Edmund_Tudor_1st_Earl_of_Richmond
Henry_VII_of_England	mother	Lady_Margaret_Beaufort
Henry_VII_of_England	parent	Edmund_Tudor_1st_Earl_of_Richmond
Henry_VII_of_England	parent	Lady_Margaret_Beaufort
Henry_VII_of_England	predecessor	Richard_III_of_England
Henry_VII_of_England	spouse	Elizabeth_of_York
Henry_VII_of_England	successor	Henry_VIII
Henry_VII_of_England	type	Person
Henry_VI_Count_of_Luxembourg	child	Baldwin_of_Luxembourg
Henry_VI_Count_of_Luxembourg	child	Henry_VII_Holy_Roman_Emperor
Henry_VI_Count_of_Luxembourg	father	Henry_V_Count_of_Luxembourg
Henry_VI_Count_of_Luxembourg	mother	Margaret_of_Bar
Henry_VI_Count_of_Luxembourg	parent	Margaret_of_Bar
Henry_VI_Count_of_Luxembourg	predecessor	Henry_V_Count_of_Luxembourg
Henry_VI_Count_of_Luxembourg	spouse	Beatrice_of_Avesnes
Henry_VI_Count_of_Luxembourg	successor	Henry_VII_Holy_Roman_Emperor
Henry_VI_Count_of_Luxembourg	type	Person
Henry_VI_of_England	child	Edward_of_Westminster_Prince_of_Wales
Henry_VI_of_England	father	Henry_V_of_England
Henry_VI_of_England	father	Owen_Tudor
Henry_VI_of_England	mother	Catherine_of_Valois
Henry_VI_of_England	parent	Catherine_of_Valois
Henry_VI_of_England	parent	Henry_V_of_England
Henry_VI_of_England	predecessor	Charles_VI_of_France
Henry_VI_of_England	predecessor	Henry_V_of_England
Henry_VI_of_England	spouse	Margaret_of_Anjou
Henry_VI_of_England	successor	Charles_VII_of_France
Henry_VI_of_England	successor	Edward_IV_of_England
Henry_VI_of_England	type	Person
Henry_V_Count_Palatine_of_the_Rhine	type	Person
Henry_V_Count_of_Luxembourg	spouse	Margaret_of_Bar
Henry_V_Count_of_Luxembourg	successor	Henry_VI_Count_of_Luxembourg
Henry_V_Count_of_Luxembourg	type	Person
Henry_V_Holy_Roman_Emperor	spouse	Empress_Matilda
Henry_V_Holy_Roman_Emperor	type	Person
Henry_V_of_England	child	Henry_VI_of_England
Henry_V_of_England	father	Henry_IV_of_England
Henry_V_of_England	mother	Mary_de_Bohun
Henry_V_of_England	parent	Henry_IV_of_England
Henry_V_of_England	parent	Mary_de_Bohun
Henry_V_of_England	spouse	Catherine_of_Valois
Henry_V_of_England	successor	Henry_VI_of_England
Henry_V_of_England	type	Person
Henry_X_Duke_of_Bavaria	father	Henry_IX_Duke_of_Bavaria
Henry_X_Duke_of_Bavaria	spouse	Gertrude_of_S_pplingenburg
Henry_X_Duke_of_Bavaria	type	Person
Henry_of_Bar	type	Person
Henry_of_Bohemia	successor	Albert_II_Duke_of_Austria
Henry_of_Bohemia	successor	John_of_Bohemia
Henry_of_Bohemia	type	Person
Henry_of_Castile_the_Senator	type	Person
Henry_of_France_Archbishop_of_Reims	type	Person
Henry_of_Sandomierz	type	Person
Henry_son_of_Edward_I	type	Person
Henry_son_of_Robert_I_of_Burgundy	father	Robert_I_Duke_of_Burgundy
Henry_son_of_Robert_I_of_Burgundy	mother	Helie_of_Semur
Henry_son_of_Robert_I_of_Burgundy	parent	Helie_of_Semur
Henry_son_of_Robert_I_of_Burgundy	parent	Robert_I_Duke_of_Burgundy
Henry_son_of_Robert_I_of_Burgundy	type	Person
Henry_the_Fowler	child	Archbishop_of_Cologne
Henry_the_Fowler	child	Gerberga_of_Saxony
Henry_the_Fowler	child	Hedwig_of_Saxony
Henry_the_Fowler	child	Henry_I_Duke_of_Bavaria
Henry_the_Fowler	child	Otto_I_Holy_Roman_Emperor
Henry_the_Fowler	child	Thankmar
Henry_the_Fowler	father	Otto_I_Duke_of_Saxony
Henry_the_Fowler	mother	Hedwig_of_Babenberg
Henry_the_Fowler	parent	Otto_I_Duke_of_Saxony
Henry_the_Fowler	predecessor	Conrad_I_of_Germany
Henry_the_Fowler	spouse	Matilda_of_Ringelheim
Henry_the_Fowler	successor	Otto_I_Holy_Roman_Emperor
Henry_the_Fowler	type	Person
Henry_the_Friendly	type	Person
Henry_the_Lion	child	Gertrude_of_Bavaria
Henry_the_Lion	child	Matilda_of_Saxony_1172_1209/10
Henry_the_Lion	child	William_of_Winchester_Lord_of_Lunenburg
Henry_the_Lion	father	Henry_X_Duke_of_Bavaria
Henry_the_Lion	mother	Gertrude_of_S_pplingenburg
Henry_the_Lion	parent	Gertrude_of_S_pplingenburg
Henry_the_Lion	predecessor	Albert_the_Bear
Henry_the_Lion	spouse	Clementia_of_Z_hringen
Henry_the_Lion	spouse	Matilda_of_England_Duchess_of_Saxony
Henry_the_Lion	successor	Bernhard_Count_of_Anhalt
Henry_the_Lion	successor	Otto_I_Duke_of_Bavaria
Henry_the_Lion	type	Person
Henry_the_Middle_Duke_of_Brunswic_L_neburg	father	Otto_V_Duke_of_Brunswic_L_neburg
Henry_the_Middle_Duke_of_Brunswic_L_neburg	mother	Anna_of_Nassau_Dillenburg
Henry_the_Middle_Duke_of_Brunswic_L_neburg	parent	Anna_of_Nassau_Dillenburg
Henry_the_Middle_Duke_of_Brunswic_L_neburg	parent	Otto_V_Duke_of_Brunswic_L_neburg
Henry_the_Middle_Duke_of_Brunswic_L_neburg	spouse	Anna_von_Campe
Henry_the_Middle_Duke_of_Brunswic_L_neburg	spouse	Margaret_of_Saxony_Duchess_of_Brunswic_L_neburg
Henry_the_Middle_Duke_of_Brunswic_L_neburg	type	Person
Henry_the_Young_King	type	Person
Herbert_III_of_Omois	spouse	Eadgifu_of_Wessex
Herbert_III_of_Omois	type	Person
Herbert_II_Count_of_Vermandois	type	Person
Hermann_Billung	type	Person
Hermann_II_Count_of_Celje	type	Person
Hermes_Maria_Sforza	type	Person
Hieronymus_son_of_Charles_Martel	type	Person
Hildegard_of_the_Vinzgau	father	Gerold_of_Vinzgau
Hildegard_of_the_Vinzgau	parent	Gerold_of_Vinzgau
Hildegard_of_the_Vinzgau	spouse	Charlemagne
Hildegard_of_the_Vinzgau	type	Person
Hildegarde_of_Burgundy	spouse	William_VIII_Duke_of_Aquitaine
Hildegarde_of_Burgundy	type	Person
Hiltrud	type	Person
Holy_Roman_Emperor	type	Person
Hortense_de_Beauharnais	child	Charles_de_Morny_Duke_of_Morny
Hortense_de_Beauharnais	child	Napol_on_Charles_Bonaparte
Hortense_de_Beauharnais	child	Napoleon_III
Hortense_de_Beauharnais	father	Alexandre_de_Beauharnais
Hortense_de_Beauharnais	parent	Alexandre_de_Beauharnais
Hortense_de_Beauharnais	parent	Empress_Jos_phine
Hortense_de_Beauharnais	spouse	Louis_Bonaparte
Hortense_de_Beauharnais	type	Person
House_of_Wittelsbach	type	Person
Hucbert	type	Person
Hugh_Capet	child	Gisela_of_France_Countess_of_Ponthieu
Hugh_Capet	mother	Hedwig_of_Saxony
Hugh_Capet	parent	Hugh_the_Great
Hugh_Capet	predecessor	Louis_V_of_France
Hugh_Capet	spouse	Adelaide_of_Aquitaine
Hugh_Capet	type	Person
Hugh_Count_of_Burgundy	parent	John_Count_of_Chalon
Hugh_Count_of_Burgundy	spouse	Adelaide_Countess_of_Burgundy
Hugh_Count_of_Burgundy	type	Person
Hugh_Count_of_Vermandois	type	Person
Hugh_Despenser_the_Elder	spouse	Isabella_de_Beauchamp
Hugh_Despenser_the_Elder	type	Person
Hugh_III_Duke_of_Burgundy	child	Guigues_VI_of_Viennois
Hugh_III_Duke_of_Burgundy	father	Odo_II_Duke_of_Burgundy
Hugh_III_Duke_of_Burgundy	parent	Odo_II_Duke_of_Burgundy
Hugh_III_Duke_of_Burgundy	predecessor	Odo_II_Duke_of_Burgundy
Hugh_III_Duke_of_Burgundy	spouse	Beatrice_of_Albon
Hugh_III_Duke_of_Burgundy	spouse	John_Count_of_Chalon
Hugh_III_Duke_of_Burgundy	successor	Odo_III_Duke_of_Burgundy
Hugh_III_Duke_of_Burgundy	type	Person
Hugh_II_Duke_of_Burgundy	child	Odo_II_Duke_of_Burgundy
Hugh_II_Duke_of_Burgundy	child	Sibylla_of_Burgundy
Hugh_II_Duke_of_Burgundy	father	Odo_I_Duke_of_Burgundy
Hugh_II_Duke_of_Burgundy	mother	Sibylla_of_Burgundy_Duchess_of_Burgundy
Hugh_II_Duke_of_Burgundy	parent	Odo_I_Duke_of_Burgundy
Hugh_II_Duke_of_Burgundy	parent	Sibylla_of_Burgundy_Duchess_of_Burgundy
Hugh_II_Duke_of_Burgundy	predecessor	Odo_I_Duke_of_Burgundy
Hugh_II_Duke_of_Burgundy	successor	Odo_II_Duke_of_Burgundy
Hugh_II_Duke_of_Burgundy	type	Person
Hugh_IV_Duke_of_Burgundy	child	Adelaide_of_Burgundy_Duchess_of_Brabant
Hugh_IV_Duke_of_Burgundy	child	John_of_Burgundy_1231_68
Hugh_IV_Duke_of_Burgundy	father	Odo_III_Duke_of_Burgundy
Hugh_IV_Duke_of_Burgundy	mother	Alice_of_Vergy
Hugh_IV_Duke_of_Burgundy	parent	Alice_of_Vergy
Hugh_IV_Duke_of_Burgundy	parent	Odo_III_Duke_of_Burgundy
Hugh_IV_Duke_of_Burgundy	predecessor	Odo_III_Duke_of_Burgundy
Hugh_IV_Duke_of_Burgundy	spouse	Beatrice_of_Navarre_Duchess_of_Burgundy
Hugh_IV_Duke_of_Burgundy	spouse	Yolande_of_Dreux_Duchess_of_Burgundy
Hugh_IV_Duke_of_Burgundy	successor	Robert_II_Duke_of_Burgundy
Hugh_IV_Duke_of_Burgundy	type	Person
Hugh_I_Duke_of_Burgundy	predecessor	Robert_I_Duke_of_Burgundy
Hugh_I_Duke_of_Burgundy	successor	Odo_I_Duke_of_Burgundy
Hugh_I_Duke_of_Burgundy	type	Person
Hugh_Magnus	father	Robert_II_of_France
Hugh_Magnus	mother	Constance_of_Arles
Hugh_Magnus	parent	Constance_of_Arles
Hugh_Magnus	parent	Robert_II_of_France
Hugh_Magnus	successor	Henry_I_of_France
Hugh_Magnus	type	Person
Hugh_V_Duke_of_Burgundy	father	Robert_II_Duke_of_Burgundy
Hugh_V_Duke_of_Burgundy	successor	Odo_IV_Duke_of_Burgundy
Hugh_V_Duke_of_Burgundy	type	Person
Hugh_de_Courtenay	spouse	John_Count_of_Chalon
Hugh_de_Courtenay	type	Person
Hugh_of_Italy	child	Lothair_II_of_Italy
Hugh_of_Italy	father	Theobald_of_Arles
Hugh_of_Italy	mother	Bertha_daughter_of_Lothair_II
Hugh_of_Italy	parent	Bertha_daughter_of_Lothair_II
Hugh_of_Italy	parent	Theobald_of_Arles
Hugh_of_Italy	predecessor	Rudolph_II_of_Burgundy
Hugh_of_Italy	successor	Lothair_II_of_Italy
Hugh_of_Italy	type	Person
Hugh_of_Tours	type	Person
Hugh_the_Abbot	type	Person
Hugh_the_Great	father	Robert_I_of_France
Hugh_the_Great	mother	Beatrice_of_Vermandois
Hugh_the_Great	parent	Robert_I_of_France
Hugh_the_Great	spouse	Eadhild
Hugh_the_Great	spouse	Hedwig_of_Saxony
Hugh_the_Great	type	Person
Humbert_II_Count_of_Savoy	father	Amadeus_II_Count_of_Savoy
Humbert_II_Count_of_Savoy	mother	Joan_of_Geneva
Humbert_II_Count_of_Savoy	parent	Amadeus_II_Count_of_Savoy
Humbert_II_Count_of_Savoy	parent	Joan_of_Geneva
Humbert_II_Count_of_Savoy	predecessor	Amadeus_II_Count_of_Savoy
Humbert_II_Count_of_Savoy	spouse	Gisela_of_Burgundy_Marchioness_of_Montferrat
Humbert_II_Count_of_Savoy	successor	Amadeus_III_Count_of_Savoy
Humbert_II_Count_of_Savoy	type	Person
Humphrey_de_Bohun_7th_Earl_of_Hereford	spouse	Joan_Fitzalan_Countess_of_Hereford
Humphrey_de_Bohun_7th_Earl_of_Hereford	type	Person
Ida_Countess_of_Hainaut	spouse	Baldwin_II_Count_of_Hainaut
Ida_Countess_of_Hainaut	type	Person
Igor_Yaroslavich	type	Person
Igor_of_Kiev	child	Sviatoslav_I
Igor_of_Kiev	father	Rurik
Igor_of_Kiev	parent	Rurik
Igor_of_Kiev	spouse	Olga_of_Kiev
Igor_of_Kiev	successor	Olga_of_Kiev
Igor_of_Kiev	type	Person
In_s_de_Castro	father	Pedro_Fern_ndez_de_Castro
In_s_de_Castro	spouse	Peter_I_of_Portugal
In_s_de_Castro	type	Person
Infanta_Branca_Lady_of_Guadalajara	type	Person
Infanta_Luisa_Fernanda_Duchess_of_Montpensier	child	Infante_Antonio_Duke_of_Galliera
Infanta_Luisa_Fernanda_Duchess_of_Montpensier	child	Mercedes_of_Orl_ans
Infanta_Luisa_Fernanda_Duchess_of_Montpensier	child	Princess_Mar_a_Cristina_of_Orl_ans
Infanta_Luisa_Fernanda_Duchess_of_Montpensier	child	Princess_Marie_Isabelle_of_Orl_ans
Infanta_Luisa_Fernanda_Duchess_of_Montpensier	father	Agust_n_Fernando_Mu_oz_y_S_nchez_1st_Duke_of_Ri_nsares
Infanta_Luisa_Fernanda_Duchess_of_Montpensier	father	Ferdinand_VII_of_Spain
Infanta_Luisa_Fernanda_Duchess_of_Montpensier	mother	Maria_Christina_of_the_Two_Sicilies
Infanta_Luisa_Fernanda_Duchess_of_Montpensier	parent	Ferdinand_VII_of_Spain
Infanta_Luisa_Fernanda_Duchess_of_Montpensier	parent	Maria_Christina_of_the_Two_Sicilies
Infanta_Luisa_Fernanda_Duchess_of_Montpensier	spouse	Antoine_Duke_of_Montpensier
Infanta_Luisa_Fernanda_Duchess_of_Montpensier	type	Person
Infanta_Maria_Josefa_of_Spain	type	Person
Infante_Antonio_Duke_of_Galliera	type	Person
Infante_Antonio_Pascual_of_Spain	type	Person
Infante_Carlos_of_Spain_1607_1632	type	Person
Infante_Gabriel_of_Spain	type	Person
Infante_Luis_of_Spain	type	Person
Infante_Philip_Duke_of_Calabria	type	Person
Ingeborg_of_Denmark_Queen_of_France	father	Valdemar_I_of_Denmark
Ingeborg_of_Denmark_Queen_of_France	parent	Sophia_of_Minsk
Ingeborg_of_Denmark_Queen_of_France	parent	Valdemar_I_of_Denmark
Ingeborg_of_Denmark_Queen_of_France	spouse	Philip_II_of_France
Ingeborg_of_Denmark_Queen_of_France	type	Person
Ingeborg_of_Kiev	type	Person
Ingegerd_Olofsdotter_of_Sweden	child	Agatha_wife_of_Edward_the_Exile
Ingegerd_Olofsdotter_of_Sweden	child	Anastasia_of_Kiev
Ingegerd_Olofsdotter_of_Sweden	child	Anne_of_Kiev
Ingegerd_Olofsdotter_of_Sweden	child	Elisiv_of_Kiev
Ingegerd_Olofsdotter_of_Sweden	child	Igor_Yaroslavich
Ingegerd_Olofsdotter_of_Sweden	child	Sviatoslav_II_of_Kiev
Ingegerd_Olofsdotter_of_Sweden	child	Vladimir_of_Novgorod
Ingegerd_Olofsdotter_of_Sweden	child	Vsevolod_I_of_Kiev
Ingegerd_Olofsdotter_of_Sweden	father	Olof_Sk_tkonung
Ingegerd_Olofsdotter_of_Sweden	mother	Estrid_of_the_Obotrites
Ingegerd_Olofsdotter_of_Sweden	parent	Estrid_of_the_Obotrites
Ingegerd_Olofsdotter_of_Sweden	parent	Olof_Sk_tkonung
Ingegerd_Olofsdotter_of_Sweden	spouse	Vladimir_the_Great
Ingegerd_Olofsdotter_of_Sweden	spouse	Yaroslav_the_Wise
Ingegerd_Olofsdotter_of_Sweden	type	Person
Ingelger	type	Person
Ingerman_Count_of_Hesbaye	type	Person
Irene_Angelina	type	Person
Irmgard_of_Chiemsee	type	Person
Isabeau_of_Bavaria	father	Stephen_III_Duke_of_Bavaria
Isabeau_of_Bavaria	mother	Taddea_Visconti
Isabeau_of_Bavaria	parent	Stephen_III_Duke_of_Bavaria
Isabeau_of_Bavaria	parent	Taddea_Visconti
Isabeau_of_Bavaria	spouse	Charles_VI_of_France
Isabeau_of_Bavaria	type	Person
Isabel_of_Barcelos	father	Afonso_I_Duke_of_Braganza
Isabel_of_Barcelos	mother	Beatriz_Pereira_de_Alvim
Isabel_of_Barcelos	spouse	John_Constable_of_Portugal
Isabel_of_Barcelos	type	Person
Isabel_of_Coimbra	type	Person
Isabel_of_Viseu	type	Person
Isabella_Clara_Eugenia	type	Person
Isabella_Countess_of_Gloucester	spouse	John_King_of_England
Isabella_Countess_of_Gloucester	type	Person
Isabella_Countess_of_Vertus	type	Person
Isabella_Duchess_of_Lorraine	child	John_II_Duke_of_Lorraine
Isabella_Duchess_of_Lorraine	child	Louis_of_Anjou_Marquis_of_Pont___Mousson
Isabella_Duchess_of_Lorraine	child	Margaret_of_Anjou
Isabella_Duchess_of_Lorraine	father	Charles_II_Duke_of_Lorraine
Isabella_Duchess_of_Lorraine	mother	Margaret_of_the_Palatinate
Isabella_Duchess_of_Lorraine	parent	Charles_II_Duke_of_Lorraine
Isabella_Duchess_of_Lorraine	parent	Margaret_of_the_Palatinate
Isabella_Duchess_of_Lorraine	spouse	Ren__of_Anjou
Isabella_Duchess_of_Lorraine	successor	John_II_Duke_of_Lorraine
Isabella_Duchess_of_Lorraine	type	Person
Isabella_II_of_Spain	type	Person
Isabella_I_of_Castile	child	Catherine_of_Aragon
Isabella_I_of_Castile	child	John_Prince_of_Asturias
Isabella_I_of_Castile	child	Maria_of_Aragon_Queen_of_Portugal
Isabella_I_of_Castile	mother	Isabella_of_Portugal_Queen_of_Castile
Isabella_I_of_Castile	parent	John_II_of_Castile
Isabella_I_of_Castile	spouse	Ferdinand_II_of_Aragon
Isabella_I_of_Castile	successor	Ferdinand_II_of_Aragon
Isabella_I_of_Castile	successor	Joanna_of_Castile
Isabella_I_of_Castile	type	Person
Isabella_de_Beauchamp	father	William_de_Beauchamp_9th_Earl_of_Warwick
Isabella_de_Beauchamp	mother	Maud_FitzJohn_Countess_of_Warwick
Isabella_de_Beauchamp	parent	Maud_FitzJohn_Countess_of_Warwick
Isabella_de_Beauchamp	spouse	Hugh_Despenser_the_Elder
Isabella_de_Beauchamp	spouse	Patrick_de_Chaworth_Lord_of_Kidwelly
Isabella_de_Beauchamp	type	Person
Isabella_de_Medici	type	Person
Isabella_of_Angoul_me	spouse	John_King_of_England
Isabella_of_Angoul_me	type	Person
Isabella_of_Aragon_Queen_of_France	child	Charles_Count_of_Valois
Isabella_of_Aragon_Queen_of_France	child	Louis_of_France_1264_1276
Isabella_of_Aragon_Queen_of_France	father	James_I_of_Aragon
Isabella_of_Aragon_Queen_of_France	mother	Violant_of_Hungary
Isabella_of_Aragon_Queen_of_France	spouse	Philip_III_of_France
Isabella_of_Aragon_Queen_of_France	type	Person
Isabella_of_Aragon_Queen_of_Portugal	type	Person
Isabella_of_Austria	type	Person
Isabella_of_Bourbon	child	Mary_of_Burgundy
Isabella_of_Bourbon	father	Charles_I_Duke_of_Bourbon
Isabella_of_Bourbon	mother	Agnes_of_Burgundy_Duchess_of_Bourbon
Isabella_of_Bourbon	parent	Agnes_of_Burgundy_Duchess_of_Bourbon
Isabella_of_Bourbon	parent	Charles_I_Duke_of_Bourbon
Isabella_of_Bourbon	spouse	Charles_the_Bold
Isabella_of_Bourbon	type	Person
Isabella_of_Burgundy_Queen_of_Germany	spouse	Rudolf_I_of_Germany
Isabella_of_Burgundy_Queen_of_Germany	type	Person
Isabella_of_Castile_Queen_of_Aragon	type	Person
Isabella_of_England	type	Person
Isabella_of_France	child	Edward_III_of_England
Isabella_of_France	child	Eleanor_of_Woodstock
Isabella_of_France	child	Joan_of_the_Tower
Isabella_of_France	child	John_of_Eltham_Earl_of_Cornwall
Isabella_of_France	father	Philip_IV_of_France
Isabella_of_France	mother	Joan_I_of_Navarre
Isabella_of_France	parent	Joan_I_of_Navarre
Isabella_of_France	parent	Philip_IV_of_France
Isabella_of_France	spouse	Edward_II_of_England
Isabella_of_France	type	Person
Isabella_of_France_Dauphine_of_Viennois	type	Person
Isabella_of_France_Queen_of_Navarre	type	Person
Isabella_of_Hainault	child	Louis_VIII_of_France
Isabella_of_Hainault	father	Baldwin_V_Count_of_Hainaut
Isabella_of_Hainault	mother	Margaret_I_Countess_of_Flanders
Isabella_of_Hainault	parent	Baldwin_V_Count_of_Hainaut
Isabella_of_Hainault	parent	Margaret_I_Countess_of_Flanders
Isabella_of_Hainault	spouse	Philip_II_of_France
Isabella_of_Hainault	type	Person
Isabella_of_Portugal	child	Joanna_of_Austria_Princess_of_Portugal
Isabella_of_Portugal	child	Maria_of_Austria_Holy_Roman_Empress
Isabella_of_Portugal	father	Manuel_I_of_Portugal
Isabella_of_Portugal	mother	Maria_of_Aragon_Queen_of_Portugal
Isabella_of_Portugal	parent	Manuel_I_of_Portugal
Isabella_of_Portugal	parent	Maria_of_Aragon_Queen_of_Portugal
Isabella_of_Portugal	spouse	Charles_V_Holy_Roman_Emperor
Isabella_of_Portugal	type	Person
Isabella_of_Portugal_Duchess_of_Burgundy	spouse	Philip_the_Good
Isabella_of_Portugal_Duchess_of_Burgundy	type	Person
Isabella_of_Portugal_Queen_of_Castile	father	John_Constable_of_Portugal
Isabella_of_Portugal_Queen_of_Castile	mother	Isabel_of_Barcelos
Isabella_of_Portugal_Queen_of_Castile	parent	Isabel_of_Barcelos
Isabella_of_Portugal_Queen_of_Castile	parent	John_Constable_of_Portugal
Isabella_of_Portugal_Queen_of_Castile	type	Person
Isabella_of_Savoy	type	Person
Isabella_of_Scotland_Duchess_of_Brittany	type	Person
Isabella_of_Valois	spouse	Charles_Duke_of_Orl_ans
Isabella_of_Valois	type	Person
Isabella_of_Valois_Duchess_of_Bourbon	child	Blanche_of_Bourbon
Isabella_of_Valois_Duchess_of_Bourbon	child	Bonne_of_Bourbon
Isabella_of_Valois_Duchess_of_Bourbon	child	Louis_II_Duke_of_Bourbon
Isabella_of_Valois_Duchess_of_Bourbon	child	Margaret_of_Bourbon_Lady_of_Albret
Isabella_of_Valois_Duchess_of_Bourbon	father	Charles_Count_of_Valois
Isabella_of_Valois_Duchess_of_Bourbon	mother	Mahaut_of_Ch_tillon
Isabella_of_Valois_Duchess_of_Bourbon	parent	Charles_Count_of_Valois
Isabella_of_Valois_Duchess_of_Bourbon	parent	Mahaut_of_Ch_tillon
Isabella_of_Valois_Duchess_of_Bourbon	spouse	Peter_I_Duke_of_Bourbon
Isabella_of_Valois_Duchess_of_Bourbon	type	Person
Isabelle_Duchess_of_Brittany	type	Person
Isabelle_de_Beauvau	spouse	John_VIII_Count_of_Vend_me
Isabelle_de_Beauvau	type	Person
Isabelle_de_Bourbon	type	Person
Isabelle_of_France_saint	type	Person
Isambart	type	Person
Iziaslav_I_of_Kiev	father	Yaroslav_the_Wise
Iziaslav_I_of_Kiev	predecessor	Yaroslav_the_Wise
Iziaslav_I_of_Kiev	type	Person
Izyaslav_of_Polotsk	type	Person
J_r_me_Bonaparte	type	Person
Jacques_Charles_Dupont_de_l_Eure	predecessor	Louis_Philippe_I
Jacques_Charles_Dupont_de_l_Eure	predecessor	Prince_Philippe_Count_of_Paris
Jacques_Charles_Dupont_de_l_Eure	type	Person
Jacques_de_Foix_Count_of_Montfort	type	Person
Jacques_of_Savoy_Count_of_Romont	spouse	Marie_of_Luxembourg_Countess_of_Vend_me
Jacques_of_Savoy_Count_of_Romont	type	Person
Jacquetta_of_Luxembourg	child	Anne_Woodville
Jacquetta_of_Luxembourg	child	Catherine_Woodville_Duchess_of_Buckingham
Jacquetta_of_Luxembourg	child	Countess_of_Pembroke
Jacquetta_of_Luxembourg	child	Edward_Woodville_Lord_Scales
Jacquetta_of_Luxembourg	child	Elizabeth_Woodville
Jacquetta_of_Luxembourg	child	John_Woodville
Jacquetta_of_Luxembourg	child	Lionel_Woodville
Jacquetta_of_Luxembourg	child	Richard_Woodville_3rd_Earl_Rivers
Jacquetta_of_Luxembourg	father	Peter_I_Count_of_Saint_Pol
Jacquetta_of_Luxembourg	mother	Margaret_of_Baux
Jacquetta_of_Luxembourg	parent	Margaret_of_Baux
Jacquetta_of_Luxembourg	parent	Peter_I_Count_of_Saint_Pol
Jacquetta_of_Luxembourg	spouse	John_of_Lancaster_1st_Duke_of_Bedford
Jacquetta_of_Luxembourg	spouse	Richard_Woodville_1st_Earl_Rivers
Jacquetta_of_Luxembourg	type	Person
James_Duke_of_Rothesay_born_1540	type	Person
James_Gordon_Jesuit	type	Person
James_Hepburn_4th_Earl_of_Bothwell	father	Patrick_Hepburn_3rd_Earl_of_Bothwell
James_Hepburn_4th_Earl_of_Bothwell	parent	Patrick_Hepburn_3rd_Earl_of_Bothwell
James_Hepburn_4th_Earl_of_Bothwell	spouse	Jean_Gordon_Countess_of_Bothwell
James_Hepburn_4th_Earl_of_Bothwell	spouse	Mary_Queen_of_Scots
James_Hepburn_4th_Earl_of_Bothwell	type	Person
James_III_of_Scotland	child	James_IV_of_Scotland
James_III_of_Scotland	child	James_Stewart_Duke_of_Ross
James_III_of_Scotland	father	James_II_of_Scotland
James_III_of_Scotland	mother	Mary_of_Guelders
James_III_of_Scotland	parent	Mary_of_Guelders
James_III_of_Scotland	predecessor	James_II_of_Scotland
James_III_of_Scotland	spouse	Margaret_of_Denmark_Queen_of_Scotland
James_III_of_Scotland	type	Person
James_II_of_England	type	Person
James_II_of_Majorca	type	Person
James_II_of_Scotland	child	Alexander_Stewart_Duke_of_Albany
James_II_of_Scotland	child	David_Stewart_Earl_of_Moray
James_II_of_Scotland	child	John_Stewart_Earl_of_Mar_died_1479
James_II_of_Scotland	father	James_I_of_Scotland
James_II_of_Scotland	mother	Joan_Beaufort_Queen_of_Scots
James_II_of_Scotland	parent	James_I_of_Scotland
James_II_of_Scotland	parent	Joan_Beaufort_Queen_of_Scots
James_II_of_Scotland	predecessor	James_I_of_Scotland
James_II_of_Scotland	spouse	Mary_of_Guelders
James_II_of_Scotland	successor	James_III_of_Scotland
James_II_of_Scotland	type	Person
James_IV_of_Scotland	child	James_V_of_Scotland
James_IV_of_Scotland	father	James_III_of_Scotland
James_IV_of_Scotland	mother	Margaret_of_Denmark_Queen_of_Scotland
James_IV_of_Scotland	parent	James_III_of_Scotland
James_IV_of_Scotland	parent	Margaret_of_Denmark_Queen_of_Scotland
James_IV_of_Scotland	successor	James_V_of_Scotland
James_IV_of_Scotland	type	Person
James_I_Count_of_La_Marche	child	Isabelle_de_Bourbon
James_I_Count_of_La_Marche	child	John_I_Count_of_La_Marche
James_I_Count_of_La_Marche	child	Peter_II_Count_of_La_Marche
James_I_Count_of_La_Marche	father	Louis_I_Duke_of_Bourbon
James_I_Count_of_La_Marche	mother	Mary_of_Avesnes
James_I_Count_of_La_Marche	parent	Louis_I_Duke_of_Bourbon
James_I_Count_of_La_Marche	parent	Mary_of_Avesnes
James_I_Count_of_La_Marche	type	Person
James_I_of_Aragon	child	Constance_of_Aragon_Lady_of_Villena
James_I_of_Aragon	child	Isabella_of_Aragon_Queen_of_France
James_I_of_Aragon	child	James_II_of_Majorca
James_I_of_Aragon	child	Peter_III_of_Aragon
James_I_of_Aragon	child	Violant_of_Aragon
James_I_of_Aragon	father	Peter_II_of_Aragon
James_I_of_Aragon	parent	Peter_II_of_Aragon
James_I_of_Aragon	predecessor	Peter_II_of_Aragon
James_I_of_Aragon	spouse	Eleanor_of_Castile_died_1244
James_I_of_Aragon	spouse	Teresa_Gil_de_Vidaure
James_I_of_Aragon	spouse	Violant_of_Hungary
James_I_of_Aragon	successor	Peter_III_of_Aragon
James_I_of_Aragon	type	Person
James_I_of_Scotland	child	Alexander_Stewart_Duke_of_Rothesay
James_I_of_Scotland	child	Eleanor_of_Scotland
James_I_of_Scotland	child	Isabella_of_Scotland_Duchess_of_Brittany
James_I_of_Scotland	child	James_II_of_Scotland
James_I_of_Scotland	child	Margaret_Stewart_Dauphine_of_France
James_I_of_Scotland	child	Mary_Stewart_Countess_of_Buchan
James_I_of_Scotland	father	Robert_III_of_Scotland
James_I_of_Scotland	mother	Anabella_Drummond
James_I_of_Scotland	parent	Anabella_Drummond
James_I_of_Scotland	parent	Robert_III_of_Scotland
James_I_of_Scotland	predecessor	Robert_III_of_Scotland
James_I_of_Scotland	spouse	Joan_Beaufort_Queen_of_Scots
James_I_of_Scotland	successor	James_II_of_Scotland
James_I_of_Scotland	type	Person
James_Stewart_1st_Earl_of_Moray	type	Person
James_Stewart_5th_High_Steward_of_Scotland	father	Alexander_Stewart_4th_High_Steward_of_Scotland
James_Stewart_5th_High_Steward_of_Scotland	parent	Alexander_Stewart_4th_High_Steward_of_Scotland
James_Stewart_5th_High_Steward_of_Scotland	type	Person
James_Stewart_Duke_of_Ross	type	Person
James_Stewart_the_Black_Knight_of_Lorn	type	Person
James_VI_and_I	father	Mary_Queen_of_Scots
James_VI_and_I	predecessor	Mary_Queen_of_Scots
James_VI_and_I	type	Person
James_V_of_Scotland	child	James_Stewart_1st_Earl_of_Moray
James_V_of_Scotland	child	Mary_Queen_of_Scots
James_V_of_Scotland	child	Robert_Stewart_1st_Earl_of_Orkney
James_V_of_Scotland	father	James_IV_of_Scotland
James_V_of_Scotland	mother	Margaret_Tudor
James_V_of_Scotland	parent	James_IV_of_Scotland
James_V_of_Scotland	parent	Margaret_Tudor
James_V_of_Scotland	predecessor	James_IV_of_Scotland
James_V_of_Scotland	spouse	Madeleine_of_Valois
James_V_of_Scotland	spouse	Mary_of_Guise
James_V_of_Scotland	successor	Mary_Queen_of_Scots
James_V_of_Scotland	type	Person
James_of_Avesnes	father	Nicholas_d_Oisy_Lord_of_Avesnes
James_of_Avesnes	parent	Nicholas_d_Oisy_Lord_of_Avesnes
James_of_Avesnes	type	Person
James_of_Castile_Lord_of_Cameros	type	Person
Janus_of_Cyprus	spouse	Charlotte_of_Bourbon_Queen_of_Cyprus
Janus_of_Cyprus	type	Person
Jasper_Tudor	type	Person
Jean_Cardinal_of_Lorraine	type	Person
Jean_Gordon_Countess_of_Bothwell	spouse	James_Hepburn_4th_Earl_of_Bothwell
Jean_Gordon_Countess_of_Bothwell	type	Person
Jean_Marie_Duke_of_Ch_teauvillain	type	Person
Jean_de_Dunois	type	Person
Jean_de_Montagu	type	Person
Jeanne_d_Albret	child	Catherine_de_Bourbon
Jeanne_d_Albret	child	Henry_IV_of_France
Jeanne_d_Albret	parent	Henry_II_of_Navarre
Jeanne_d_Albret	parent	Margaret_of_Valois_Angoul_me
Jeanne_d_Albret	predecessor	Antoine_of_Navarre
Jeanne_d_Albret	predecessor	Henry_II_of_Navarre
Jeanne_d_Albret	spouse	Antoine_of_Navarre
Jeanne_d_Albret	spouse	William_Duke_of_J_lich_Cleves_Berg
Jeanne_d_Albret	successor	Henry_IV_of_France
Jeanne_d_Albret	type	Person
Jeanne_de_Bourbon_Duchess_of_Bourbon	father	John_VIII_Count_of_Vend_me
Jeanne_de_Bourbon_Duchess_of_Bourbon	mother	Isabelle_de_Beauvau
Jeanne_de_Bourbon_Duchess_of_Bourbon	parent	Isabelle_de_Beauvau
Jeanne_de_Bourbon_Duchess_of_Bourbon	parent	John_VIII_Count_of_Vend_me
Jeanne_de_Bourbon_Duchess_of_Bourbon	spouse	John_III_Count_of_Auvergne
Jeanne_de_Bourbon_Duchess_of_Bourbon	spouse	John_II_Duke_of_Bourbon
Jeanne_de_Bourbon_Duchess_of_Bourbon	type	Person
Jeanne_de_Laval	spouse	Ren__of_Anjou
Jeanne_de_Laval	type	Person
Jehan_de_Braine	type	Person
Jo_o_Duke_of_Viseu	type	Person
Joan_Beaufort_Countess_of_Westmorland	type	Person
Joan_Beaufort_Queen_of_Scots	father	John_Beaufort_1st_Earl_of_Somerset
Joan_Beaufort_Queen_of_Scots	parent	John_Beaufort_1st_Earl_of_Somerset
Joan_Beaufort_Queen_of_Scots	parent	Margaret_Holland_Duchess_of_Clarence
Joan_Beaufort_Queen_of_Scots	spouse	James_I_of_Scotland
Joan_Beaufort_Queen_of_Scots	type	Person
Joan_Countess_of_Ponthieu	child	Eleanor_of_Castile
Joan_Countess_of_Ponthieu	father	Marie_Countess_of_Ponthieu
Joan_Countess_of_Ponthieu	father	Simon_Count_of_Ponthieu
Joan_Countess_of_Ponthieu	mother	Marie_Countess_of_Ponthieu
Joan_Countess_of_Ponthieu	parent	Marie_Countess_of_Ponthieu
Joan_Countess_of_Ponthieu	predecessor	Marie_Countess_of_Ponthieu
Joan_Countess_of_Ponthieu	predecessor	Simon_Count_of_Ponthieu
Joan_Countess_of_Ponthieu	spouse	Ferdinand_III_of_Castile
Joan_Countess_of_Ponthieu	successor	Eleanor_of_Castile
Joan_Countess_of_Ponthieu	successor	John_I_Count_of_Aumale
Joan_Countess_of_Ponthieu	type	Person
Joan_Fitzalan_Countess_of_Hereford	father	Richard_Fitzalan_3rd_Earl_of_Arundel
Joan_Fitzalan_Countess_of_Hereford	parent	Richard_Fitzalan_3rd_Earl_of_Arundel
Joan_Fitzalan_Countess_of_Hereford	spouse	Humphrey_de_Bohun_7th_Earl_of_Hereford
Joan_Fitzalan_Countess_of_Hereford	type	Person
Joan_Holland_Duchess_of_Brittany	spouse	John_IV_Duke_of_Brittany
Joan_Holland_Duchess_of_Brittany	type	Person
Joan_III_Countess_of_Burgundy	child	Philip_I_Count_of_Auvergne
Joan_III_Countess_of_Burgundy	father	Joan_II_Countess_of_Burgundy
Joan_III_Countess_of_Burgundy	father	Philip_V_of_France
Joan_III_Countess_of_Burgundy	mother	Joan_II_Countess_of_Burgundy
Joan_III_Countess_of_Burgundy	parent	Joan_II_Countess_of_Burgundy
Joan_III_Countess_of_Burgundy	predecessor	Joan_II_Countess_of_Burgundy
Joan_III_Countess_of_Burgundy	spouse	Odo_IV_Duke_of_Burgundy
Joan_III_Countess_of_Burgundy	successor	Philip_I_Duke_of_Burgundy
Joan_III_Countess_of_Burgundy	type	Person
Joan_II_Countess_of_Burgundy	child	Blanche_of_France_nun
Joan_II_Countess_of_Burgundy	child	Joan_III_Countess_of_Burgundy
Joan_II_Countess_of_Burgundy	child	Margaret_I_Countess_of_Burgundy
Joan_II_Countess_of_Burgundy	father	Mahaut_Countess_of_Artois
Joan_II_Countess_of_Burgundy	father	Otto_IV_Count_of_Burgundy
Joan_II_Countess_of_Burgundy	parent	Mahaut_Countess_of_Artois
Joan_II_Countess_of_Burgundy	parent	Otto_IV_Count_of_Burgundy
Joan_II_Countess_of_Burgundy	predecessor	Mahaut_Countess_of_Artois
Joan_II_Countess_of_Burgundy	spouse	Philip_V_of_France
Joan_II_Countess_of_Burgundy	successor	Joan_III_Countess_of_Burgundy
Joan_II_Countess_of_Burgundy	type	Person
Joan_II_of_Navarre	child	Agnes_of_Navarre
Joan_II_of_Navarre	child	Blanche_of_Navarre_Queen_of_France
Joan_II_of_Navarre	child	Louis_Duke_of_Durazzo
Joan_II_of_Navarre	child	Philip_Count_of_Longueville
Joan_II_of_Navarre	father	Kingdom_of_Navarre
Joan_II_of_Navarre	father	Louis_X_of_France
Joan_II_of_Navarre	mother	Margaret_of_Burgundy_Queen_of_France
Joan_II_of_Navarre	parent	Kingdom_of_Navarre
Joan_II_of_Navarre	parent	Louis_X_of_France
Joan_II_of_Navarre	predecessor	Charles_IV_of_France
Joan_II_of_Navarre	predecessor	Philip_III_of_Navarre
Joan_II_of_Navarre	spouse	Philip_III_of_Navarre
Joan_II_of_Navarre	successor	Charles_II_of_Navarre
Joan_II_of_Navarre	type	Person
Joan_I_Countess_of_Auvergne	child	Philip_I_Duke_of_Burgundy
Joan_I_Countess_of_Auvergne	father	William_XII_Count_of_Auvergne
Joan_I_Countess_of_Auvergne	parent	William_XII_Count_of_Auvergne
Joan_I_Countess_of_Auvergne	predecessor	William_XII_Count_of_Auvergne
Joan_I_Countess_of_Auvergne	spouse	John_II_of_France
Joan_I_Countess_of_Auvergne	spouse	Philip_I_Count_of_Auvergne
Joan_I_Countess_of_Auvergne	successor	Philip_I_Duke_of_Burgundy
Joan_I_Countess_of_Auvergne	type	Person
Joan_I_of_Navarre	child	Charles_IV_of_France
Joan_I_of_Navarre	child	Isabella_of_France
Joan_I_of_Navarre	child	Louis_X_of_France
Joan_I_of_Navarre	child	Philip_V_of_France
Joan_I_of_Navarre	father	Edmund_Crouchback
Joan_I_of_Navarre	father	Henry_I_of_Navarre
Joan_I_of_Navarre	mother	Blanche_of_Artois
Joan_I_of_Navarre	parent	Blanche_of_Artois
Joan_I_of_Navarre	parent	Henry_I_of_Navarre
Joan_I_of_Navarre	predecessor	Henry_I_of_Navarre
Joan_I_of_Navarre	spouse	Philip_IV_of_France
Joan_I_of_Navarre	successor	Louis_X_of_France
Joan_I_of_Navarre	successor	Philip_IV_of_France
Joan_I_of_Navarre	type	Person
Joan_Lady_of_Wales	type	Person
Joan_Stewart_Countess_of_Morton	type	Person
Joan_of_Acre	type	Person
Joan_of_Brittany_Baroness_of_Drayton	type	Person
Joan_of_England_Queen_of_Scotland	type	Person
Joan_of_England_Queen_of_Sicily	type	Person
Joan_of_France_1351_1371	type	Person
Joan_of_France_Duchess_of_Berry	spouse	Louis_XII
Joan_of_France_Duchess_of_Berry	type	Person
Joan_of_France_Duchess_of_Bourbon	type	Person
Joan_of_France_Duchess_of_Brittany	type	Person
Joan_of_Geneva	spouse	Amadeus_II_Count_of_Savoy
Joan_of_Geneva	type	Person
Joan_of_Navarre_Queen_of_England	spouse	Henry_IV_of_England
Joan_of_Navarre_Queen_of_England	spouse	John_IV_Duke_of_Brittany
Joan_of_Navarre_Queen_of_England	type	Person
Joan_of_Ponthieu_Dame_of_Epernon	parent	Counts_and_dukes_of_Aumale
Joan_of_Ponthieu_Dame_of_Epernon	spouse	John_VI_of_Vend_me
Joan_of_Ponthieu_Dame_of_Epernon	type	Person
Joan_of_Portugal	type	Person
Joan_of_Valois_Countess_of_Beaumont	type	Person
Joan_of_Valois_Countess_of_Hainaut	child	Joanna_of_Hainaut
Joan_of_Valois_Countess_of_Hainaut	child	Margaret_II_Countess_of_Hainaut
Joan_of_Valois_Countess_of_Hainaut	child	William_II_Count_of_Hainaut
Joan_of_Valois_Countess_of_Hainaut	father	Charles_Count_of_Valois
Joan_of_Valois_Countess_of_Hainaut	mother	Margaret_Countess_of_Anjou
Joan_of_Valois_Countess_of_Hainaut	parent	Charles_Count_of_Valois
Joan_of_Valois_Countess_of_Hainaut	parent	Margaret_Countess_of_Anjou
Joan_of_Valois_Countess_of_Hainaut	spouse	William_I_Count_of_Hainaut
Joan_of_Valois_Countess_of_Hainaut	type	Person
Joan_of_Valois_Duchess_of_Alen_on	type	Person
Joan_of_Valois_Queen_of_Navarre	type	Person
Joan_of__vreux	child	Blanche_of_France_Duchess_of_Orl_ans
Joan_of__vreux	father	Louis_Count_of__vreux
Joan_of__vreux	mother	Margaret_of_Artois
Joan_of__vreux	parent	Louis_Count_of__vreux
Joan_of__vreux	parent	Margaret_of_Artois
Joan_of__vreux	spouse	Charles_IV_of_France
Joan_of__vreux	type	Person
Joan_of_the_Tower	type	Person
Joan_the_Lame	child	John_II_of_France
Joan_the_Lame	child	Philip_Duke_of_Orl_ans
Joan_the_Lame	father	Robert_II_Duke_of_Burgundy
Joan_the_Lame	mother	Agnes_of_France_Duchess_of_Burgundy
Joan_the_Lame	parent	Agnes_of_France_Duchess_of_Burgundy
Joan_the_Lame	parent	Robert_II_Duke_of_Burgundy
Joan_the_Lame	spouse	Philip_VI_of_France
Joan_the_Lame	type	Person
Joanna_II_of_Naples	successor	Ren__of_Anjou
Joanna_II_of_Naples	type	Person
Joanna_Sophia_of_Bavaria	type	Person
Joanna_of_Aragon_Queen_of_Naples	type	Person
Joanna_of_Austria_Grand_Duchess_of_Tuscany	child	Anna_de_Medici
Joanna_of_Austria_Grand_Duchess_of_Tuscany	child	Philip_de_Medici
Joanna_of_Austria_Grand_Duchess_of_Tuscany	father	Ferdinand_I_Holy_Roman_Emperor
Joanna_of_Austria_Grand_Duchess_of_Tuscany	mother	Anne_of_Bohemia_and_Hungary
Joanna_of_Austria_Grand_Duchess_of_Tuscany	parent	Anne_of_Bohemia_and_Hungary
Joanna_of_Austria_Grand_Duchess_of_Tuscany	parent	Ferdinand_I_Holy_Roman_Emperor
Joanna_of_Austria_Grand_Duchess_of_Tuscany	spouse	Francesco_I_de_Medici_Grand_Duke_of_Tuscany
Joanna_of_Austria_Grand_Duchess_of_Tuscany	type	Person
Joanna_of_Austria_Princess_of_Portugal	type	Person
Joanna_of_Bavaria	type	Person
Joanna_of_Bourbon	child	Catherine_of_France_Countess_of_Montpensier
Joanna_of_Bourbon	child	Charles_VI_of_France
Joanna_of_Bourbon	child	Louis_I_Duke_of_Orl_ans
Joanna_of_Bourbon	father	Peter_I_Duke_of_Bourbon
Joanna_of_Bourbon	mother	Isabella_of_Valois_Duchess_of_Bourbon
Joanna_of_Bourbon	parent	Peter_I_Duke_of_Bourbon
Joanna_of_Bourbon	spouse	Charles_V_of_France
Joanna_of_Bourbon	type	Person
Joanna_of_Castile	child	Catherine_of_Austria_Queen_of_Portugal
Joanna_of_Castile	child	Charles_V_Holy_Roman_Emperor
Joanna_of_Castile	child	Eleanor_of_Austria
Joanna_of_Castile	child	Ferdinand_I_Holy_Roman_Emperor
Joanna_of_Castile	child	Isabella_of_Austria
Joanna_of_Castile	child	Mary_of_Hungary_governor_of_the_Netherlands
Joanna_of_Castile	father	Ferdinand_II_of_Aragon
Joanna_of_Castile	parent	Ferdinand_II_of_Aragon
Joanna_of_Castile	predecessor	Ferdinand_II_of_Aragon
Joanna_of_Castile	predecessor	Philip_I_of_Castile
Joanna_of_Castile	spouse	Philip_I_of_Castile
Joanna_of_Castile	successor	Charles_V_Holy_Roman_Emperor
Joanna_of_Castile	successor	Philip_I_of_Castile
Joanna_of_Castile	type	Person
Joanna_of_Flanders	spouse	John_of_Montfort
Joanna_of_Flanders	type	Person
Joanna_of_Hainaut	type	Person
Joanna_of_Pfirt	spouse	Albert_II_Duke_of_Austria
Joanna_of_Pfirt	type	Person
Johann_Adolf_I_Duke_of_Saxe_Weissenfels	type	Person
Johann_Adolf_of_Saxe_Gotha_Altenburg	type	Person
Johann_Wilhelm_Elector_Palatine	type	Person
John_Albert_I_Duke_of_Mecklenburg	type	Person
John_Beaufort_1st_Earl_of_Somerset	spouse	Margaret_Holland_Duchess_of_Clarence
John_Beaufort_1st_Earl_of_Somerset	type	Person
John_Constable_of_Portugal	spouse	Isabel_of_Barcelos
John_Constable_of_Portugal	type	Person
John_Count_Palatine_of_Neumarkt	type	Person
John_Count_of_Angoul_me	father	Louis_I_Duke_of_Orl_ans
John_Count_of_Angoul_me	parent	Louis_I_Duke_of_Orl_ans
John_Count_of_Angoul_me	type	Person
John_Count_of_Chalon	father	Stephen_III_of_Auxonne
John_Count_of_Chalon	parent	Beatrice_of_Savoy_Lady_of_Villena
John_Count_of_Chalon	parent	Stephen_III_of_Auxonne
John_Count_of_Chalon	spouse	Hugh_III_Duke_of_Burgundy
John_Count_of_Chalon	spouse	Hugh_de_Courtenay
John_Count_of_Chalon	type	Person
John_Count_of_Soissons_and_Enghien	type	Person
John_Duke_of_Berry	type	Person
John_Duke_of_Brunswic_L_neburg	predecessor	Otto_I_Duke_of_Brunswic_L_neburg
John_Duke_of_Brunswic_L_neburg	type	Person
John_Duke_of_Durazzo	type	Person
John_Duke_of_Touraine	type	Person
John_Duke_of_Valencia_de_Campos	type	Person
John_FitzAlan_1st_Baron_Arundel	type	Person
John_Fitzgeoffrey	type	Person
John_Frederick_Duke_of_Brunswic_Calenberg	spouse	Benedicta_Henrietta_of_the_Palatinate
John_Frederick_Duke_of_Brunswic_Calenberg	successor	Ernest_Augustus_Elector_of_Hanover
John_Frederick_Duke_of_Brunswic_Calenberg	type	Person
John_George_I_Elector_of_Saxony	spouse	Magdalene_Sibylle_of_Prussia
John_George_I_Elector_of_Saxony	type	Person
John_Gordon_Lord_Gordon	type	Person
John_Henry_Margrave_of_Moravia	type	Person
John_Hereditary_Prince_of_Saxony	type	Person
John_III_Burgrave_of_Nuremberg	type	Person
John_III_Count_of_Auvergne	spouse	Jeanne_de_Bourbon_Duchess_of_Bourbon
John_III_Count_of_Auvergne	type	Person
John_III_Duke_of_Bavaria	type	Person
John_III_Duke_of_Brittany	father	Arthur_II_Duke_of_Brittany
John_III_Duke_of_Brittany	successor	John_of_Montfort
John_III_Duke_of_Brittany	type	Person
John_III_of_Portugal	type	Person
John_II_Count_of_Holland	father	John_I_Count_of_Hainaut
John_II_Count_of_Holland	parent	Adelaide_of_Holland
John_II_Count_of_Holland	parent	John_I_Count_of_Hainaut
John_II_Count_of_Holland	spouse	Philippa_of_Luxembourg
John_II_Count_of_Holland	type	Person
John_II_Duke_of_Bavaria	type	Person
John_II_Duke_of_Bourbon	spouse	Jeanne_de_Bourbon_Duchess_of_Bourbon
John_II_Duke_of_Bourbon	type	Person
John_II_Duke_of_Brittany	child	Arthur_II_Duke_of_Brittany
John_II_Duke_of_Brittany	child	Blanche_of_Brittany
John_II_Duke_of_Brittany	child	Eleanor_of_Brittany_abbess
John_II_Duke_of_Brittany	child	Marie_of_Brittany_Countess_of_Saint_Pol
John_II_Duke_of_Brittany	father	John_I_Duke_of_Brittany
John_II_Duke_of_Brittany	spouse	Beatrice_of_England
John_II_Duke_of_Brittany	successor	Arthur_II_Duke_of_Brittany
John_II_Duke_of_Brittany	type	Person
John_II_Duke_of_Lorraine	father	Isabella_Duchess_of_Lorraine
John_II_Duke_of_Lorraine	predecessor	Isabella_Duchess_of_Lorraine
John_II_Duke_of_Lorraine	type	Person
John_II_of_Aragon	child	Alfonso_de_Arag_n_y_Escobar
John_II_of_Aragon	child	Blanche_II_of_Navarre
John_II_of_Aragon	child	Eleanor_of_Navarre
John_II_of_Aragon	child	Ferdinand_II_of_Aragon
John_II_of_Aragon	child	Joanna_of_Aragon_Queen_of_Naples
John_II_of_Aragon	child	Juan_de_Arag_n
John_II_of_Aragon	father	Ferdinand_I_of_Aragon
John_II_of_Aragon	mother	Eleanor_of_Alburquerque
John_II_of_Aragon	parent	Eleanor_of_Alburquerque
John_II_of_Aragon	parent	Ferdinand_I_of_Aragon
John_II_of_Aragon	predecessor	Alfonso_V_of_Aragon
John_II_of_Aragon	predecessor	Blanche_I_of_Navarre
John_II_of_Aragon	spouse	Blanche_I_of_Navarre
John_II_of_Aragon	spouse	Juana_Enr_quez
John_II_of_Aragon	successor	Eleanor_of_Navarre
John_II_of_Aragon	successor	Ferdinand_II_of_Aragon
John_II_of_Aragon	type	Person
John_II_of_Castile	type	Person
John_II_of_Cyprus	type	Person
John_II_of_France	child	Charles_V_of_France
John_II_of_France	child	Isabella_Countess_of_Vertus
John_II_of_France	child	Joan_of_Valois_Queen_of_Navarre
John_II_of_France	child	John_Duke_of_Berry
John_II_of_France	child	Marie_of_France_Duchess_of_Bar
John_II_of_France	father	Philip_VI_of_France
John_II_of_France	mother	Joan_the_Lame
John_II_of_France	parent	Joan_the_Lame
John_II_of_France	parent	Philip_VI_of_France
John_II_of_France	predecessor	Philip_VI_of_France
John_II_of_France	spouse	Bonne_of_Luxembourg
John_II_of_France	spouse	Joan_I_Countess_of_Auvergne
John_II_of_France	successor	Charles_V_of_France
John_II_of_France	successor	Philip_the_Bold
John_II_of_France	type	Person
John_II_of_Portugal	child	Afonso_Prince_of_Portugal
John_II_of_Portugal	father	Afonso_V_of_Portugal
John_II_of_Portugal	parent	Afonso_V_of_Portugal
John_II_of_Portugal	parent	Isabel_of_Coimbra
John_II_of_Portugal	predecessor	Afonso_V_of_Portugal
John_II_of_Portugal	spouse	Eleanor_of_Viseu
John_II_of_Portugal	successor	Manuel_I_of_Portugal
John_II_of_Portugal	type	Person
John_IV_Duke_of_Brittany	child	Arthur_III_Duke_of_Brittany
John_IV_Duke_of_Brittany	child	John_V_Duke_of_Brittany
John_IV_Duke_of_Brittany	child	Richard_Count_of__tampes
John_IV_Duke_of_Brittany	father	John_of_Montfort
John_IV_Duke_of_Brittany	parent	Joanna_of_Flanders
John_IV_Duke_of_Brittany	parent	John_of_Montfort
John_IV_Duke_of_Brittany	predecessor	John_of_Gaunt
John_IV_Duke_of_Brittany	predecessor	John_of_Montfort
John_IV_Duke_of_Brittany	spouse	Joan_Holland_Duchess_of_Brittany
John_IV_Duke_of_Brittany	spouse	Joan_of_Navarre_Queen_of_England
John_IV_Duke_of_Brittany	spouse	Mary_of_Waltham
John_IV_Duke_of_Brittany	successor	John_V_Duke_of_Brittany
John_IV_Duke_of_Brittany	type	Person
John_IV_Marquis_of_Montferrat	spouse	Margaret_of_Savoy_Countess_of_Saint_Pol
John_IV_Marquis_of_Montferrat	type	Person
John_IV_of_Portugal	predecessor	Philip_IV_of_Spain
John_IV_of_Portugal	type	Person
John_I_Albert	type	Person
John_I_Count_of_Aumale	predecessor	Joan_Countess_of_Ponthieu
John_I_Count_of_Aumale	type	Person
John_I_Count_of_Hainaut	father	Bouchard_IV_of_Avesnes
John_I_Count_of_Hainaut	mother	Margaret_II_Countess_of_Flanders
John_I_Count_of_Hainaut	parent	Bouchard_IV_of_Avesnes
John_I_Count_of_Hainaut	parent	Margaret_II_Countess_of_Flanders
John_I_Count_of_Hainaut	spouse	Adelaide_of_Holland
John_I_Count_of_Hainaut	type	Person
John_I_Count_of_La_Marche	father	James_I_Count_of_La_Marche
John_I_Count_of_La_Marche	parent	James_I_Count_of_La_Marche
John_I_Count_of_La_Marche	spouse	Catherine_of_Vend_me
John_I_Count_of_La_Marche	type	Person
John_I_Duke_of_Brabant	spouse	Margaret_of_Flanders_Duchess_of_Brabant
John_I_Duke_of_Brabant	type	Person
John_I_Duke_of_Brittany	child	Alix_of_Brittany_Dame_de_Pontarcy
John_I_Duke_of_Brittany	child	John_II_Duke_of_Brittany
John_I_Duke_of_Brittany	father	Alix_Duchess_of_Brittany
John_I_Duke_of_Brittany	father	Peter_I_Duke_of_Brittany
John_I_Duke_of_Brittany	mother	Alix_Duchess_of_Brittany
John_I_Duke_of_Brittany	parent	Alix_Duchess_of_Brittany
John_I_Duke_of_Brittany	parent	Peter_I_Duke_of_Brittany
John_I_Duke_of_Brittany	predecessor	Alix_Duchess_of_Brittany
John_I_Duke_of_Brittany	predecessor	Peter_II_Count_of_Savoy
John_I_Duke_of_Brittany	predecessor	Peter_I_Duke_of_Brittany
John_I_Duke_of_Brittany	spouse	Blanche_of_Navarre_Duchess_of_Brittany
John_I_Duke_of_Brittany	successor	John_II_Duke_of_Brittany
John_I_Duke_of_Brittany	type	Person
John_I_Duke_of_Cleves	type	Person
John_I_Duke_of_Lorraine	child	Charles_II_Duke_of_Lorraine
John_I_Duke_of_Lorraine	child	Frederick_I_Count_of_Vaud_mont
John_I_Duke_of_Lorraine	father	Rudolph_Duke_of_Lorraine
John_I_Duke_of_Lorraine	mother	Marie_de_Ch_tillon_1323_1363
John_I_Duke_of_Lorraine	parent	Marie_de_Ch_tillon_1323_1363
John_I_Duke_of_Lorraine	parent	Rudolph_Duke_of_Lorraine
John_I_Duke_of_Lorraine	spouse	Eberhard_II_Count_of_W_rttemberg
John_I_Duke_of_Lorraine	type	Person
John_I_of_Aragon	spouse	Louis_II_of_Anjou
John_I_of_Aragon	spouse	Violant_of_Bar
John_I_of_Aragon	type	Person
John_I_of_Castile	child	Ferdinand_I_of_Aragon
John_I_of_Castile	child	Henry_III_of_Castile
John_I_of_Castile	father	Henry_II_of_Castile
John_I_of_Castile	mother	Juana_Manuel
John_I_of_Castile	parent	Henry_II_of_Castile
John_I_of_Castile	parent	Juana_Manuel
John_I_of_Castile	spouse	Beatrice_of_Portugal
John_I_of_Castile	spouse	Eleanor_of_Aragon_Queen_of_Castile
John_I_of_Castile	successor	Henry_III_of_Castile
John_I_of_Castile	type	Person
John_I_of_France	father	Louis_X_of_France
John_I_of_France	mother	Clementia_of_Hungary
John_I_of_France	parent	Clementia_of_Hungary
John_I_of_France	parent	Louis_X_of_France
John_I_of_France	predecessor	Louis_X_of_France
John_I_of_France	successor	Philip_V_of_France
John_I_of_France	type	Person
John_I_of_Portugal	child	Afonso_I_Duke_of_Braganza
John_I_of_Portugal	child	Beatrice_Countess_of_Arundel
John_I_of_Portugal	child	Edward_King_of_Portugal
John_I_of_Portugal	child	Ferdinand_the_Holy_Prince
John_I_of_Portugal	child	Isabella_of_Portugal_Duchess_of_Burgundy
John_I_of_Portugal	child	John_Constable_of_Portugal
John_I_of_Portugal	child	Peter_Duke_of_Coimbra
John_I_of_Portugal	child	Prince_Henry_the_Navigator
John_I_of_Portugal	father	Peter_I_of_Portugal
John_I_of_Portugal	mother	Teresa_Louren_o
John_I_of_Portugal	parent	Peter_I_of_Portugal
John_I_of_Portugal	parent	Teresa_Louren_o
John_I_of_Portugal	predecessor	1383_1385_Portuguese_interregnum
John_I_of_Portugal	spouse	Philippa_of_Lancaster
John_I_of_Portugal	successor	Edward_King_of_Portugal
John_I_of_Portugal	type	Person
John_Joseph_of_Austria	type	Person
John_King_of_England	child	Eleanor_of_England_Countess_of_Leicester
John_King_of_England	child	Henry_III_of_England
John_King_of_England	child	Isabella_of_England
John_King_of_England	child	Joan_of_England_Queen_of_Scotland
John_King_of_England	child	Richard_FitzRoy
John_King_of_England	child	Richard_of_Cornwall
John_King_of_England	father	Eleanor_of_Aquitaine
John_King_of_England	father	Henry_II_of_England
John_King_of_England	mother	Eleanor_of_Aquitaine
John_King_of_England	parent	Eleanor_of_Aquitaine
John_King_of_England	predecessor	Eleanor_of_Aquitaine
John_King_of_England	predecessor	Richard_I_of_England
John_King_of_England	spouse	Isabella_Countess_of_Gloucester
John_King_of_England	spouse	Isabella_of_Angoul_me
John_King_of_England	successor	Henry_III_of_England
John_King_of_England	successor	Louis_VIII_of_France
John_King_of_England	type	Person
John_Prince_of_Asturias	type	Person
John_Stewart_1st_Earl_of_Lennox	father	Alan_Stewart_of_Darnley
John_Stewart_1st_Earl_of_Lennox	parent	Alan_Stewart_of_Darnley
John_Stewart_1st_Earl_of_Lennox	spouse	Margaret_Boswell
John_Stewart_1st_Earl_of_Lennox	type	Person
John_Stewart_3rd_Earl_of_Lennox	father	Matthew_Stewart_2nd_Earl_of_Lennox
John_Stewart_3rd_Earl_of_Lennox	parent	Matthew_Stewart_2nd_Earl_of_Lennox
John_Stewart_3rd_Earl_of_Lennox	type	Person
John_Stewart_3rd_Lord_of_Aubigny	predecessor	John_Stewart_of_Darnley
John_Stewart_3rd_Lord_of_Aubigny	type	Person
John_Stewart_Earl_of_Mar_died_1479	type	Person
John_Stewart_Earl_of_Mar_died_1503	type	Person
John_Stewart_of_Darnley	father	Alexander_Stewart_of_Darnley_died_1404
John_Stewart_of_Darnley	successor	John_Stewart_3rd_Lord_of_Aubigny
John_Stewart_of_Darnley	type	Person
John_Tristan_Count_of_Valois	type	Person
John_VIII_Count_of_Vend_me	father	Louis_Count_of_Vend_me
John_VIII_Count_of_Vend_me	parent	Louis_Count_of_Vend_me
John_VIII_Count_of_Vend_me	predecessor	Louis_Count_of_Vend_me
John_VIII_Count_of_Vend_me	spouse	Isabelle_de_Beauvau
John_VIII_Count_of_Vend_me	type	Person
John_VII_Duke_of_Mecklenburg_Schwerin	mother	Anna_Sophia_of_Prussia
John_VII_Duke_of_Mecklenburg_Schwerin	parent	Anna_Sophia_of_Prussia
John_VII_Duke_of_Mecklenburg_Schwerin	parent	Schwerin
John_VII_Duke_of_Mecklenburg_Schwerin	spouse	Sophia_of_Holstei_Gottorp
John_VII_Duke_of_Mecklenburg_Schwerin	type	Person
John_VI_of_Vend_me	spouse	Joan_of_Ponthieu_Dame_of_Epernon
John_VI_of_Vend_me	type	Person
John_V_Duke_of_Brittany	father	John_IV_Duke_of_Brittany
John_V_Duke_of_Brittany	predecessor	John_IV_Duke_of_Brittany
John_V_Duke_of_Brittany	type	Person
John_Woodville	type	Person
John_de_Beaumont_2nd_Baron_Beaumont	spouse	Eleanor_of_Lancaster
John_de_Beaumont_2nd_Baron_Beaumont	type	Person
John_of_Bar	type	Person
John_of_Bohemia	child	Anne_of_Bohemia_Duchess_of_Austria
John_of_Bohemia	child	Bonne_of_Luxembourg
John_of_Bohemia	child	Charles_IV_Holy_Roman_Emperor
John_of_Bohemia	child	John_Henry_Margrave_of_Moravia
John_of_Bohemia	child	Nicolaus_of_Luxemburg
John_of_Bohemia	father	Henry_VII_Holy_Roman_Emperor
John_of_Bohemia	parent	Margaret_of_Brabant
John_of_Bohemia	predecessor	Henry_VII_Holy_Roman_Emperor
John_of_Bohemia	predecessor	Henry_of_Bohemia
John_of_Bohemia	spouse	Beatrice_of_Bourbon_Queen_of_Bohemia
John_of_Bohemia	successor	Charles_IV_Holy_Roman_Emperor
John_of_Bohemia	type	Person
John_of_Brittany_Earl_of_Richmond	type	Person
John_of_Burgundy_1231_68	type	Person
John_of_Castile_Lord_of_Valencia_de_Campos	type	Person
John_of_Charolais	type	Person
John_of_Eltham_Earl_of_Cornwall	type	Person
John_of_Foix_Viscount_of_Narbonne	type	Person
John_of_Gaunt	child	Catherine_of_Lancaster
John_of_Gaunt	child	Henry_Beaufort
John_of_Gaunt	child	John_Beaufort_1st_Earl_of_Somerset
John_of_Gaunt	child	Philippa_of_Lancaster
John_of_Gaunt	child	Thomas_Beaufort_Duke_of_Exeter
John_of_Gaunt	father	Edward_III_of_England
John_of_Gaunt	mother	Philippa_of_Hainault
John_of_Gaunt	parent	Edward_III_of_England
John_of_Gaunt	parent	Philippa_of_Hainault
John_of_Gaunt	spouse	Blanche_of_Lancaster
John_of_Gaunt	successor	Henry_IV_of_England
John_of_Gaunt	successor	John_IV_Duke_of_Brittany
John_of_Gaunt	type	Person
John_of_Lancaster_1st_Duke_of_Bedford	spouse	Jacquetta_of_Luxembourg
John_of_Lancaster_1st_Duke_of_Bedford	type	Person
John_of_Montfort	child	Joan_of_Brittany_Baroness_of_Drayton
John_of_Montfort	child	John_IV_Duke_of_Brittany
John_of_Montfort	father	Arthur_II_Duke_of_Brittany
John_of_Montfort	parent	Arthur_II_Duke_of_Brittany
John_of_Montfort	predecessor	John_III_Duke_of_Brittany
John_of_Montfort	spouse	Joanna_of_Flanders
John_of_Montfort	successor	John_IV_Duke_of_Brittany
John_of_Montfort	type	Person
John_the_Fearless	child	Agnes_of_Burgundy_Duchess_of_Bourbon
John_the_Fearless	child	Margaret_of_Nevers
John_the_Fearless	child	Philip_the_Good
John_the_Fearless	father	Philip_the_Bold
John_the_Fearless	mother	Margaret_III_Countess_of_Flanders
John_the_Fearless	parent	Philip_the_Bold
John_the_Fearless	predecessor	Philip_the_Bold
John_the_Fearless	spouse	Margaret_of_Bavaria
John_the_Fearless	successor	Philip_the_Good
John_the_Fearless	type	Person
Joseph_Bonaparte	type	Person
Joseph_II_Holy_Roman_Emperor	father	Maria_Theresa
Joseph_II_Holy_Roman_Emperor	predecessor	Francis_I_Holy_Roman_Emperor
Joseph_II_Holy_Roman_Emperor	predecessor	Maria_Theresa
Joseph_II_Holy_Roman_Emperor	successor	Leopold_II_Holy_Roman_Emperor
Joseph_II_Holy_Roman_Emperor	type	Person
Joseph_I_Holy_Roman_Emperor	spouse	Wilhelmine_Amalie_of_Brunswick
Joseph_I_Holy_Roman_Emperor	type	Person
Juan_de_Arag_n	type	Person
Juana_Enr_quez	spouse	John_II_of_Aragon
Juana_Enr_quez	type	Person
Juana_Manuel	spouse	Henry_II_of_Castile
Juana_Manuel	type	Person
Judith_of_Bavaria_died_843	father	Welf_father_of_Judith
Judith_of_Bavaria_died_843	mother	Hedwig_of_Bavaria
Judith_of_Bavaria_died_843	parent	Hedwig_of_Bavaria
Judith_of_Bavaria_died_843	parent	Welf_father_of_Judith
Judith_of_Bavaria_died_843	spouse	Louis_the_Pious
Judith_of_Bavaria_died_843	successor	Hemma
Judith_of_Bavaria_died_843	type	Person
Judith_of_Flanders	spouse	Baldwin_I_Margrave_of_Flanders
Judith_of_Flanders	spouse	_thelwulf_King_of_Wessex
Judith_of_Flanders	type	Person
Judith_of_Flanders_died_1095	spouse	Welf_I_Duke_of_Bavaria
Judith_of_Flanders_died_1095	type	Person
Judith_of_Habsburg	child	Anne_of_Bohemia_1290_1313
Judith_of_Habsburg	child	Wenceslaus_III_of_Bohemia
Judith_of_Habsburg	father	Rudolf_I_of_Germany
Judith_of_Habsburg	mother	Gertrude_of_Hohenberg
Judith_of_Habsburg	parent	Gertrude_of_Hohenberg
Judith_of_Habsburg	parent	Rudolf_I_of_Germany
Judith_of_Habsburg	spouse	Wenceslaus_II_of_Bohemia
Judith_of_Habsburg	type	Person
Judith_of_Poland	type	Person
K_ten	type	Person
Karl_August_Grand_Duke_of_Saxe_Weimar_Eisenach	spouse	Princess_Louise_of_Hesse_Darmstadt_1757_1830
Karl_August_Grand_Duke_of_Saxe_Weimar_Eisenach	type	Person
Katherine_of_Bavaria	type	Person
Katherine_of_England	type	Person
Kingdom_of_Navarre	spouse	Margaret_of_Burgundy_Queen_of_France
Kingdom_of_Navarre	type	Person
Kunigunde_of_Altdorf	spouse	Albert_Azzo_II_Margrave_of_Milan
Kunigunde_of_Altdorf	type	Person
L_opold_Cl_ment_Hereditary_Prince_of_Lorraine	type	Person
Ladislaus_IV_of_Hungary	type	Person
Ladislaus_of_Naples	successor	Louis_II_of_Anjou
Ladislaus_of_Naples	type	Person
Ladislaus_the_Posthumous	successor	Frederick_III_Holy_Roman_Emperor
Ladislaus_the_Posthumous	type	Person
Lady_Margaret_Beaufort	spouse	Edmund_Tudor_1st_Earl_of_Richmond
Lady_Margaret_Beaufort	type	Person
Lambert_II_Count_of_Louvain	father	Lambert_I_Count_of_Louvain
Lambert_II_Count_of_Louvain	type	Person
Lambert_I_Count_of_Louvain	father	Reginar_III_Count_of_Hainaut
Lambert_I_Count_of_Louvain	parent	Reginar_III_Count_of_Hainaut
Lambert_I_Count_of_Louvain	spouse	Gerberga_of_Lower_Lorraine
Lambert_I_Count_of_Louvain	type	Person
Landgravine_Elisabeth_Amalie_of_Hesse_Darmstadt	child	Alexander_Sigismund_von_der_Pfalz_Neuburg
Landgravine_Elisabeth_Amalie_of_Hesse_Darmstadt	child	Charles_III_Philip_Elector_Palatine
Landgravine_Elisabeth_Amalie_of_Hesse_Darmstadt	child	Countess_Palatine_Dorothea_Sophie_of_Neuburg
Landgravine_Elisabeth_Amalie_of_Hesse_Darmstadt	child	Countess_Palatine_Hedwig_Elisabeth_of_Neuburg
Landgravine_Elisabeth_Amalie_of_Hesse_Darmstadt	child	Eleonore_Magdalene_of_Neuburg
Landgravine_Elisabeth_Amalie_of_Hesse_Darmstadt	child	Francis_Louis_of_Palatinate_Neuburg
Landgravine_Elisabeth_Amalie_of_Hesse_Darmstadt	child	Johann_Wilhelm_Elector_Palatine
Landgravine_Elisabeth_Amalie_of_Hesse_Darmstadt	child	Maria_Sophia_of_Neuburg
Landgravine_Elisabeth_Amalie_of_Hesse_Darmstadt	child	Philip_William_August_Count_Palatine_of_Neuburg
Landgravine_Elisabeth_Amalie_of_Hesse_Darmstadt	mother	Sophia_Eleonore_of_Saxony
Landgravine_Elisabeth_Amalie_of_Hesse_Darmstadt	parent	Sophia_Eleonore_of_Saxony
Landgravine_Elisabeth_Amalie_of_Hesse_Darmstadt	spouse	Philip_William_Elector_Palatine
Landgravine_Elisabeth_Amalie_of_Hesse_Darmstadt	type	Person
Lanzelin_Count_of_Habsburg	type	Person
Leonor_de_Alvim	type	Person
Leopold_Duke_of_Lorraine	child	Elisabeth_Therese_of_Lorraine
Leopold_Duke_of_Lorraine	child	Francis_I_Holy_Roman_Emperor
Leopold_Duke_of_Lorraine	child	Louis_Hereditary_Prince_of_Lorraine
Leopold_Duke_of_Lorraine	child	Prince_Charles_Alexander_of_Lorraine
Leopold_Duke_of_Lorraine	child	Princess_Anne_Charlotte_of_Lorraine
Leopold_Duke_of_Lorraine	father	Charles_V_Duke_of_Lorraine
Leopold_Duke_of_Lorraine	mother	Eleonore_of_Austria_Queen_of_Poland
Leopold_Duke_of_Lorraine	parent	Eleonore_of_Austria_Queen_of_Poland
Leopold_Duke_of_Lorraine	spouse	_lisabeth_Charlotte_d_Orl_ans
Leopold_Duke_of_Lorraine	successor	Francis_I_Holy_Roman_Emperor
Leopold_Duke_of_Lorraine	type	Person
Leopold_III_Duke_of_Austria	father	Albert_II_Duke_of_Austria
Leopold_III_Duke_of_Austria	mother	Joanna_of_Pfirt
Leopold_III_Duke_of_Austria	predecessor	Rudolf_IV_Duke_of_Austria
Leopold_III_Duke_of_Austria	spouse	Viridis_Visconti
Leopold_III_Duke_of_Austria	type	Person
Leopold_II_Holy_Roman_Emperor	child	Archduchess_Maria_Amalia_of_Austria_1780_1798
Leopold_II_Holy_Roman_Emperor	child	Archduchess_Maria_Anna_of_Austria_born_1770
Leopold_II_Holy_Roman_Emperor	child	Archduke_Anton_Victor_of_Austria
Leopold_II_Holy_Roman_Emperor	child	Archduke_Charles_Duke_of_Teschen
Leopold_II_Holy_Roman_Emperor	child	Archduke_John_of_Austria
Leopold_II_Holy_Roman_Emperor	child	Archduke_Joseph_of_Austria_Palatine_of_Hungary
Leopold_II_Holy_Roman_Emperor	child	Archduke_Rainer_Joseph_of_Austria
Leopold_II_Holy_Roman_Emperor	child	Archduke_Rudolf_of_Austria
Leopold_II_Holy_Roman_Emperor	child	Ferdinand_III_Grand_Duke_of_Tuscany
Leopold_II_Holy_Roman_Emperor	child	Francis_II_Holy_Roman_Emperor
Leopold_II_Holy_Roman_Emperor	child	Maria_Theresa_of_Austria_1767_1827
Leopold_II_Holy_Roman_Emperor	father	Francis_I_Holy_Roman_Emperor
Leopold_II_Holy_Roman_Emperor	mother	Maria_Theresa
Leopold_II_Holy_Roman_Emperor	parent	Francis_I_Holy_Roman_Emperor
Leopold_II_Holy_Roman_Emperor	parent	Maria_Theresa
Leopold_II_Holy_Roman_Emperor	predecessor	Francis_I_Holy_Roman_Emperor
Leopold_II_Holy_Roman_Emperor	predecessor	Joseph_II_Holy_Roman_Emperor
Leopold_II_Holy_Roman_Emperor	spouse	Maria_Luisa_of_Spain
Leopold_II_Holy_Roman_Emperor	successor	Ferdinand_III_Grand_Duke_of_Tuscany
Leopold_II_Holy_Roman_Emperor	type	Person
Leopold_I_Duke_of_Austria	type	Person
Leopold_Prince_of_Salerno	type	Person
Leopold_V_Archduke_of_Austria	type	Person
Letgarda_de_Rouergue	type	Person
Letizia_Bonaparte	child	Caroline_Bonaparte
Letizia_Bonaparte	child	Elisa_Bonaparte
Letizia_Bonaparte	child	J_r_me_Bonaparte
Letizia_Bonaparte	child	Joseph_Bonaparte
Letizia_Bonaparte	child	Louis_Bonaparte
Letizia_Bonaparte	child	Lucien_Bonaparte
Letizia_Bonaparte	child	Napoleon
Letizia_Bonaparte	child	Pauline_Bonaparte
Letizia_Bonaparte	spouse	Carlo_Buonaparte
Letizia_Bonaparte	type	Person
Leuthard_I_of_Paris	type	Person
Lionel_Woodville	type	Person
Liudolf_Duke_of_Saxony	type	Person
Liudolf_Margrave_of_Frisia	father	Brun_I_Count_of_Brunswick
Liudolf_Margrave_of_Frisia	mother	Gisela_of_Swabia
Liudolf_Margrave_of_Frisia	parent	Brun_I_Count_of_Brunswick
Liudolf_Margrave_of_Frisia	type	Person
Liutgard_of_Saxony_died_885	predecessor	Hemma
Liutgard_of_Saxony_died_885	type	Person
Lixheim	type	Person
Lorenzo_de_Medici	father	Piero_di_Cosimo_de_Medici
Lorenzo_de_Medici	mother	Lucrezia_Tornabuoni
Lorenzo_de_Medici	parent	Lucrezia_Tornabuoni
Lorenzo_de_Medici	parent	Piero_di_Cosimo_de_Medici
Lorenzo_de_Medici	predecessor	Piero_di_Cosimo_de_Medici
Lorenzo_de_Medici	spouse	Clarice_Orsini
Lorenzo_de_Medici	successor	Piero_the_Unfortunate
Lorenzo_de_Medici	type	Person
Lorenzo_de_Medici_Duke_of_Urbino	father	Piero_the_Unfortunate
Lorenzo_de_Medici_Duke_of_Urbino	mother	Alfonsina_Orsini
Lorenzo_de_Medici_Duke_of_Urbino	parent	Alfonsina_Orsini
Lorenzo_de_Medici_Duke_of_Urbino	parent	Piero_the_Unfortunate
Lorenzo_de_Medici_Duke_of_Urbino	predecessor	Giuliano_de_Medici_Duke_of_Nemours
Lorenzo_de_Medici_Duke_of_Urbino	spouse	Madeleine_de_La_Tour_d_Auvergne
Lorenzo_de_Medici_Duke_of_Urbino	successor	Pope_Clement_VII
Lorenzo_de_Medici_Duke_of_Urbino	type	Person
Lorenzo_the_Elder	father	Giovanni_di_Bicci_de_Medici
Lorenzo_the_Elder	parent	Giovanni_di_Bicci_de_Medici
Lorenzo_the_Elder	parent	Piccarda_Bueri
Lorenzo_the_Elder	spouse	Ginevra_Cavalcanti
Lorenzo_the_Elder	type	Person
Lothair_I	father	Louis_the_Pious
Lothair_I	predecessor	Louis_the_Pious
Lothair_I	type	Person
Lothair_II_of_Italy	child	Emma_of_Italy
Lothair_II_of_Italy	father	Hugh_of_Italy
Lothair_II_of_Italy	predecessor	Hugh_of_Italy
Lothair_II_of_Italy	spouse	Adelaide_of_Italy
Lothair_II_of_Italy	successor	Berengar_II_of_Italy
Lothair_II_of_Italy	type	Person
Lothair_of_France	child	Arnulf_archbishop_of_Reims
Lothair_of_France	father	Gilbert_Duke_of_Lorraine
Lothair_of_France	father	Louis_IV_of_France
Lothair_of_France	mother	Gerberga_of_Saxony
Lothair_of_France	parent	Gerberga_of_Saxony
Lothair_of_France	parent	Louis_IV_of_France
Lothair_of_France	predecessor	Louis_IV_of_France
Lothair_of_France	spouse	Emma_of_Italy
Lothair_of_France	successor	Louis_V_of_France
Lothair_of_France	type	Person
Lothair_the_Lame	type	Person
Louis_Alexandre_Count_of_Toulouse	type	Person
Louis_Alexandre_Prince_of_Lamballe	type	Person
Louis_Antoine_Duke_of_Angoul_me	father	Charles_X
Louis_Antoine_Duke_of_Angoul_me	parent	Charles_X
Louis_Antoine_Duke_of_Angoul_me	predecessor	Charles_X
Louis_Antoine_Duke_of_Angoul_me	spouse	Marie_Th_r_se_of_France
Louis_Antoine_Duke_of_Angoul_me	successor	Henri_Count_of_Chambord
Louis_Antoine_Duke_of_Angoul_me	type	Person
Louis_Auguste_Duke_of_Maine	type	Person
Louis_Bonaparte	child	Napol_on_Charles_Bonaparte
Louis_Bonaparte	child	Napol_on_Louis_Bonaparte
Louis_Bonaparte	child	Napoleon_III
Louis_Bonaparte	parent	Carlo_Buonaparte
Louis_Bonaparte	parent	Letizia_Bonaparte
Louis_Bonaparte	spouse	Hortense_de_Beauharnais
Louis_Bonaparte	successor	Napol_on_Louis_Bonaparte
Louis_Bonaparte	type	Person
Louis_C_sar_Count_of_Vexin	type	Person
Louis_Charles_Count_of_Beaujolais	type	Person
Louis_Count_of_Vaud_mont	type	Person
Louis_Count_of_Vend_me	father	John_I_Count_of_La_Marche
Louis_Count_of_Vend_me	parent	Catherine_of_Vend_me
Louis_Count_of_Vend_me	parent	John_I_Count_of_La_Marche
Louis_Count_of_Vend_me	successor	John_VIII_Count_of_Vend_me
Louis_Count_of_Vend_me	type	Person
Louis_Count_of_Vermandois	type	Person
Louis_Count_of__vreux	child	Charles_d_vreux
Louis_Count_of__vreux	child	Joan_of__vreux
Louis_Count_of__vreux	child	Philip_III_of_Navarre
Louis_Count_of__vreux	father	Philip_III_of_France
Louis_Count_of__vreux	mother	Marie_of_Brabant_Queen_of_France
Louis_Count_of__vreux	parent	Marie_of_Brabant_Queen_of_France
Louis_Count_of__vreux	parent	Philip_III_of_France
Louis_Count_of__vreux	spouse	Margaret_of_Artois
Louis_Count_of__vreux	type	Person
Louis_Crato_Count_of_Nassau_Saarbr_cken	type	Person
Louis_Dauphin_of_France_son_of_Louis_XIV	child	Charles_Duke_of_Berry_1686_1714
Louis_Dauphin_of_France_son_of_Louis_XIV	child	Louis_Duke_of_Burgundy
Louis_Dauphin_of_France_son_of_Louis_XIV	child	Philip_V_of_Spain
Louis_Dauphin_of_France_son_of_Louis_XIV	father	Louis_XIV
Louis_Dauphin_of_France_son_of_Louis_XIV	mother	Maria_Theresa_of_Spain
Louis_Dauphin_of_France_son_of_Louis_XIV	parent	Louis_XIV
Louis_Dauphin_of_France_son_of_Louis_XIV	parent	Maria_Theresa_of_Spain
Louis_Dauphin_of_France_son_of_Louis_XIV	spouse	Maria_Anna_Victoria_of_Bavaria
Louis_Dauphin_of_France_son_of_Louis_XIV	spouse	Marie__milie_de_Joly_de_Choin
Louis_Dauphin_of_France_son_of_Louis_XIV	type	Person
Louis_Dauphin_of_France_son_of_Louis_XV	child	Charles_X
Louis_Dauphin_of_France_son_of_Louis_XV	child	Clotilde_of_France
Louis_Dauphin_of_France_son_of_Louis_XV	child	Louis_Duke_of_Burgundy_1751_1761
Louis_Dauphin_of_France_son_of_Louis_XV	child	Louis_XVI
Louis_Dauphin_of_France_son_of_Louis_XV	child	Louis_XVIII
Louis_Dauphin_of_France_son_of_Louis_XV	child	Marie_Z_phyrine_of_France
Louis_Dauphin_of_France_son_of_Louis_XV	parent	Louis_XV
Louis_Dauphin_of_France_son_of_Louis_XV	spouse	Maria_Josepha_of_Saxony_Dauphine_of_France
Louis_Dauphin_of_France_son_of_Louis_XV	type	Person
Louis_Duke_of_Burgundy	child	Louis_XV
Louis_Duke_of_Burgundy	father	Louis_Dauphin_of_France_son_of_Louis_XIV
Louis_Duke_of_Burgundy	mother	Maria_Anna_Victoria_of_Bavaria
Louis_Duke_of_Burgundy	parent	Louis_Dauphin_of_France_son_of_Louis_XIV
Louis_Duke_of_Burgundy	parent	Maria_Anna_Victoria_of_Bavaria
Louis_Duke_of_Burgundy	spouse	Marie_Ad_la_de_of_Savoy
Louis_Duke_of_Burgundy	type	Person
Louis_Duke_of_Burgundy_1751_1761	type	Person
Louis_Duke_of_Durazzo	type	Person
Louis_Duke_of_Guyenne	type	Person
Louis_Duke_of_Orl_ans_1703_1752	child	Louis_Philippe_I_Duke_of_Orl_ans
Louis_Duke_of_Orl_ans_1703_1752	father	Philippe_II_Duke_of_Orl_ans
Louis_Duke_of_Orl_ans_1703_1752	mother	Fran_oise_Marie_de_Bourbon
Louis_Duke_of_Orl_ans_1703_1752	parent	Fran_oise_Marie_de_Bourbon
Louis_Duke_of_Orl_ans_1703_1752	parent	Philippe_II_Duke_of_Orl_ans
Louis_Duke_of_Orl_ans_1703_1752	predecessor	Henri_Jules_Prince_of_Cond_
Louis_Duke_of_Orl_ans_1703_1752	predecessor	Philippe_II_Duke_of_Orl_ans
Louis_Duke_of_Orl_ans_1703_1752	spouse	Auguste_of_Bade_Baden
Louis_Duke_of_Orl_ans_1703_1752	successor	Louis_Philippe_I_Duke_of_Orl_ans
Louis_Duke_of_Orl_ans_1703_1752	type	Person
Louis_Duke_of_Savoy	child	Amadeus_IX_Duke_of_Savoy
Louis_Duke_of_Savoy	child	Bona_of_Savoy
Louis_Duke_of_Savoy	child	Charlotte_of_Savoy
Louis_Duke_of_Savoy	child	Jacques_of_Savoy_Count_of_Romont
Louis_Duke_of_Savoy	child	Louis_of_Cyprus
Louis_Duke_of_Savoy	child	Margaret_of_Savoy_Countess_of_Saint_Pol
Louis_Duke_of_Savoy	child	Marie_of_Savoy_Countess_of_Saint_Pol
Louis_Duke_of_Savoy	child	Philip_II_Duke_of_Savoy
Louis_Duke_of_Savoy	father	Amadeus_VIII_Duke_of_Savoy
Louis_Duke_of_Savoy	mother	Mary_of_Burgundy_Duchess_of_Savoy
Louis_Duke_of_Savoy	parent	Amadeus_VIII_Duke_of_Savoy
Louis_Duke_of_Savoy	parent	Mary_of_Burgundy_Duchess_of_Savoy
Louis_Duke_of_Savoy	predecessor	Amadeus_VIII_Duke_of_Savoy
Louis_Duke_of_Savoy	spouse	Anne_of_Cyprus
Louis_Duke_of_Savoy	successor	Amadeus_IX_Duke_of_Savoy
Louis_Duke_of_Savoy	type	Person
Louis_Henri_de_Pardaillan_de_Gondrin	spouse	Fran_oise_Ath_na_s_de_Rochechouart_Marquise_de_Montespan
Louis_Henri_de_Pardaillan_de_Gondrin	type	Person
Louis_Hereditary_Prince_of_Lorraine	type	Person
Louis_III_Elector_Palatine	type	Person
Louis_III_Landgrave_of_Thuringia	spouse	Sophia_of_Minsk
Louis_III_Landgrave_of_Thuringia	type	Person
Louis_III_of_Anjou	successor	Ren__of_Anjou
Louis_III_of_Anjou	type	Person
Louis_III_of_France	father	Louis_the_Stammerer
Louis_III_of_France	mother	Ansgarde_of_Burgundy
Louis_III_of_France	parent	Ansgarde_of_Burgundy
Louis_III_of_France	parent	Louis_the_Stammerer
Louis_III_of_France	predecessor	Louis_the_Stammerer
Louis_III_of_France	successor	Carloman_II
Louis_III_of_France	type	Person
Louis_II_Duke_of_Bavaria	father	Otto_II_Duke_of_Bavaria
Louis_II_Duke_of_Bavaria	parent	Agnes_of_the_Palatinate
Louis_II_Duke_of_Bavaria	parent	Otto_II_Duke_of_Bavaria
Louis_II_Duke_of_Bavaria	spouse	Anna_of_Glogau
Louis_II_Duke_of_Bavaria	spouse	Maria_of_Brabant_Duchess_of_Bavaria
Louis_II_Duke_of_Bavaria	spouse	Matilda_of_Habsburg
Louis_II_Duke_of_Bavaria	type	Person
Louis_II_Duke_of_Bourbon	type	Person
Louis_II_Elector_of_Brandenburg	type	Person
Louis_II_d_Orl_ans_Duke_of_Longueville	spouse	Mary_of_Guise
Louis_II_d_Orl_ans_Duke_of_Longueville	type	Person
Louis_II_of_Anjou	child	Charles_Count_of_Maine
Louis_II_of_Anjou	child	Marie_of_Anjou
Louis_II_of_Anjou	child	Ren__of_Anjou
Louis_II_of_Anjou	child	Yolande_of_Aragon
Louis_II_of_Anjou	father	Louis_I_of_Anjou
Louis_II_of_Anjou	mother	Marie_of_Blois_Duchess_of_Anjou
Louis_II_of_Anjou	parent	Louis_I_of_Anjou
Louis_II_of_Anjou	parent	Marie_of_Blois_Duchess_of_Anjou
Louis_II_of_Anjou	predecessor	Louis_I_of_Anjou
Louis_II_of_Anjou	spouse	John_I_of_Aragon
Louis_II_of_Anjou	spouse	Violant_of_Bar
Louis_II_of_Anjou	spouse	Yolande_of_Aragon
Louis_II_of_Anjou	type	Person
Louis_II_of_Hungary	successor	Ferdinand_I_Holy_Roman_Emperor
Louis_II_of_Hungary	type	Person
Louis_II_of_Italy	successor	Charles_the_Bald
Louis_II_of_Italy	type	Person
Louis_IV_Holy_Roman_Emperor	child	Albert_I_Duke_of_Bavaria
Louis_IV_Holy_Roman_Emperor	child	Beatrice_of_Bavaria
Louis_IV_Holy_Roman_Emperor	child	Louis_II_Elector_of_Brandenburg
Louis_IV_Holy_Roman_Emperor	child	Matilda_of_Bavaria_Margravine_of_Meissen
Louis_IV_Holy_Roman_Emperor	child	Otto_V_Duke_of_Bavaria
Louis_IV_Holy_Roman_Emperor	child	William_I_Duke_of_Bavaria
Louis_IV_Holy_Roman_Emperor	father	Louis_II_Duke_of_Bavaria
Louis_IV_Holy_Roman_Emperor	parent	Louis_II_Duke_of_Bavaria
Louis_IV_Holy_Roman_Emperor	parent	Matilda_of_Habsburg
Louis_IV_Holy_Roman_Emperor	predecessor	Henry_VII_Holy_Roman_Emperor
Louis_IV_Holy_Roman_Emperor	predecessor	Rudolf_I_Duke_of_Bavaria
Louis_IV_Holy_Roman_Emperor	spouse	Beatrice_of_Silesia
Louis_IV_Holy_Roman_Emperor	spouse	Margaret_II_Countess_of_Hainaut
Louis_IV_Holy_Roman_Emperor	successor	Charles_IV_Holy_Roman_Emperor
Louis_IV_Holy_Roman_Emperor	type	Person
Louis_IV_Landgrave_of_Hesse_Marburg	type	Person
Louis_IV_of_France	child	Charles_Duke_of_Lower_Lorraine
Louis_IV_of_France	child	Matilda_of_France
Louis_IV_of_France	father	Charles_the_Simple
Louis_IV_of_France	father	Herbert_III_of_Omois
Louis_IV_of_France	mother	Eadgifu_of_Wessex
Louis_IV_of_France	parent	Charles_the_Simple
Louis_IV_of_France	parent	Eadgifu_of_Wessex
Louis_IV_of_France	predecessor	Rudolph_of_France
Louis_IV_of_France	spouse	Gerberga_of_Saxony
Louis_IV_of_France	successor	Lothair_of_France
Louis_IV_of_France	type	Person
Louis_IX_Landgrave_of_Hesse_Darmstadt	spouse	Countess_Palatine_Caroline_of_Zweibr_cken
Louis_IX_Landgrave_of_Hesse_Darmstadt	type	Person
Louis_IX_of_France	child	Agnes_of_France_Duchess_of_Burgundy
Louis_IX_of_France	child	Blanche_of_France_Infanta_of_Castile
Louis_IX_of_France	child	Isabella_of_France_Queen_of_Navarre
Louis_IX_of_France	child	John_Tristan_Count_of_Valois
Louis_IX_of_France	child	Louis_of_France_1244_1260
Louis_IX_of_France	child	Peter_I_Count_of_Alen_on
Louis_IX_of_France	child	Philip_III_of_France
Louis_IX_of_France	child	Robert_Count_of_Clermont
Louis_IX_of_France	father	Louis_VIII_of_France
Louis_IX_of_France	parent	Blanche_of_Castile
Louis_IX_of_France	predecessor	Louis_VIII_of_France
Louis_IX_of_France	spouse	Margaret_of_Provence
Louis_IX_of_France	successor	Philip_III_of_France
Louis_IX_of_France	type	Person
Louis_I_Cardinal_of_Guise	type	Person
Louis_I_Duke_of_Bar	type	Person
Louis_I_Duke_of_Bavaria	father	Otto_I_Duke_of_Bavaria
Louis_I_Duke_of_Bavaria	mother	Agnes_of_Loon
Louis_I_Duke_of_Bavaria	parent	Agnes_of_Loon
Louis_I_Duke_of_Bavaria	parent	Otto_I_Duke_of_Bavaria
Louis_I_Duke_of_Bavaria	spouse	Ludmilla_of_Bohemia
Louis_I_Duke_of_Bavaria	type	Person
Louis_I_Duke_of_Bourbon	child	Beatrice_of_Bourbon_Queen_of_Bohemia
Louis_I_Duke_of_Bourbon	child	James_I_Count_of_La_Marche
Louis_I_Duke_of_Bourbon	father	Robert_Count_of_Clermont
Louis_I_Duke_of_Bourbon	mother	Beatrice_of_Burgundy_Lady_of_Bourbon
Louis_I_Duke_of_Bourbon	parent	Beatrice_of_Burgundy_Lady_of_Bourbon
Louis_I_Duke_of_Bourbon	parent	Robert_Count_of_Clermont
Louis_I_Duke_of_Bourbon	spouse	Mary_of_Avesnes
Louis_I_Duke_of_Bourbon	type	Person
Louis_I_Duke_of_Orl_ans	child	Charles_Duke_of_Orl_ans
Louis_I_Duke_of_Orl_ans	child	John_Count_of_Angoul_me
Louis_I_Duke_of_Orl_ans	child	Philip_Count_of_Vertus
Louis_I_Duke_of_Orl_ans	father	Charles_V_of_France
Louis_I_Duke_of_Orl_ans	mother	Joanna_of_Bourbon
Louis_I_Duke_of_Orl_ans	parent	Charles_V_of_France
Louis_I_Duke_of_Orl_ans	parent	Joanna_of_Bourbon
Louis_I_Duke_of_Orl_ans	spouse	Valentina_Visconti_Duchess_of_Orl_ans
Louis_I_Duke_of_Orl_ans	successor	Charles_Duke_of_Orl_ans
Louis_I_Duke_of_Orl_ans	type	Person
Louis_I_Grand_Duke_of_Hesse	type	Person
Louis_I_of_Anjou	child	Charles_Prince_of_Taranto
Louis_I_of_Anjou	child	Louis_II_of_Anjou
Louis_I_of_Anjou	father	John_II_of_France
Louis_I_of_Anjou	mother	Bonne_of_Luxembourg
Louis_I_of_Anjou	parent	Bonne_of_Luxembourg
Louis_I_of_Anjou	spouse	Marie_of_Blois_Duchess_of_Anjou
Louis_I_of_Anjou	successor	Louis_II_of_Anjou
Louis_I_of_Anjou	type	Person
Louis_I_of_Brzeg	type	Person
Louis_I_of_Spain	predecessor	Philip_V_of_Spain
Louis_I_of_Spain	successor	Philip_V_of_Spain
Louis_I_of_Spain	type	Person
Louis_Jean_Marie_de_Bourbon_Duke_of_Penthi_vre	spouse	Maria_Teresa_Felicitas_d_Este
Louis_Jean_Marie_de_Bourbon_Duke_of_Penthi_vre	type	Person
Louis_Joseph_Dauphin_of_France	type	Person
Louis_Marie_Duke_of_Rambouillet	type	Person
Louis_Philippe_I	father	Louis_Philippe_II_Duke_of_Orl_ans
Louis_Philippe_I	mother	Louise_Marie_Ad_la_de_de_Bourbon_Duchess_of_Orl_ans
Louis_Philippe_I	parent	Louis_Philippe_II_Duke_of_Orl_ans
Louis_Philippe_I	parent	Louise_Marie_Ad_la_de_de_Bourbon_Duchess_of_Orl_ans
Louis_Philippe_I	predecessor	Charles_X
Louis_Philippe_I	predecessor	Henri_Count_of_Chambord
Louis_Philippe_I	predecessor	Louis_Philippe_II_Duke_of_Orl_ans
Louis_Philippe_I	spouse	Maria_Amalia_of_Naples_and_Sicily
Louis_Philippe_I	successor	Ferdinand_Philippe_Duke_of_Orl_ans
Louis_Philippe_I	successor	French_Revolution_of_1848
Louis_Philippe_I	successor	Jacques_Charles_Dupont_de_l_Eure
Louis_Philippe_I	successor	Napoleon_III
Louis_Philippe_I	successor	Prince_Philippe_Count_of_Paris
Louis_Philippe_I	type	Person
Louis_Philippe_II_Duke_of_Orl_ans	child	Ad_la_de_d_Orl_ans
Louis_Philippe_II_Duke_of_Orl_ans	child	Louis_Charles_Count_of_Beaujolais
Louis_Philippe_II_Duke_of_Orl_ans	child	Louis_Philippe_I
Louis_Philippe_II_Duke_of_Orl_ans	father	Louis_Philippe_I_Duke_of_Orl_ans
Louis_Philippe_II_Duke_of_Orl_ans	parent	Louis_Philippe_I_Duke_of_Orl_ans
Louis_Philippe_II_Duke_of_Orl_ans	parent	Louise_Henriette_de_Bourbon
Louis_Philippe_II_Duke_of_Orl_ans	predecessor	Louis_Philippe_I_Duke_of_Orl_ans
Louis_Philippe_II_Duke_of_Orl_ans	spouse	Louise_Marie_Ad_la_de_de_Bourbon_Duchess_of_Orl_ans
Louis_Philippe_II_Duke_of_Orl_ans	successor	Louis_Philippe_I
Louis_Philippe_II_Duke_of_Orl_ans	type	Person
Louis_Philippe_I_Duke_of_Orl_ans	child	Bathilde_d_Orl_ans
Louis_Philippe_I_Duke_of_Orl_ans	child	Louis_Philippe_II_Duke_of_Orl_ans
Louis_Philippe_I_Duke_of_Orl_ans	father	Louis_Duke_of_Orl_ans_1703_1752
Louis_Philippe_I_Duke_of_Orl_ans	mother	Auguste_of_Bade_Baden
Louis_Philippe_I_Duke_of_Orl_ans	parent	Louis_Duke_of_Orl_ans_1703_1752
Louis_Philippe_I_Duke_of_Orl_ans	predecessor	Louis_Duke_of_Orl_ans_1703_1752
Louis_Philippe_I_Duke_of_Orl_ans	spouse	Louise_Henriette_de_Bourbon
Louis_Philippe_I_Duke_of_Orl_ans	spouse	Madame_de_Montesson
Louis_Philippe_I_Duke_of_Orl_ans	successor	Louis_Philippe_II_Duke_of_Orl_ans
Louis_Philippe_I_Duke_of_Orl_ans	type	Person
Louis_Prince_of_Cond__1530_1569	type	Person
Louis_Rudolph_Duke_of_Brunswic_L_neburg	spouse	Princess_Christine_Louise_of_Oettinge_Oettingen
Louis_Rudolph_Duke_of_Brunswic_L_neburg	type	Person
Louis_VIII_of_France	child	Alphonse_Count_of_Poitiers
Louis_VIII_of_France	child	Charles_I_of_Anjou
Louis_VIII_of_France	child	Isabelle_of_France_saint
Louis_VIII_of_France	child	Robert_I_Count_of_Artois
Louis_VIII_of_France	father	Philip_II_of_France
Louis_VIII_of_France	mother	Isabella_of_Hainault
Louis_VIII_of_France	parent	Isabella_of_Hainault
Louis_VIII_of_France	parent	Philip_II_of_France
Louis_VIII_of_France	predecessor	John_King_of_England
Louis_VIII_of_France	predecessor	Philip_II_of_France
Louis_VIII_of_France	spouse	Blanche_of_Castile
Louis_VIII_of_France	successor	Henry_III_of_England
Louis_VIII_of_France	successor	Louis_IX_of_France
Louis_VIII_of_France	type	Person
Louis_VII_of_France	child	Agnes_of_France_Byzantine_Empress
Louis_VII_of_France	child	Alix_of_France
Louis_VII_of_France	child	Alys_of_France_Countess_of_Vexin
Louis_VII_of_France	child	Marie_of_France_Countess_of_Champagne
Louis_VII_of_France	father	Louis_VI_of_France
Louis_VII_of_France	parent	Adelaide_of_Maurienne
Louis_VII_of_France	parent	Louis_VI_of_France
Louis_VII_of_France	predecessor	Louis_VI_of_France
Louis_VII_of_France	spouse	Adela_of_Champagne
Louis_VII_of_France	spouse	Constance_of_Castile
Louis_VII_of_France	successor	Philip_II_of_France
Louis_VII_of_France	type	Person
Louis_VI_Landgrave_of_Hesse_Darmstadt	type	Person
Louis_VI_of_France	child	Constance_of_France_Countess_of_Toulouse
Louis_VI_of_France	child	Peter_I_of_Courtenay
Louis_VI_of_France	child	Philip_of_France_1116_1131
Louis_VI_of_France	child	Philip_of_France_Archdeacon_of_Paris
Louis_VI_of_France	child	Robert_I_Count_of_Dreux
Louis_VI_of_France	father	Philip_I_of_France
Louis_VI_of_France	mother	Bertha_of_Holland
Louis_VI_of_France	parent	Philip_I_of_France
Louis_VI_of_France	spouse	Adelaide_of_Maurienne
Louis_VI_of_France	spouse	Lucienne_of_Rochefort
Louis_VI_of_France	successor	Louis_VII_of_France
Louis_VI_of_France	type	Person
Louis_V_Duke_of_Bavaria	type	Person
Louis_V_of_France	father	Lothair_of_France
Louis_V_of_France	parent	Emma_of_Italy
Louis_V_of_France	predecessor	Lothair_of_France
Louis_V_of_France	spouse	Adelaide_Blanche_of_Anjou
Louis_V_of_France	successor	Hugh_Capet
Louis_V_of_France	type	Person
Louis_XI	child	Anne_of_France
Louis_XI	child	Charles_VIII_of_France
Louis_XI	child	Joan_of_France_Duchess_of_Berry
Louis_XI	father	Charles_VII_of_France
Louis_XI	mother	Marie_of_Anjou
Louis_XI	parent	Charles_VII_of_France
Louis_XI	parent	Marie_of_Anjou
Louis_XI	spouse	Charlotte_of_Savoy
Louis_XI	spouse	Margaret_Stewart_Dauphine_of_France
Louis_XI	successor	Charles_VIII_of_France
Louis_XI	type	Person
Louis_XII	child	Claude_of_France
Louis_XII	child	Ren_e_of_France
Louis_XII	father	Charles_Duke_of_Orl_ans
Louis_XII	mother	Marie_of_Cleves_Duchess_of_Orl_ans
Louis_XII	parent	Charles_Duke_of_Orl_ans
Louis_XII	parent	Marie_of_Cleves_Duchess_of_Orl_ans
Louis_XII	predecessor	Charles_Duke_of_Orl_ans
Louis_XII	predecessor	Frederick_of_Naples
Louis_XII	predecessor	Ludovico_Sforza
Louis_XII	spouse	Anne_of_Brittany
Louis_XII	spouse	Joan_of_France_Duchess_of_Berry
Louis_XII	spouse	Mary_Tudor_Queen_of_France
Louis_XII	successor	Ferdinand_II_of_Aragon
Louis_XII	successor	Maximilian_Sforza
Louis_XII	type	Person
Louis_XIII	child	Louis_XIV
Louis_XIII	father	Henry_IV_of_France
Louis_XIII	parent	Henry_IV_of_France
Louis_XIII	parent	Marie_de_Medici
Louis_XIII	spouse	Anne_of_Austria
Louis_XIII	successor	Louis_XIV
Louis_XIII	type	Person
Louis_XIV	child	Fran_oise_Marie_de_Bourbon
Louis_XIV	child	Louis_Auguste_Duke_of_Maine
Louis_XIV	child	Louis_C_sar_Count_of_Vexin
Louis_XIV	child	Louis_Count_of_Vermandois
Louis_XIV	child	Louis_Dauphin_of_France_son_of_Louis_XIV
Louis_XIV	child	Louise_Marie_Anne_de_Bourbon
Louis_XIV	child	Marie_Th_r_se_of_France_1667_1672
Louis_XIV	father	Louis_XIII
Louis_XIV	parent	Anne_of_Austria
Louis_XIV	parent	Louis_XIII
Louis_XIV	spouse	Fran_oise_Ath_na_s_de_Rochechouart_Marquise_de_Montespan
Louis_XIV	spouse	Fran_oise_d_Aubign__Marquise_de_Maintenon
Louis_XIV	spouse	Maria_Theresa_of_Spain
Louis_XIV	type	Person
Louis_XV	child	Henriette_of_France_1727_1752
Louis_XV	child	Louis_Dauphin_of_France_son_of_Louis_XV
Louis_XV	child	Louise__lisabeth_of_France
Louis_XV	child	Louise_of_France_1737_1787
Louis_XV	child	Madame_Ad_la_de
Louis_XV	child	Marie_Louise_of_France_1728_1733
Louis_XV	child	Philippe_Duke_of_Anjou
Louis_XV	child	Sophie_of_France_1734_1782
Louis_XV	child	Victoire_of_France_1733_1799
Louis_XV	father	Louis_Duke_of_Burgundy
Louis_XV	mother	Marie_Ad_la_de_of_Savoy
Louis_XV	parent	Louis_Duke_of_Burgundy
Louis_XV	predecessor	Louis_XIV
Louis_XV	successor	Louis_XVI
Louis_XV	type	Person
Louis_XVI	child	Louis_Joseph_Dauphin_of_France
Louis_XVI	child	Marie_Th_r_se_of_France
Louis_XVI	child	Sophie_of_France_1786_1787
Louis_XVI	father	Louis_Dauphin_of_France_son_of_Louis_XV
Louis_XVI	mother	Maria_Josepha_of_Saxony_Dauphine_of_France
Louis_XVI	parent	Louis_Dauphin_of_France_son_of_Louis_XV
Louis_XVI	parent	Maria_Josepha_of_Saxony_Dauphine_of_France
Louis_XVI	spouse	Charles_X
Louis_XVI	spouse	Marie_Antoinette
Louis_XVI	successor	Louis_XVII
Louis_XVI	type	Person
Louis_XVII	father	Louis_XVI
Louis_XVII	mother	Marie_Antoinette
Louis_XVII	parent	Louis_XVI
Louis_XVII	parent	Marie_Antoinette
Louis_XVII	predecessor	Louis_XVI
Louis_XVII	successor	Louis_XVIII
Louis_XVII	type	Person
Louis_XVIII	father	Louis_Dauphin_of_France_son_of_Louis_XV
Louis_XVIII	mother	Maria_Josepha_of_Saxony_Dauphine_of_France
Louis_XVIII	parent	Louis_Dauphin_of_France_son_of_Louis_XV
Louis_XVIII	parent	Maria_Josepha_of_Saxony_Dauphine_of_France
Louis_XVIII	predecessor	Louis_XVII
Louis_XVIII	predecessor	Napoleon
Louis_XVIII	spouse	Marie_Jos_phine_of_Savoy
Louis_XVIII	successor	Charles_X
Louis_XVIII	type	Person
Louis_X_of_France	father	Joan_I_of_Navarre
Louis_X_of_France	father	Philip_IV_of_France
Louis_X_of_France	parent	Joan_I_of_Navarre
Louis_X_of_France	parent	Philip_IV_of_France
Louis_X_of_France	predecessor	Joan_I_of_Navarre
Louis_X_of_France	predecessor	Philip_IV_of_France
Louis_X_of_France	spouse	Clementia_of_Hungary
Louis_X_of_France	spouse	Margaret_of_Burgundy_Queen_of_France
Louis_X_of_France	successor	John_I_of_France
Louis_X_of_France	type	Person
Louis_de_Bourbon_Bishop_of_Li_ge	type	Person
Louis_of_Anjou_Marquis_of_Pont___Mousson	type	Person
Louis_of_Burgundy	type	Person
Louis_of_Cyprus	type	Person
Louis_of_France_1244_1260	type	Person
Louis_of_France_1264_1276	type	Person
Louis_of_Toulouse	type	Person
Louis_of_Valois	type	Person
Louis_the_German	child	Carloman_of_Bavaria
Louis_the_German	child	Charles_the_Fat
Louis_the_German	child	Louis_the_Younger
Louis_the_German	father	Louis_the_Pious
Louis_the_German	mother	Ermengarde_of_Hesbaye
Louis_the_German	parent	Ermengarde_of_Hesbaye
Louis_the_German	parent	Louis_the_Pious
Louis_the_German	predecessor	Louis_the_Pious
Louis_the_German	spouse	Hemma
Louis_the_German	successor	Carloman_of_Bavaria
Louis_the_German	successor	Charles_the_Fat
Louis_the_German	successor	Louis_the_Younger
Louis_the_German	type	Person
Louis_the_Pious	child	Charles_the_Bald
Louis_the_Pious	child	Lothair_I
Louis_the_Pious	child	Louis_the_German
Louis_the_Pious	child	Pepin_I_of_Aquitaine
Louis_the_Pious	father	Charlemagne
Louis_the_Pious	parent	Charlemagne
Louis_the_Pious	predecessor	Charlemagne
Louis_the_Pious	spouse	Ermengarde_of_Hesbaye
Louis_the_Pious	spouse	Judith_of_Bavaria_died_843
Louis_the_Pious	successor	Lothair_I
Louis_the_Pious	successor	Louis_the_German
Louis_the_Pious	successor	Pepin_I_of_Aquitaine
Louis_the_Pious	type	Person
Louis_the_Stammerer	child	Carloman_II
Louis_the_Stammerer	child	Charles_the_Simple
Louis_the_Stammerer	child	Louis_III_of_France
Louis_the_Stammerer	father	Charles_the_Bald
Louis_the_Stammerer	mother	Ermentrude_of_Orl_ans
Louis_the_Stammerer	parent	Charles_the_Bald
Louis_the_Stammerer	parent	Ermentrude_of_Orl_ans
Louis_the_Stammerer	spouse	Adelaide_of_Paris
Louis_the_Stammerer	spouse	Ansgarde_of_Burgundy
Louis_the_Stammerer	successor	Carloman_II
Louis_the_Stammerer	successor	Louis_III_of_France
Louis_the_Stammerer	type	Person
Louis_the_Younger	father	Louis_the_German
Louis_the_Younger	predecessor	Louis_the_German
Louis_the_Younger	type	Person
Louise_Ad_la_de_d_Orl_ans	type	Person
Louise_Diane_Princess_of_Conti	type	Person
Louise_Fran_oise_de_Bourbon_Duchess_of_Bourbon	type	Person
Louise_Henriette_de_Bourbon	spouse	Louis_Philippe_I_Duke_of_Orl_ans
Louise_Henriette_de_Bourbon	type	Person
Louise_Marie_Ad_la_de_de_Bourbon_Duchess_of_Orl_ans	child	Ad_la_de_d_Orl_ans
Louise_Marie_Ad_la_de_de_Bourbon_Duchess_of_Orl_ans	child	Louis_Charles_Count_of_Beaujolais
Louise_Marie_Ad_la_de_de_Bourbon_Duchess_of_Orl_ans	child	Louis_Philippe_I
Louise_Marie_Ad_la_de_de_Bourbon_Duchess_of_Orl_ans	father	Louis_Jean_Marie_de_Bourbon_Duke_of_Penthi_vre
Louise_Marie_Ad_la_de_de_Bourbon_Duchess_of_Orl_ans	mother	Maria_Teresa_Felicitas_d_Este
Louise_Marie_Ad_la_de_de_Bourbon_Duchess_of_Orl_ans	parent	Louis_Jean_Marie_de_Bourbon_Duke_of_Penthi_vre
Louise_Marie_Ad_la_de_de_Bourbon_Duchess_of_Orl_ans	spouse	Louis_Philippe_II_Duke_of_Orl_ans
Louise_Marie_Ad_la_de_de_Bourbon_Duchess_of_Orl_ans	type	Person
Louise_Marie_Anne_de_Bourbon	type	Person
Louise_Marie_d_Orl_ans	type	Person
Louise__lisabeth_Duchess_of_Berry	type	Person
Louise__lisabeth_d_Orl_ans	type	Person
Louise__lisabeth_of_France	child	Ferdinand_Duke_of_Parma
Louise__lisabeth_of_France	child	Maria_Luisa_of_Parma
Louise__lisabeth_of_France	father	Louis_XV
Louise__lisabeth_of_France	parent	Louis_XV
Louise__lisabeth_of_France	spouse	Philip_Duke_of_Parma
Louise__lisabeth_of_France	type	Person
Louise_de_Maisonblanche	type	Person
Louise_of_France_1737_1787	type	Person
Louise_of_Great_Britain	type	Person
Louise_of_Lorraine	father	Nicolas_Duke_of_Merc_ur
Louise_of_Lorraine	parent	Nicolas_Duke_of_Merc_ur
Louise_of_Lorraine	spouse	Henry_III_of_France
Louise_of_Lorraine	type	Person
Louise_of_Orl_ans	type	Person
Louise_of_Savoy	child	Francis_I_of_France
Louise_of_Savoy	child	Margaret_of_Valois_Angoul_me
Louise_of_Savoy	father	Philip_II_Duke_of_Savoy
Louise_of_Savoy	parent	Margaret_of_Bourbon_1438_1483
Louise_of_Savoy	spouse	Charles_Count_of_Angoul_me
Louise_of_Savoy	type	Person
Lu_s_of_Portugal_Duke_of_Beja	type	Person
Lucia_Migliaccio	spouse	Ferdinand_I_of_the_Two_Sicilies
Lucia_Migliaccio	type	Person
Lucia_da_Torsano	type	Person
Lucien_Bonaparte	type	Person
Lucienne_of_Rochefort	spouse	Louis_VI_of_France
Lucienne_of_Rochefort	type	Person
Lucrezia_Tornabuoni	spouse	Piero_di_Cosimo_de_Medici
Lucrezia_Tornabuoni	type	Person
Lucrezia_de_Medici_Duchess_of_Ferrara	type	Person
Ludmilla_of_Bohemia	spouse	Louis_I_Duke_of_Bavaria
Ludmilla_of_Bohemia	type	Person
Ludovico_Sforza	successor	Louis_XII
Ludovico_Sforza	type	Person
Luisa_Carlotta_of_the_Two_Sicilies	type	Person
Luisa_of_Naples_and_Sicily	type	Person
Luise_Marie_of_the_Palatinate	type	Person
Luitgarde_of_Vermandois	father	Herbert_II_Count_of_Vermandois
Luitgarde_of_Vermandois	spouse	Theobald_I_Count_of_Blois
Luitgarde_of_Vermandois	spouse	William_Longsword
Luitgarde_of_Vermandois	type	Person
Lutgardis_of_Luxemburg	spouse	Arnulf_Count_of_Holland
Lutgardis_of_Luxemburg	type	Person
Madame_Ad_la_de	type	Person
Madame_de_Montesson	spouse	Louis_Philippe_I_Duke_of_Orl_ans
Madame_de_Montesson	type	Person
Madeleine_de_La_Tour_d_Auvergne	father	John_III_Count_of_Auvergne
Madeleine_de_La_Tour_d_Auvergne	father	John_II_Duke_of_Bourbon
Madeleine_de_La_Tour_d_Auvergne	mother	Jeanne_de_Bourbon_Duchess_of_Bourbon
Madeleine_de_La_Tour_d_Auvergne	parent	Jeanne_de_Bourbon_Duchess_of_Bourbon
Madeleine_de_La_Tour_d_Auvergne	spouse	Lorenzo_de_Medici_Duke_of_Urbino
Madeleine_de_La_Tour_d_Auvergne	type	Person
Madeleine_of_Valois	spouse	James_V_of_Scotland
Madeleine_of_Valois	type	Person
Mafalda_of_Portugal	type	Person
Magdalena_Sibylla_of_Saxe_Weissenfels	type	Person
Magdalena_of_Saxony	type	Person
Magdalena_of_Valois	type	Person
Magdalene_Sibylle_of_Prussia	father	Albert_Frederick_Duke_of_Prussia
Magdalene_Sibylle_of_Prussia	mother	Marie_Eleonore_of_Cleves
Magdalene_Sibylle_of_Prussia	parent	Marie_Eleonore_of_Cleves
Magdalene_Sibylle_of_Prussia	spouse	John_George_I_Elector_of_Saxony
Magdalene_Sibylle_of_Prussia	type	Person
Magdalene_of_Brandenburg_1412_1454	spouse	Frederick_II_Duke_of_Brunswic_L_neburg
Magdalene_of_Brandenburg_1412_1454	type	Person
Magnus_II_Duke_of_Brunswic_L_neburg	father	Magnus_I_Duke_of_Brunswic_L_neburg
Magnus_II_Duke_of_Brunswic_L_neburg	mother	Sophia_of_Brandenburg
Magnus_II_Duke_of_Brunswic_L_neburg	parent	Magnus_I_Duke_of_Brunswic_L_neburg
Magnus_II_Duke_of_Brunswic_L_neburg	parent	Sophia_of_Brandenburg
Magnus_II_Duke_of_Brunswic_L_neburg	spouse	Catherine_of_Anhalt_Bernburg
Magnus_II_Duke_of_Brunswic_L_neburg	type	Person
Magnus_I_Duke_of_Brunswic_L_neburg	father	Albert_II_Duke_of_Brunswic_L_neburg
Magnus_I_Duke_of_Brunswic_L_neburg	parent	Rixa_of_Werle
Magnus_I_Duke_of_Brunswic_L_neburg	spouse	Sophia_of_Brandenburg
Magnus_I_Duke_of_Brunswic_L_neburg	type	Person
Magnus_the_Strong	spouse	Richeza_of_Poland_Queen_of_Sweden
Magnus_the_Strong	type	Person
Mahaut_Countess_of_Artois	father	Robert_II_Count_of_Artois
Mahaut_Countess_of_Artois	mother	Amicie_de_Courtenay
Mahaut_Countess_of_Artois	parent	Amicie_de_Courtenay
Mahaut_Countess_of_Artois	parent	Robert_II_Count_of_Artois
Mahaut_Countess_of_Artois	predecessor	Robert_II_Count_of_Artois
Mahaut_Countess_of_Artois	spouse	Otto_IV_Count_of_Burgundy
Mahaut_Countess_of_Artois	successor	Joan_II_Countess_of_Burgundy
Mahaut_Countess_of_Artois	type	Person
Mahaut_of_Ch_tillon	father	Guy_IV_Count_of_Saint_Pol
Mahaut_of_Ch_tillon	parent	Marie_of_Brittany_Countess_of_Saint_Pol
Mahaut_of_Ch_tillon	spouse	Charles_Count_of_Valois
Mahaut_of_Ch_tillon	type	Person
Malcolm_III_of_Scotland	spouse	Saint_Margaret_of_Scotland
Malcolm_III_of_Scotland	type	Person
Malusha	spouse	Sviatoslav_I
Malusha	type	Person
Manuel_I_of_Portugal	predecessor	John_II_of_Portugal
Manuel_I_of_Portugal	spouse	Eleanor_of_Austria
Manuel_I_of_Portugal	spouse	Maria_of_Aragon_Queen_of_Portugal
Manuel_I_of_Portugal	type	Person
Manuel_of_Castile	type	Person
Mar_a_Amparo_Mu_oz_y_Borb_n_1st_Countess_of_Vista_Alegre	type	Person
Mar_a_Cristina_Mu_oz_y_Borb_n_Marquise_of_la_Isabela	type	Person
Mar_a_Isabella_of_Spain	child	Charles_Ferdinand_Prince_of_Capua
Mar_a_Isabella_of_Spain	child	Luisa_Carlotta_of_the_Two_Sicilies
Mar_a_Isabella_of_Spain	child	Maria_Christina_of_the_Two_Sicilies
Mar_a_Isabella_of_Spain	child	Prince_Antonio_Count_of_Lecce
Mar_a_Isabella_of_Spain	child	Prince_Francis_Count_of_Trapani
Mar_a_Isabella_of_Spain	child	Prince_Leopold_Count_of_Syracuse
Mar_a_Isabella_of_Spain	child	Prince_Louis_Count_of_Aquila
Mar_a_Isabella_of_Spain	child	Princess_Maria_Antonia_of_the_Two_Sicilies
Mar_a_Isabella_of_Spain	child	Princess_Maria_Carolina_of_Bourbo_Two_Sicilies_1820_1861
Mar_a_Isabella_of_Spain	child	Teresa_Cristina_of_the_Two_Sicilies
Mar_a_Isabella_of_Spain	father	Charles_IV_of_Spain
Mar_a_Isabella_of_Spain	mother	Maria_Luisa_of_Parma
Mar_a_Isabella_of_Spain	spouse	Francis_I_of_the_Two_Sicilies
Mar_a_Isabella_of_Spain	type	Person
Mar_a_Manuela_Kirkpatrick_de_Grevign_e	type	Person
Mar_a_de_Molina	spouse	Sancho_IV_of_Castile
Mar_a_de_Molina	type	Person
Mar_a_de_Salinas	type	Person
March_of_Friuli	type	Person
Maredudd_ap_Tudur	parent	Marged_ferch_Tomos
Maredudd_ap_Tudur	type	Person
Margaret_Boswell	spouse	John_Stewart_1st_Earl_of_Lennox
Margaret_Boswell	type	Person
Margaret_Countess_of_Anjou	child	Charles_II_Count_of_Alen_on
Margaret_Countess_of_Anjou	child	Isabelle_Duchess_of_Brittany
Margaret_Countess_of_Anjou	child	Joan_of_Valois_Countess_of_Hainaut
Margaret_Countess_of_Anjou	child	Margaret_of_Valois_Countess_of_Blois
Margaret_Countess_of_Anjou	child	Philip_VI_of_France
Margaret_Countess_of_Anjou	father	Charles_II_of_Naples
Margaret_Countess_of_Anjou	mother	Mary_of_Hungary_Queen_of_Naples
Margaret_Countess_of_Anjou	parent	Charles_II_of_Naples
Margaret_Countess_of_Anjou	parent	Mary_of_Hungary_Queen_of_Naples
Margaret_Countess_of_Anjou	spouse	Charles_Count_of_Valois
Margaret_Countess_of_Anjou	successor	Philip_VI_of_France
Margaret_Countess_of_Anjou	type	Person
Margaret_Countess_of_Vertus	spouse	Margaret_of_Foix
Margaret_Countess_of_Vertus	spouse	Richard_Count_of__tampes
Margaret_Countess_of_Vertus	type	Person
Margaret_Douglas	spouse	Matthew_Stewart_4th_Earl_of_Lennox
Margaret_Douglas	type	Person
Margaret_Holland_Duchess_of_Clarence	father	Thomas_Holland_2nd_Earl_of_Kent
Margaret_Holland_Duchess_of_Clarence	mother	Alice_Holland_Countess_of_Kent
Margaret_Holland_Duchess_of_Clarence	parent	Thomas_Holland_2nd_Earl_of_Kent
Margaret_Holland_Duchess_of_Clarence	spouse	John_Beaufort_1st_Earl_of_Somerset
Margaret_Holland_Duchess_of_Clarence	type	Person
Margaret_III_Countess_of_Flanders	spouse	Philip_the_Bold
Margaret_III_Countess_of_Flanders	type	Person
Margaret_II_Countess_of_Flanders	spouse	Bouchard_IV_of_Avesnes
Margaret_II_Countess_of_Flanders	type	Person
Margaret_II_Countess_of_Hainaut	spouse	Louis_IV_Holy_Roman_Emperor
Margaret_II_Countess_of_Hainaut	type	Person
Margaret_I_Countess_of_Burgundy	type	Person
Margaret_I_Countess_of_Flanders	father	Thierry_Count_of_Flanders
Margaret_I_Countess_of_Flanders	mother	Sibylla_of_Anjou
Margaret_I_Countess_of_Flanders	spouse	Baldwin_V_Count_of_Hainaut
Margaret_I_Countess_of_Flanders	type	Person
Margaret_Lyle	spouse	Matthew_Stewart_2nd_Earl_of_Lennox
Margaret_Lyle	type	Person
Margaret_Marchioness_of_Namur	type	Person
Margaret_Stewart_Dauphine_of_France	father	James_I_of_Scotland
Margaret_Stewart_Dauphine_of_France	mother	Joan_Beaufort_Queen_of_Scots
Margaret_Stewart_Dauphine_of_France	parent	James_I_of_Scotland
Margaret_Stewart_Dauphine_of_France	parent	Joan_Beaufort_Queen_of_Scots
Margaret_Stewart_Dauphine_of_France	spouse	Louis_XI
Margaret_Stewart_Dauphine_of_France	type	Person
Margaret_Stewart_Lady_Gordon	type	Person
Margaret_Stewart_born_c._1455	type	Person
Margaret_Theresa_of_Spain	type	Person
Margaret_Tudor	type	Person
Margaret_ferch_Dafydd	type	Person
Margaret_of_Anjou	child	Edward_of_Westminster_Prince_of_Wales
Margaret_of_Anjou	mother	Isabella_Duchess_of_Lorraine
Margaret_of_Anjou	parent	Isabella_Duchess_of_Lorraine
Margaret_of_Anjou	parent	Ren__of_Anjou
Margaret_of_Anjou	spouse	Henry_VI_of_England
Margaret_of_Anjou	type	Person
Margaret_of_Artois	father	Philip_of_Artois
Margaret_of_Artois	mother	Blanche_of_Brittany
Margaret_of_Artois	parent	Blanche_of_Brittany
Margaret_of_Artois	parent	Philip_of_Artois
Margaret_of_Artois	spouse	Louis_Count_of__vreux
Margaret_of_Artois	type	Person
Margaret_of_Austria_Duchess_of_Savoy	type	Person
Margaret_of_Austria_Queen_of_Spain	child	Anne_of_Austria
Margaret_of_Austria_Queen_of_Spain	child	Infante_Carlos_of_Spain_1607_1632
Margaret_of_Austria_Queen_of_Spain	child	Maria_Anna_of_Spain
Margaret_of_Austria_Queen_of_Spain	child	Philip_IV_of_Spain
Margaret_of_Austria_Queen_of_Spain	father	Charles_II_Archduke_of_Austria
Margaret_of_Austria_Queen_of_Spain	mother	Maria_Anna_of_Bavaria_born_1551
Margaret_of_Austria_Queen_of_Spain	parent	Charles_II_Archduke_of_Austria
Margaret_of_Austria_Queen_of_Spain	parent	Maria_Anna_of_Bavaria_born_1551
Margaret_of_Austria_Queen_of_Spain	spouse	Philip_III_of_Spain
Margaret_of_Austria_Queen_of_Spain	type	Person
Margaret_of_Bar	spouse	Henry_V_Count_of_Luxembourg
Margaret_of_Bar	type	Person
Margaret_of_Baux	father	Francis_of_Baux
Margaret_of_Baux	parent	Francis_of_Baux
Margaret_of_Baux	spouse	Peter_I_Count_of_Saint_Pol
Margaret_of_Baux	type	Person
Margaret_of_Bavaria	child	Agnes_of_Burgundy_Duchess_of_Bourbon
Margaret_of_Bavaria	child	Anne_of_Burgundy
Margaret_of_Bavaria	child	Margaret_of_Nevers
Margaret_of_Bavaria	child	Philip_the_Good
Margaret_of_Bavaria	father	Albert_I_Duke_of_Bavaria
Margaret_of_Bavaria	mother	Margaret_of_Brieg
Margaret_of_Bavaria	parent	Margaret_of_Brieg
Margaret_of_Bavaria	spouse	John_the_Fearless
Margaret_of_Bavaria	type	Person
Margaret_of_Bohemia_Duchess_of_Bavaria	type	Person
Margaret_of_Bohemia_Duchess_of_Wroclaw	type	Person
Margaret_of_Bourbon_1438_1483	child	Louise_of_Savoy
Margaret_of_Bourbon_1438_1483	child	Philibert_II_Duke_of_Savoy
Margaret_of_Bourbon_1438_1483	father	Charles_I_Duke_of_Bourbon
Margaret_of_Bourbon_1438_1483	mother	Agnes_of_Burgundy_Duchess_of_Bourbon
Margaret_of_Bourbon_1438_1483	parent	Agnes_of_Burgundy_Duchess_of_Bourbon
Margaret_of_Bourbon_1438_1483	parent	Charles_I_Duke_of_Bourbon
Margaret_of_Bourbon_1438_1483	spouse	Philip_II_Duke_of_Savoy
Margaret_of_Bourbon_1438_1483	type	Person
Margaret_of_Bourbon_Lady_of_Albret	type	Person
Margaret_of_Bourbon_Queen_of_Navarre	type	Person
Margaret_of_Brabant	child	Beatrice_of_Luxembourg
Margaret_of_Brabant	child	Marie_of_Luxembourg_Queen_of_France
Margaret_of_Brabant	father	John_I_Duke_of_Brabant
Margaret_of_Brabant	mother	Margaret_of_Flanders_Duchess_of_Brabant
Margaret_of_Brabant	parent	John_I_Duke_of_Brabant
Margaret_of_Brabant	parent	Margaret_of_Flanders_Duchess_of_Brabant
Margaret_of_Brabant	spouse	Henry_VII_Holy_Roman_Emperor
Margaret_of_Brabant	type	Person
Margaret_of_Brieg	child	Albert_II_Duke_of_Bavaria
Margaret_of_Brieg	child	Joanna_Sophia_of_Bavaria
Margaret_of_Brieg	child	Joanna_of_Bavaria
Margaret_of_Brieg	child	John_III_Duke_of_Bavaria
Margaret_of_Brieg	child	Katherine_of_Bavaria
Margaret_of_Brieg	child	Margaret_of_Bavaria
Margaret_of_Brieg	child	William_II_Duke_of_Bavaria
Margaret_of_Brieg	father	Louis_I_of_Brzeg
Margaret_of_Brieg	parent	Louis_I_of_Brzeg
Margaret_of_Brieg	spouse	Albert_I_Duke_of_Bavaria
Margaret_of_Brieg	type	Person
Margaret_of_Brittany	spouse	Francis_II_Duke_of_Brittany
Margaret_of_Brittany	type	Person
Margaret_of_Brunswic_L_neburg	type	Person
Margaret_of_Burgundy_Countess_of_Savoy	type	Person
Margaret_of_Burgundy_Queen_of_France	child	Joan_II_of_Navarre
Margaret_of_Burgundy_Queen_of_France	father	Robert_II_Duke_of_Burgundy
Margaret_of_Burgundy_Queen_of_France	parent	Agnes_of_France_Duchess_of_Burgundy
Margaret_of_Burgundy_Queen_of_France	parent	Robert_II_Duke_of_Burgundy
Margaret_of_Burgundy_Queen_of_France	spouse	Kingdom_of_Navarre
Margaret_of_Burgundy_Queen_of_France	spouse	Louis_X_of_France
Margaret_of_Burgundy_Queen_of_France	type	Person
Margaret_of_Cleves_Duchess_of_Bavaria_Munich	type	Person
Margaret_of_Denmark_Queen_of_Scotland	spouse	James_III_of_Scotland
Margaret_of_Denmark_Queen_of_Scotland	type	Person
Margaret_of_England	type	Person
Margaret_of_England_Duchess_of_Brabant	type	Person
Margaret_of_Flanders_Duchess_of_Brabant	father	Guy_Count_of_Flanders
Margaret_of_Flanders_Duchess_of_Brabant	mother	Matilda_of_B_thune
Margaret_of_Flanders_Duchess_of_Brabant	parent	Guy_Count_of_Flanders
Margaret_of_Flanders_Duchess_of_Brabant	parent	Matilda_of_B_thune
Margaret_of_Flanders_Duchess_of_Brabant	spouse	John_I_Duke_of_Brabant
Margaret_of_Flanders_Duchess_of_Brabant	type	Person
Margaret_of_Foix	child	Anne_of_Brittany
Margaret_of_Foix	child	Francis_II_Duke_of_Brittany
Margaret_of_Foix	father	Gaston_IV_Count_of_Foix
Margaret_of_Foix	mother	Eleanor_of_Navarre
Margaret_of_Foix	parent	Eleanor_of_Navarre
Margaret_of_Foix	parent	Gaston_IV_Count_of_Foix
Margaret_of_Foix	spouse	Francis_II_Duke_of_Brittany
Margaret_of_Foix	spouse	Margaret_Countess_of_Vertus
Margaret_of_Foix	spouse	Richard_Count_of__tampes
Margaret_of_Foix	type	Person
Margaret_of_France_Duchess_of_Brabant	type	Person
Margaret_of_France_Queen_of_England	spouse	Edward_I_of_England
Margaret_of_France_Queen_of_England	type	Person
Margaret_of_France_Queen_of_England_and_Hungary	type	Person
Margaret_of_Geneva	father	William_I_of_Geneva
Margaret_of_Geneva	parent	William_I_of_Geneva
Margaret_of_Geneva	spouse	Thomas_Count_of_Savoy
Margaret_of_Geneva	type	Person
Margaret_of_Hohenzoller_Nuremberg	type	Person
Margaret_of_Joinville	spouse	Frederick_I_Count_of_Vaud_mont
Margaret_of_Joinville	type	Person
Margaret_of_Nevers	type	Person
Margaret_of_Provence	child	Agnes_of_France_Duchess_of_Burgundy
Margaret_of_Provence	child	Blanche_of_France_Infanta_of_Castile
Margaret_of_Provence	child	Isabella_of_France_Queen_of_Navarre
Margaret_of_Provence	child	John_Tristan_Count_of_Valois
Margaret_of_Provence	child	Louis_of_France_1244_1260
Margaret_of_Provence	child	Margaret_of_France_Duchess_of_Brabant
Margaret_of_Provence	child	Peter_I_Count_of_Alen_on
Margaret_of_Provence	child	Robert_Count_of_Clermont
Margaret_of_Provence	father	Ramon_Berenguer_IV_Count_of_Provence
Margaret_of_Provence	mother	Beatrice_of_Savoy
Margaret_of_Provence	parent	Beatrice_of_Savoy
Margaret_of_Provence	parent	Ramon_Berenguer_IV_Count_of_Provence
Margaret_of_Provence	spouse	Louis_IX_of_France
Margaret_of_Provence	type	Person
Margaret_of_Savoy_Countess_of_Saint_Pol	child	Marie_of_Luxembourg_Countess_of_Vend_me
Margaret_of_Savoy_Countess_of_Saint_Pol	father	Louis_Duke_of_Savoy
Margaret_of_Savoy_Countess_of_Saint_Pol	mother	Anne_of_Cyprus
Margaret_of_Savoy_Countess_of_Saint_Pol	parent	Anne_of_Cyprus
Margaret_of_Savoy_Countess_of_Saint_Pol	parent	Louis_Duke_of_Savoy
Margaret_of_Savoy_Countess_of_Saint_Pol	spouse	John_IV_Marquis_of_Montferrat
Margaret_of_Savoy_Countess_of_Saint_Pol	spouse	Peter_II_Count_of_Saint_Pol
Margaret_of_Savoy_Countess_of_Saint_Pol	type	Person
Margaret_of_Savoy_Vicereine_of_Portugal	type	Person
Margaret_of_Saxony_Duchess_of_Brunswic_L_neburg	spouse	Henry_the_Middle_Duke_of_Brunswic_L_neburg
Margaret_of_Saxony_Duchess_of_Brunswic_L_neburg	type	Person
Margaret_of_Valois	father	Henry_II_of_France
Margaret_of_Valois	mother	Catherine_de_Medici
Margaret_of_Valois	parent	Catherine_de_Medici
Margaret_of_Valois	parent	Henry_II_of_France
Margaret_of_Valois	spouse	Henry_IV_of_France
Margaret_of_Valois	type	Person
Margaret_of_Valois_Angoul_me	child	Jeanne_d_Albret
Margaret_of_Valois_Angoul_me	father	Charles_Count_of_Angoul_me
Margaret_of_Valois_Angoul_me	mother	Louise_of_Savoy
Margaret_of_Valois_Angoul_me	parent	Charles_Count_of_Angoul_me
Margaret_of_Valois_Angoul_me	parent	Louise_of_Savoy
Margaret_of_Valois_Angoul_me	spouse	Henry_II_of_Navarre
Margaret_of_Valois_Angoul_me	type	Person
Margaret_of_Valois_Countess_of_Blois	type	Person
Margaret_of_Valois_Duchess_of_Berry	spouse	Emmanuel_Philibert_Duke_of_Savoy
Margaret_of_Valois_Duchess_of_Berry	type	Person
Margaret_of_the_Palatinate	child	Catherine_of_Lorraine_Margravine_of_Bade_Baden
Margaret_of_the_Palatinate	child	Isabella_Duchess_of_Lorraine
Margaret_of_the_Palatinate	father	Rupert_King_of_the_Romans
Margaret_of_the_Palatinate	mother	Elisabeth_of_Nuremberg
Margaret_of_the_Palatinate	parent	Elisabeth_of_Nuremberg
Margaret_of_the_Palatinate	parent	Rupert_King_of_the_Romans
Margaret_of_the_Palatinate	spouse	Charles_II_Duke_of_Lorraine
Margaret_of_the_Palatinate	type	Person
Marged_ferch_Tomos	type	Person
Marguerite_of_Lorraine	type	Person
Maria_Amalia_Duchess_of_Parma	type	Person
Maria_Amalia_Holy_Roman_Empress	type	Person
Maria_Amalia_of_Naples_and_Sicily	child	Antoine_Duke_of_Montpensier
Maria_Amalia_of_Naples_and_Sicily	child	Charles_d_Orl_ans_Duke_of_Penthi_vre
Maria_Amalia_of_Naples_and_Sicily	child	Ferdinand_Philippe_Duke_of_Orl_ans
Maria_Amalia_of_Naples_and_Sicily	child	Fran_ois_d_Orl_ans_Prince_of_Joinville
Maria_Amalia_of_Naples_and_Sicily	child	Henri_d_Orl_ans_Duke_of_Aumale
Maria_Amalia_of_Naples_and_Sicily	child	Louise_of_Orl_ans
Maria_Amalia_of_Naples_and_Sicily	child	Prince_Louis_Duke_of_Nemours
Maria_Amalia_of_Naples_and_Sicily	child	Princess_Marie_of_Orl_ans_1813_1839
Maria_Amalia_of_Naples_and_Sicily	mother	Maria_Carolina_of_Austria
Maria_Amalia_of_Naples_and_Sicily	parent	Ferdinand_I_of_the_Two_Sicilies
Maria_Amalia_of_Naples_and_Sicily	parent	Maria_Carolina_of_Austria
Maria_Amalia_of_Naples_and_Sicily	spouse	Louis_Philippe_I
Maria_Amalia_of_Naples_and_Sicily	successor	Princess_Marie_Isabelle_of_Orl_ans
Maria_Amalia_of_Naples_and_Sicily	type	Person
Maria_Amalia_of_Saxony	child	Charles_III_of_Spain
Maria_Amalia_of_Saxony	child	Charles_IV_of_Spain
Maria_Amalia_of_Saxony	child	Ferdinand_I_of_the_Two_Sicilies
Maria_Amalia_of_Saxony	child	Infanta_Maria_Josefa_of_Spain
Maria_Amalia_of_Saxony	child	Infante_Antonio_Pascual_of_Spain
Maria_Amalia_of_Saxony	child	Infante_Gabriel_of_Spain
Maria_Amalia_of_Saxony	child	Infante_Philip_Duke_of_Calabria
Maria_Amalia_of_Saxony	child	Maria_Luisa_of_Spain
Maria_Amalia_of_Saxony	father	Augustus_III_of_Poland
Maria_Amalia_of_Saxony	mother	Maria_Josepha_of_Austria
Maria_Amalia_of_Saxony	parent	Augustus_III_of_Poland
Maria_Amalia_of_Saxony	parent	Maria_Josepha_of_Austria
Maria_Amalia_of_Saxony	spouse	Charles_III_of_Spain
Maria_Amalia_of_Saxony	spouse	Philip_V_of_Spain
Maria_Amalia_of_Saxony	type	Person
Maria_Anna_Sophia_of_Saxony	type	Person
Maria_Anna_Victoria_of_Bavaria	spouse	Louis_Dauphin_of_France_son_of_Louis_XIV
Maria_Anna_Victoria_of_Bavaria	type	Person
Maria_Anna_of_Bavaria_born_1551	child	Anne_of_Austria_Queen_of_Poland
Maria_Anna_of_Bavaria_born_1551	child	Archduchess_Catherine_Renata_of_Austria
Maria_Anna_of_Bavaria_born_1551	child	Archduchess_Eleanor_of_Austria_1582_1620
Maria_Anna_of_Bavaria_born_1551	child	Archduchess_Gregoria_Maximiliana_of_Austria
Maria_Anna_of_Bavaria_born_1551	child	Archduchess_Maria_Maddalena_of_Austria
Maria_Anna_of_Bavaria_born_1551	child	Archduke_Maximilian_Ernest_of_Austria
Maria_Anna_of_Bavaria_born_1551	child	Charles_of_Austria_Bishop_of_Wroclaw
Maria_Anna_of_Bavaria_born_1551	child	Ferdinand_II_Holy_Roman_Emperor
Maria_Anna_of_Bavaria_born_1551	father	Albert_V_Duke_of_Bavaria
Maria_Anna_of_Bavaria_born_1551	parent	Albert_V_Duke_of_Bavaria
Maria_Anna_of_Bavaria_born_1551	spouse	Charles_II_Archduke_of_Austria
Maria_Anna_of_Bavaria_born_1551	type	Person
Maria_Anna_of_Naples_and_Sicily	type	Person
Maria_Anna_of_Neuburg	type	Person
Maria_Anna_of_Savoy	type	Person
Maria_Anna_of_Savoy_Duchess_of_Chablais	type	Person
Maria_Anna_of_Spain	type	Person
Maria_Antonia_Ferdinanda_of_Spain	child	Charles_Emmanuel_IV_of_Sardinia
Maria_Antonia_Ferdinanda_of_Spain	child	Charles_Felix_of_Sardinia
Maria_Antonia_Ferdinanda_of_Spain	child	Maria_Anna_of_Savoy_Duchess_of_Chablais
Maria_Antonia_Ferdinanda_of_Spain	child	Maria_Elisabetta_Carlotta_of_Savoy
Maria_Antonia_Ferdinanda_of_Spain	child	Maria_Theresa_of_Savoy
Maria_Antonia_Ferdinanda_of_Spain	child	Prince_Maurizio_Duke_of_Montferrat
Maria_Antonia_Ferdinanda_of_Spain	child	Princess_Maria_Carolina_of_Savoy
Maria_Antonia_Ferdinanda_of_Spain	child	Victor_Emmanuel_I_of_Sardinia
Maria_Antonia_Ferdinanda_of_Spain	father	Philip_V_of_Spain
Maria_Antonia_Ferdinanda_of_Spain	mother	Elisabeth_Farnese
Maria_Antonia_Ferdinanda_of_Spain	parent	Elisabeth_Farnese
Maria_Antonia_Ferdinanda_of_Spain	parent	Philip_V_of_Spain
Maria_Antonia_Ferdinanda_of_Spain	spouse	Victor_Amadeus_III_of_Sardinia
Maria_Antonia_Ferdinanda_of_Spain	type	Person
Maria_Beatrice_d_Este_Duchess_of_Massa	child	Archduchess_Maria_Leopoldine_of_Austria_Este
Maria_Beatrice_d_Este_Duchess_of_Massa	child	Archduke_Karl_Ambrosius_of_Austria_Este
Maria_Beatrice_d_Este_Duchess_of_Massa	child	Francis_IV_Duke_of_Modena
Maria_Beatrice_d_Este_Duchess_of_Massa	child	Maria_Ludovika_of_Austria_Este
Maria_Beatrice_d_Este_Duchess_of_Massa	child	Maria_Theresa_of_Austria_Este_Queen_of_Sardinia
Maria_Beatrice_d_Este_Duchess_of_Massa	father	Ercole_III_d_Este_Duke_of_Modena
Maria_Beatrice_d_Este_Duchess_of_Massa	father	Eugene_Jean_Count_of_Soissons
Maria_Beatrice_d_Este_Duchess_of_Massa	father	Maria_Teresa_Cybo_Malaspina_Duchess_of_Massa
Maria_Beatrice_d_Este_Duchess_of_Massa	mother	Maria_Teresa_Cybo_Malaspina_Duchess_of_Massa
Maria_Beatrice_d_Este_Duchess_of_Massa	parent	Maria_Teresa_Cybo_Malaspina_Duchess_of_Massa
Maria_Beatrice_d_Este_Duchess_of_Massa	predecessor	Maria_Teresa_Cybo_Malaspina_Duchess_of_Massa
Maria_Beatrice_d_Este_Duchess_of_Massa	spouse	Ferdinand_Karl_Archduke_of_Austria_Este
Maria_Beatrice_d_Este_Duchess_of_Massa	type	Person
Maria_Beatrice_of_Savoy	child	Archduchess_Maria_Theresa_of_Austria_Este_1817_1886
Maria_Beatrice_of_Savoy	child	Archduke_Ferdinand_Karl_Viktor_of_Austria_Este
Maria_Beatrice_of_Savoy	child	Francis_V_Duke_of_Modena
Maria_Beatrice_of_Savoy	father	Victor_Emmanuel_I_of_Sardinia
Maria_Beatrice_of_Savoy	mother	Maria_Theresa_of_Austria_Este_Queen_of_Sardinia
Maria_Beatrice_of_Savoy	parent	Maria_Theresa_of_Austria_Este_Queen_of_Sardinia
Maria_Beatrice_of_Savoy	parent	Victor_Emmanuel_I_of_Sardinia
Maria_Beatrice_of_Savoy	spouse	Francis_IV_Duke_of_Modena
Maria_Beatrice_of_Savoy	type	Person
Maria_Carolina_of_Austria	child	Carlo_Duke_of_Calabria
Maria_Carolina_of_Austria	child	Francis_I_of_the_Two_Sicilies
Maria_Carolina_of_Austria	child	Leopold_Prince_of_Salerno
Maria_Carolina_of_Austria	child	Maria_Amalia_of_Naples_and_Sicily
Maria_Carolina_of_Austria	child	Maria_Henrietta_of_Naples_and_Sicily
Maria_Carolina_of_Austria	child	Maria_Theresa_of_Naples_and_Sicily
Maria_Carolina_of_Austria	child	Prince_Alberto_of_Naples_and_Sicily
Maria_Carolina_of_Austria	child	Prince_Gennaro_of_Naples_and_Sicily
Maria_Carolina_of_Austria	child	Princess_Maria_Antonia_of_Naples_and_Sicily
Maria_Carolina_of_Austria	child	Princess_Maria_Isabella_of_Naples_and_Sicily
Maria_Carolina_of_Austria	father	Francis_I_Holy_Roman_Emperor
Maria_Carolina_of_Austria	parent	Francis_I_Holy_Roman_Emperor
Maria_Carolina_of_Austria	parent	Maria_Theresa
Maria_Carolina_of_Austria	spouse	Ferdinand_I_of_the_Two_Sicilies
Maria_Carolina_of_Austria	type	Person
Maria_Christina_Duchess_of_Teschen	type	Person
Maria_Christina_Princess_of_Transylvania	type	Person
Maria_Christina_of_the_Two_Sicilies	child	Agust_n_Mar_a_Mu_oz_y_Borb_n_1st_Duke_of_Taranc_n
Maria_Christina_of_the_Two_Sicilies	child	Infanta_Luisa_Fernanda_Duchess_of_Montpensier
Maria_Christina_of_the_Two_Sicilies	child	Mar_a_Cristina_Mu_oz_y_Borb_n_Marquise_of_la_Isabela
Maria_Christina_of_the_Two_Sicilies	father	Francis_I_of_the_Two_Sicilies
Maria_Christina_of_the_Two_Sicilies	mother	Mar_a_Isabella_of_Spain
Maria_Christina_of_the_Two_Sicilies	parent	Francis_I_of_the_Two_Sicilies
Maria_Christina_of_the_Two_Sicilies	parent	Mar_a_Isabella_of_Spain
Maria_Christina_of_the_Two_Sicilies	spouse	Agust_n_Fernando_Mu_oz_y_S_nchez_1st_Duke_of_Ri_nsares
Maria_Christina_of_the_Two_Sicilies	spouse	Ferdinand_VII_of_Spain
Maria_Christina_of_the_Two_Sicilies	type	Person
Maria_Clotilde_of_Naples_and_Sicily	type	Person
Maria_Cristina_of_Naples_and_Sicily	type	Person
Maria_Cristina_of_Savoy	type	Person
Maria_Dobroniega_of_Kiev	type	Person
Maria_Elisabeth_of_Saxony_1736_1818	type	Person
Maria_Elisabetta_Carlotta_of_Savoy	type	Person
Maria_Henrietta_of_Naples_and_Sicily	type	Person
Maria_Josepha_of_Austria	child	Albert_Casimir_Duke_of_Teschen
Maria_Josepha_of_Austria	child	Frederick_Christian_Elector_of_Saxony
Maria_Josepha_of_Austria	child	Maria_Amalia_of_Saxony
Maria_Josepha_of_Austria	child	Maria_Elisabeth_of_Saxony_1736_1818
Maria_Josepha_of_Austria	child	Maria_Josepha_of_Saxony_Dauphine_of_France
Maria_Josepha_of_Austria	child	Maria_Kunigunde_of_Saxony
Maria_Josepha_of_Austria	child	Princess_Maria_Christina_of_Saxony_1735_1782
Maria_Josepha_of_Austria	father	Joseph_I_Holy_Roman_Emperor
Maria_Josepha_of_Austria	mother	Wilhelmine_Amalie_of_Brunswick
Maria_Josepha_of_Austria	parent	Joseph_I_Holy_Roman_Emperor
Maria_Josepha_of_Austria	parent	Wilhelmine_Amalie_of_Brunswick
Maria_Josepha_of_Austria	spouse	Augustus_III_of_Poland
Maria_Josepha_of_Austria	type	Person
Maria_Josepha_of_Saxony_Dauphine_of_France	child	Charles_X
Maria_Josepha_of_Saxony_Dauphine_of_France	child	Louis_Duke_of_Burgundy_1751_1761
Maria_Josepha_of_Saxony_Dauphine_of_France	child	Louis_XVI
Maria_Josepha_of_Saxony_Dauphine_of_France	child	Marie_Z_phyrine_of_France
Maria_Josepha_of_Saxony_Dauphine_of_France	child	_lisabeth_of_France
Maria_Josepha_of_Saxony_Dauphine_of_France	father	Augustus_III_of_Poland
Maria_Josepha_of_Saxony_Dauphine_of_France	mother	Maria_Josepha_of_Austria
Maria_Josepha_of_Saxony_Dauphine_of_France	parent	Augustus_III_of_Poland
Maria_Josepha_of_Saxony_Dauphine_of_France	parent	Maria_Josepha_of_Austria
Maria_Josepha_of_Saxony_Dauphine_of_France	spouse	Louis_Dauphin_of_France_son_of_Louis_XV
Maria_Josepha_of_Saxony_Dauphine_of_France	type	Person
Maria_Kunigunde_of_Saxony	type	Person
Maria_Leopoldina_of_Austria	type	Person
Maria_Ludovika_of_Austria_Este	type	Person
Maria_Luisa_Gabriella_of_Savoy	spouse	Philip_V_of_Spain
Maria_Luisa_Gabriella_of_Savoy	type	Person
Maria_Luisa_of_Parma	father	Philip_Duke_of_Parma
Maria_Luisa_of_Parma	mother	Louise__lisabeth_of_France
Maria_Luisa_of_Parma	parent	Louise__lisabeth_of_France
Maria_Luisa_of_Parma	parent	Philip_Duke_of_Parma
Maria_Luisa_of_Parma	spouse	Charles_IV_of_Spain
Maria_Luisa_of_Parma	type	Person
Maria_Luisa_of_Spain	child	Archduchess_Maria_Amalia_of_Austria_1780_1798
Maria_Luisa_of_Spain	child	Archduchess_Maria_Clementina_of_Austria
Maria_Luisa_of_Spain	child	Archduke_Alexander_Leopold_of_Austria
Maria_Luisa_of_Spain	child	Archduke_Charles_Duke_of_Teschen
Maria_Luisa_of_Spain	child	Archduke_John_of_Austria
Maria_Luisa_of_Spain	child	Archduke_Joseph_of_Austria_Palatine_of_Hungary
Maria_Luisa_of_Spain	child	Archduke_Louis_of_Austria
Maria_Luisa_of_Spain	child	Archduke_Rainer_Joseph_of_Austria
Maria_Luisa_of_Spain	child	Archduke_Rudolf_of_Austria
Maria_Luisa_of_Spain	child	Francis_II_Holy_Roman_Emperor
Maria_Luisa_of_Spain	father	Charles_III_of_Spain
Maria_Luisa_of_Spain	mother	Maria_Amalia_of_Saxony
Maria_Luisa_of_Spain	parent	Charles_III_of_Spain
Maria_Luisa_of_Spain	parent	Maria_Amalia_of_Saxony
Maria_Luisa_of_Spain	spouse	Leopold_II_Holy_Roman_Emperor
Maria_Luisa_of_Spain	type	Person
Maria_Manuela_Princess_of_Portugal	spouse	Philip_II_of_Spain
Maria_Manuela_Princess_of_Portugal	type	Person
Maria_Salviati	spouse	Giovanni_delle_Bande_Nere
Maria_Salviati	type	Person
Maria_Sophia_of_Neuburg	type	Person
Maria_Teresa_Cybo_Malaspina_Duchess_of_Massa	child	Maria_Beatrice_d_Este_Duchess_of_Massa
Maria_Teresa_Cybo_Malaspina_Duchess_of_Massa	predecessor	Alderano_I_Cybo_Malaspina
Maria_Teresa_Cybo_Malaspina_Duchess_of_Massa	spouse	Ercole_III_d_Este_Duke_of_Modena
Maria_Teresa_Cybo_Malaspina_Duchess_of_Massa	spouse	Eugene_Jean_Count_of_Soissons
Maria_Teresa_Cybo_Malaspina_Duchess_of_Massa	successor	Maria_Beatrice_d_Este_Duchess_of_Massa
Maria_Teresa_Cybo_Malaspina_Duchess_of_Massa	type	Person
Maria_Teresa_Felicitas_d_Este	child	Jean_Marie_Duke_of_Ch_teauvillain
Maria_Teresa_Felicitas_d_Este	child	Louis_Alexandre_Prince_of_Lamballe
Maria_Teresa_Felicitas_d_Este	child	Louise_Marie_Ad_la_de_de_Bourbon_Duchess_of_Orl_ans
Maria_Teresa_Felicitas_d_Este	father	Francesco_III_d_Este_Duke_of_Modena
Maria_Teresa_Felicitas_d_Este	mother	Charlotte_Agla__d_Orl_ans
Maria_Teresa_Felicitas_d_Este	parent	Charlotte_Agla__d_Orl_ans
Maria_Teresa_Felicitas_d_Este	parent	Francesco_III_d_Este_Duke_of_Modena
Maria_Teresa_Felicitas_d_Este	spouse	Louis_Jean_Marie_de_Bourbon_Duke_of_Penthi_vre
Maria_Teresa_Felicitas_d_Este	type	Person
Maria_Teresa_Rafaela_of_Spain	type	Person
Maria_Teresa_of_Savoy_1803_1879	type	Person
Maria_Theresa	child	Archduchess_Maria_Anna_of_Austria_born_1738
Maria_Theresa	child	Archduchess_Maria_Carolina_of_Austria_born_1740
Maria_Theresa	child	Archduchess_Maria_Elisabeth_of_Austria_born_1737
Maria_Theresa	child	Archduchess_Maria_Johanna_Gabriela_of_Austria
Maria_Theresa	child	Archduchess_Maria_Josepha_of_Austria
Maria_Theresa	child	Archduke_Charles_Joseph_of_Austria_born_1745
Maria_Theresa	child	Ferdinand_Karl_Archduke_of_Austria_Este
Maria_Theresa	child	Joseph_II_Holy_Roman_Emperor
Maria_Theresa	child	Maria_Amalia_Duchess_of_Parma
Maria_Theresa	child	Marie_Antoinette
Maria_Theresa	father	Charles_VI_Holy_Roman_Emperor
Maria_Theresa	mother	Elisabeth_Christine_of_Brunswic_Wolfenb_ttel
Maria_Theresa	parent	Charles_VI_Holy_Roman_Emperor
Maria_Theresa	parent	Elisabeth_Christine_of_Brunswic_Wolfenb_ttel
Maria_Theresa	predecessor	Charles_VII_Holy_Roman_Emperor
Maria_Theresa	spouse	Francis_I_Holy_Roman_Emperor
Maria_Theresa	successor	Charles_VII_Holy_Roman_Emperor
Maria_Theresa	successor	Francis_I_Holy_Roman_Emperor
Maria_Theresa	successor	Joseph_II_Holy_Roman_Emperor
Maria_Theresa	type	Person
Maria_Theresa_of_Austria_1767_1827	type	Person
Maria_Theresa_of_Austria_Este_Queen_of_Sardinia	child	Maria_Anna_of_Savoy
Maria_Theresa_of_Austria_Este_Queen_of_Sardinia	child	Maria_Beatrice_of_Savoy
Maria_Theresa_of_Austria_Este_Queen_of_Sardinia	child	Maria_Cristina_of_Savoy
Maria_Theresa_of_Austria_Este_Queen_of_Sardinia	child	Maria_Teresa_of_Savoy_1803_1879
Maria_Theresa_of_Austria_Este_Queen_of_Sardinia	father	Ferdinand_Karl_Archduke_of_Austria_Este
Maria_Theresa_of_Austria_Este_Queen_of_Sardinia	mother	Maria_Beatrice_d_Este_Duchess_of_Massa
Maria_Theresa_of_Austria_Este_Queen_of_Sardinia	parent	Ferdinand_Karl_Archduke_of_Austria_Este
Maria_Theresa_of_Austria_Este_Queen_of_Sardinia	parent	Maria_Beatrice_d_Este_Duchess_of_Massa
Maria_Theresa_of_Austria_Este_Queen_of_Sardinia	spouse	Victor_Emmanuel_I_of_Sardinia
Maria_Theresa_of_Austria_Este_Queen_of_Sardinia	type	Person
Maria_Theresa_of_Naples_and_Sicily	child	Archduchess_Clementina_of_Austria
Maria_Theresa_of_Naples_and_Sicily	child	Archduchess_Marie_Anne_of_Austria
Maria_Theresa_of_Naples_and_Sicily	child	Archduchess_Marie_Caroline_of_Austria
Maria_Theresa_of_Naples_and_Sicily	child	Archduke_Franz_Karl_of_Austria
Maria_Theresa_of_Naples_and_Sicily	child	Archduke_Joseph_Franz_of_Austria
Maria_Theresa_of_Naples_and_Sicily	child	Ferdinand_I_of_Austria
Maria_Theresa_of_Naples_and_Sicily	child	Maria_Leopoldina_of_Austria
Maria_Theresa_of_Naples_and_Sicily	child	Marie_Louise_Duchess_of_Parma
Maria_Theresa_of_Naples_and_Sicily	father	Ferdinand_I_of_the_Two_Sicilies
Maria_Theresa_of_Naples_and_Sicily	mother	Maria_Carolina_of_Austria
Maria_Theresa_of_Naples_and_Sicily	parent	Ferdinand_I_of_the_Two_Sicilies
Maria_Theresa_of_Naples_and_Sicily	parent	Maria_Carolina_of_Austria
Maria_Theresa_of_Naples_and_Sicily	spouse	Francis_II_Holy_Roman_Emperor
Maria_Theresa_of_Naples_and_Sicily	type	Person
Maria_Theresa_of_Savoy	child	Charles_Ferdinand_Duke_of_Berry
Maria_Theresa_of_Savoy	child	Louis_Antoine_Duke_of_Angoul_me
Maria_Theresa_of_Savoy	father	Victor_Amadeus_III_of_Sardinia
Maria_Theresa_of_Savoy	mother	Maria_Antonia_Ferdinanda_of_Spain
Maria_Theresa_of_Savoy	parent	Maria_Antonia_Ferdinanda_of_Spain
Maria_Theresa_of_Savoy	parent	Victor_Amadeus_III_of_Sardinia
Maria_Theresa_of_Savoy	spouse	Charles_X
Maria_Theresa_of_Savoy	type	Person
Maria_Theresa_of_Spain	child	Louis_Dauphin_of_France_son_of_Louis_XIV
Maria_Theresa_of_Spain	child	Marie_Th_r_se_of_France_1667_1672
Maria_Theresa_of_Spain	father	Philip_IV_of_Spain
Maria_Theresa_of_Spain	mother	Elisabeth_of_France_1602_1644
Maria_Theresa_of_Spain	parent	Elisabeth_of_France_1602_1644
Maria_Theresa_of_Spain	spouse	Louis_XIV
Maria_Theresa_of_Spain	type	Person
Maria_Vittoria_of_Savoy	type	Person
Maria_de_Medici_1540_1557	type	Person
Maria_of_Aragon_Queen_of_Castile	type	Person
Maria_of_Aragon_Queen_of_Portugal	child	Beatrice_of_Portugal_Duchess_of_Savoy
Maria_of_Aragon_Queen_of_Portugal	child	Cardinal_Infante_Afonso_of_Portugal
Maria_of_Aragon_Queen_of_Portugal	child	Duarte_Duke_of_Guimar_es_1515_1540
Maria_of_Aragon_Queen_of_Portugal	child	Henry_King_of_Portugal
Maria_of_Aragon_Queen_of_Portugal	child	Isabella_of_Portugal
Maria_of_Aragon_Queen_of_Portugal	child	John_III_of_Portugal
Maria_of_Aragon_Queen_of_Portugal	father	Ferdinand_II_of_Aragon
Maria_of_Aragon_Queen_of_Portugal	mother	Isabella_I_of_Castile
Maria_of_Aragon_Queen_of_Portugal	parent	Ferdinand_II_of_Aragon
Maria_of_Aragon_Queen_of_Portugal	parent	Isabella_I_of_Castile
Maria_of_Aragon_Queen_of_Portugal	spouse	Manuel_I_of_Portugal
Maria_of_Aragon_Queen_of_Portugal	type	Person
Maria_of_Austria_Duchess_of_J_lich_Cleves_Berg	father	Ferdinand_I_Holy_Roman_Emperor
Maria_of_Austria_Duchess_of_J_lich_Cleves_Berg	mother	Anne_of_Bohemia_and_Hungary
Maria_of_Austria_Duchess_of_J_lich_Cleves_Berg	parent	Anne_of_Bohemia_and_Hungary
Maria_of_Austria_Duchess_of_J_lich_Cleves_Berg	parent	Ferdinand_I_Holy_Roman_Emperor
Maria_of_Austria_Duchess_of_J_lich_Cleves_Berg	spouse	William_Duke_of_J_lich_Cleves_Berg
Maria_of_Austria_Duchess_of_J_lich_Cleves_Berg	type	Person
Maria_of_Austria_Holy_Roman_Empress	child	Albert_VII_Archduke_of_Austria
Maria_of_Austria_Holy_Roman_Empress	child	Archduke_Ernest_of_Austria
Maria_of_Austria_Holy_Roman_Empress	child	Archduke_Wenceslaus_of_Austria
Maria_of_Austria_Holy_Roman_Empress	child	Matthias_Holy_Roman_Emperor
Maria_of_Austria_Holy_Roman_Empress	child	Maximilian_III_Archduke_of_Austria
Maria_of_Austria_Holy_Roman_Empress	child	Rudolf_II_Holy_Roman_Emperor
Maria_of_Austria_Holy_Roman_Empress	father	Charles_V_Holy_Roman_Emperor
Maria_of_Austria_Holy_Roman_Empress	mother	Isabella_of_Portugal
Maria_of_Austria_Holy_Roman_Empress	parent	Charles_V_Holy_Roman_Emperor
Maria_of_Austria_Holy_Roman_Empress	parent	Isabella_of_Portugal
Maria_of_Austria_Holy_Roman_Empress	spouse	Maximilian_II_Holy_Roman_Emperor
Maria_of_Austria_Holy_Roman_Empress	type	Person
Maria_of_Brabant_Duchess_of_Bavaria	spouse	Louis_II_Duke_of_Bavaria
Maria_of_Brabant_Duchess_of_Bavaria	type	Person
Maria_of_Courtenay	type	Person
Maria_of_Montpellier	spouse	Peter_II_of_Aragon
Maria_of_Montpellier	type	Person
Maria_of_Naples	type	Person
Maria_of_Navarre	type	Person
Maria_of_Portugal_Duchess_of_Viseu	type	Person
Maria_of_Portugal_Marchioness_of_Tortosa	type	Person
Maria_of_Portugal_Queen_of_Castile	spouse	Alfonso_XI_of_Castile
Maria_of_Portugal_Queen_of_Castile	type	Person
Maria_of_Portugal_nun	type	Person
Maria_of_Swabia	father	Philip_of_Swabia
Maria_of_Swabia	parent	Philip_of_Swabia
Maria_of_Swabia	spouse	Henry_II_Duke_of_Brabant
Maria_of_Swabia	type	Person
Mariana_Victoria_of_Spain	type	Person
Mariana_of_Austria	type	Person
Marie_Ad_la_de_of_Savoy	child	Louis_XV
Marie_Ad_la_de_of_Savoy	father	Victor_Amadeus_II_of_Sardinia
Marie_Ad_la_de_of_Savoy	mother	Anne_Marie_d_Orl_ans
Marie_Ad_la_de_of_Savoy	parent	Anne_Marie_d_Orl_ans
Marie_Ad_la_de_of_Savoy	spouse	Louis_Duke_of_Burgundy
Marie_Ad_la_de_of_Savoy	type	Person
Marie_Anne_de_Bourbon	type	Person
Marie_Antoinette	child	Louis_Joseph_Dauphin_of_France
Marie_Antoinette	child	Louis_XVII
Marie_Antoinette	child	Sophie_of_France_1786_1787
Marie_Antoinette	father	Francis_I_Holy_Roman_Emperor
Marie_Antoinette	mother	Maria_Theresa
Marie_Antoinette	parent	Francis_I_Holy_Roman_Emperor
Marie_Antoinette	parent	Maria_Theresa
Marie_Antoinette	spouse	Louis_XVI
Marie_Antoinette	type	Person
Marie_Caroline_of_Bourbo_Two_Sicilies_Duchess_of_Berry	child	Henri_Count_of_Chambord
Marie_Caroline_of_Bourbo_Two_Sicilies_Duchess_of_Berry	child	Princess_Louise_d_Artois
Marie_Caroline_of_Bourbo_Two_Sicilies_Duchess_of_Berry	father	Francis_I_of_the_Two_Sicilies
Marie_Caroline_of_Bourbo_Two_Sicilies_Duchess_of_Berry	mother	Archduchess_Maria_Clementina_of_Austria
Marie_Caroline_of_Bourbo_Two_Sicilies_Duchess_of_Berry	parent	Archduchess_Maria_Clementina_of_Austria
Marie_Caroline_of_Bourbo_Two_Sicilies_Duchess_of_Berry	parent	Francis_I_of_the_Two_Sicilies
Marie_Caroline_of_Bourbo_Two_Sicilies_Duchess_of_Berry	spouse	Charles_Ferdinand_Duke_of_Berry
Marie_Caroline_of_Bourbo_Two_Sicilies_Duchess_of_Berry	type	Person
Marie_Countess_of_Harcourt	spouse	Antoine_Count_of_Vaud_mont
Marie_Countess_of_Harcourt	type	Person
Marie_Countess_of_Ponthieu	father	William_IV_Count_of_Ponthieu
Marie_Countess_of_Ponthieu	mother	Alys_of_France_Countess_of_Vexin
Marie_Countess_of_Ponthieu	parent	Alys_of_France_Countess_of_Vexin
Marie_Countess_of_Ponthieu	parent	William_IV_Count_of_Ponthieu
Marie_Countess_of_Ponthieu	spouse	Simon_Count_of_Ponthieu
Marie_Countess_of_Ponthieu	successor	Joan_Countess_of_Ponthieu
Marie_Countess_of_Ponthieu	type	Person
Marie_Duchess_of_Auvergne	successor	Agnes_of_Burgundy_Duchess_of_Bourbon
Marie_Duchess_of_Auvergne	type	Person
Marie_Eleonore_of_Cleves	child	Duchess_Anna_of_Prussia
Marie_Eleonore_of_Cleves	child	Duchess_Sophie_of_Prussia
Marie_Eleonore_of_Cleves	child	Magdalene_Sibylle_of_Prussia
Marie_Eleonore_of_Cleves	child	Marie_of_Prussia_Margravine_of_Brandenburg_Bayreuth
Marie_Eleonore_of_Cleves	mother	Maria_of_Austria_Duchess_of_J_lich_Cleves_Berg
Marie_Eleonore_of_Cleves	parent	William_Duke_of_J_lich_Cleves_Berg
Marie_Eleonore_of_Cleves	spouse	Albert_Frederick_Duke_of_Prussia
Marie_Eleonore_of_Cleves	type	Person
Marie_Elisabeth_of_France	type	Person
Marie_Hedwig_of_Hesse_Darmstadt	type	Person
Marie_Jeanne_Baptiste_of_Savoy_Nemours	spouse	Charles_Emmanuel_II_Duke_of_Savoy
Marie_Jeanne_Baptiste_of_Savoy_Nemours	type	Person
Marie_Jos_phine_of_Savoy	father	Victor_Amadeus_III_of_Sardinia
Marie_Jos_phine_of_Savoy	parent	Maria_Antonia_Ferdinanda_of_Spain
Marie_Jos_phine_of_Savoy	parent	Victor_Amadeus_III_of_Sardinia
Marie_Jos_phine_of_Savoy	spouse	Louis_XVIII
Marie_Jos_phine_of_Savoy	type	Person
Marie_Louise_Duchess_of_Parma	child	Napoleon_II
Marie_Louise_Duchess_of_Parma	father	Francis_II_Holy_Roman_Emperor
Marie_Louise_Duchess_of_Parma	mother	Maria_Theresa_of_Naples_and_Sicily
Marie_Louise_Duchess_of_Parma	parent	Maria_Theresa_of_Naples_and_Sicily
Marie_Louise_Duchess_of_Parma	spouse	Adam_Albert_von_Neipperg
Marie_Louise_Duchess_of_Parma	spouse	Charles_Ren__de_Bombelles
Marie_Louise_Duchess_of_Parma	spouse	Napoleon
Marie_Louise_Duchess_of_Parma	type	Person
Marie_Louise_d_Orl_ans	type	Person
Marie_Louise_of_France_1728_1733	type	Person
Marie_Th_r_se_of_France	father	Louis_XVI
Marie_Th_r_se_of_France	mother	Marie_Antoinette
Marie_Th_r_se_of_France	parent	Louis_XVI
Marie_Th_r_se_of_France	parent	Marie_Antoinette
Marie_Th_r_se_of_France	spouse	Louis_Antoine_Duke_of_Angoul_me
Marie_Th_r_se_of_France	type	Person
Marie_Th_r_se_of_France_1667_1672	type	Person
Marie_Viscountess_of_Limoges	type	Person
Marie_Z_phyrine_of_France	type	Person
Marie__milie_de_Joly_de_Choin	spouse	Louis_Dauphin_of_France_son_of_Louis_XIV
Marie__milie_de_Joly_de_Choin	type	Person
Marie_de_Bourbon_Princess_of_Achaea	type	Person
Marie_de_Ch_tillon_1323_1363	spouse	Rudolph_Duke_of_Lorraine
Marie_de_Ch_tillon_1323_1363	type	Person
Marie_de_Medici	child	Christine_of_France
Marie_de_Medici	child	Elisabeth_of_France_1602_1644
Marie_de_Medici	child	Gaston_Duke_of_Orl_ans
Marie_de_Medici	child	Henrietta_Maria
Marie_de_Medici	child	Louis_XIII
Marie_de_Medici	child	Nicolas_Henri_Duke_of_Orl_ans
Marie_de_Medici	father	Francesco_I_de_Medici_Grand_Duke_of_Tuscany
Marie_de_Medici	parent	Joanna_of_Austria_Grand_Duchess_of_Tuscany
Marie_de_Medici	spouse	Henry_IV_of_France
Marie_de_Medici	type	Person
Marie_de_Valois	type	Person
Marie_of_Anjou	child	Catherine_of_France_Countess_of_Charolais
Marie_of_Anjou	child	Charles_of_Valois_Duke_of_Berry
Marie_of_Anjou	child	Joan_of_France_Duchess_of_Bourbon
Marie_of_Anjou	child	Louis_XI
Marie_of_Anjou	child	Magdalena_of_Valois
Marie_of_Anjou	child	Radegonde_of_Valois
Marie_of_Anjou	child	Yolande_of_Valois
Marie_of_Anjou	father	Louis_II_of_Anjou
Marie_of_Anjou	parent	Louis_II_of_Anjou
Marie_of_Anjou	parent	Yolande_of_Aragon
Marie_of_Anjou	spouse	Charles_VII_of_France
Marie_of_Anjou	type	Person
Marie_of_Bade_Sponheim	successor	Archduchess_Anna_of_Austria
Marie_of_Bade_Sponheim	type	Person
Marie_of_Blois_Duchess_of_Anjou	spouse	Louis_I_of_Anjou
Marie_of_Blois_Duchess_of_Anjou	type	Person
Marie_of_Brabant_Queen_of_France	child	Blanche_of_France_Duchess_of_Austria
Marie_of_Brabant_Queen_of_France	child	Louis_Count_of__vreux
Marie_of_Brabant_Queen_of_France	child	Margaret_of_France_Queen_of_England
Marie_of_Brabant_Queen_of_France	father	Henry_III_Duke_of_Brabant
Marie_of_Brabant_Queen_of_France	mother	Adelaide_of_Burgundy_Duchess_of_Brabant
Marie_of_Brabant_Queen_of_France	parent	Adelaide_of_Burgundy_Duchess_of_Brabant
Marie_of_Brabant_Queen_of_France	parent	Henry_III_Duke_of_Brabant
Marie_of_Brabant_Queen_of_France	spouse	Philip_III_of_France
Marie_of_Brabant_Queen_of_France	type	Person
Marie_of_Brittany_Countess_of_Saint_Pol	father	John_II_Duke_of_Brittany
Marie_of_Brittany_Countess_of_Saint_Pol	parent	Beatrice_of_England
Marie_of_Brittany_Countess_of_Saint_Pol	parent	John_II_Duke_of_Brittany
Marie_of_Brittany_Countess_of_Saint_Pol	spouse	Guy_IV_Count_of_Saint_Pol
Marie_of_Brittany_Countess_of_Saint_Pol	type	Person
Marie_of_Brittany_Lady_of_La_Guerche	type	Person
Marie_of_Cleves_Duchess_of_Orl_ans	child	Anne_of_Orl_ans_Abbess_of_Fontevraud
Marie_of_Cleves_Duchess_of_Orl_ans	child	Louis_XII
Marie_of_Cleves_Duchess_of_Orl_ans	child	Marie_of_Orl_ans_Viscountess_of_Narbonne
Marie_of_Cleves_Duchess_of_Orl_ans	father	Adolph_I_Duke_of_Cleves
Marie_of_Cleves_Duchess_of_Orl_ans	mother	Mary_of_Burgundy_Duchess_of_Cleves
Marie_of_Cleves_Duchess_of_Orl_ans	parent	Adolph_I_Duke_of_Cleves
Marie_of_Cleves_Duchess_of_Orl_ans	parent	Mary_of_Burgundy_Duchess_of_Cleves
Marie_of_Cleves_Duchess_of_Orl_ans	spouse	Charles_Duke_of_Orl_ans
Marie_of_Cleves_Duchess_of_Orl_ans	type	Person
Marie_of_France_Countess_of_Champagne	spouse	Henry_I_Count_of_Champagne
Marie_of_France_Countess_of_Champagne	type	Person
Marie_of_France_Duchess_of_Bar	child	Edward_III_Duke_of_Bar
Marie_of_France_Duchess_of_Bar	child	Henry_of_Bar
Marie_of_France_Duchess_of_Bar	child	Violant_of_Bar
Marie_of_France_Duchess_of_Bar	father	John_II_of_France
Marie_of_France_Duchess_of_Bar	mother	Bonne_of_Luxembourg
Marie_of_France_Duchess_of_Bar	parent	Bonne_of_Luxembourg
Marie_of_France_Duchess_of_Bar	type	Person
Marie_of_France_Duchess_of_Brabant	spouse	Henry_I_Duke_of_Brabant
Marie_of_France_Duchess_of_Brabant	type	Person
Marie_of_Luxembourg_Countess_of_Vend_me	father	John_IV_Marquis_of_Montferrat
Marie_of_Luxembourg_Countess_of_Vend_me	father	Peter_II_Count_of_Saint_Pol
Marie_of_Luxembourg_Countess_of_Vend_me	mother	Margaret_of_Savoy_Countess_of_Saint_Pol
Marie_of_Luxembourg_Countess_of_Vend_me	parent	Margaret_of_Savoy_Countess_of_Saint_Pol
Marie_of_Luxembourg_Countess_of_Vend_me	spouse	Francis_Count_of_Vend_me
Marie_of_Luxembourg_Countess_of_Vend_me	spouse	Jacques_of_Savoy_Count_of_Romont
Marie_of_Luxembourg_Countess_of_Vend_me	type	Person
Marie_of_Luxembourg_Queen_of_France	father	Henry_VII_Holy_Roman_Emperor
Marie_of_Luxembourg_Queen_of_France	parent	Margaret_of_Brabant
Marie_of_Luxembourg_Queen_of_France	spouse	Charles_IV_of_France
Marie_of_Luxembourg_Queen_of_France	type	Person
Marie_of_Orl_ans_Viscountess_of_Narbonne	type	Person
Marie_of_Prussia_Margravine_of_Brandenburg_Bayreuth	type	Person
Marie_of_Savoy_Countess_of_Saint_Pol	type	Person
Marie_of_Valois_Duchess_of_Calabria	type	Person
Marie_of_Valois_Prioress_of_Poissy	type	Person
Marie_of__vreux	type	Person
Marjorie_Bruce	spouse	Walter_Stewart_6th_High_Steward_of_Scotland
Marjorie_Bruce	type	Person
Marozia	successor	Willa_of_Burgundy
Marozia	type	Person
Martim_Afonso_Chichorro	type	Person
Martin_of_Aragon	successor	Ferdinand_I_of_Aragon
Martin_of_Aragon	type	Person
Mary_I_of_England	successor	Philip_II_of_Spain
Mary_I_of_England	type	Person
Mary_Princess_Royal_and_Princess_of_Orange	type	Person
Mary_Queen_of_Scots	child	James_VI_and_I
Mary_Queen_of_Scots	father	James_V_of_Scotland
Mary_Queen_of_Scots	mother	Mary_of_Guise
Mary_Queen_of_Scots	parent	James_V_of_Scotland
Mary_Queen_of_Scots	predecessor	James_V_of_Scotland
Mary_Queen_of_Scots	spouse	Francis_II_of_France
Mary_Queen_of_Scots	spouse	Henry_Stuart_Lord_Darnley
Mary_Queen_of_Scots	spouse	James_Hepburn_4th_Earl_of_Bothwell
Mary_Queen_of_Scots	successor	James_VI_and_I
Mary_Queen_of_Scots	type	Person
Mary_Stewart_Countess_of_Arran	type	Person
Mary_Stewart_Countess_of_Buchan	type	Person
Mary_Tudor_Queen_of_France	child	Eleanor_Clifford_Countess_of_Cumberland
Mary_Tudor_Queen_of_France	child	Frances_Grey_Duchess_of_Suffolk
Mary_Tudor_Queen_of_France	child	Henry_Brandon_1st_Earl_of_Lincoln
Mary_Tudor_Queen_of_France	father	Henry_VII_of_England
Mary_Tudor_Queen_of_France	mother	Elizabeth_of_York
Mary_Tudor_Queen_of_France	parent	Henry_VII_of_England
Mary_Tudor_Queen_of_France	spouse	Charles_Brandon_1st_Duke_of_Suffolk
Mary_Tudor_Queen_of_France	spouse	Louis_XII
Mary_Tudor_Queen_of_France	type	Person
Mary_Woodville	type	Person
Mary_de_Bohun	father	Humphrey_de_Bohun_7th_Earl_of_Hereford
Mary_de_Bohun	mother	Joan_Fitzalan_Countess_of_Hereford
Mary_de_Bohun	parent	Humphrey_de_Bohun_7th_Earl_of_Hereford
Mary_de_Bohun	parent	Joan_Fitzalan_Countess_of_Hereford
Mary_de_Bohun	spouse	Henry_IV_of_England
Mary_de_Bohun	type	Person
Mary_of_Avesnes	spouse	Louis_I_Duke_of_Bourbon
Mary_of_Avesnes	type	Person
Mary_of_Burgundy	father	Charles_the_Bold
Mary_of_Burgundy	spouse	Maximilian_I_Holy_Roman_Emperor
Mary_of_Burgundy	type	Person
Mary_of_Burgundy_Duchess_of_Cleves	child	Adolph_of_Cleves_Lord_of_Ravenstein
Mary_of_Burgundy_Duchess_of_Cleves	child	Catherine_of_Cleves_1417_1479
Mary_of_Burgundy_Duchess_of_Cleves	child	John_I_Duke_of_Cleves
Mary_of_Burgundy_Duchess_of_Cleves	child	Margaret_of_Cleves_Duchess_of_Bavaria_Munich
Mary_of_Burgundy_Duchess_of_Cleves	child	Marie_of_Cleves_Duchess_of_Orl_ans
Mary_of_Burgundy_Duchess_of_Cleves	father	John_the_Fearless
Mary_of_Burgundy_Duchess_of_Cleves	mother	Margaret_of_Bavaria
Mary_of_Burgundy_Duchess_of_Cleves	parent	John_the_Fearless
Mary_of_Burgundy_Duchess_of_Cleves	parent	Margaret_of_Bavaria
Mary_of_Burgundy_Duchess_of_Cleves	spouse	Adolph_I_Duke_of_Cleves
Mary_of_Burgundy_Duchess_of_Cleves	type	Person
Mary_of_Burgundy_Duchess_of_Savoy	spouse	Amadeus_VIII_Duke_of_Savoy
Mary_of_Burgundy_Duchess_of_Savoy	type	Person
Mary_of_Guelders	spouse	James_II_of_Scotland
Mary_of_Guelders	type	Person
Mary_of_Guise	child	Fran_ois_III_d_Orl_ans_Duke_of_Longueville
Mary_of_Guise	child	James_Duke_of_Rothesay_born_1540
Mary_of_Guise	father	Claude_Duke_of_Guise
Mary_of_Guise	mother	Antoinette_of_Bourbon
Mary_of_Guise	parent	Antoinette_of_Bourbon
Mary_of_Guise	spouse	James_V_of_Scotland
Mary_of_Guise	spouse	Louis_II_d_Orl_ans_Duke_of_Longueville
Mary_of_Guise	type	Person
Mary_of_Hungary_Queen_of_Naples	child	Blanche_of_Anjou
Mary_of_Hungary_Queen_of_Naples	child	Charles_Martel_of_Anjou
Mary_of_Hungary_Queen_of_Naples	child	Eleanor_of_Anjou
Mary_of_Hungary_Queen_of_Naples	child	John_Duke_of_Durazzo
Mary_of_Hungary_Queen_of_Naples	child	Louis_of_Toulouse
Mary_of_Hungary_Queen_of_Naples	child	Margaret_Countess_of_Anjou
Mary_of_Hungary_Queen_of_Naples	child	Maria_of_Naples
Mary_of_Hungary_Queen_of_Naples	child	Peter_Tempesta
Mary_of_Hungary_Queen_of_Naples	child	Raymond_Berengar_of_Andria
Mary_of_Hungary_Queen_of_Naples	child	Robert_King_of_Naples
Mary_of_Hungary_Queen_of_Naples	father	Stephen_V_of_Hungary
Mary_of_Hungary_Queen_of_Naples	mother	Elizabeth_the_Cuman
Mary_of_Hungary_Queen_of_Naples	spouse	Charles_II_of_Naples
Mary_of_Hungary_Queen_of_Naples	type	Person
Mary_of_Hungary_governor_of_the_Netherlands	type	Person
Mary_of_Scotland_Countess_of_Boulogne	type	Person
Mary_of_Waltham	spouse	John_IV_Duke_of_Brittany
Mary_of_Waltham	type	Person
Mary_of_Woodstock	type	Person
Mastino_II_della_Scala	type	Person
Matilda_II_Countess_of_Boulogne	spouse	Afonso_III_of_Portugal
Matilda_II_Countess_of_Boulogne	type	Person
Matilda_of_Anjou	type	Person
Matilda_of_B_thune	father	Robert_VII_Lord_of_B_thune
Matilda_of_B_thune	spouse	Guy_Count_of_Flanders
Matilda_of_B_thune	type	Person
Matilda_of_Bavaria_Margravine_of_Meissen	father	Louis_IV_Holy_Roman_Emperor
Matilda_of_Bavaria_Margravine_of_Meissen	parent	Beatrice_of_Silesia
Matilda_of_Bavaria_Margravine_of_Meissen	parent	Louis_IV_Holy_Roman_Emperor
Matilda_of_Bavaria_Margravine_of_Meissen	spouse	Frederick_II_Margrave_of_Meissen
Matilda_of_Bavaria_Margravine_of_Meissen	type	Person
Matilda_of_Boulogne_Duchess_of_Brabant	spouse	Henry_I_Duke_of_Brabant
Matilda_of_Boulogne_Duchess_of_Brabant	type	Person
Matilda_of_Brabant_Countess_of_Artois	father	Henry_II_Duke_of_Brabant
Matilda_of_Brabant_Countess_of_Artois	mother	Maria_of_Swabia
Matilda_of_Brabant_Countess_of_Artois	parent	Henry_II_Duke_of_Brabant
Matilda_of_Brabant_Countess_of_Artois	parent	Maria_of_Swabia
Matilda_of_Brabant_Countess_of_Artois	type	Person
Matilda_of_Brandenburg_Duchess_of_Brunswic_L_neburg	spouse	Otto_I_Duke_of_Brunswic_L_neburg
Matilda_of_Brandenburg_Duchess_of_Brunswic_L_neburg	type	Person
Matilda_of_Carinthia	father	Engelbert_Duke_of_Carinthia
Matilda_of_Carinthia	parent	Engelbert_Duke_of_Carinthia
Matilda_of_Carinthia	spouse	Theobald_II_Count_of_Champagne
Matilda_of_Carinthia	type	Person
Matilda_of_England_Duchess_of_Saxony	spouse	Henry_the_Lion
Matilda_of_England_Duchess_of_Saxony	type	Person
Matilda_of_Flanders	type	Person
Matilda_of_France	child	Bertha_of_Burgundy
Matilda_of_France	child	Gerberga_of_Burgundy
Matilda_of_France	child	Rudolph_III_of_Burgundy
Matilda_of_France	father	Gilbert_Duke_of_Lorraine
Matilda_of_France	father	Louis_IV_of_France
Matilda_of_France	mother	Gerberga_of_Saxony
Matilda_of_France	parent	Gerberga_of_Saxony
Matilda_of_France	parent	Louis_IV_of_France
Matilda_of_France	spouse	Conrad_I_of_Burgundy
Matilda_of_France	type	Person
Matilda_of_Frisia	father	Liudolf_Margrave_of_Frisia
Matilda_of_Frisia	parent	Liudolf_Margrave_of_Frisia
Matilda_of_Frisia	spouse	Henry_I_of_France
Matilda_of_Frisia	type	Person
Matilda_of_Habsburg	spouse	Louis_II_Duke_of_Bavaria
Matilda_of_Habsburg	type	Person
Matilda_of_Ringelheim	spouse	Henry_the_Fowler
Matilda_of_Ringelheim	type	Person
Matilda_of_Savoy_Queen_of_Portugal	spouse	Afonso_I_of_Portugal
Matilda_of_Savoy_Queen_of_Portugal	type	Person
Matilda_of_Saxony_1172_1209/10	type	Person
Matilda_of_Saxony_countess_of_Flanders	father	Hermann_Billung
Matilda_of_Saxony_countess_of_Flanders	parent	Hermann_Billung
Matilda_of_Saxony_countess_of_Flanders	spouse	Baldwin_III_Count_of_Flanders
Matilda_of_Saxony_countess_of_Flanders	spouse	Godfrey_I_Count_of_Verdun
Matilda_of_Saxony_countess_of_Flanders	type	Person
Matilda_of_Scotland	child	Empress_Matilda
Matilda_of_Scotland	child	William_Adelin
Matilda_of_Scotland	father	Malcolm_III_of_Scotland
Matilda_of_Scotland	parent	Saint_Margaret_of_Scotland
Matilda_of_Scotland	spouse	Henry_I_of_England
Matilda_of_Scotland	type	Person
Matilda_of_T_bingen	type	Person
Matthew_Count_of_Boulogne	type	Person
Matthew_I_of_Montmorency	spouse	Adelaide_of_Maurienne
Matthew_I_of_Montmorency	type	Person
Matthew_Stewart_2nd_Earl_of_Lennox	father	John_Stewart_1st_Earl_of_Lennox
Matthew_Stewart_2nd_Earl_of_Lennox	mother	Margaret_Boswell
Matthew_Stewart_2nd_Earl_of_Lennox	parent	John_Stewart_1st_Earl_of_Lennox
Matthew_Stewart_2nd_Earl_of_Lennox	spouse	Margaret_Lyle
Matthew_Stewart_2nd_Earl_of_Lennox	type	Person
Matthew_Stewart_4th_Earl_of_Lennox	father	John_Stewart_3rd_Earl_of_Lennox
Matthew_Stewart_4th_Earl_of_Lennox	spouse	Margaret_Douglas
Matthew_Stewart_4th_Earl_of_Lennox	type	Person
Matthias_Holy_Roman_Emperor	type	Person
Matthias_II_Duke_of_Lorraine	child	Frederick_III_Duke_of_Lorraine
Matthias_II_Duke_of_Lorraine	predecessor	Theobald_I_Duke_of_Lorraine
Matthias_II_Duke_of_Lorraine	successor	Frederick_III_Duke_of_Lorraine
Matthias_II_Duke_of_Lorraine	type	Person
Matthias_I_Duke_of_Lorraine	child	Frederick_I_Duke_of_Lorraine
Matthias_I_Duke_of_Lorraine	child	Simon_II_Duke_of_Lorraine
Matthias_I_Duke_of_Lorraine	father	Simon_I_Duke_of_Lorraine
Matthias_I_Duke_of_Lorraine	mother	Adelaide_of_Leuven
Matthias_I_Duke_of_Lorraine	parent	Adelaide_of_Leuven
Matthias_I_Duke_of_Lorraine	parent	Simon_I_Duke_of_Lorraine
Matthias_I_Duke_of_Lorraine	predecessor	Simon_I_Duke_of_Lorraine
Matthias_I_Duke_of_Lorraine	spouse	Bertha_Duchess_of_Lorraine
Matthias_I_Duke_of_Lorraine	successor	Simon_II_Duke_of_Lorraine
Matthias_I_Duke_of_Lorraine	type	Person
Maud_Chaworth	father	Hugh_Despenser_the_Elder
Maud_Chaworth	father	Patrick_de_Chaworth_Lord_of_Kidwelly
Maud_Chaworth	mother	Isabella_de_Beauchamp
Maud_Chaworth	parent	Isabella_de_Beauchamp
Maud_Chaworth	parent	Patrick_de_Chaworth_Lord_of_Kidwelly
Maud_Chaworth	spouse	Henry_3rd_Earl_of_Lancaster
Maud_Chaworth	type	Person
Maud_FitzJohn_Countess_of_Warwick	parent	John_Fitzgeoffrey
Maud_FitzJohn_Countess_of_Warwick	spouse	William_de_Beauchamp_9th_Earl_of_Warwick
Maud_FitzJohn_Countess_of_Warwick	type	Person
Maud_of_Apulia	spouse	Ramon_Berenguer_II_Count_of_Barcelona
Maud_of_Apulia	type	Person
Maud_of_Normandy	spouse	Odo_II_Count_of_Blois
Maud_of_Normandy	type	Person
Maximilian_III_Archduke_of_Austria	type	Person
Maximilian_II_Holy_Roman_Emperor	child	Albert_VII_Archduke_of_Austria
Maximilian_II_Holy_Roman_Emperor	child	Anna_of_Austria_Queen_of_Spain
Maximilian_II_Holy_Roman_Emperor	child	Archduke_Ernest_of_Austria
Maximilian_II_Holy_Roman_Emperor	child	Archduke_Wenceslaus_of_Austria
Maximilian_II_Holy_Roman_Emperor	child	Elisabeth_of_Austria_Queen_of_France
Maximilian_II_Holy_Roman_Emperor	child	Matthias_Holy_Roman_Emperor
Maximilian_II_Holy_Roman_Emperor	child	Rudolf_II_Holy_Roman_Emperor
Maximilian_II_Holy_Roman_Emperor	father	Ferdinand_I_Holy_Roman_Emperor
Maximilian_II_Holy_Roman_Emperor	mother	Anne_of_Bohemia_and_Hungary
Maximilian_II_Holy_Roman_Emperor	parent	Anne_of_Bohemia_and_Hungary
Maximilian_II_Holy_Roman_Emperor	parent	Ferdinand_I_Holy_Roman_Emperor
Maximilian_II_Holy_Roman_Emperor	predecessor	Ferdinand_I_Holy_Roman_Emperor
Maximilian_II_Holy_Roman_Emperor	spouse	Maria_of_Austria_Holy_Roman_Empress
Maximilian_II_Holy_Roman_Emperor	successor	Rudolf_II_Holy_Roman_Emperor
Maximilian_II_Holy_Roman_Emperor	type	Person
Maximilian_I_Holy_Roman_Emperor	child	Margaret_of_Austria_Duchess_of_Savoy
Maximilian_I_Holy_Roman_Emperor	child	Philip_I_of_Castile
Maximilian_I_Holy_Roman_Emperor	father	Frederick_III_Holy_Roman_Emperor
Maximilian_I_Holy_Roman_Emperor	mother	Eleanor_of_Portugal_Holy_Roman_Empress
Maximilian_I_Holy_Roman_Emperor	parent	Eleanor_of_Portugal_Holy_Roman_Empress
Maximilian_I_Holy_Roman_Emperor	parent	Frederick_III_Holy_Roman_Emperor
Maximilian_I_Holy_Roman_Emperor	predecessor	Frederick_III_Holy_Roman_Emperor
Maximilian_I_Holy_Roman_Emperor	spouse	Anne_of_Brittany
Maximilian_I_Holy_Roman_Emperor	spouse	Bianca_Maria_Sforza
Maximilian_I_Holy_Roman_Emperor	spouse	Mary_of_Burgundy
Maximilian_I_Holy_Roman_Emperor	successor	Charles_V_Holy_Roman_Emperor
Maximilian_I_Holy_Roman_Emperor	type	Person
Maximilian_Sforza	predecessor	Louis_XII
Maximilian_Sforza	type	Person
Maximilian_William_of_Brunswic_L_neburg	type	Person
Maximiliana_Maria_of_Bavaria	type	Person
Melisende_Queen_of_Jerusalem	spouse	Fulk_King_of_Jerusalem
Melisende_Queen_of_Jerusalem	type	Person
Mercedes_of_Orl_ans	type	Person
Michelle_of_Valois	spouse	Philip_the_Good
Michelle_of_Valois	type	Person
Mieszko_III_the_Old	type	Person
Mstislav_of_Chernigov	type	Person
Muzio_Attendolo_Sforza	type	Person
Napol_on_Charles_Bonaparte	type	Person
Napol_on_Louis_Bonaparte	father	Louis_Bonaparte
Napol_on_Louis_Bonaparte	predecessor	Louis_Bonaparte
Napol_on_Louis_Bonaparte	type	Person
Napol_on_Prince_Imperial	type	Person
Napoleon	child	Napoleon_II
Napoleon	parent	Carlo_Buonaparte
Napoleon	parent	Letizia_Bonaparte
Napoleon	spouse	Marie_Louise_Duchess_of_Parma
Napoleon	successor	Louis_XVIII
Napoleon	successor	Napoleon_II
Napoleon	type	Person
Napoleon_II	father	Adam_Albert_von_Neipperg
Napoleon_II	father	Napoleon
Napoleon_II	mother	Marie_Louise_Duchess_of_Parma
Napoleon_II	parent	Marie_Louise_Duchess_of_Parma
Napoleon_II	parent	Napoleon
Napoleon_II	predecessor	Napoleon
Napoleon_II	type	Person
Napoleon_III	child	Napol_on_Prince_Imperial
Napoleon_III	father	Louis_Bonaparte
Napoleon_III	parent	Hortense_de_Beauharnais
Napoleon_III	parent	Louis_Bonaparte
Napoleon_III	predecessor	Louis_Philippe_I
Napoleon_III	spouse	Eug_nie_de_Montijo
Napoleon_III	type	Person
Natalia_Alexeievna_Wilhelmina_Louisa_of_Hesse_Darmstadt	type	Person
Nicholas_Francis_Duke_of_Lorraine	child	Anne_Marie_Th_r_se_de_Lorraine
Nicholas_Francis_Duke_of_Lorraine	child	Charles_V_Duke_of_Lorraine
Nicholas_Francis_Duke_of_Lorraine	father	Francis_II_Duke_of_Lorraine
Nicholas_Francis_Duke_of_Lorraine	parent	Christina_of_Salm
Nicholas_Francis_Duke_of_Lorraine	parent	Francis_II_Duke_of_Lorraine
Nicholas_Francis_Duke_of_Lorraine	spouse	Claude_Fran_oise_de_Lorraine
Nicholas_Francis_Duke_of_Lorraine	type	Person
Nicholas_d_Oisy_Lord_of_Avesnes	father	Walter_I_Lord_of_Avesnes
Nicholas_d_Oisy_Lord_of_Avesnes	parent	Walter_I_Lord_of_Avesnes
Nicholas_d_Oisy_Lord_of_Avesnes	type	Person
Nicolas_Duke_of_Merc_ur	child	Charles_de_Lorraine_de_Vaud_mont
Nicolas_Duke_of_Merc_ur	child	Henri_de_Lorraine_Chaligny
Nicolas_Duke_of_Merc_ur	child	Philippe_Emmanuel_Duke_of_Merc_ur
Nicolas_Duke_of_Merc_ur	father	Antoine_Duke_of_Lorraine
Nicolas_Duke_of_Merc_ur	mother	Ren_e_of_Bourbon
Nicolas_Duke_of_Merc_ur	parent	Antoine_Duke_of_Lorraine
Nicolas_Duke_of_Merc_ur	parent	Ren_e_of_Bourbon
Nicolas_Duke_of_Merc_ur	type	Person
Nicolas_Henri_Duke_of_Orl_ans	type	Person
Nicolaus_of_Luxemburg	type	Person
Nuno_Mendes_count	successor	Raymond_of_Burgundy
Nuno_Mendes_count	type	Person
Nuno__lvares_Pereira	type	Person
Oberto_I	type	Person
Oberto_II_Margrave_of_Milan	father	Oberto_I
Oberto_II_Margrave_of_Milan	type	Person
Odo_Count_of_Nevers	type	Person
Odo_III_Duke_of_Burgundy	child	Hugh_IV_Duke_of_Burgundy
Odo_III_Duke_of_Burgundy	father	Hugh_III_Duke_of_Burgundy
Odo_III_Duke_of_Burgundy	predecessor	Hugh_III_Duke_of_Burgundy
Odo_III_Duke_of_Burgundy	spouse	Alice_of_Vergy
Odo_III_Duke_of_Burgundy	spouse	Theresa_of_Portugal_Countess_of_Flanders
Odo_III_Duke_of_Burgundy	successor	Hugh_IV_Duke_of_Burgundy
Odo_III_Duke_of_Burgundy	type	Person
Odo_II_Count_of_Blois	father	Odo_I_Count_of_Blois
Odo_II_Count_of_Blois	parent	Bertha_of_Burgundy
Odo_II_Count_of_Blois	parent	Odo_I_Count_of_Blois
Odo_II_Count_of_Blois	spouse	Ermengarde_of_Auvergne
Odo_II_Count_of_Blois	spouse	Maud_of_Normandy
Odo_II_Count_of_Blois	type	Person
Odo_II_Duke_of_Burgundy	child	Hugh_III_Duke_of_Burgundy
Odo_II_Duke_of_Burgundy	father	Hugh_II_Duke_of_Burgundy
Odo_II_Duke_of_Burgundy	parent	Hugh_II_Duke_of_Burgundy
Odo_II_Duke_of_Burgundy	predecessor	Hugh_II_Duke_of_Burgundy
Odo_II_Duke_of_Burgundy	successor	Hugh_III_Duke_of_Burgundy
Odo_II_Duke_of_Burgundy	type	Person
Odo_IV_Duke_of_Burgundy	child	Philip_I_Count_of_Auvergne
Odo_IV_Duke_of_Burgundy	father	Robert_II_Duke_of_Burgundy
Odo_IV_Duke_of_Burgundy	mother	Agnes_of_France_Duchess_of_Burgundy
Odo_IV_Duke_of_Burgundy	parent	Agnes_of_France_Duchess_of_Burgundy
Odo_IV_Duke_of_Burgundy	parent	Robert_II_Duke_of_Burgundy
Odo_IV_Duke_of_Burgundy	predecessor	Hugh_V_Duke_of_Burgundy
Odo_IV_Duke_of_Burgundy	spouse	Joan_III_Countess_of_Burgundy
Odo_IV_Duke_of_Burgundy	successor	Philip_I_Duke_of_Burgundy
Odo_IV_Duke_of_Burgundy	type	Person
Odo_I_Count_of_Blois	father	Theobald_I_Count_of_Blois
Odo_I_Count_of_Blois	father	William_Longsword
Odo_I_Count_of_Blois	mother	Luitgarde_of_Vermandois
Odo_I_Count_of_Blois	parent	Luitgarde_of_Vermandois
Odo_I_Count_of_Blois	parent	Theobald_I_Count_of_Blois
Odo_I_Count_of_Blois	spouse	Bertha_of_Burgundy
Odo_I_Count_of_Blois	type	Person
Odo_I_Count_of_Orl_ans	spouse	Engeltrude_de_F_zensac
Odo_I_Count_of_Orl_ans	type	Person
Odo_I_Duke_of_Burgundy	child	Florine_of_Burgundy
Odo_I_Duke_of_Burgundy	child	Helie_of_Burgundy
Odo_I_Duke_of_Burgundy	child	Hugh_II_Duke_of_Burgundy
Odo_I_Duke_of_Burgundy	father	Henry_son_of_Robert_I_of_Burgundy
Odo_I_Duke_of_Burgundy	parent	Henry_son_of_Robert_I_of_Burgundy
Odo_I_Duke_of_Burgundy	predecessor	Hugh_I_Duke_of_Burgundy
Odo_I_Duke_of_Burgundy	spouse	Sibylla_of_Burgundy_Duchess_of_Burgundy
Odo_I_Duke_of_Burgundy	successor	Hugh_II_Duke_of_Burgundy
Odo_I_Duke_of_Burgundy	type	Person
Odo_of_France	father	Conrad_I_Count_of_Auxerre
Odo_of_France	father	Robert_the_Strong
Odo_of_France	mother	Adelaide_of_Tours
Odo_of_France	parent	Robert_the_Strong
Odo_of_France	predecessor	Charles_the_Fat
Odo_of_France	spouse	Th_odrate_of_Troyes
Odo_of_France	successor	Charles_the_Simple
Odo_of_France	type	Person
Odoardo_Farnese_Hereditary_Prince_of_Parma	spouse	Countess_Palatine_Dorothea_Sophie_of_Neuburg
Odoardo_Farnese_Hereditary_Prince_of_Parma	type	Person
Ogive_of_Luxembourg	spouse	Baldwin_IV_Count_of_Flanders
Ogive_of_Luxembourg	type	Person
Oleg_of_Drelinia	type	Person
Oleg_of_Novgorod	predecessor	Rurik
Oleg_of_Novgorod	type	Person
Olga_of_Kiev	predecessor	Igor_of_Kiev
Olga_of_Kiev	spouse	Igor_of_Kiev
Olga_of_Kiev	successor	Sviatoslav_I
Olga_of_Kiev	type	Person
Olof_Sk_tkonung	spouse	Estrid_of_the_Obotrites
Olof_Sk_tkonung	type	Person
Osburh	spouse	_thelwulf_King_of_Wessex
Osburh	type	Person
Otto_Duke_of_Austria	type	Person
Otto_Duke_of_Burgundy	type	Person
Otto_III_Duke_of_Bavaria	type	Person
Otto_II_Count_of_Chiny	spouse	Godfrey_I_Count_of_Louvain
Otto_II_Count_of_Chiny	type	Person
Otto_II_Count_of_Habsburg	father	Werner_I_Count_of_Klettgau
Otto_II_Count_of_Habsburg	type	Person
Otto_II_Duke_of_Bavaria	father	Louis_I_Duke_of_Bavaria
Otto_II_Duke_of_Bavaria	mother	Ludmilla_of_Bohemia
Otto_II_Duke_of_Bavaria	parent	Louis_I_Duke_of_Bavaria
Otto_II_Duke_of_Bavaria	spouse	Agnes_of_the_Palatinate
Otto_II_Duke_of_Bavaria	type	Person
Otto_IV_Count_of_Burgundy	father	Hugh_Count_of_Burgundy
Otto_IV_Count_of_Burgundy	mother	Adelaide_Countess_of_Burgundy
Otto_IV_Count_of_Burgundy	parent	Adelaide_Countess_of_Burgundy
Otto_IV_Count_of_Burgundy	parent	Hugh_Count_of_Burgundy
Otto_IV_Count_of_Burgundy	spouse	Mahaut_Countess_of_Artois
Otto_IV_Count_of_Burgundy	spouse	Philippa_of_Bar
Otto_IV_Count_of_Burgundy	successor	Joan_II_Countess_of_Burgundy
Otto_IV_Count_of_Burgundy	type	Person
Otto_IV_Count_of_Scheyern	father	Eckhard_I_Count_of_Scheyern
Otto_IV_Count_of_Scheyern	spouse	Heilika_of_Lengenfeld
Otto_IV_Count_of_Scheyern	type	Person
Otto_IV_Holy_Roman_Emperor	type	Person
Otto_I_Count_Palatine_of_Mosbach	type	Person
Otto_I_Count_of_Scheyern	spouse	Haziga_of_Diessen
Otto_I_Count_of_Scheyern	type	Person
Otto_I_Duke_of_Bavaria	father	Otto_IV_Count_of_Scheyern
Otto_I_Duke_of_Bavaria	mother	Heilika_of_Lengenfeld
Otto_I_Duke_of_Bavaria	parent	Otto_IV_Count_of_Scheyern
Otto_I_Duke_of_Bavaria	predecessor	Henry_the_Lion
Otto_I_Duke_of_Bavaria	spouse	Agnes_of_Loon
Otto_I_Duke_of_Bavaria	type	Person
Otto_I_Duke_of_Brunswic_L_neburg	father	William_of_Winchester_Lord_of_Lunenburg
Otto_I_Duke_of_Brunswic_L_neburg	mother	Helena_of_Denmark
Otto_I_Duke_of_Brunswic_L_neburg	parent	Helena_of_Denmark
Otto_I_Duke_of_Brunswic_L_neburg	parent	William_of_Winchester_Lord_of_Lunenburg
Otto_I_Duke_of_Brunswic_L_neburg	spouse	Matilda_of_Brandenburg_Duchess_of_Brunswic_L_neburg
Otto_I_Duke_of_Brunswic_L_neburg	successor	Albert_I_Duke_of_Brunswic_L_neburg
Otto_I_Duke_of_Brunswic_L_neburg	successor	John_Duke_of_Brunswic_L_neburg
Otto_I_Duke_of_Brunswic_L_neburg	type	Person
Otto_I_Duke_of_Saxony	father	Liudolf_Duke_of_Saxony
Otto_I_Duke_of_Saxony	parent	Liudolf_Duke_of_Saxony
Otto_I_Duke_of_Saxony	spouse	Hedwig_of_Babenberg
Otto_I_Duke_of_Saxony	successor	Henry_the_Fowler
Otto_I_Duke_of_Saxony	type	Person
Otto_I_Holy_Roman_Emperor	father	Henry_the_Fowler
Otto_I_Holy_Roman_Emperor	predecessor	Berengar_II_of_Italy
Otto_I_Holy_Roman_Emperor	predecessor	Henry_the_Fowler
Otto_I_Holy_Roman_Emperor	type	Person
Otto_V_Duke_of_Bavaria	type	Person
Otto_V_Duke_of_Brunswic_L_neburg	father	Frederick_II_Duke_of_Brunswic_L_neburg
Otto_V_Duke_of_Brunswic_L_neburg	parent	Frederick_II_Duke_of_Brunswic_L_neburg
Otto_V_Duke_of_Brunswic_L_neburg	parent	Magdalene_of_Brandenburg_1412_1454
Otto_V_Duke_of_Brunswic_L_neburg	spouse	Anna_of_Nassau_Dillenburg
Otto_V_Duke_of_Brunswic_L_neburg	type	Person
Otto_V_Margrave_of_Brandenburg_Salzwedel	type	Person
Otto_William_Count_of_Burgundy	father	Adalbert_of_Italy
Otto_William_Count_of_Burgundy	mother	Gerberga_of_M_con
Otto_William_Count_of_Burgundy	parent	Adalbert_of_Italy
Otto_William_Count_of_Burgundy	parent	Gerberga_of_M_con
Otto_William_Count_of_Burgundy	spouse	Ermentrude_de_Roucy
Otto_William_Count_of_Burgundy	type	Person
Owen_Tudor	father	Maredudd_ap_Tudur
Owen_Tudor	parent	Maredudd_ap_Tudur
Owen_Tudor	parent	Margaret_ferch_Dafydd
Owen_Tudor	spouse	Catherine_of_Valois
Owen_Tudor	type	Person
Patrick_Gordon_of_Auchindoun	type	Person
Patrick_Hepburn_3rd_Earl_of_Bothwell	type	Person
Patrick_de_Chaworth_Lord_of_Kidwelly	spouse	Isabella_de_Beauchamp
Patrick_de_Chaworth_Lord_of_Kidwelly	type	Person
Paul_Scarron	spouse	Fran_oise_d_Aubign__Marquise_de_Maintenon
Paul_Scarron	type	Person
Pauline_Bonaparte	type	Person
Pedro_Fern_ndez_de_Castro	type	Person
Pepin_I_of_Aquitaine	father	Louis_the_Pious
Pepin_I_of_Aquitaine	predecessor	Louis_the_Pious
Pepin_I_of_Aquitaine	type	Person
Pepin_of_Herstal	child	Charles_Martel
Pepin_of_Herstal	child	Childebrand_I
Pepin_of_Herstal	child	Grimoald_the_Younger
Pepin_of_Herstal	father	Ansegisel
Pepin_of_Herstal	mother	Begga
Pepin_of_Herstal	parent	Ansegisel
Pepin_of_Herstal	parent	Begga
Pepin_of_Herstal	predecessor	Wulfoald
Pepin_of_Herstal	spouse	Alpaida
Pepin_of_Herstal	spouse	Plectrude
Pepin_of_Herstal	successor	Charles_Martel
Pepin_of_Herstal	successor	Drogo_of_Champagne
Pepin_of_Herstal	successor	Grimoald_the_Younger
Pepin_of_Herstal	successor	Theudoald
Pepin_of_Herstal	type	Person
Pepin_of_Italy	type	Person
Pepin_the_Hunchback	type	Person
Pepin_the_Short	child	Carloman_I
Pepin_the_Short	child	Gisela_Abbess_of_Chelles
Pepin_the_Short	father	Charles_Martel
Pepin_the_Short	mother	Rotrude_of_Hesbaye
Pepin_the_Short	parent	Charles_Martel
Pepin_the_Short	parent	Rotrude_of_Hesbaye
Pepin_the_Short	predecessor	Carloman_mayor_of_the_palace
Pepin_the_Short	predecessor	Charles_Martel
Pepin_the_Short	predecessor	Childeric_III
Pepin_the_Short	spouse	Bertrada_of_Laon
Pepin_the_Short	type	Person
Peter_Duke_of_Coimbra	type	Person
Peter_III_of_Aragon	father	James_I_of_Aragon
Peter_III_of_Aragon	predecessor	James_I_of_Aragon
Peter_III_of_Aragon	type	Person
Peter_II_Count_of_La_Marche	type	Person
Peter_II_Count_of_Saint_Pol	spouse	Margaret_of_Savoy_Countess_of_Saint_Pol
Peter_II_Count_of_Saint_Pol	type	Person
Peter_II_Count_of_Savoy	successor	John_I_Duke_of_Brittany
Peter_II_Count_of_Savoy	type	Person
Peter_II_Duke_of_Bourbon	type	Person
Peter_II_of_Aragon	child	James_I_of_Aragon
Peter_II_of_Aragon	father	Alfonso_II_of_Aragon
Peter_II_of_Aragon	mother	Sancha_of_Castile_Queen_of_Aragon
Peter_II_of_Aragon	parent	Alfonso_II_of_Aragon
Peter_II_of_Aragon	parent	Sancha_of_Castile_Queen_of_Aragon
Peter_II_of_Aragon	predecessor	Alfonso_II_of_Aragon
Peter_II_of_Aragon	spouse	Maria_of_Montpellier
Peter_II_of_Aragon	successor	James_I_of_Aragon
Peter_II_of_Aragon	type	Person
Peter_II_of_Courtenay	spouse	Yolanda_Latin_Empress
Peter_II_of_Courtenay	successor	Yolanda_Latin_Empress
Peter_II_of_Courtenay	type	Person
Peter_I_Count_of_Alen_on	type	Person
Peter_I_Count_of_Saint_Pol	spouse	Margaret_of_Baux
Peter_I_Count_of_Saint_Pol	type	Person
Peter_I_Count_of_Urgell	type	Person
Peter_I_Duke_of_Bourbon	father	Louis_I_Duke_of_Bourbon
Peter_I_Duke_of_Bourbon	mother	Mary_of_Avesnes
Peter_I_Duke_of_Bourbon	parent	Louis_I_Duke_of_Bourbon
Peter_I_Duke_of_Bourbon	parent	Mary_of_Avesnes
Peter_I_Duke_of_Bourbon	spouse	Isabella_of_Valois_Duchess_of_Bourbon
Peter_I_Duke_of_Bourbon	type	Person
Peter_I_Duke_of_Brittany	child	John_I_Duke_of_Brittany
Peter_I_Duke_of_Brittany	predecessor	Alix_Duchess_of_Brittany
Peter_I_Duke_of_Brittany	spouse	Alix_Duchess_of_Brittany
Peter_I_Duke_of_Brittany	successor	John_I_Duke_of_Brittany
Peter_I_Duke_of_Brittany	type	Person
Peter_I_of_Courtenay	type	Person
Peter_I_of_Portugal	child	Beatrice_of_Portugal_died_1381
Peter_I_of_Portugal	child	Denis_Lord_of_Cifuentes
Peter_I_of_Portugal	child	Ferdinand_I_of_Portugal
Peter_I_of_Portugal	child	John_Duke_of_Valencia_de_Campos
Peter_I_of_Portugal	child	John_I_of_Portugal
Peter_I_of_Portugal	child	Maria_of_Portugal_Marchioness_of_Tortosa
Peter_I_of_Portugal	father	Afonso_IV_of_Portugal
Peter_I_of_Portugal	mother	Beatrice_of_Castile_1293_1359
Peter_I_of_Portugal	parent	Afonso_IV_of_Portugal
Peter_I_of_Portugal	parent	Beatrice_of_Castile_1293_1359
Peter_I_of_Portugal	predecessor	Afonso_IV_of_Portugal
Peter_I_of_Portugal	spouse	In_s_de_Castro
Peter_I_of_Portugal	spouse	Teresa_Louren_o
Peter_I_of_Portugal	successor	Ferdinand_I_of_Portugal
Peter_I_of_Portugal	type	Person
Peter_Tempesta	type	Person
Peter_of_Aragon_Count_of_Alburquerque	type	Person
Peter_of_Castile	predecessor	Alfonso_XI_of_Castile
Peter_of_Castile	successor	Henry_II_of_Castile
Peter_of_Castile	type	Person
Peter_of_Castile_Lord_of_Cameros	type	Person
Peter_of_Castile_Lord_of_Ledesma	type	Person
Peter_of_Courtenay_Lord_of_Conches	father	Robert_of_Courtenay_Lord_of_Champignelles
Peter_of_Courtenay_Lord_of_Conches	parent	Robert_of_Courtenay_Lord_of_Champignelles
Peter_of_Courtenay_Lord_of_Conches	type	Person
Petronilla_of_Aragon	spouse	Ramon_Berenguer_IV_Count_of_Barcelona
Petronilla_of_Aragon	successor	Alfonso_II_of_Aragon
Petronilla_of_Aragon	type	Person
Philibert_II_Duke_of_Savoy	predecessor	Philip_II_Duke_of_Savoy
Philibert_II_Duke_of_Savoy	successor	Charles_III_Duke_of_Savoy
Philibert_II_Duke_of_Savoy	type	Person
Philip_Count_of_Longueville	type	Person
Philip_Count_of_Vertus	type	Person
Philip_Duke_of_Nemours	type	Person
Philip_Duke_of_Orl_ans	type	Person
Philip_Duke_of_Parma	spouse	Louise__lisabeth_of_France
Philip_Duke_of_Parma	type	Person
Philip_III_of_France	child	Blanche_of_France_Duchess_of_Austria
Philip_III_of_France	child	Louis_Count_of__vreux
Philip_III_of_France	child	Louis_of_France_1264_1276
Philip_III_of_France	child	Margaret_of_France_Queen_of_England
Philip_III_of_France	child	Philip_IV_of_France
Philip_III_of_France	father	Louis_IX_of_France
Philip_III_of_France	mother	Margaret_of_Provence
Philip_III_of_France	parent	Louis_IX_of_France
Philip_III_of_France	parent	Margaret_of_Provence
Philip_III_of_France	predecessor	Louis_IX_of_France
Philip_III_of_France	spouse	Isabella_of_Aragon_Queen_of_France
Philip_III_of_France	spouse	Marie_of_Brabant_Queen_of_France
Philip_III_of_France	successor	Philip_IV_of_France
Philip_III_of_France	type	Person
Philip_III_of_Navarre	child	Blanche_of_Navarre_Queen_of_France
Philip_III_of_Navarre	child	Charles_II_of_Navarre
Philip_III_of_Navarre	child	Philip_Count_of_Longueville
Philip_III_of_Navarre	father	Louis_Count_of__vreux
Philip_III_of_Navarre	mother	Margaret_of_Artois
Philip_III_of_Navarre	parent	Louis_Count_of__vreux
Philip_III_of_Navarre	parent	Margaret_of_Artois
Philip_III_of_Navarre	predecessor	Charles_IV_of_France
Philip_III_of_Navarre	spouse	Joan_II_of_Navarre
Philip_III_of_Navarre	successor	Joan_II_of_Navarre
Philip_III_of_Navarre	type	Person
Philip_III_of_Spain	child	Anne_of_Austria
Philip_III_of_Spain	child	Cardinal_Infante_Ferdinand_of_Austria
Philip_III_of_Spain	child	Infante_Carlos_of_Spain_1607_1632
Philip_III_of_Spain	child	Maria_Anna_of_Spain
Philip_III_of_Spain	child	Philip_IV_of_Spain
Philip_III_of_Spain	father	Philip_II_of_Spain
Philip_III_of_Spain	parent	Anna_of_Austria_Queen_of_Spain
Philip_III_of_Spain	parent	Philip_II_of_Spain
Philip_III_of_Spain	predecessor	Philip_II_of_Spain
Philip_III_of_Spain	spouse	Margaret_of_Austria_Queen_of_Spain
Philip_III_of_Spain	successor	Philip_IV_of_Spain
Philip_III_of_Spain	type	Person
Philip_II_Duke_of_Savoy	child	Antonia_of_Savoy
Philip_II_Duke_of_Savoy	child	Charles_III_Duke_of_Savoy
Philip_II_Duke_of_Savoy	child	Philip_Duke_of_Nemours
Philip_II_Duke_of_Savoy	child	Ren__of_Savoy
Philip_II_Duke_of_Savoy	father	Louis_Duke_of_Savoy
Philip_II_Duke_of_Savoy	mother	Anne_of_Cyprus
Philip_II_Duke_of_Savoy	parent	Anne_of_Cyprus
Philip_II_Duke_of_Savoy	parent	Louis_Duke_of_Savoy
Philip_II_Duke_of_Savoy	predecessor	Charles_II_Duke_of_Savoy
Philip_II_Duke_of_Savoy	spouse	Claudine_de_Brosse
Philip_II_Duke_of_Savoy	spouse	Margaret_of_Bourbon_1438_1483
Philip_II_Duke_of_Savoy	successor	Philibert_II_Duke_of_Savoy
Philip_II_Duke_of_Savoy	type	Person
Philip_II_Landgrave_of_Hesse_Rheinfels	type	Person
Philip_II_Marquis_of_Namur	type	Person
Philip_II_of_France	child	Louis_VIII_of_France
Philip_II_of_France	child	Marie_of_France_Duchess_of_Brabant
Philip_II_of_France	child	Philip_I_Count_of_Boulogne
Philip_II_of_France	father	Louis_VII_of_France
Philip_II_of_France	mother	Adela_of_Champagne
Philip_II_of_France	parent	Adela_of_Champagne
Philip_II_of_France	parent	Louis_VII_of_France
Philip_II_of_France	spouse	Agnes_of_Merania
Philip_II_of_France	spouse	Ingeborg_of_Denmark_Queen_of_France
Philip_II_of_France	spouse	Isabella_of_Hainault
Philip_II_of_France	successor	Louis_VIII_of_France
Philip_II_of_France	type	Person
Philip_II_of_Spain	child	Carlos_Prince_of_Asturias
Philip_II_of_Spain	child	Catalina_Micaela_of_Spain
Philip_II_of_Spain	child	Diego_Prince_of_Asturias
Philip_II_of_Spain	child	Ferdinand_Prince_of_Asturias
Philip_II_of_Spain	child	Isabella_Clara_Eugenia
Philip_II_of_Spain	father	Charles_V_Holy_Roman_Emperor
Philip_II_of_Spain	mother	Isabella_of_Portugal
Philip_II_of_Spain	parent	Charles_V_Holy_Roman_Emperor
Philip_II_of_Spain	parent	Isabella_of_Portugal
Philip_II_of_Spain	predecessor	Charles_V_Holy_Roman_Emperor
Philip_II_of_Spain	predecessor	Mary_I_of_England
Philip_II_of_Spain	spouse	Anna_of_Austria_Queen_of_Spain
Philip_II_of_Spain	spouse	Elisabeth_of_Valois
Philip_II_of_Spain	spouse	Maria_Manuela_Princess_of_Portugal
Philip_II_of_Spain	successor	Elizabeth_I
Philip_II_of_Spain	successor	Philip_III_of_Spain
Philip_II_of_Spain	type	Person
Philip_IV_of_France	father	Philip_III_of_France
Philip_IV_of_France	parent	Isabella_of_Aragon_Queen_of_France
Philip_IV_of_France	parent	Philip_III_of_France
Philip_IV_of_France	predecessor	Joan_I_of_Navarre
Philip_IV_of_France	predecessor	Philip_III_of_France
Philip_IV_of_France	spouse	Joan_I_of_Navarre
Philip_IV_of_France	successor	Louis_X_of_France
Philip_IV_of_France	type	Person
Philip_IV_of_Spain	child	Balthasar_Charles_Prince_of_Asturias
Philip_IV_of_Spain	child	Charles_II_of_Spain
Philip_IV_of_Spain	child	John_Joseph_of_Austria
Philip_IV_of_Spain	child	Margaret_Theresa_of_Spain
Philip_IV_of_Spain	child	Maria_Theresa_of_Spain
Philip_IV_of_Spain	father	Philip_III_of_Spain
Philip_IV_of_Spain	mother	Margaret_of_Austria_Queen_of_Spain
Philip_IV_of_Spain	parent	Philip_III_of_Spain
Philip_IV_of_Spain	predecessor	Philip_III_of_Spain
Philip_IV_of_Spain	spouse	Elisabeth_of_France_1602_1644
Philip_IV_of_Spain	successor	Charles_II_of_Spain
Philip_IV_of_Spain	successor	John_IV_of_Portugal
Philip_IV_of_Spain	type	Person
Philip_I_Count_of_Auvergne	spouse	Joan_I_Countess_of_Auvergne
Philip_I_Count_of_Auvergne	type	Person
Philip_I_Count_of_Boulogne	type	Person
Philip_I_Count_of_Flanders	type	Person
Philip_I_Duke_of_Burgundy	father	Joan_I_Countess_of_Auvergne
Philip_I_Duke_of_Burgundy	predecessor	Joan_III_Countess_of_Burgundy
Philip_I_Duke_of_Burgundy	predecessor	Odo_IV_Duke_of_Burgundy
Philip_I_Duke_of_Burgundy	type	Person
Philip_I_Landgrave_of_Hesse	spouse	Christine_of_Saxony
Philip_I_Landgrave_of_Hesse	type	Person
Philip_I_Prince_of_Taranto	type	Person
Philip_I_of_Castile	child	Catherine_of_Austria_Queen_of_Portugal
Philip_I_of_Castile	child	Eleanor_of_Austria
Philip_I_of_Castile	child	Ferdinand_I_Holy_Roman_Emperor
Philip_I_of_Castile	child	Isabella_of_Austria
Philip_I_of_Castile	child	Mary_of_Hungary_governor_of_the_Netherlands
Philip_I_of_Castile	father	Maximilian_I_Holy_Roman_Emperor
Philip_I_of_Castile	mother	Mary_of_Burgundy
Philip_I_of_Castile	parent	Mary_of_Burgundy
Philip_I_of_Castile	parent	Maximilian_I_Holy_Roman_Emperor
Philip_I_of_Castile	predecessor	Joanna_of_Castile
Philip_I_of_Castile	spouse	Joanna_of_Castile
Philip_I_of_Castile	successor	Charles_V_Holy_Roman_Emperor
Philip_I_of_Castile	successor	Joanna_of_Castile
Philip_I_of_Castile	type	Person
Philip_I_of_France	child	Cecile_of_France
Philip_I_of_France	child	Constance_of_France_Princess_of_Antioch
Philip_I_of_France	father	Henry_I_of_France
Philip_I_of_France	mother	Anne_of_Kiev
Philip_I_of_France	parent	Anne_of_Kiev
Philip_I_of_France	parent	Henry_I_of_France
Philip_I_of_France	predecessor	Henry_I_of_France
Philip_I_of_France	spouse	Bertha_of_Holland
Philip_I_of_France	spouse	Bertrade_of_Montfort
Philip_I_of_France	successor	Louis_VI_of_France
Philip_I_of_France	type	Person
Philip_Prospero_Prince_of_Asturias	type	Person
Philip_VI_of_France	father	Charles_Count_of_Valois
Philip_VI_of_France	father	Margaret_Countess_of_Anjou
Philip_VI_of_France	mother	Margaret_Countess_of_Anjou
Philip_VI_of_France	parent	Charles_Count_of_Valois
Philip_VI_of_France	parent	Margaret_Countess_of_Anjou
Philip_VI_of_France	predecessor	Charles_IV_of_France
Philip_VI_of_France	predecessor	Margaret_Countess_of_Anjou
Philip_VI_of_France	spouse	Blanche_of_Navarre_Queen_of_France
Philip_VI_of_France	spouse	Joan_the_Lame
Philip_VI_of_France	successor	John_II_of_France
Philip_VI_of_France	type	Person
Philip_V_of_France	child	Blanche_of_France_nun
Philip_V_of_France	child	Isabella_of_France_Dauphine_of_Viennois
Philip_V_of_France	child	Joan_III_Countess_of_Burgundy
Philip_V_of_France	parent	Joan_I_of_Navarre
Philip_V_of_France	parent	Philip_IV_of_France
Philip_V_of_France	predecessor	John_I_of_France
Philip_V_of_France	spouse	Joan_II_Countess_of_Burgundy
Philip_V_of_France	successor	Charles_IV_of_France
Philip_V_of_France	type	Person
Philip_V_of_Spain	father	Louis_Dauphin_of_France_son_of_Louis_XIV
Philip_V_of_Spain	mother	Maria_Anna_Victoria_of_Bavaria
Philip_V_of_Spain	parent	Louis_Dauphin_of_France_son_of_Louis_XIV
Philip_V_of_Spain	parent	Maria_Anna_Victoria_of_Bavaria
Philip_V_of_Spain	predecessor	Charles_II_of_Spain
Philip_V_of_Spain	predecessor	Louis_I_of_Spain
Philip_V_of_Spain	spouse	Elisabeth_Farnese
Philip_V_of_Spain	spouse	Maria_Amalia_of_Saxony
Philip_V_of_Spain	spouse	Maria_Luisa_Gabriella_of_Savoy
Philip_V_of_Spain	successor	Ferdinand_VI_of_Spain
Philip_V_of_Spain	successor	Louis_I_of_Spain
Philip_V_of_Spain	successor	Victor_Amadeus_II_of_Sardinia
Philip_V_of_Spain	type	Person
Philip_William_August_Count_Palatine_of_Neuburg	type	Person
Philip_William_Elector_Palatine	spouse	Landgravine_Elisabeth_Amalie_of_Hesse_Darmstadt
Philip_William_Elector_Palatine	type	Person
Philip_de_Medici	type	Person
Philip_of_Artois	spouse	Blanche_of_Brittany
Philip_of_Artois	type	Person
Philip_of_Castile	type	Person
Philip_of_Castile_Lord_of_Cabrera_and_Ribera	type	Person
Philip_of_France_1116_1131	father	Louis_VI_of_France
Philip_of_France_1116_1131	father	Matthew_I_of_Montmorency
Philip_of_France_1116_1131	mother	Adelaide_of_Maurienne
Philip_of_France_1116_1131	parent	Adelaide_of_Maurienne
Philip_of_France_1116_1131	parent	Louis_VI_of_France
Philip_of_France_1116_1131	type	Person
Philip_of_France_Archdeacon_of_Paris	type	Person
Philip_of_Swabia	type	Person
Philip_the_Bold	father	John_II_of_France
Philip_the_Bold	parent	Bonne_of_Luxembourg
Philip_the_Bold	predecessor	John_II_of_France
Philip_the_Bold	spouse	Margaret_III_Countess_of_Flanders
Philip_the_Bold	successor	John_the_Fearless
Philip_the_Bold	type	Person
Philip_the_Good	father	John_the_Fearless
Philip_the_Good	parent	John_the_Fearless
Philip_the_Good	parent	Margaret_of_Bavaria
Philip_the_Good	predecessor	John_the_Fearless
Philip_the_Good	spouse	Bonne_of_Artois
Philip_the_Good	spouse	Isabella_of_Portugal_Duchess_of_Burgundy
Philip_the_Good	spouse	Michelle_of_Valois
Philip_the_Good	successor	Charles_the_Bold
Philip_the_Good	type	Person
Philippa_Countess_of_Toulouse	spouse	William_IX_Duke_of_Aquitaine
Philippa_Countess_of_Toulouse	type	Person
Philippa_of_Bar	spouse	Otto_IV_Count_of_Burgundy
Philippa_of_Bar	type	Person
Philippa_of_Dreux	type	Person
Philippa_of_Guelders	spouse	Ren__II_Duke_of_Lorraine
Philippa_of_Guelders	type	Person
Philippa_of_Hainault	father	William_I_Count_of_Hainaut
Philippa_of_Hainault	mother	Joan_of_Valois_Countess_of_Hainaut
Philippa_of_Hainault	spouse	Edward_III_of_England
Philippa_of_Hainault	type	Person
Philippa_of_Lancaster	spouse	John_I_of_Portugal
Philippa_of_Lancaster	type	Person
Philippa_of_Luxembourg	spouse	John_II_Count_of_Holland
Philippa_of_Luxembourg	type	Person
Philippe_Charles_Duke_of_Anjou	type	Person
Philippe_Charles_Duke_of_Valois	type	Person
Philippe_Duke_of_Anjou	type	Person
Philippe_Emmanuel_Duke_of_Merc_ur	type	Person
Philippe_II_Duke_of_Orl_ans	child	Charlotte_Agla__d_Orl_ans
Philippe_II_Duke_of_Orl_ans	child	Louis_Duke_of_Orl_ans_1703_1752
Philippe_II_Duke_of_Orl_ans	child	Louise_Ad_la_de_d_Orl_ans
Philippe_II_Duke_of_Orl_ans	child	Louise_Diane_Princess_of_Conti
Philippe_II_Duke_of_Orl_ans	child	Louise__lisabeth_Duchess_of_Berry
Philippe_II_Duke_of_Orl_ans	child	Louise__lisabeth_d_Orl_ans
Philippe_II_Duke_of_Orl_ans	child	Philippine__lisabeth_d_Orl_ans
Philippe_II_Duke_of_Orl_ans	father	Philippe_I_Duke_of_Orl_ans
Philippe_II_Duke_of_Orl_ans	parent	Elizabeth_Charlotte_Madame_Palatine
Philippe_II_Duke_of_Orl_ans	parent	Philippe_I_Duke_of_Orl_ans
Philippe_II_Duke_of_Orl_ans	predecessor	Philippe_I_Duke_of_Orl_ans
Philippe_II_Duke_of_Orl_ans	spouse	Fran_oise_Marie_de_Bourbon
Philippe_II_Duke_of_Orl_ans	successor	Louis_Duke_of_Orl_ans_1703_1752
Philippe_II_Duke_of_Orl_ans	type	Person
Philippe_I_Duke_of_Orl_ans	child	Anne_Marie_d_Orl_ans
Philippe_I_Duke_of_Orl_ans	father	Louis_XIII
Philippe_I_Duke_of_Orl_ans	mother	Anne_of_Austria
Philippe_I_Duke_of_Orl_ans	parent	Anne_of_Austria
Philippe_I_Duke_of_Orl_ans	parent	Louis_XIII
Philippe_I_Duke_of_Orl_ans	predecessor	Gaston_Duke_of_Orl_ans
Philippe_I_Duke_of_Orl_ans	spouse	Elizabeth_Charlotte_Madame_Palatine
Philippe_I_Duke_of_Orl_ans	spouse	Henrietta_of_England
Philippe_I_Duke_of_Orl_ans	successor	Philippe_II_Duke_of_Orl_ans
Philippe_I_Duke_of_Orl_ans	type	Person
Philippine__lisabeth_d_Orl_ans	type	Person
Piccarda_Bueri	spouse	Giovanni_di_Bicci_de_Medici
Piccarda_Bueri	type	Person
Pierfrancesco_the_Elder	father	Lorenzo_the_Elder
Pierfrancesco_the_Elder	parent	Lorenzo_the_Elder
Pierfrancesco_the_Elder	type	Person
Piero_di_Cosimo_de_Medici	father	Cosimo_de_Medici
Piero_di_Cosimo_de_Medici	parent	Contessina_de_Bardi
Piero_di_Cosimo_de_Medici	parent	Cosimo_de_Medici
Piero_di_Cosimo_de_Medici	predecessor	Cosimo_de_Medici
Piero_di_Cosimo_de_Medici	spouse	Lucrezia_Tornabuoni
Piero_di_Cosimo_de_Medici	successor	Lorenzo_de_Medici
Piero_di_Cosimo_de_Medici	type	Person
Piero_the_Unfortunate	father	Lorenzo_de_Medici
Piero_the_Unfortunate	mother	Clarice_Orsini
Piero_the_Unfortunate	parent	Lorenzo_de_Medici
Piero_the_Unfortunate	predecessor	Lorenzo_de_Medici
Piero_the_Unfortunate	spouse	Alfonsina_Orsini
Piero_the_Unfortunate	successor	Girolamo_Savonarola
Piero_the_Unfortunate	type	Person
Pierre_de_Foix_le_jeune	type	Person
Pietro_de_Medici	type	Person
Plectrude	spouse	Pepin_of_Herstal
Plectrude	type	Person
Polissena_Ruffo	type	Person
Polyxena_of_Hesse_Rotenburg	spouse	Charles_Emmanuel_III_of_Sardinia
Polyxena_of_Hesse_Rotenburg	type	Person
Pope	type	Person
Pope_Clement_VII	predecessor	Lorenzo_de_Medici_Duke_of_Urbino
Pope_Clement_VII	type	Person
Poppa_of_Bayeux	parent	Berengar_II_of_Neustria
Poppa_of_Bayeux	type	Person
Portrait_of_Bia_de_Medici	type	Person
Prince_Adolphus_Duke_of_Cambridge	type	Person
Prince_Alberto_of_Naples_and_Sicily	type	Person
Prince_Alfred_of_Great_Britain	type	Person
Prince_Antonio_Count_of_Lecce	type	Person
Prince_Augustus_Frederick_Duke_of_Sussex	type	Person
Prince_Benedetto_Duke_of_Chablais	type	Person
Prince_Bernhard_of_Saxe_Weimar_Eisenach_1792_1862	type	Person
Prince_Carlo_Francesco_Duke_of_Aosta	type	Person
Prince_Charles_Alexander_of_Lorraine	type	Person
Prince_Christian_of_Hesse_Darmstadt	type	Person
Prince_Edward_Duke_of_Kent_and_Strathearn	type	Person
Prince_Edward_Duke_of_York_and_Albany	type	Person
Prince_Ferdinand_Duke_of_Montpensier	predecessor	Antoine_Duke_of_Montpensier
Prince_Ferdinand_Duke_of_Montpensier	type	Person
Prince_Francis_Count_of_Trapani	type	Person
Prince_Francis_Xavier_of_Saxony	type	Person
Prince_Frederick_Duke_of_York_and_Albany	type	Person
Prince_Frederick_of_Great_Britain	type	Person
Prince_Gennaro_of_Naples_and_Sicily	type	Person
Prince_George_William_of_Great_Britain	type	Person
Prince_Giuseppe_Count_of_Asti	type	Person
Prince_Giuseppe_of_Naples_and_Sicily	type	Person
Prince_Henry_Duke_of_Cumberland_and_Strathearn	type	Person
Prince_Henry_the_Navigator	type	Person
Prince_John_August_of_Saxe_Gotha_Altenburg	type	Person
Prince_Leopold_Count_of_Syracuse	type	Person
Prince_Louis_Count_of_Aquila	type	Person
Prince_Louis_Duke_of_Nemours	type	Person
Prince_Maurice_of_Savoy	type	Person
Prince_Maurizio_Duke_of_Montferrat	type	Person
Prince_Octavius_of_Great_Britain	type	Person
Prince_Philippe_Count_of_Paris	child	Am_lie_of_Orl_ans
Prince_Philippe_Count_of_Paris	child	Prince_Philippe_Duke_of_Orl_ans_1869_1926
Prince_Philippe_Count_of_Paris	child	Princess_H_l_ne_of_Orl_ans
Prince_Philippe_Count_of_Paris	child	Princess_Isabelle_of_Orl_ans_1878_1961
Prince_Philippe_Count_of_Paris	father	Ferdinand_Philippe_Duke_of_Orl_ans
Prince_Philippe_Count_of_Paris	mother	Duchess_Helene_of_Mecklenburg_Schwerin
Prince_Philippe_Count_of_Paris	parent	Duchess_Helene_of_Mecklenburg_Schwerin
Prince_Philippe_Count_of_Paris	predecessor	Ferdinand_Philippe_Duke_of_Orl_ans
Prince_Philippe_Count_of_Paris	predecessor	Henri_Count_of_Chambord
Prince_Philippe_Count_of_Paris	predecessor	Louis_Philippe_I
Prince_Philippe_Count_of_Paris	spouse	Princess_Marie_Isabelle_of_Orl_ans
Prince_Philippe_Count_of_Paris	successor	French_Revolution_of_1848
Prince_Philippe_Count_of_Paris	successor	Jacques_Charles_Dupont_de_l_Eure
Prince_Philippe_Count_of_Paris	successor	Prince_Philippe_Duke_of_Orl_ans_1869_1926
Prince_Philippe_Count_of_Paris	type	Person
Prince_Philippe_Duke_of_Orl_ans_1869_1926	father	Prince_Philippe_Count_of_Paris
Prince_Philippe_Duke_of_Orl_ans_1869_1926	predecessor	Prince_Philippe_Count_of_Paris
Prince_Philippe_Duke_of_Orl_ans_1869_1926	type	Person
Prince_Robert_Duke_of_Chartres	type	Person
Prince_Vittorio_Amedeo_Teodoro_Duke_of_Aosta	type	Person
Prince_William_Duke_of_Cumberland	type	Person
Prince_William_Henry_Duke_of_Gloucester_and_Edinburgh	type	Person
Prince_William_of_Saxe_Gotha_Altenburg	type	Person
Princess_Amalie_of_Hesse_Darmstadt	type	Person
Princess_Amelia_of_Great_Britain	type	Person
Princess_Amelia_of_the_United_Kingdom	type	Person
Princess_Anne_Charlotte_of_Lorraine	type	Person
Princess_Antoinette_of_Brunswic_Wolfenb_ttel	type	Person
Princess_Augusta_Sophia_of_the_United_Kingdom	type	Person
Princess_Augusta_of_Great_Britain	type	Person
Princess_Augusta_of_Saxe_Gotha	child	Caroline_Matilda_of_Great_Britain
Princess_Augusta_of_Saxe_Gotha	child	Prince_Edward_Duke_of_York_and_Albany
Princess_Augusta_of_Saxe_Gotha	child	Prince_Frederick_of_Great_Britain
Princess_Augusta_of_Saxe_Gotha	child	Princess_Augusta_of_Great_Britain
Princess_Augusta_of_Saxe_Gotha	child	Princess_Elizabeth_of_Great_Britain
Princess_Augusta_of_Saxe_Gotha	child	Princess_Louisa_of_Great_Britain
Princess_Augusta_of_Saxe_Gotha	father	Frederick_II_Duke_of_Saxe_Gotha_Altenburg
Princess_Augusta_of_Saxe_Gotha	mother	Princess_Magdalena_Augusta_of_Anhalt_Zerbst
Princess_Augusta_of_Saxe_Gotha	parent	Frederick_II_Duke_of_Saxe_Gotha_Altenburg
Princess_Augusta_of_Saxe_Gotha	parent	Princess_Magdalena_Augusta_of_Anhalt_Zerbst
Princess_Augusta_of_Saxe_Gotha	spouse	Frederick_Prince_of_Wales
Princess_Augusta_of_Saxe_Gotha	type	Person
Princess_Caroline_Elizabeth_of_Great_Britain	type	Person
Princess_Caroline_Louise_of_Saxe_Weimar_Eisenach	child	Duchess_Helene_of_Mecklenburg_Schwerin
Princess_Caroline_Louise_of_Saxe_Weimar_Eisenach	father	Karl_August_Grand_Duke_of_Saxe_Weimar_Eisenach
Princess_Caroline_Louise_of_Saxe_Weimar_Eisenach	mother	Princess_Louise_of_Hesse_Darmstadt_1757_1830
Princess_Caroline_Louise_of_Saxe_Weimar_Eisenach	parent	Karl_August_Grand_Duke_of_Saxe_Weimar_Eisenach
Princess_Caroline_Louise_of_Saxe_Weimar_Eisenach	spouse	Frederick_Louis_Hereditary_Grand_Duke_of_Mecklenburg_Schwerin
Princess_Caroline_Louise_of_Saxe_Weimar_Eisenach	type	Person
Princess_Caroline_of_Hesse_Darmstadt	type	Person
Princess_Catherine_Beatrice_of_Savoy	type	Person
Princess_Christine_Louise_of_Oettinge_Oettingen	child	Charlotte_Christine_of_Brunswic_Wolfenb_ttel
Princess_Christine_Louise_of_Oettinge_Oettingen	child	Elisabeth_Christine_of_Brunswic_Wolfenb_ttel
Princess_Christine_Louise_of_Oettinge_Oettingen	child	Princess_Antoinette_of_Brunswic_Wolfenb_ttel
Princess_Christine_Louise_of_Oettinge_Oettingen	spouse	Louis_Rudolph_Duke_of_Brunswic_L_neburg
Princess_Christine_Louise_of_Oettinge_Oettingen	type	Person
Princess_Cl_mentine_of_Orl_ans	type	Person
Princess_Eleonora_of_Savoy	type	Person
Princess_Elisabeth_Albertine_of_Saxe_Hildburghausen	child	Adolphus_Frederick_IV_Duke_of_Mecklenburg_Strelitz
Princess_Elisabeth_Albertine_of_Saxe_Hildburghausen	child	Charles_II_Grand_Duke_of_Mecklenburg_Strelitz
Princess_Elisabeth_Albertine_of_Saxe_Hildburghausen	child	Charlotte_of_Mecklenburg_Strelitz
Princess_Elisabeth_Albertine_of_Saxe_Hildburghausen	child	Duke_George_Augustus_of_Mecklenburg
Princess_Elisabeth_Albertine_of_Saxe_Hildburghausen	father	Ernest_Frederick_I_Duke_of_Saxe_Hildburghausen
Princess_Elisabeth_Albertine_of_Saxe_Hildburghausen	parent	Ernest_Frederick_I_Duke_of_Saxe_Hildburghausen
Princess_Elisabeth_Albertine_of_Saxe_Hildburghausen	type	Person
Princess_Elizabeth_of_Great_Britain	type	Person
Princess_Elizabeth_of_the_United_Kingdom	type	Person
Princess_H_l_ne_of_Orl_ans	type	Person
Princess_Henriette_Adelaide_of_Savoy	type	Person
Princess_Isabella_of_Parma	type	Person
Princess_Isabelle_of_Orl_ans_1878_1961	type	Person
Princess_Louisa_of_Great_Britain	type	Person
Princess_Louise_d_Artois	type	Person
Princess_Louise_of_Hesse_Darmstadt_1757_1830	child	Charles_Frederick_Grand_Duke_of_Saxe_Weimar_Eisenach
Princess_Louise_of_Hesse_Darmstadt_1757_1830	child	Prince_Bernhard_of_Saxe_Weimar_Eisenach_1792_1862
Princess_Louise_of_Hesse_Darmstadt_1757_1830	child	Princess_Caroline_Louise_of_Saxe_Weimar_Eisenach
Princess_Louise_of_Hesse_Darmstadt_1757_1830	father	Louis_IX_Landgrave_of_Hesse_Darmstadt
Princess_Louise_of_Hesse_Darmstadt_1757_1830	mother	Countess_Palatine_Caroline_of_Zweibr_cken
Princess_Louise_of_Hesse_Darmstadt_1757_1830	parent	Louis_IX_Landgrave_of_Hesse_Darmstadt
Princess_Louise_of_Hesse_Darmstadt_1757_1830	spouse	Karl_August_Grand_Duke_of_Saxe_Weimar_Eisenach
Princess_Louise_of_Hesse_Darmstadt_1757_1830	type	Person
Princess_Louise_of_Orl_ans	type	Person
Princess_Luisa_Cristina_of_Savoy	type	Person
Princess_Magdalena_Augusta_of_Anhalt_Zerbst	child	Frederick_III_Duke_of_Saxe_Gotha_Altenburg
Princess_Magdalena_Augusta_of_Anhalt_Zerbst	child	Fredericka_of_Saxe_Gotha_Altenburg
Princess_Magdalena_Augusta_of_Anhalt_Zerbst	child	Prince_John_August_of_Saxe_Gotha_Altenburg
Princess_Magdalena_Augusta_of_Anhalt_Zerbst	father	Charles_Prince_of_Anhalt_Zerbst
Princess_Magdalena_Augusta_of_Anhalt_Zerbst	mother	Sophia_of_Saxe_Weissenfels_Princess_of_Anhalt_Zerbst
Princess_Magdalena_Augusta_of_Anhalt_Zerbst	parent	Charles_Prince_of_Anhalt_Zerbst
Princess_Magdalena_Augusta_of_Anhalt_Zerbst	spouse	Frederick_II_Duke_of_Saxe_Gotha_Altenburg
Princess_Magdalena_Augusta_of_Anhalt_Zerbst	type	Person
Princess_Mar_a_Cristina_of_Orl_ans	type	Person
Princess_Margaret_Yolande_of_Savoy	type	Person
Princess_Maria_Amalia_of_the_Two_Sicilies_1818_1857	type	Person
Princess_Maria_Antonia_of_Naples_and_Sicily	type	Person
Princess_Maria_Antonia_of_the_Two_Sicilies	type	Person
Princess_Maria_Carolina_of_Bourbo_Two_Sicilies_1820_1861	type	Person
Princess_Maria_Carolina_of_Savoy	type	Person
Princess_Maria_Christina_of_Saxony_1735_1782	type	Person
Princess_Maria_Felicita_of_Savoy	type	Person
Princess_Maria_Fortunata_d_Este	type	Person
Princess_Maria_Isabella_of_Naples_and_Sicily	type	Person
Princess_Maria_Luisa_of_Savoy_1729_1767	type	Person
Princess_Maria_Vittoria_Margherita_of_Savoy	type	Person
Princess_Marie_Isabelle_of_Orl_ans	child	Am_lie_of_Orl_ans
Princess_Marie_Isabelle_of_Orl_ans	child	Prince_Ferdinand_Duke_of_Montpensier
Princess_Marie_Isabelle_of_Orl_ans	child	Prince_Philippe_Duke_of_Orl_ans_1869_1926
Princess_Marie_Isabelle_of_Orl_ans	child	Princess_H_l_ne_of_Orl_ans
Princess_Marie_Isabelle_of_Orl_ans	father	Antoine_Duke_of_Montpensier
Princess_Marie_Isabelle_of_Orl_ans	mother	Infanta_Luisa_Fernanda_Duchess_of_Montpensier
Princess_Marie_Isabelle_of_Orl_ans	parent	Antoine_Duke_of_Montpensier
Princess_Marie_Isabelle_of_Orl_ans	parent	Infanta_Luisa_Fernanda_Duchess_of_Montpensier
Princess_Marie_Isabelle_of_Orl_ans	predecessor	Maria_Amalia_of_Naples_and_Sicily
Princess_Marie_Isabelle_of_Orl_ans	spouse	Prince_Philippe_Count_of_Paris
Princess_Marie_Isabelle_of_Orl_ans	successor	Archduchess_Maria_Dorothea_of_Austria
Princess_Marie_Isabelle_of_Orl_ans	type	Person
Princess_Marie_of_Orl_ans_1813_1839	type	Person
Princess_Mary_Duchess_of_Gloucester_and_Edinburgh	type	Person
Princess_Mary_of_Great_Britain	type	Person
Princess_Matilde_d_Este	type	Person
Princess_Sophia_of_the_United_Kingdom	type	Person
Radbot_of_Klettgau	type	Person
Radegonde_of_Valois	type	Person
Ragenfrid	successor	Charles_Martel
Ragenfrid	type	Person
Rainier_Marquis_of_Montferrat	spouse	Gisela_of_Burgundy_Marchioness_of_Montferrat
Rainier_Marquis_of_Montferrat	type	Person
Ralph_IV_of_Valois	type	Person
Ramon_Berenguer_III_Count_of_Barcelona	father	Ramon_Berenguer_II_Count_of_Barcelona
Ramon_Berenguer_III_Count_of_Barcelona	mother	Maud_of_Apulia
Ramon_Berenguer_III_Count_of_Barcelona	parent	Ramon_Berenguer_II_Count_of_Barcelona
Ramon_Berenguer_III_Count_of_Barcelona	spouse	Douce_I_Countess_of_Provence
Ramon_Berenguer_III_Count_of_Barcelona	successor	Ramon_Berenguer_IV_Count_of_Barcelona
Ramon_Berenguer_III_Count_of_Barcelona	type	Person
Ramon_Berenguer_II_Count_of_Barcelona	father	Ramon_Berenguer_I_Count_of_Barcelona
Ramon_Berenguer_II_Count_of_Barcelona	mother	Almodis_de_la_Marche
Ramon_Berenguer_II_Count_of_Barcelona	parent	Ramon_Berenguer_I_Count_of_Barcelona
Ramon_Berenguer_II_Count_of_Barcelona	spouse	Maud_of_Apulia
Ramon_Berenguer_II_Count_of_Barcelona	type	Person
Ramon_Berenguer_IV_Count_of_Barcelona	father	Ramon_Berenguer_III_Count_of_Barcelona
Ramon_Berenguer_IV_Count_of_Barcelona	mother	Douce_I_Countess_of_Provence
Ramon_Berenguer_IV_Count_of_Barcelona	parent	Douce_I_Countess_of_Provence
Ramon_Berenguer_IV_Count_of_Barcelona	parent	Ramon_Berenguer_III_Count_of_Barcelona
Ramon_Berenguer_IV_Count_of_Barcelona	predecessor	Ramon_Berenguer_III_Count_of_Barcelona
Ramon_Berenguer_IV_Count_of_Barcelona	spouse	Petronilla_of_Aragon
Ramon_Berenguer_IV_Count_of_Barcelona	successor	Alfonso_II_of_Aragon
Ramon_Berenguer_IV_Count_of_Barcelona	type	Person
Ramon_Berenguer_IV_Count_of_Provence	child	Beatrice_of_Provence
Ramon_Berenguer_IV_Count_of_Provence	child	Eleanor_of_Provence
Ramon_Berenguer_IV_Count_of_Provence	child	Margaret_of_Provence
Ramon_Berenguer_IV_Count_of_Provence	child	Sanchia_of_Provence
Ramon_Berenguer_IV_Count_of_Provence	father	Alfonso_II_Count_of_Provence
Ramon_Berenguer_IV_Count_of_Provence	mother	Garsenda_Countess_of_Forcalquier
Ramon_Berenguer_IV_Count_of_Provence	parent	Alfonso_II_Count_of_Provence
Ramon_Berenguer_IV_Count_of_Provence	parent	Garsenda_Countess_of_Forcalquier
Ramon_Berenguer_IV_Count_of_Provence	predecessor	Alfonso_II_Count_of_Provence
Ramon_Berenguer_IV_Count_of_Provence	spouse	Beatrice_of_Savoy
Ramon_Berenguer_IV_Count_of_Provence	successor	Beatrice_of_Provence
Ramon_Berenguer_IV_Count_of_Provence	type	Person
Ramon_Berenguer_I_Count_of_Barcelona	father	Berenguer_Ramon_I_Count_of_Barcelona
Ramon_Berenguer_I_Count_of_Barcelona	parent	Berenguer_Ramon_I_Count_of_Barcelona
Ramon_Berenguer_I_Count_of_Barcelona	predecessor	Berenguer_Ramon_I_Count_of_Barcelona
Ramon_Berenguer_I_Count_of_Barcelona	spouse	Almodis_de_la_Marche
Ramon_Berenguer_I_Count_of_Barcelona	type	Person
Ramon_Borrell_Count_of_Barcelona	father	Borrell_II_Count_of_Barcelona
Ramon_Borrell_Count_of_Barcelona	parent	Borrell_II_Count_of_Barcelona
Ramon_Borrell_Count_of_Barcelona	spouse	Ermesinde_of_Carcassonne
Ramon_Borrell_Count_of_Barcelona	type	Person
Ranulf_II_of_Aquitaine	type	Person
Raymond_Berengar_of_Andria	type	Person
Raymond_of_Burgundy	child	Alfonso_VII_of_Le_n_and_Castile
Raymond_of_Burgundy	child	Sancha_Raim_ndez
Raymond_of_Burgundy	father	William_I_Count_of_Burgundy
Raymond_of_Burgundy	parent	William_I_Count_of_Burgundy
Raymond_of_Burgundy	predecessor	Nuno_Mendes_count
Raymond_of_Burgundy	spouse	Urraca_of_Le_n
Raymond_of_Burgundy	successor	Henry_Count_of_Portugal
Raymond_of_Burgundy	type	Person
Reginald_I_Count_of_Burgundy	father	Otto_William_Count_of_Burgundy
Reginald_I_Count_of_Burgundy	mother	Ermentrude_de_Roucy
Reginald_I_Count_of_Burgundy	parent	Ermentrude_de_Roucy
Reginald_I_Count_of_Burgundy	parent	Otto_William_Count_of_Burgundy
Reginald_I_Count_of_Burgundy	spouse	Alice_of_Normandy
Reginald_I_Count_of_Burgundy	type	Person
Reginar_III_Count_of_Hainaut	father	Reginar_II_Count_of_Hainaut
Reginar_III_Count_of_Hainaut	parent	Adelaide_of_Burgundy_born_c._896
Reginar_III_Count_of_Hainaut	parent	Reginar_II_Count_of_Hainaut
Reginar_III_Count_of_Hainaut	type	Person
Reginar_II_Count_of_Hainaut	father	Reginar_Longneck
Reginar_II_Count_of_Hainaut	parent	Reginar_Longneck
Reginar_II_Count_of_Hainaut	type	Person
Reginar_Longneck	type	Person
Remigius_of_Rouen	type	Person
Ren__II_Duke_of_Lorraine	child	Antoine_Duke_of_Lorraine
Ren__II_Duke_of_Lorraine	child	Fran_ois_de_Lorraine
Ren__II_Duke_of_Lorraine	child	Jean_Cardinal_of_Lorraine
Ren__II_Duke_of_Lorraine	child	Louis_Count_of_Vaud_mont
Ren__II_Duke_of_Lorraine	father	Frederick_II_Count_of_Vaud_mont
Ren__II_Duke_of_Lorraine	mother	Yolande_Duchess_of_Lorraine
Ren__II_Duke_of_Lorraine	parent	Frederick_II_Count_of_Vaud_mont
Ren__II_Duke_of_Lorraine	spouse	Philippa_of_Guelders
Ren__II_Duke_of_Lorraine	successor	Antoine_Duke_of_Lorraine
Ren__II_Duke_of_Lorraine	type	Person
Ren__Marquis_of_Elbeuf	type	Person
Ren__of_Anjou	child	John_II_Duke_of_Lorraine
Ren__of_Anjou	child	Louis_of_Anjou_Marquis_of_Pont___Mousson
Ren__of_Anjou	child	Margaret_of_Anjou
Ren__of_Anjou	parent	Louis_II_of_Anjou
Ren__of_Anjou	parent	Yolande_of_Aragon
Ren__of_Anjou	predecessor	Joanna_II_of_Naples
Ren__of_Anjou	predecessor	Louis_III_of_Anjou
Ren__of_Anjou	spouse	Isabella_Duchess_of_Lorraine
Ren__of_Anjou	spouse	Jeanne_de_Laval
Ren__of_Anjou	successor	Alfonso_V_of_Aragon
Ren__of_Anjou	successor	Charles_IV_of_Anjou
Ren__of_Anjou	type	Person
Ren__of_Savoy	type	Person
Ren_e_of_Bourbon	spouse	Antoine_Duke_of_Lorraine
Ren_e_of_Bourbon	type	Person
Ren_e_of_France	type	Person
Renata_of_Lorraine	predecessor	Archduchess_Anna_of_Austria
Renata_of_Lorraine	type	Person
Richard_Count_of__tampes	child	Francis_II_Duke_of_Brittany
Richard_Count_of__tampes	father	Henry_IV_of_England
Richard_Count_of__tampes	father	John_IV_Duke_of_Brittany
Richard_Count_of__tampes	mother	Joan_of_Navarre_Queen_of_England
Richard_Count_of__tampes	parent	Joan_of_Navarre_Queen_of_England
Richard_Count_of__tampes	parent	John_IV_Duke_of_Brittany
Richard_Count_of__tampes	spouse	Margaret_Countess_of_Vertus
Richard_Count_of__tampes	spouse	Margaret_of_Foix
Richard_Count_of__tampes	type	Person
Richard_Duke_of_Burgundy	father	Bivin_of_Gorze
Richard_Duke_of_Burgundy	parent	Bivin_of_Gorze
Richard_Duke_of_Burgundy	spouse	Adelaide_of_Auxerre_born_c._870
Richard_Duke_of_Burgundy	type	Person
Richard_FitzRoy	type	Person
Richard_Fitzalan_3rd_Earl_of_Arundel	spouse	Eleanor_of_Lancaster
Richard_Fitzalan_3rd_Earl_of_Arundel	type	Person
Richard_Fitzalan_4th_Earl_of_Arundel	type	Person
Richard_III_of_England	successor	Henry_VII_of_England
Richard_III_of_England	type	Person
Richard_II_of_England	predecessor	Edward_III_of_England
Richard_II_of_England	successor	Henry_IV_of_England
Richard_II_of_England	type	Person
Richard_I_of_England	father	Henry_II_of_England
Richard_I_of_England	successor	John_King_of_England
Richard_I_of_England	type	Person
Richard_Woodville_1st_Earl_Rivers	spouse	Jacquetta_of_Luxembourg
Richard_Woodville_1st_Earl_Rivers	type	Person
Richard_Woodville_3rd_Earl_Rivers	type	Person
Richard_of_Cornwall	type	Person
Richard_of_Shrewsbury_Duke_of_York	type	Person
Richardis	spouse	Charles_the_Fat
Richardis	type	Person
Richende_De_Bourges	spouse	Theobald_the_Elder
Richende_De_Bourges	type	Person
Richeza_of_Denmark	type	Person
Richeza_of_Poland_Queen_of_Sweden	child	Canute_V_of_Denmark
Richeza_of_Poland_Queen_of_Sweden	child	Sophia_of_Minsk
Richeza_of_Poland_Queen_of_Sweden	mother	Salomea_of_Berg
Richeza_of_Poland_Queen_of_Sweden	spouse	Magnus_the_Strong
Richeza_of_Poland_Queen_of_Sweden	spouse	Sverker_I_of_Sweden
Richeza_of_Poland_Queen_of_Sweden	spouse	Volodar_Glebovich_Prince_of_Minsk
Richeza_of_Poland_Queen_of_Sweden	type	Person
Richilde_Countess_of_Hainaut	spouse	Baldwin_VI_Count_of_Flanders
Richilde_Countess_of_Hainaut	type	Person
Rixa_of_Werle	spouse	Albert_II_Duke_of_Brunswic_L_neburg
Rixa_of_Werle	type	Person
Robert_Count_of_Clermont	child	Count_of_Boulogne
Robert_Count_of_Clermont	child	John_of_Charolais
Robert_Count_of_Clermont	child	Louis_I_Duke_of_Bourbon
Robert_Count_of_Clermont	father	Louis_IX_of_France
Robert_Count_of_Clermont	mother	Margaret_of_Provence
Robert_Count_of_Clermont	parent	Louis_IX_of_France
Robert_Count_of_Clermont	parent	Margaret_of_Provence
Robert_Count_of_Clermont	spouse	Beatrice_of_Burgundy_Lady_of_Bourbon
Robert_Count_of_Clermont	type	Person
Robert_Duke_of_Bar	type	Person
Robert_III_Count_of_Dreux	father	Robert_II_Count_of_Dreux
Robert_III_Count_of_Dreux	predecessor	Robert_II_Count_of_Dreux
Robert_III_Count_of_Dreux	type	Person
Robert_III_of_Scotland	child	David_Stewart_Duke_of_Rothesay
Robert_III_of_Scotland	father	Robert_II_of_Scotland
Robert_III_of_Scotland	mother	Elizabeth_Mure
Robert_III_of_Scotland	parent	Elizabeth_Mure
Robert_III_of_Scotland	predecessor	Robert_II_of_Scotland
Robert_III_of_Scotland	spouse	Anabella_Drummond
Robert_III_of_Scotland	successor	James_I_of_Scotland
Robert_III_of_Scotland	type	Person
Robert_III_of_Worms	father	Robert_II_Count_of_Hesbaye
Robert_III_of_Worms	parent	Robert_II_Count_of_Hesbaye
Robert_III_of_Worms	spouse	Waldrada_of_Worms
Robert_III_of_Worms	type	Person
Robert_II_Count_of_Artois	spouse	Amicie_de_Courtenay
Robert_II_Count_of_Artois	successor	Mahaut_Countess_of_Artois
Robert_II_Count_of_Artois	type	Person
Robert_II_Count_of_Dreux	child	Henri_de_Dreux
Robert_II_Count_of_Dreux	child	Jehan_de_Braine
Robert_II_Count_of_Dreux	child	Philippa_of_Dreux
Robert_II_Count_of_Dreux	child	Robert_III_Count_of_Dreux
Robert_II_Count_of_Dreux	father	Robert_I_Count_of_Dreux
Robert_II_Count_of_Dreux	mother	Agnes_de_Baudemont_Countess_of_Braine
Robert_II_Count_of_Dreux	parent	Agnes_de_Baudemont_Countess_of_Braine
Robert_II_Count_of_Dreux	parent	Robert_I_Count_of_Dreux
Robert_II_Count_of_Dreux	predecessor	Agnes_de_Baudemont
Robert_II_Count_of_Dreux	successor	Robert_III_Count_of_Dreux
Robert_II_Count_of_Dreux	type	Person
Robert_II_Count_of_Hesbaye	type	Person
Robert_II_Duke_of_Burgundy	child	Blanche_of_Burgundy_Countess_of_Savoy
Robert_II_Duke_of_Burgundy	child	Hugh_V_Duke_of_Burgundy
Robert_II_Duke_of_Burgundy	child	Joan_the_Lame
Robert_II_Duke_of_Burgundy	child	Louis_of_Burgundy
Robert_II_Duke_of_Burgundy	child	Margaret_of_Burgundy_Queen_of_France
Robert_II_Duke_of_Burgundy	child	Odo_IV_Duke_of_Burgundy
Robert_II_Duke_of_Burgundy	father	Hugh_IV_Duke_of_Burgundy
Robert_II_Duke_of_Burgundy	parent	Hugh_IV_Duke_of_Burgundy
Robert_II_Duke_of_Burgundy	parent	Yolande_of_Dreux_Duchess_of_Burgundy
Robert_II_Duke_of_Burgundy	predecessor	Hugh_IV_Duke_of_Burgundy
Robert_II_Duke_of_Burgundy	spouse	Agnes_of_France_Duchess_of_Burgundy
Robert_II_Duke_of_Burgundy	successor	Hugh_V_Duke_of_Burgundy
Robert_II_Duke_of_Burgundy	type	Person
Robert_II_of_France	child	Adela_of_France
Robert_II_of_France	child	Henry_I_of_France
Robert_II_of_France	child	Hugh_Magnus
Robert_II_of_France	child	Robert_I_Duke_of_Burgundy
Robert_II_of_France	father	Hugh_Capet
Robert_II_of_France	mother	Adelaide_of_Aquitaine
Robert_II_of_France	parent	Adelaide_of_Aquitaine
Robert_II_of_France	spouse	Bertha_of_Burgundy
Robert_II_of_France	spouse	Constance_of_Arles
Robert_II_of_France	spouse	Rozala_of_Italy
Robert_II_of_France	successor	Henry_I_of_France
Robert_II_of_France	type	Person
Robert_II_of_Scotland	child	Alexander_Stewart_Earl_of_Buchan
Robert_II_of_Scotland	child	David_Stewart_Earl_of_Strathearn
Robert_II_of_Scotland	child	Robert_Stewart_Duke_of_Albany
Robert_II_of_Scotland	child	Walter_Stewart_Lord_of_Fife
Robert_II_of_Scotland	father	Walter_Stewart_6th_High_Steward_of_Scotland
Robert_II_of_Scotland	parent	Marjorie_Bruce
Robert_II_of_Scotland	parent	Walter_Stewart_6th_High_Steward_of_Scotland
Robert_II_of_Scotland	predecessor	David_II_of_Scotland
Robert_II_of_Scotland	spouse	Elizabeth_Mure
Robert_II_of_Scotland	spouse	Euphemia_de_Ross
Robert_II_of_Scotland	successor	Robert_III_of_Scotland
Robert_II_of_Scotland	type	Person
Robert_I_Count_of_Artois	type	Person
Robert_I_Count_of_Dreux	father	Louis_VI_of_France
Robert_I_Count_of_Dreux	father	Matthew_I_of_Montmorency
Robert_I_Count_of_Dreux	mother	Adelaide_of_Maurienne
Robert_I_Count_of_Dreux	parent	Adelaide_of_Maurienne
Robert_I_Count_of_Dreux	parent	Louis_VI_of_France
Robert_I_Count_of_Dreux	spouse	Agnes_de_Baudemont_Countess_of_Braine
Robert_I_Count_of_Dreux	successor	Robert_II_Count_of_Dreux
Robert_I_Count_of_Dreux	type	Person
Robert_I_Count_of_Flanders	spouse	Gertrude_of_Saxony
Robert_I_Count_of_Flanders	type	Person
Robert_I_Duke_of_Burgundy	child	Constance_of_Burgundy
Robert_I_Duke_of_Burgundy	father	Robert_II_of_France
Robert_I_Duke_of_Burgundy	mother	Constance_of_Arles
Robert_I_Duke_of_Burgundy	parent	Constance_of_Arles
Robert_I_Duke_of_Burgundy	parent	Robert_II_of_France
Robert_I_Duke_of_Burgundy	predecessor	Henry_I_of_France
Robert_I_Duke_of_Burgundy	spouse	Ermengarde_of_Anjou_Duchess_of_Burgundy
Robert_I_Duke_of_Burgundy	spouse	Helie_of_Semur
Robert_I_Duke_of_Burgundy	successor	Hugh_I_Duke_of_Burgundy
Robert_I_Duke_of_Burgundy	type	Person
Robert_I_Latin_Emperor	predecessor	Yolanda_Latin_Empress
Robert_I_Latin_Emperor	type	Person
Robert_I_of_France	child	Emma_of_France
Robert_I_of_France	child	Hugh_the_Great
Robert_I_of_France	father	Robert_the_Strong
Robert_I_of_France	parent	Robert_the_Strong
Robert_I_of_France	spouse	Aelis
Robert_I_of_France	spouse	Beatrice_of_Vermandois
Robert_I_of_France	successor	Rudolph_of_France
Robert_I_of_France	type	Person
Robert_King_of_Naples	type	Person
Robert_Stewart_1st_Earl_of_Orkney	type	Person
Robert_Stewart_Duke_of_Albany	type	Person
Robert_VII_Lord_of_B_thune	type	Person
Robert_of_Courtenay_Lord_of_Champignelles	type	Person
Robert_the_Strong	father	Robert_III_of_Worms
Robert_the_Strong	spouse	Adelaide_of_Tours
Robert_the_Strong	type	Person
Rogneda_of_Polotsk	spouse	Vladimir_the_Great
Rogneda_of_Polotsk	type	Person
Rollo	type	Person
Roman_Catholic_Archdiocese_of_Cambrai	type	Person
Rothilde	type	Person
Rotrude_of_Hesbaye	spouse	Charles_Martel
Rotrude_of_Hesbaye	type	Person
Rozala_of_Italy	child	Baldwin_IV_Count_of_Flanders
Rozala_of_Italy	father	Berengar_II_of_Italy
Rozala_of_Italy	mother	Willa_of_Tuscany
Rozala_of_Italy	parent	Berengar_II_of_Italy
Rozala_of_Italy	parent	Willa_of_Tuscany
Rozala_of_Italy	spouse	Arnulf_II_Count_of_Flanders
Rozala_of_Italy	spouse	Robert_II_of_France
Rozala_of_Italy	type	Person
Rudolf_II_Count_of_Habsburg	father	Albert_III_Count_of_Habsburg
Rudolf_II_Count_of_Habsburg	parent	Albert_III_Count_of_Habsburg
Rudolf_II_Count_of_Habsburg	type	Person
Rudolf_II_Duke_of_Austria	type	Person
Rudolf_II_Holy_Roman_Emperor	father	Maximilian_II_Holy_Roman_Emperor
Rudolf_II_Holy_Roman_Emperor	predecessor	Maximilian_II_Holy_Roman_Emperor
Rudolf_II_Holy_Roman_Emperor	type	Person
Rudolf_IV_Duke_of_Austria	father	Albert_II_Duke_of_Austria
Rudolf_IV_Duke_of_Austria	predecessor	Albert_II_Duke_of_Austria
Rudolf_IV_Duke_of_Austria	successor	Leopold_III_Duke_of_Austria
Rudolf_IV_Duke_of_Austria	type	Person
Rudolf_I_Duke_of_Bavaria	successor	Louis_IV_Holy_Roman_Emperor
Rudolf_I_Duke_of_Bavaria	type	Person
Rudolf_I_of_Bohemia	type	Person
Rudolf_I_of_Germany	child	Albert_I_of_Germany
Rudolf_I_of_Germany	child	Clemence_of_Austria
Rudolf_I_of_Germany	child	Hedwig_of_Habsburg
Rudolf_I_of_Germany	child	Judith_of_Habsburg
Rudolf_I_of_Germany	child	Matilda_of_Habsburg
Rudolf_I_of_Germany	child	Otto_III_Duke_of_Bavaria
Rudolf_I_of_Germany	child	Rudolf_II_Duke_of_Austria
Rudolf_I_of_Germany	father	Albert_IV_Count_of_Habsburg
Rudolf_I_of_Germany	parent	Albert_IV_Count_of_Habsburg
Rudolf_I_of_Germany	spouse	Gertrude_of_Hohenberg
Rudolf_I_of_Germany	spouse	Isabella_of_Burgundy_Queen_of_Germany
Rudolf_I_of_Germany	successor	Adolf_King_of_the_Romans
Rudolf_I_of_Germany	type	Person
Rudolph_Duke_of_Lorraine	child	John_I_Duke_of_Lorraine
Rudolph_Duke_of_Lorraine	father	Frederick_IV_Duke_of_Lorraine
Rudolph_Duke_of_Lorraine	mother	Elisabeth_of_Austria_Duchess_of_Lorraine
Rudolph_Duke_of_Lorraine	parent	Elisabeth_of_Austria_Duchess_of_Lorraine
Rudolph_Duke_of_Lorraine	parent	Frederick_IV_Duke_of_Lorraine
Rudolph_Duke_of_Lorraine	spouse	Marie_de_Ch_tillon_1323_1363
Rudolph_Duke_of_Lorraine	type	Person
Rudolph_III_of_Burgundy	father	Conrad_I_of_Burgundy
Rudolph_III_of_Burgundy	predecessor	Conrad_I_of_Burgundy
Rudolph_III_of_Burgundy	type	Person
Rudolph_II_of_Burgundy	child	Adelaide_of_Italy
Rudolph_II_of_Burgundy	child	Conrad_I_of_Burgundy
Rudolph_II_of_Burgundy	father	Rudolph_I_of_Burgundy
Rudolph_II_of_Burgundy	mother	Guilla_of_Provence
Rudolph_II_of_Burgundy	parent	Guilla_of_Provence
Rudolph_II_of_Burgundy	predecessor	Berengar_I_of_Italy
Rudolph_II_of_Burgundy	spouse	Bertha_of_Swabia
Rudolph_II_of_Burgundy	successor	Conrad_I_of_Burgundy
Rudolph_II_of_Burgundy	successor	Hugh_of_Italy
Rudolph_II_of_Burgundy	type	Person
Rudolph_I_of_Burgundy	child	Rudolph_II_of_Burgundy
Rudolph_I_of_Burgundy	child	Willa_of_Burgundy
Rudolph_I_of_Burgundy	father	Conrad_II_Duke_of_Transjurane_Burgundy
Rudolph_I_of_Burgundy	father	Robert_III_of_Worms
Rudolph_I_of_Burgundy	mother	Waldrada_of_Worms
Rudolph_I_of_Burgundy	parent	Conrad_II_Duke_of_Transjurane_Burgundy
Rudolph_I_of_Burgundy	parent	Waldrada_of_Worms
Rudolph_I_of_Burgundy	spouse	Guilla_of_Provence
Rudolph_I_of_Burgundy	successor	Rudolph_II_of_Burgundy
Rudolph_I_of_Burgundy	type	Person
Rudolph_of_France	father	Richard_Duke_of_Burgundy
Rudolph_of_France	mother	Adelaide_of_Auxerre_born_c._870
Rudolph_of_France	parent	Adelaide_of_Auxerre_born_c._870
Rudolph_of_France	parent	Richard_Duke_of_Burgundy
Rudolph_of_France	spouse	Emma_of_France
Rudolph_of_France	successor	Louis_IV_of_France
Rudolph_of_France	type	Person
Rupert_King_of_the_Romans	spouse	Elisabeth_of_Nuremberg
Rupert_King_of_the_Romans	type	Person
Rurik	child	Igor_of_Kiev
Rurik	successor	Oleg_of_Novgorod
Rurik	type	Person
Saint_Casimir	type	Person
Saint_Margaret_of_Scotland	child	Alexander_I_of_Scotland
Saint_Margaret_of_Scotland	child	David_I_of_Scotland
Saint_Margaret_of_Scotland	child	Edmund_of_Scotland
Saint_Margaret_of_Scotland	child	Ethelred_of_Scotland
Saint_Margaret_of_Scotland	father	Edward_the_Exile
Saint_Margaret_of_Scotland	mother	Agatha_wife_of_Edward_the_Exile
Saint_Margaret_of_Scotland	parent	Edward_the_Exile
Saint_Margaret_of_Scotland	spouse	Malcolm_III_of_Scotland
Saint_Margaret_of_Scotland	type	Person
Salomea_of_Berg	child	Agnes_of_Poland
Salomea_of_Berg	child	Casimir_II_the_Just
Salomea_of_Berg	child	Dobroniega_Ludgarda_of_Poland
Salomea_of_Berg	child	Judith_of_Poland
Salomea_of_Berg	child	Mieszko_III_the_Old
Salomea_of_Berg	child	Richeza_of_Poland_Queen_of_Sweden
Salomea_of_Berg	parent	Henry_I_Count_of_Berg
Salomea_of_Berg	type	Person
Sancha_Lady_of_Alenquer	type	Person
Sancha_Raim_ndez	type	Person
Sancha_heiress_of_Le_n	type	Person
Sancha_of_Aragon_Countess_of_Toulouse	type	Person
Sancha_of_Castile_Queen_of_Aragon	spouse	Alfonso_II_of_Aragon
Sancha_of_Castile_Queen_of_Aragon	type	Person
Sancha_of_Castile_Queen_of_Navarre	type	Person
Sancha_of_Portugal_born_1264	type	Person
Sanchia_of_Provence	type	Person
Sancho_Alfonso	spouse	Beatrice_of_Portugal_died_1381
Sancho_Alfonso	type	Person
Sancho_Count_of_Provence	successor	Alfonso_II_Count_of_Provence
Sancho_Count_of_Provence	type	Person
Sancho_III_of_Castile	child	Alfonso_VIII_of_Castile
Sancho_III_of_Castile	father	Alfonso_VII_of_Le_n_and_Castile
Sancho_III_of_Castile	parent	Alfonso_VII_of_Le_n_and_Castile
Sancho_III_of_Castile	parent	Berengaria_of_Barcelona
Sancho_III_of_Castile	predecessor	Alfonso_VII_of_Le_n_and_Castile
Sancho_III_of_Castile	spouse	Blanca_of_Navarre_Queen_of_Castile
Sancho_III_of_Castile	successor	Alfonso_VIII_of_Castile
Sancho_III_of_Castile	type	Person
Sancho_II_of_Portugal	father	Afonso_II_of_Portugal
Sancho_II_of_Portugal	predecessor	Afonso_II_of_Portugal
Sancho_II_of_Portugal	successor	Afonso_III_of_Portugal
Sancho_II_of_Portugal	type	Person
Sancho_IV_of_Castile	child	Alfonso_de_Castilla_y_Molina
Sancho_IV_of_Castile	child	Isabella_of_Castile_Queen_of_Aragon
Sancho_IV_of_Castile	child	Peter_of_Castile_Lord_of_Cameros
Sancho_IV_of_Castile	child	Philip_of_Castile_Lord_of_Cabrera_and_Ribera
Sancho_IV_of_Castile	father	Alfonso_X_of_Castile
Sancho_IV_of_Castile	parent	Alfonso_X_of_Castile
Sancho_IV_of_Castile	parent	Violant_of_Aragon
Sancho_IV_of_Castile	predecessor	Alfonso_X_of_Castile
Sancho_IV_of_Castile	spouse	Mar_a_de_Molina
Sancho_IV_of_Castile	successor	Ferdinand_IV_of_Castile
Sancho_IV_of_Castile	type	Person
Sancho_I_of_Portugal	child	Afonso_II_of_Portugal
Sancho_I_of_Portugal	child	Berengaria_of_Portugal
Sancho_I_of_Portugal	child	Ferdinand_Count_of_Flanders
Sancho_I_of_Portugal	child	Infanta_Branca_Lady_of_Guadalajara
Sancho_I_of_Portugal	child	Mafalda_of_Portugal
Sancho_I_of_Portugal	child	Sancha_Lady_of_Alenquer
Sancho_I_of_Portugal	child	Theresa_of_Portugal_Queen_of_Le_n
Sancho_I_of_Portugal	father	Afonso_I_of_Portugal
Sancho_I_of_Portugal	mother	Matilda_of_Savoy_Queen_of_Portugal
Sancho_I_of_Portugal	parent	Afonso_I_of_Portugal
Sancho_I_of_Portugal	parent	Matilda_of_Savoy_Queen_of_Portugal
Sancho_I_of_Portugal	predecessor	Afonso_I_of_Portugal
Sancho_I_of_Portugal	spouse	Dulce_of_Aragon
Sancho_I_of_Portugal	successor	Afonso_II_of_Portugal
Sancho_I_of_Portugal	type	Person
Sancho_VII_of_Navarre	successor	Theobald_I_of_Navarre
Sancho_VII_of_Navarre	type	Person
Sancho_of_Castile_bishop	type	Person
Schweinfurt	type	Person
Schwerin	type	Person
Sibylla_of_Anjou	child	Gertrude_of_Flanders_Countess_of_Savoy
Sibylla_of_Anjou	child	Margaret_I_Countess_of_Flanders
Sibylla_of_Anjou	child	Matthew_Count_of_Boulogne
Sibylla_of_Anjou	child	Philip_I_Count_of_Flanders
Sibylla_of_Anjou	child	Roman_Catholic_Archdiocese_of_Cambrai
Sibylla_of_Anjou	father	Fulk_King_of_Jerusalem
Sibylla_of_Anjou	mother	Ermengarde_Countess_of_Maine
Sibylla_of_Anjou	parent	Ermengarde_Countess_of_Maine
Sibylla_of_Anjou	parent	Fulk_King_of_Jerusalem
Sibylla_of_Anjou	spouse	Thierry_Count_of_Flanders
Sibylla_of_Anjou	type	Person
Sibylla_of_Burgundy	type	Person
Sibylla_of_Burgundy_Duchess_of_Burgundy	spouse	Odo_I_Duke_of_Burgundy
Sibylla_of_Burgundy_Duchess_of_Burgundy	type	Person
Sigismund_Holy_Roman_Emperor	spouse	Barbara_of_Cilli
Sigismund_Holy_Roman_Emperor	successor	Frederick_III_Holy_Roman_Emperor
Sigismund_Holy_Roman_Emperor	type	Person
Sigismund_II_Augustus	successor	Henry_III_of_France
Sigismund_II_Augustus	type	Person
Sigismund_I_the_Old	type	Person
Simon_Count_of_Ponthieu	spouse	Marie_Countess_of_Ponthieu
Simon_Count_of_Ponthieu	successor	Joan_Countess_of_Ponthieu
Simon_Count_of_Ponthieu	type	Person
Simon_II_Duke_of_Lorraine	father	Matthias_I_Duke_of_Lorraine
Simon_II_Duke_of_Lorraine	predecessor	Matthias_I_Duke_of_Lorraine
Simon_II_Duke_of_Lorraine	successor	Frederick_I_Duke_of_Lorraine
Simon_II_Duke_of_Lorraine	type	Person
Simon_I_Duke_of_Lorraine	child	Agatha_of_Lorraine
Simon_I_Duke_of_Lorraine	father	Theodoric_II_Duke_of_Lorraine
Simon_I_Duke_of_Lorraine	mother	Hedwig_of_Formbach
Simon_I_Duke_of_Lorraine	parent	Theodoric_II_Duke_of_Lorraine
Simon_I_Duke_of_Lorraine	predecessor	Theodoric_II_Duke_of_Lorraine
Simon_I_Duke_of_Lorraine	spouse	Adelaide_of_Leuven
Simon_I_Duke_of_Lorraine	successor	Matthias_I_Duke_of_Lorraine
Simon_I_Duke_of_Lorraine	type	Person
Simon_I_de_Montfort	father	Amaury_I_de_Montfort
Simon_I_de_Montfort	parent	Amaury_I_de_Montfort
Simon_I_de_Montfort	successor	Amaury_II_de_Montfort
Simon_I_de_Montfort	type	Person
Sophia_Charlotte_of_Hanover	type	Person
Sophia_Dorothea_of_Celle	spouse	George_I_of_Great_Britain
Sophia_Dorothea_of_Celle	type	Person
Sophia_Dorothea_of_Hanover	type	Person
Sophia_Eleonore_of_Hesse_Darmstadt	type	Person
Sophia_Eleonore_of_Saxony	child	Anna_Sophia_II_Abbess_of_Quedlinburg
Sophia_Eleonore_of_Saxony	child	Landgravine_Elisabeth_Amalie_of_Hesse_Darmstadt
Sophia_Eleonore_of_Saxony	child	Louis_VI_Landgrave_of_Hesse_Darmstadt
Sophia_Eleonore_of_Saxony	child	Marie_Hedwig_of_Hesse_Darmstadt
Sophia_Eleonore_of_Saxony	child	Sophia_Eleonore_of_Hesse_Darmstadt
Sophia_Eleonore_of_Saxony	father	John_George_I_Elector_of_Saxony
Sophia_Eleonore_of_Saxony	mother	Magdalene_Sibylle_of_Prussia
Sophia_Eleonore_of_Saxony	parent	John_George_I_Elector_of_Saxony
Sophia_Eleonore_of_Saxony	parent	Magdalene_Sibylle_of_Prussia
Sophia_Eleonore_of_Saxony	spouse	George_II_Landgrave_of_Hesse_Darmstadt
Sophia_Eleonore_of_Saxony	type	Person
Sophia_Jagiellon_Margravine_of_Brandenburg_Ansbach	type	Person
Sophia_of_Brandenburg	spouse	Magnus_I_Duke_of_Brunswic_L_neburg
Sophia_of_Brandenburg	type	Person
Sophia_of_Hanover	spouse	Ernest_Augustus_Elector_of_Hanover
Sophia_of_Hanover	type	Person
Sophia_of_Holstei_Gottorp	spouse	John_VII_Duke_of_Mecklenburg_Schwerin
Sophia_of_Holstei_Gottorp	type	Person
Sophia_of_Istria	spouse	Berthold_II_Count_of_Andechs
Sophia_of_Istria	type	Person
Sophia_of_Minsk	child	Canute_VI_of_Denmark
Sophia_of_Minsk	child	Richeza_of_Denmark
Sophia_of_Minsk	child	Valdemar_II_of_Denmark
Sophia_of_Minsk	father	Magnus_the_Strong
Sophia_of_Minsk	father	Sverker_I_of_Sweden
Sophia_of_Minsk	father	Volodar_Glebovich_Prince_of_Minsk
Sophia_of_Minsk	mother	Richeza_of_Poland_Queen_of_Sweden
Sophia_of_Minsk	parent	Richeza_of_Poland_Queen_of_Sweden
Sophia_of_Minsk	spouse	Louis_III_Landgrave_of_Thuringia
Sophia_of_Minsk	spouse	Valdemar_I_of_Denmark
Sophia_of_Minsk	type	Person
Sophia_of_Saxe_Weissenfels_Princess_of_Anhalt_Zerbst	father	Augustus_Duke_of_Saxe_Weissenfels
Sophia_of_Saxe_Weissenfels_Princess_of_Anhalt_Zerbst	mother	Anna_Maria_of_Mecklenburg_Schwerin
Sophia_of_Saxe_Weissenfels_Princess_of_Anhalt_Zerbst	parent	Augustus_Duke_of_Saxe_Weissenfels
Sophia_of_Saxe_Weissenfels_Princess_of_Anhalt_Zerbst	spouse	Charles_Prince_of_Anhalt_Zerbst
Sophia_of_Saxe_Weissenfels_Princess_of_Anhalt_Zerbst	type	Person
Sophie_of_Brunswic_L_neburg	type	Person
Sophie_of_France_1734_1782	type	Person
Sophie_of_France_1776_1783	type	Person
Sophie_of_France_1786_1787	type	Person
Sophie_of_Thuringia_Duchess_of_Brabant	spouse	Henry_II_Duke_of_Brabant
Sophie_of_Thuringia_Duchess_of_Brabant	type	Person
Stephanie_Alfonso_of_Castile	type	Person
Stephen_Count_of_Blois	father	Theobald_III_Count_of_Blois
Stephen_Count_of_Blois	parent	Theobald_III_Count_of_Blois
Stephen_Count_of_Blois	spouse	Adela_of_Normandy
Stephen_Count_of_Blois	type	Person
Stephen_III_Duke_of_Bavaria	father	Stephen_II_Duke_of_Bavaria
Stephen_III_Duke_of_Bavaria	parent	Elisabeth_of_Sicily_Duchess_of_Bavaria
Stephen_III_Duke_of_Bavaria	parent	Stephen_II_Duke_of_Bavaria
Stephen_III_Duke_of_Bavaria	spouse	Elisabeth_of_Cleves
Stephen_III_Duke_of_Bavaria	spouse	Taddea_Visconti
Stephen_III_Duke_of_Bavaria	type	Person
Stephen_III_of_Auxonne	father	Stephen_II_of_Auxonne
Stephen_III_of_Auxonne	type	Person
Stephen_II_Duke_of_Bavaria	child	Frederick_Duke_of_Bavaria
Stephen_II_Duke_of_Bavaria	child	John_II_Duke_of_Bavaria
Stephen_II_Duke_of_Bavaria	child	Stephen_III_Duke_of_Bavaria
Stephen_II_Duke_of_Bavaria	father	Louis_IV_Holy_Roman_Emperor
Stephen_II_Duke_of_Bavaria	mother	Beatrice_of_Silesia
Stephen_II_Duke_of_Bavaria	parent	Beatrice_of_Silesia
Stephen_II_Duke_of_Bavaria	parent	Louis_IV_Holy_Roman_Emperor
Stephen_II_Duke_of_Bavaria	spouse	Elisabeth_of_Sicily_Duchess_of_Bavaria
Stephen_II_Duke_of_Bavaria	type	Person
Stephen_II_of_Auxonne	father	William_III_of_M_con
Stephen_II_of_Auxonne	parent	William_III_of_M_con
Stephen_II_of_Auxonne	type	Person
Stephen_I_Count_of_Burgundy	father	William_I_Count_of_Burgundy
Stephen_I_Count_of_Burgundy	parent	William_I_Count_of_Burgundy
Stephen_I_Count_of_Burgundy	type	Person
Stephen_King_of_England	successor	Geoffrey_Plantagenet_Count_of_Anjou
Stephen_King_of_England	successor	Henry_II_of_England
Stephen_King_of_England	type	Person
Stephen_V_of_Hungary	spouse	Elizabeth_the_Cuman
Stephen_V_of_Hungary	type	Person
Sudislav	type	Person
Sunifred_Count_of_Barcelona	type	Person
Sunyer_Count_of_Barcelona	father	Wilfred_the_Hairy
Sunyer_Count_of_Barcelona	parent	Wilfred_the_Hairy
Sunyer_Count_of_Barcelona	type	Person
Sverker_I_of_Sweden	spouse	Richeza_of_Poland_Queen_of_Sweden
Sverker_I_of_Sweden	type	Person
Sviatopolk_I_of_Kiev	predecessor	Vladimir_the_Great
Sviatopolk_I_of_Kiev	successor	Yaroslav_the_Wise
Sviatopolk_I_of_Kiev	type	Person
Sviatoslav_I	child	Malusha
Sviatoslav_I	child	Oleg_of_Drelinia
Sviatoslav_I	child	Vladimir_the_Great
Sviatoslav_I	father	Igor_of_Kiev
Sviatoslav_I	parent	Igor_of_Kiev
Sviatoslav_I	predecessor	Olga_of_Kiev
Sviatoslav_I	spouse	Malusha
Sviatoslav_I	successor	Vladimir_the_Great
Sviatoslav_I	successor	Yaropolk_I_of_Kiev
Sviatoslav_I	type	Person
Sviatoslav_II_of_Kiev	type	Person
Sweyn_III_of_Denmark	successor	Valdemar_I_of_Denmark
Sweyn_III_of_Denmark	type	Person
Taddea_Visconti	mother	Beatrice_Regina_della_Scala
Taddea_Visconti	parent	Beatrice_Regina_della_Scala
Taddea_Visconti	parent	Bernab__Visconti
Taddea_Visconti	spouse	Stephen_III_Duke_of_Bavaria
Taddea_Visconti	type	Person
Tello_Alfonso	type	Person
Teresa_Cristina_of_the_Two_Sicilies	type	Person
Teresa_Fern_ndez_de_Traba	spouse	Ferdinand_II_of_Le_n
Teresa_Fern_ndez_de_Traba	type	Person
Teresa_Gil_de_Vidaure	spouse	James_I_of_Aragon
Teresa_Gil_de_Vidaure	type	Person
Teresa_Louren_o	spouse	Peter_I_of_Portugal
Teresa_Louren_o	type	Person
Teutberga	type	Person
Th_odrate_of_Troyes	spouse	Odo_of_France
Th_odrate_of_Troyes	type	Person
Th_r_se_of_France_1736_1744	type	Person
Thankmar	type	Person
Theobald_III_Count_of_Blois	father	Odo_II_Count_of_Blois
Theobald_III_Count_of_Blois	mother	Ermengarde_of_Auvergne
Theobald_III_Count_of_Blois	parent	Ermengarde_of_Auvergne
Theobald_III_Count_of_Blois	spouse	Adele_of_Valois
Theobald_III_Count_of_Blois	spouse	Gersende_of_Maine
Theobald_III_Count_of_Blois	type	Person
Theobald_III_Count_of_Champagne	father	Henry_I_Count_of_Champagne
Theobald_III_Count_of_Champagne	mother	Marie_of_France_Countess_of_Champagne
Theobald_III_Count_of_Champagne	parent	Henry_I_Count_of_Champagne
Theobald_III_Count_of_Champagne	parent	Marie_of_France_Countess_of_Champagne
Theobald_III_Count_of_Champagne	spouse	Blanche_of_Navarre_Countess_of_Champagne
Theobald_III_Count_of_Champagne	type	Person
Theobald_II_Count_of_Champagne	father	Stephen_Count_of_Blois
Theobald_II_Count_of_Champagne	parent	Adela_of_Normandy
Theobald_II_Count_of_Champagne	parent	Stephen_Count_of_Blois
Theobald_II_Count_of_Champagne	spouse	Matilda_of_Carinthia
Theobald_II_Count_of_Champagne	type	Person
Theobald_II_Duke_of_Lorraine	child	Frederick_IV_Duke_of_Lorraine
Theobald_II_Duke_of_Lorraine	parent	Frederick_III_Duke_of_Lorraine
Theobald_II_Duke_of_Lorraine	parent	Theobald_I_of_Navarre
Theobald_II_Duke_of_Lorraine	type	Person
Theobald_II_of_Navarre	father	Theobald_I_of_Navarre
Theobald_II_of_Navarre	successor	Henry_I_of_Navarre
Theobald_II_of_Navarre	type	Person
Theobald_I_Count_of_Blois	father	Theobald_the_Elder
Theobald_I_Count_of_Blois	mother	Richende_De_Bourges
Theobald_I_Count_of_Blois	parent	Richende_De_Bourges
Theobald_I_Count_of_Blois	parent	Theobald_the_Elder
Theobald_I_Count_of_Blois	spouse	Luitgarde_of_Vermandois
Theobald_I_Count_of_Blois	type	Person
Theobald_I_Duke_of_Lorraine	father	Frederick_II_Duke_of_Lorraine
Theobald_I_Duke_of_Lorraine	predecessor	Frederick_II_Duke_of_Lorraine
Theobald_I_Duke_of_Lorraine	successor	Matthias_II_Duke_of_Lorraine
Theobald_I_Duke_of_Lorraine	type	Person
Theobald_I_of_Navarre	child	Beatrice_of_Navarre_Duchess_of_Burgundy
Theobald_I_of_Navarre	child	Blanche_of_Navarre_Duchess_of_Brittany
Theobald_I_of_Navarre	child	Theobald_II_of_Navarre
Theobald_I_of_Navarre	father	Theobald_III_Count_of_Champagne
Theobald_I_of_Navarre	mother	Blanche_of_Navarre_Countess_of_Champagne
Theobald_I_of_Navarre	parent	Theobald_III_Count_of_Champagne
Theobald_I_of_Navarre	predecessor	Sancho_VII_of_Navarre
Theobald_I_of_Navarre	spouse	Agnes_of_Beaujeu
Theobald_I_of_Navarre	spouse	Frederick_III_Duke_of_Lorraine
Theobald_I_of_Navarre	spouse	Gertrude_of_Dagsburg
Theobald_I_of_Navarre	successor	Theobald_II_of_Navarre
Theobald_I_of_Navarre	type	Person
Theobald_of_Arles	spouse	Bertha_daughter_of_Lothair_II
Theobald_of_Arles	type	Person
Theobald_the_Elder	spouse	Richende_De_Bourges
Theobald_the_Elder	type	Person
Theodoric_II_Duke_of_Lorraine	child	Simon_I_Duke_of_Lorraine
Theodoric_II_Duke_of_Lorraine	father	Gerard_Duke_of_Lorraine
Theodoric_II_Duke_of_Lorraine	parent	Gerard_Duke_of_Lorraine
Theodoric_II_Duke_of_Lorraine	spouse	Gertrude_of_Flanders_Duchess_of_Lorraine
Theodoric_II_Duke_of_Lorraine	spouse	Hedwig_of_Formbach
Theodoric_II_Duke_of_Lorraine	successor	Simon_I_Duke_of_Lorraine
Theodoric_II_Duke_of_Lorraine	type	Person
Theresa_Countess_of_Portugal	successor	Afonso_I_of_Portugal
Theresa_Countess_of_Portugal	type	Person
Theresa_of_Portugal_Countess_of_Flanders	spouse	Odo_III_Duke_of_Burgundy
Theresa_of_Portugal_Countess_of_Flanders	type	Person
Theresa_of_Portugal_Queen_of_Le_n	spouse	Alfonso_IX_of_Le_n
Theresa_of_Portugal_Queen_of_Le_n	type	Person
Theudoald	predecessor	Pepin_of_Herstal
Theudoald	successor	Charles_Martel
Theudoald	type	Person
Thierry_Count_of_Flanders	spouse	Sibylla_of_Anjou
Thierry_Count_of_Flanders	type	Person
Thomas_2nd_Earl_of_Lancaster	type	Person
Thomas_Arundel	type	Person
Thomas_Beaufort_Duke_of_Exeter	type	Person
Thomas_Count_of_Savoy	spouse	Margaret_of_Geneva
Thomas_Count_of_Savoy	type	Person
Thomas_Francis_Prince_of_Carignano	type	Person
Thomas_Grey_1st_Marquess_of_Dorset	type	Person
Thomas_Holland_2nd_Earl_of_Kent	spouse	Alice_Holland_Countess_of_Kent
Thomas_Holland_2nd_Earl_of_Kent	type	Person
Thomas_Stewart_bishop_of_St_Andrews	type	Person
Thomas_of_Brotherton_1st_Earl_of_Norfolk	type	Person
Thomas_of_Lancaster_Duke_of_Clarence	type	Person
Tribal_chief	type	Person
Tudur_ap_Goronwy	type	Person
Urraca_Afonso	type	Person
Urraca_L_pez_de_Haro	spouse	Ferdinand_II_of_Le_n
Urraca_L_pez_de_Haro	type	Person
Urraca_of_Castile_Queen_of_Navarre	type	Person
Urraca_of_Castile_Queen_of_Portugal	spouse	Afonso_II_of_Portugal
Urraca_of_Castile_Queen_of_Portugal	type	Person
Urraca_of_Le_n	spouse	Raymond_of_Burgundy
Urraca_of_Le_n	type	Person
Urraca_of_Portugal	spouse	Ferdinand_II_of_Le_n
Urraca_of_Portugal	type	Person
Valdemar_II_of_Denmark	type	Person
Valdemar_I_of_Denmark	child	Canute_VI_of_Denmark
Valdemar_I_of_Denmark	child	Ingeborg_of_Denmark_Queen_of_France
Valdemar_I_of_Denmark	child	Richeza_of_Denmark
Valdemar_I_of_Denmark	child	Valdemar_II_of_Denmark
Valdemar_I_of_Denmark	parent	Canute_Lavard
Valdemar_I_of_Denmark	parent	Ingeborg_of_Kiev
Valdemar_I_of_Denmark	predecessor	Sweyn_III_of_Denmark
Valdemar_I_of_Denmark	spouse	Sophia_of_Minsk
Valdemar_I_of_Denmark	successor	Canute_VI_of_Denmark
Valdemar_I_of_Denmark	type	Person
Valentina_Visconti_Duchess_of_Orl_ans	spouse	Louis_I_Duke_of_Orl_ans
Valentina_Visconti_Duchess_of_Orl_ans	type	Person
Verdun	type	Person
Victoire_of_France_1733_1799	type	Person
Victor_Amadeus_III_of_Sardinia	child	Charles_Emmanuel_IV_of_Sardinia
Victor_Amadeus_III_of_Sardinia	child	Charles_Felix_of_Sardinia
Victor_Amadeus_III_of_Sardinia	child	Maria_Anna_of_Savoy_Duchess_of_Chablais
Victor_Amadeus_III_of_Sardinia	child	Maria_Theresa_of_Savoy
Victor_Amadeus_III_of_Sardinia	child	Marie_Jos_phine_of_Savoy
Victor_Amadeus_III_of_Sardinia	child	Prince_Maurizio_Duke_of_Montferrat
Victor_Amadeus_III_of_Sardinia	child	Princess_Maria_Carolina_of_Savoy
Victor_Amadeus_III_of_Sardinia	child	Victor_Emmanuel_I_of_Sardinia
Victor_Amadeus_III_of_Sardinia	father	Charles_Emmanuel_III_of_Sardinia
Victor_Amadeus_III_of_Sardinia	mother	Polyxena_of_Hesse_Rotenburg
Victor_Amadeus_III_of_Sardinia	parent	Charles_Emmanuel_III_of_Sardinia
Victor_Amadeus_III_of_Sardinia	parent	Polyxena_of_Hesse_Rotenburg
Victor_Amadeus_III_of_Sardinia	predecessor	Charles_Emmanuel_III_of_Sardinia
Victor_Amadeus_III_of_Sardinia	spouse	Maria_Antonia_Ferdinanda_of_Spain
Victor_Amadeus_III_of_Sardinia	successor	Charles_Emmanuel_IV_of_Sardinia
Victor_Amadeus_III_of_Sardinia	type	Person
Victor_Amadeus_II_of_Sardinia	child	Charles_Emmanuel_III_of_Sardinia
Victor_Amadeus_II_of_Sardinia	child	Maria_Luisa_Gabriella_of_Savoy
Victor_Amadeus_II_of_Sardinia	child	Maria_Vittoria_of_Savoy
Victor_Amadeus_II_of_Sardinia	child	Marie_Ad_la_de_of_Savoy
Victor_Amadeus_II_of_Sardinia	child	Victor_Amadeus_Prince_of_Piedmont
Victor_Amadeus_II_of_Sardinia	father	Charles_Emmanuel_II_Duke_of_Savoy
Victor_Amadeus_II_of_Sardinia	mother	Marie_Jeanne_Baptiste_of_Savoy_Nemours
Victor_Amadeus_II_of_Sardinia	parent	Charles_Emmanuel_II_Duke_of_Savoy
Victor_Amadeus_II_of_Sardinia	parent	Marie_Jeanne_Baptiste_of_Savoy_Nemours
Victor_Amadeus_II_of_Sardinia	predecessor	Charles_VI_Holy_Roman_Emperor
Victor_Amadeus_II_of_Sardinia	predecessor	Philip_V_of_Spain
Victor_Amadeus_II_of_Sardinia	spouse	Anna_Canalis_di_Cumiana
Victor_Amadeus_II_of_Sardinia	spouse	Anne_Marie_d_Orl_ans
Victor_Amadeus_II_of_Sardinia	successor	Charles_Emmanuel_III_of_Sardinia
Victor_Amadeus_II_of_Sardinia	successor	Charles_VI_Holy_Roman_Emperor
Victor_Amadeus_II_of_Sardinia	type	Person
Victor_Amadeus_I_Duke_of_Savoy	child	Charles_Emmanuel_II_Duke_of_Savoy
Victor_Amadeus_I_Duke_of_Savoy	child	Francis_Hyacinth_Duke_of_Savoy
Victor_Amadeus_I_Duke_of_Savoy	child	Princess_Catherine_Beatrice_of_Savoy
Victor_Amadeus_I_Duke_of_Savoy	child	Princess_Luisa_Cristina_of_Savoy
Victor_Amadeus_I_Duke_of_Savoy	child	Princess_Margaret_Yolande_of_Savoy
Victor_Amadeus_I_Duke_of_Savoy	father	Charles_Emmanuel_I_Duke_of_Savoy
Victor_Amadeus_I_Duke_of_Savoy	mother	Catalina_Micaela_of_Spain
Victor_Amadeus_I_Duke_of_Savoy	parent	Catalina_Micaela_of_Spain
Victor_Amadeus_I_Duke_of_Savoy	spouse	Christine_of_France
Victor_Amadeus_I_Duke_of_Savoy	successor	Francis_Hyacinth_Duke_of_Savoy
Victor_Amadeus_I_Duke_of_Savoy	type	Person
Victor_Amadeus_Prince_of_Piedmont	type	Person
Victor_Emmanuel_I_of_Sardinia	spouse	Maria_Theresa_of_Austria_Este_Queen_of_Sardinia
Victor_Emmanuel_I_of_Sardinia	type	Person
Vincent_de_Bourbon_Count_of_Guingamp	type	Person
Violant_of_Aragon	spouse	Alfonso_X_of_Castile
Violant_of_Aragon	type	Person
Violant_of_Bar	child	Yolande_of_Aragon
Violant_of_Bar	father	Robert_Duke_of_Bar
Violant_of_Bar	spouse	John_I_of_Aragon
Violant_of_Bar	spouse	Louis_II_of_Anjou
Violant_of_Bar	type	Person
Violant_of_Castile	type	Person
Violant_of_Hungary	child	Constance_of_Aragon_Lady_of_Villena
Violant_of_Hungary	child	Isabella_of_Aragon_Queen_of_France
Violant_of_Hungary	child	James_II_of_Majorca
Violant_of_Hungary	father	Andrew_II_of_Hungary
Violant_of_Hungary	mother	Yolanda_of_Courtenay
Violant_of_Hungary	parent	Yolanda_of_Courtenay
Violant_of_Hungary	spouse	James_I_of_Aragon
Violant_of_Hungary	type	Person
Virginia_de_Medici	type	Person
Viridis_Visconti	spouse	Leopold_III_Duke_of_Austria
Viridis_Visconti	type	Person
Vittorio_Francesco_Marquis_of_Susa	type	Person
Vladimir_of_Novgorod	type	Person
Vladimir_the_Great	child	Agatha_wife_of_Edward_the_Exile
Vladimir_the_Great	child	Boris_and_Gleb
Vladimir_the_Great	child	Izyaslav_of_Polotsk
Vladimir_the_Great	child	Mstislav_of_Chernigov
Vladimir_the_Great	child	Sudislav
Vladimir_the_Great	father	Sviatoslav_I
Vladimir_the_Great	parent	Malusha
Vladimir_the_Great	parent	Sviatoslav_I
Vladimir_the_Great	predecessor	Sviatoslav_I
Vladimir_the_Great	predecessor	Yaropolk_I_of_Kiev
Vladimir_the_Great	spouse	Anna_Porphyrogenita
Vladimir_the_Great	spouse	Ingegerd_Olofsdotter_of_Sweden
Vladimir_the_Great	spouse	Rogneda_of_Polotsk
Vladimir_the_Great	successor	Sviatopolk_I_of_Kiev
Vladimir_the_Great	successor	Yaropolk_I_of_Kiev
Vladimir_the_Great	type	Person
Vladislaus_II_of_Hungary	spouse	Anne_of_Foix_Candale
Vladislaus_II_of_Hungary	type	Person
Volodar_Glebovich_Prince_of_Minsk	spouse	Richeza_of_Poland_Queen_of_Sweden
Volodar_Glebovich_Prince_of_Minsk	type	Person
Vsevolod_I_of_Kiev	type	Person
Vyacheslav_Yaroslavich	type	Person
Waldrada_of_Worms	spouse	Conrad_II_Duke_of_Transjurane_Burgundy
Waldrada_of_Worms	spouse	Robert_III_of_Worms
Waldrada_of_Worms	type	Person
Walter_I_Lord_of_Avesnes	type	Person
Walter_Stewart_3rd_High_Steward_of_Scotland	successor	Alexander_Stewart_4th_High_Steward_of_Scotland
Walter_Stewart_3rd_High_Steward_of_Scotland	type	Person
Walter_Stewart_6th_High_Steward_of_Scotland	father	James_Stewart_5th_High_Steward_of_Scotland
Walter_Stewart_6th_High_Steward_of_Scotland	spouse	Marjorie_Bruce
Walter_Stewart_6th_High_Steward_of_Scotland	type	Person
Walter_Stewart_Earl_of_Atholl	type	Person
Walter_Stewart_Lord_of_Fife	type	Person
Walter_archbishop_of_Sens	type	Person
Welf_I	type	Person
Welf_I_Duke_of_Bavaria	father	Albert_Azzo_II_Margrave_of_Milan
Welf_I_Duke_of_Bavaria	mother	Kunigunde_of_Altdorf
Welf_I_Duke_of_Bavaria	parent	Albert_Azzo_II_Margrave_of_Milan
Welf_I_Duke_of_Bavaria	parent	Kunigunde_of_Altdorf
Welf_I_Duke_of_Bavaria	spouse	Ethelinde_of_Northeim
Welf_I_Duke_of_Bavaria	spouse	Judith_of_Flanders_died_1095
Welf_I_Duke_of_Bavaria	type	Person
Welf_father_of_Judith	spouse	Hedwig_of_Bavaria
Welf_father_of_Judith	type	Person
Wenceslaus_III_of_Bohemia	type	Person
Wenceslaus_II_of_Bohemia	spouse	Judith_of_Habsburg
Wenceslaus_II_of_Bohemia	type	Person
Wenceslaus_I_Duke_of_Luxembourg	type	Person
Werner_II_Count_of_Habsburg	father	Otto_II_Count_of_Habsburg
Werner_II_Count_of_Habsburg	parent	Otto_II_Count_of_Habsburg
Werner_II_Count_of_Habsburg	type	Person
Werner_I_Count_of_Klettgau	father	Radbot_of_Klettgau
Werner_I_Count_of_Klettgau	parent	Radbot_of_Klettgau
Werner_I_Count_of_Klettgau	type	Person
Wierzchoslawa_Ludmilla_of_Greater_Poland	spouse	Frederick_I_Duke_of_Lorraine
Wierzchoslawa_Ludmilla_of_Greater_Poland	type	Person
Wilfred_the_Hairy	father	Sunifred_Count_of_Barcelona
Wilfred_the_Hairy	parent	Sunifred_Count_of_Barcelona
Wilfred_the_Hairy	predecessor	Bernard_of_Gothia
Wilfred_the_Hairy	type	Person
Wilhelmine_Amalie_of_Brunswick	child	Joseph_I_Holy_Roman_Emperor
Wilhelmine_Amalie_of_Brunswick	child	Maria_Amalia_Holy_Roman_Empress
Wilhelmine_Amalie_of_Brunswick	father	John_Frederick_Duke_of_Brunswic_Calenberg
Wilhelmine_Amalie_of_Brunswick	parent	Benedicta_Henrietta_of_the_Palatinate
Wilhelmine_Amalie_of_Brunswick	parent	John_Frederick_Duke_of_Brunswic_Calenberg
Wilhelmine_Amalie_of_Brunswick	spouse	Joseph_I_Holy_Roman_Emperor
Wilhelmine_Amalie_of_Brunswick	type	Person
Willa_of_Burgundy	child	Willa_of_Tuscany
Willa_of_Burgundy	parent	Rudolph_I_of_Burgundy
Willa_of_Burgundy	predecessor	Marozia
Willa_of_Burgundy	spouse	Boso_Margrave_of_Tuscany
Willa_of_Burgundy	type	Person
Willa_of_Tuscany	child	Adalbert_of_Italy
Willa_of_Tuscany	child	Conrad_of_Ivrea
Willa_of_Tuscany	child	Guy_of_Ivrea
Willa_of_Tuscany	child	Rozala_of_Italy
Willa_of_Tuscany	father	Boso_Margrave_of_Tuscany
Willa_of_Tuscany	mother	Willa_of_Burgundy
Willa_of_Tuscany	predecessor	Adelaide_of_Italy
Willa_of_Tuscany	predecessor	Ermengarde_of_Tuscany
Willa_of_Tuscany	spouse	Berengar_II_of_Italy
Willa_of_Tuscany	successor	Adelaide_of_Italy
Willa_of_Tuscany	successor	Gerberga_of_M_con
Willa_of_Tuscany	type	Person
William_Adelin	type	Person
William_Albert_1st_Prince_of_Montenuovo	type	Person
William_Duke_of_Austria	type	Person
William_Duke_of_J_lich_Cleves_Berg	spouse	Jeanne_d_Albret
William_Duke_of_J_lich_Cleves_Berg	spouse	Maria_of_Austria_Duchess_of_J_lich_Cleves_Berg
William_Duke_of_J_lich_Cleves_Berg	type	Person
William_FitzEmpress	type	Person
William_III_Duke_of_Aquitaine	father	Ebalus_Duke_of_Aquitaine
William_III_Duke_of_Aquitaine	spouse	Gerloc
William_III_Duke_of_Aquitaine	type	Person
William_III_of_M_con	father	Stephen_I_Count_of_Burgundy
William_III_of_M_con	parent	Stephen_I_Count_of_Burgundy
William_III_of_M_con	type	Person
William_II_Count_of_Hainaut	type	Person
William_II_Duke_of_Bavaria	type	Person
William_IV	type	Person
William_IV_Count_of_Ponthieu	spouse	Alys_of_France_Countess_of_Vexin
William_IV_Count_of_Ponthieu	type	Person
William_IV_Duke_of_Aquitaine	father	William_III_Duke_of_Aquitaine
William_IV_Duke_of_Aquitaine	mother	Gerloc
William_IV_Duke_of_Aquitaine	parent	Gerloc
William_IV_Duke_of_Aquitaine	parent	William_III_Duke_of_Aquitaine
William_IV_Duke_of_Aquitaine	spouse	Emma_of_Blois
William_IV_Duke_of_Aquitaine	type	Person
William_IV_Landgrave_of_Hesse_Kassel	type	Person
William_IX_Count_of_Poitiers	type	Person
William_IX_Duke_of_Aquitaine	father	William_VIII_Duke_of_Aquitaine
William_IX_Duke_of_Aquitaine	parent	Hildegarde_of_Burgundy
William_IX_Duke_of_Aquitaine	parent	William_VIII_Duke_of_Aquitaine
William_IX_Duke_of_Aquitaine	spouse	Ermengarde_of_Anjou_d._1146
William_IX_Duke_of_Aquitaine	spouse	Philippa_Countess_of_Toulouse
William_IX_Duke_of_Aquitaine	type	Person
William_I_Count_of_Burgundy	father	Reginald_I_Count_of_Burgundy
William_I_Count_of_Burgundy	mother	Alice_of_Normandy
William_I_Count_of_Burgundy	parent	Alice_of_Normandy
William_I_Count_of_Burgundy	type	Person
William_I_Count_of_Hainaut	father	John_II_Count_of_Holland
William_I_Count_of_Hainaut	mother	Philippa_of_Luxembourg
William_I_Count_of_Hainaut	parent	John_II_Count_of_Holland
William_I_Count_of_Hainaut	parent	Philippa_of_Luxembourg
William_I_Count_of_Hainaut	spouse	Joan_of_Valois_Countess_of_Hainaut
William_I_Count_of_Hainaut	type	Person
William_I_Duke_of_Bavaria	type	Person
William_I_of_Geneva	type	Person
William_I_of_Provence	type	Person
William_Longesp_e_3rd_Earl_of_Salisbury	type	Person
William_Longsword	spouse	Luitgarde_of_Vermandois
William_Longsword	type	Person
William_VIII_Duke_of_Aquitaine	father	William_V_Duke_of_Aquitaine
William_VIII_Duke_of_Aquitaine	mother	Agnes_of_Burgundy_Duchess_of_Aquitaine
William_VIII_Duke_of_Aquitaine	parent	Agnes_of_Burgundy_Duchess_of_Aquitaine
William_VIII_Duke_of_Aquitaine	parent	William_V_Duke_of_Aquitaine
William_VIII_Duke_of_Aquitaine	spouse	Hildegarde_of_Burgundy
William_VIII_Duke_of_Aquitaine	type	Person
William_V_Duke_of_Aquitaine	father	William_IV_Duke_of_Aquitaine
William_V_Duke_of_Aquitaine	mother	Emma_of_Blois
William_V_Duke_of_Aquitaine	parent	Emma_of_Blois
William_V_Duke_of_Aquitaine	spouse	Agnes_of_Burgundy_Duchess_of_Aquitaine
William_V_Duke_of_Aquitaine	type	Person
William_V_Duke_of_Bavaria	type	Person
William_Willoughby_11th_Baron_Willoughby_de_Eresby	type	Person
William_XII_Count_of_Auvergne	successor	Joan_I_Countess_of_Auvergne
William_XII_Count_of_Auvergne	type	Person
William_X_Duke_of_Aquitaine	father	William_IX_Duke_of_Aquitaine
William_X_Duke_of_Aquitaine	mother	Philippa_Countess_of_Toulouse
William_X_Duke_of_Aquitaine	parent	Philippa_Countess_of_Toulouse
William_X_Duke_of_Aquitaine	parent	William_IX_Duke_of_Aquitaine
William_X_Duke_of_Aquitaine	spouse	A_nor_de_Ch_tellerault
William_X_Duke_of_Aquitaine	successor	Eleanor_of_Aquitaine
William_X_Duke_of_Aquitaine	type	Person
William_de_Beauchamp_9th_Earl_of_Warwick	spouse	Maud_FitzJohn_Countess_of_Warwick
William_de_Beauchamp_9th_Earl_of_Warwick	type	Person
William_of_Winchester_Lord_of_Lunenburg	father	Henry_the_Lion
William_of_Winchester_Lord_of_Lunenburg	mother	Matilda_of_England_Duchess_of_Saxony
William_of_Winchester_Lord_of_Lunenburg	parent	Henry_the_Lion
William_of_Winchester_Lord_of_Lunenburg	spouse	Helena_of_Denmark
William_of_Winchester_Lord_of_Lunenburg	type	Person
William_the_Younger_Duke_of_Brunswic_L_neburg	child	Augustus_the_Elder_Duke_of_Brunswic_L_neburg
William_the_Younger_Duke_of_Brunswic_L_neburg	child	Dorothea_of_Brunswic_L_neburg
William_the_Younger_Duke_of_Brunswic_L_neburg	child	Ernest_II_Duke_of_Brunswic_L_neburg
William_the_Younger_Duke_of_Brunswic_L_neburg	child	Frederick_IV_Duke_of_Brunswic_L_neburg
William_the_Younger_Duke_of_Brunswic_L_neburg	child	George_Duke_of_Brunswic_Calenberg
William_the_Younger_Duke_of_Brunswic_L_neburg	child	Margaret_of_Brunswic_L_neburg
William_the_Younger_Duke_of_Brunswic_L_neburg	child	Sophie_of_Brunswic_L_neburg
William_the_Younger_Duke_of_Brunswic_L_neburg	father	Ernest_I_Duke_of_Brunswic_L_neburg
William_the_Younger_Duke_of_Brunswic_L_neburg	parent	Ernest_I_Duke_of_Brunswic_L_neburg
William_the_Younger_Duke_of_Brunswic_L_neburg	predecessor	Ernest_I_Duke_of_Brunswic_L_neburg
William_the_Younger_Duke_of_Brunswic_L_neburg	spouse	Dorothea_of_Denmark_Duchess_of_Brunswic_L_neburg
William_the_Younger_Duke_of_Brunswic_L_neburg	successor	Ernest_II_Duke_of_Brunswic_L_neburg
William_the_Younger_Duke_of_Brunswic_L_neburg	type	Person
Wulfhilde_of_Saxony	spouse	Henry_IX_Duke_of_Bavaria
Wulfhilde_of_Saxony	type	Person
Wulfoald	successor	Pepin_of_Herstal
Wulfoald	type	Person
Yaropolk_I_of_Kiev	predecessor	Sviatoslav_I
Yaropolk_I_of_Kiev	predecessor	Vladimir_the_Great
Yaropolk_I_of_Kiev	successor	Vladimir_the_Great
Yaropolk_I_of_Kiev	type	Person
Yaroslav_the_Wise	child	Agatha_wife_of_Edward_the_Exile
Yaroslav_the_Wise	child	Anne_of_Kiev
Yaroslav_the_Wise	child	Igor_Yaroslavich
Yaroslav_the_Wise	child	Iziaslav_I_of_Kiev
Yaroslav_the_Wise	child	Sviatoslav_II_of_Kiev
Yaroslav_the_Wise	child	Vladimir_of_Novgorod
Yaroslav_the_Wise	child	Vsevolod_I_of_Kiev
Yaroslav_the_Wise	child	Vyacheslav_Yaroslavich
Yaroslav_the_Wise	father	Vladimir_the_Great
Yaroslav_the_Wise	parent	Anna_Porphyrogenita
Yaroslav_the_Wise	parent	Rogneda_of_Polotsk
Yaroslav_the_Wise	parent	Vladimir_the_Great
Yaroslav_the_Wise	predecessor	Sviatopolk_I_of_Kiev
Yaroslav_the_Wise	spouse	Ingegerd_Olofsdotter_of_Sweden
Yaroslav_the_Wise	successor	Iziaslav_I_of_Kiev
Yaroslav_the_Wise	type	Person
Yolanda_Latin_Empress	child	Baldwin_II_Latin_Emperor
Yolanda_Latin_Empress	child	Elisabeth_of_Courtenay
Yolanda_Latin_Empress	child	Henry_II_of_Namur
Yolanda_Latin_Empress	child	Margaret_Marchioness_of_Namur
Yolanda_Latin_Empress	child	Maria_of_Courtenay
Yolanda_Latin_Empress	child	Yolanda_of_Courtenay
Yolanda_Latin_Empress	father	Baldwin_V_Count_of_Hainaut
Yolanda_Latin_Empress	mother	Margaret_I_Countess_of_Flanders
Yolanda_Latin_Empress	parent	Margaret_I_Countess_of_Flanders
Yolanda_Latin_Empress	predecessor	Peter_II_of_Courtenay
Yolanda_Latin_Empress	spouse	Peter_II_of_Courtenay
Yolanda_Latin_Empress	successor	Robert_I_Latin_Emperor
Yolanda_Latin_Empress	type	Person
Yolanda_of_Courtenay	child	Violant_of_Hungary
Yolanda_of_Courtenay	father	Peter_II_of_Courtenay
Yolanda_of_Courtenay	mother	Yolanda_Latin_Empress
Yolanda_of_Courtenay	parent	Peter_II_of_Courtenay
Yolanda_of_Courtenay	parent	Yolanda_Latin_Empress
Yolanda_of_Courtenay	spouse	Andrew_II_of_Hungary
Yolanda_of_Courtenay	type	Person
Yolande_Duchess_of_Lorraine	spouse	Frederick_II_Count_of_Vaud_mont
Yolande_Duchess_of_Lorraine	type	Person
Yolande_of_Aragon	child	Charles_Count_of_Maine
Yolande_of_Aragon	child	Louis_III_of_Anjou
Yolande_of_Aragon	child	Ren__of_Anjou
Yolande_of_Aragon	father	John_I_of_Aragon
Yolande_of_Aragon	father	Louis_II_of_Anjou
Yolande_of_Aragon	mother	Violant_of_Bar
Yolande_of_Aragon	parent	John_I_of_Aragon
Yolande_of_Aragon	spouse	Louis_II_of_Anjou
Yolande_of_Aragon	type	Person
Yolande_of_Brittany	type	Person
Yolande_of_Dreux_Duchess_of_Burgundy	father	Robert_III_Count_of_Dreux
Yolande_of_Dreux_Duchess_of_Burgundy	spouse	Hugh_IV_Duke_of_Burgundy
Yolande_of_Dreux_Duchess_of_Burgundy	type	Person
Yolande_of_Dreux_Queen_of_Scotland	spouse	Arthur_II_Duke_of_Brittany
Yolande_of_Dreux_Queen_of_Scotland	type	Person
Yolande_of_Valois	type	Person
_lffl_d_wife_of_Edward_the_Elder	child	Eadgifu_of_Wessex
_lffl_d_wife_of_Edward_the_Elder	child	Eadhild
_lffl_d_wife_of_Edward_the_Elder	child	Edwin_son_of_Edward_the_Elder
_lffl_d_wife_of_Edward_the_Elder	child	_lfweard_of_Wessex
_lffl_d_wife_of_Edward_the_Elder	parent	_thelhelm
_lffl_d_wife_of_Edward_the_Elder	spouse	Edward_the_Elder
_lffl_d_wife_of_Edward_the_Elder	type	Person
_lfthryth_Countess_of_Flanders	spouse	Baldwin_II_Margrave_of_Flanders
_lfthryth_Countess_of_Flanders	type	Person
_lfweard_of_Wessex	type	Person
_lisabeth_Charlotte_d_Orl_ans	spouse	Leopold_Duke_of_Lorraine
_lisabeth_Charlotte_d_Orl_ans	type	Person
_lisabeth_of_France	type	Person
_thelbald_King_of_Wessex	father	_thelwulf_King_of_Wessex
_thelbald_King_of_Wessex	type	Person
_thelberht_King_of_Wessex	type	Person
_thelfl_d	type	Person
_thelgifu_Abbess_of_Shaftesbury	type	Person
_thelhelm	type	Person
_thelred_I_King_of_Wessex	successor	Alfred_the_Great
_thelred_I_King_of_Wessex	type	Person
_thelstan	type	Person
_thelstan_of_Kent	type	Person
_thelswith	type	Person
_thelweard_son_of_Alfred	type	Person
_thelwulf_King_of_Wessex	child	Alfred_the_Great
_thelwulf_King_of_Wessex	child	_thelbald_King_of_Wessex
_thelwulf_King_of_Wessex	child	_thelberht_King_of_Wessex
_thelwulf_King_of_Wessex	child	_thelstan_of_Kent
_thelwulf_King_of_Wessex	child	_thelswith
_thelwulf_King_of_Wessex	father	Ecgberht_King_of_Wessex
_thelwulf_King_of_Wessex	parent	Ecgberht_King_of_Wessex
_thelwulf_King_of_Wessex	predecessor	Ecgberht_King_of_Wessex
_thelwulf_King_of_Wessex	spouse	Judith_of_Flanders
_thelwulf_King_of_Wessex	spouse	Osburh
_thelwulf_King_of_Wessex	successor	_thelbald_King_of_Wessex
_thelwulf_King_of_Wessex	type	Person
