Giovanni_il_Popolano	type	Person
Pierfrancesco_the_Elder	type	Person
_thelwulf_King_of_Wessex	type	Person
Robert_II_of_Scotland	type	Person
Walter_Stewart_6th_High_Steward_of_Scotland	type	Person
Frederica_Louisa_of_Hesse_Darmstadt	type	Person
Luitgarde_of_Vermandois	type	Person
Theobald_I_Count_of_Blois	type	Person
Leopold_Duke_of_Lorraine	type	Person
Dirk_V_Count_of_Holland	type	Person
Maria_Anna_of_Neuburg	type	Person
Afonso_II_of_Portugal	type	Person
Sancho_II_of_Portugal	type	Person
Amicie_de_Courtenay	type	Person
10	type	Person
Francis_Louis_of_Palatinate_Neuburg	type	Person
Charles_Emmanuel_III_of_Sardinia	type	Person
Princess_Eleonora_of_Savoy	type	Person
Philip_IV_of_Spain	type	Person
Margaret_of_Austria_Queen_of_Spain	type	Person
Ferdinand_of_Portugal_Duke_of_Guarda	type	Person
Charles_Count_of_Valois	type	Person
Isabella_of_Valois_Duchess_of_Bourbon	type	Person
Anne_of_Austria	type	Person
Philip_III_of_Spain	type	Person
Henry_II_of_Castile	type	Person
Eleanor_of_Castile_Queen_of_Navarre	type	Person
Lucrezia_Tornabuoni	type	Person
Stephen_III_Duke_of_Bavaria	type	Person
Elisabeth_of_Carinthia_Queen_of_the_Romans	type	Person
Albert_I_of_Germany	type	Person
Igor_of_Kiev	type	Person
Olga_of_Kiev	type	Person
Matthias_I_Duke_of_Lorraine	type	Person
Adelaide_of_Leuven	type	Person
Wilhelmine_Amalie_of_Brunswick	type	Person
John_Frederick_Duke_of_Brunswic_Calenberg	type	Person
Philippe_II_Duke_of_Orl_ans	type	Person
Charles_IV_Duke_of_Lorraine	type	Person
Matthias_II_Duke_of_Lorraine	type	Person
Frederick_II_Duke_of_Lorraine	type	Person
Louis_II_Elector_of_Brandenburg	type	Person
Prince_Henry_the_Navigator	type	Person
Empress_Matilda	type	Person
Henry_II_of_England	type	Person
Philippa_of_Luxembourg	type	Person
John_II_Count_of_Holland	type	Person
Maria_of_Naples	type	Person
Frederick_Prince_of_Wales	type	Person
Caroline_of_Ansbach	type	Person
Maria_Beatrice_d_Este_Duchess_of_Massa	type	Person
Francis_IV_Duke_of_Modena	type	Person
Rudolph_of_France	type	Person
Ren__II_Duke_of_Lorraine	type	Person
Antoine_Duke_of_Lorraine	type	Person
Magnus_I_Duke_of_Brunswic_L_neburg	type	Person
Sophia_of_Brandenburg	type	Person
Henry_the_Fowler	type	Person
Gerberga_of_Saxony	type	Person
Gertrude_of_S_pplingenburg	type	Person
Henry_X_Duke_of_Bavaria	type	Person
Ren__of_Anjou	type	Person
Charles_IV_of_Anjou	type	Person
Mary_of_Guise	type	Person
Joan_of_Ponthieu_Dame_of_Epernon	type	Person
John_VI_of_Vend_me	type	Person
Maria_of_Montpellier	type	Person
Beatrice_of_England	type	Person
Arthur_II_Duke_of_Brittany	type	Person
John_II_Duke_of_Lorraine	type	Person
Isabella_Duchess_of_Lorraine	type	Person
Louis_XV	type	Person
Louis_Duke_of_Burgundy	type	Person
Philip_I_Landgrave_of_Hesse	type	Person
Louis_II_Duke_of_Bavaria	type	Person
Maria_of_Brabant_Duchess_of_Bavaria	type	Person
Nuno_Mendes_count	type	Person
Alice_Holland_Countess_of_Kent	type	Person
Eleanor_of_Lancaster	type	Person
Blanche_of_Brittany	type	Person
Berenguer_Ramon_I_Count_of_Barcelona	type	Person
Hermann_Billung	type	Person
Henry_I_Duke_of_Bavaria	type	Person
Princess_Maria_Carolina_of_Savoy	type	Person
Adele_of_Vermandois	type	Person
Margaret_Stewart_Dauphine_of_France	type	Person
Francis_I_Holy_Roman_Emperor	type	Person
Joseph_II_Holy_Roman_Emperor	type	Person
Charles_Duke_of_Lower_Lorraine	type	Person
Bernhard_Count_of_Anhalt	type	Person
Edward_I_of_England	type	Person
Edmund_of_Woodstock_1st_Earl_of_Kent	type	Person
Eleanor_de_Medici	type	Person
Maria_Teresa_Cybo_Malaspina_Duchess_of_Massa	type	Person
Sancho_VII_of_Navarre	type	Person
Leopold_II_Holy_Roman_Emperor	type	Person
Maria_Theresa_of_Austria_1767_1827	type	Person
Patrick_Hepburn_3rd_Earl_of_Bothwell	type	Person
Margaret_II_Countess_of_Hainaut	type	Person
Richard_of_Shrewsbury_Duke_of_York	type	Person
Elisabeth_of_Cleves	type	Person
_thelred_I_King_of_Wessex	type	Person
Marie_Ad_la_de_of_Savoy	type	Person
Odo_of_France	type	Person
Henry_I_Count_of_Champagne	type	Person
Sophie_of_France_1734_1782	type	Person
Louis_Philippe_I	type	Person
Archduchess_Magdalena_of_Austria	type	Person
Princess_Christine_Louise_of_Oettinge_Oettingen	type	Person
Louis_Rudolph_Duke_of_Brunswic_L_neburg	type	Person
Henry_I_of_France	type	Person
Philip_I_of_France	type	Person
Elisabeth_of_Lorraine	type	Person
Giuseppe_Maria_Buonaparte	type	Person
Henry_I_of_Navarre	type	Person
Beatriz_Pereira_de_Alvim	type	Person
Anne_Marie_d_Orl_ans	type	Person
Henrietta_of_England	type	Person
Lorenzo_de_Medici_Duke_of_Urbino	type	Person
Blanche_of_Navarre_Queen_of_France	type	Person
Philip_III_of_Navarre	type	Person
Richardis	type	Person
Reginar_III_Count_of_Hainaut	type	Person
Sancho_I_of_Portugal	type	Person
Afonso_I_of_Portugal	type	Person
Thierry_Count_of_Flanders	type	Person
Maria_Josepha_of_Austria	type	Person
Ramon_Berenguer_IV_Count_of_Barcelona	type	Person
Ramon_Berenguer_III_Count_of_Barcelona	type	Person
Afonso_V_of_Portugal	type	Person
Edward_King_of_Portugal	type	Person
Francis_II_Holy_Roman_Emperor	type	Person
Louise_of_Savoy	type	Person
Philip_II_Duke_of_Savoy	type	Person
John_II_of_France	type	Person
Joan_the_Lame	type	Person
Baldwin_IV_Count_of_Hainaut	type	Person
Alice_of_Namur	type	Person
Louis_Dauphin_of_France_son_of_Louis_XIV	type	Person
Louis_XIV	type	Person
Princess_Marie_Isabelle_of_Orl_ans	type	Person
Antoine_Duke_of_Montpensier	type	Person
Ladislaus_of_Naples	type	Person
Henry_I_of_Castile	type	Person
Sweyn_III_of_Denmark	type	Person
Berengaria_of_Le_n	type	Person
John_Stewart_1st_Earl_of_Lennox	type	Person
Alan_Stewart_of_Darnley	type	Person
Adelaide_of_Tours	type	Person
Robert_the_Strong	type	Person
Joan_II_of_Navarre	type	Person
Charles_IV_of_France	type	Person
Magdalene_Sibylle_of_Prussia	type	Person
Marie_Eleonore_of_Cleves	type	Person
Sviatopolk_I_of_Kiev	type	Person
Yaroslav_the_Wise	type	Person
Charles_VI_Holy_Roman_Emperor	type	Person
Victor_Amadeus_II_of_Sardinia	type	Person
Ferdinand_I_of_the_Two_Sicilies	type	Person
Princess_Maria_Isabella_of_Naples_and_Sicily	type	Person
Odo_II_Duke_of_Burgundy	type	Person
Hugh_III_Duke_of_Burgundy	type	Person
Alfonso_II_of_Aragon	type	Person
Charles_Ferdinand_Prince_of_Capua	type	Person
Charles_Martel	type	Person
Grifo_noble	type	Person
Marie_Countess_of_Ponthieu	type	Person
William_IV_Count_of_Ponthieu	type	Person
Louis_I_Duke_of_Orl_ans	type	Person
Charles_V_of_France	type	Person
William_X_Duke_of_Aquitaine	type	Person
Philippa_Countess_of_Toulouse	type	Person
Archduchess_Eleanor_of_Austria	type	Person
John_VIII_Count_of_Vend_me	type	Person
Eleanor_of_Provence	type	Person
Charles_Emmanuel_II_Duke_of_Savoy	type	Person
Joan_II_Countess_of_Burgundy	type	Person
John_II_of_Aragon	type	Person
Alfonso_V_of_Aragon	type	Person
James_III_of_Scotland	type	Person
Mary_of_Guelders	type	Person
Charles_Frederick_Grand_Duke_of_Saxe_Weimar_Eisenach	type	Person
Philippa_of_Hainault	type	Person
Joan_of_Valois_Countess_of_Hainaut	type	Person
Matilda_of_Frisia	type	Person
Liudolf_Margrave_of_Frisia	type	Person
Isabella_of_Austria	type	Person
Clementia_of_Hungary	type	Person
Louis_X_of_France	type	Person
Maud_of_Apulia	type	Person
Charles_the_Simple	type	Person
Clotilde_of_France	type	Person
Countess_Palatine_Dorothea_Sophie_of_Neuburg	type	Person
Elisabeth_Farnese	type	Person
Elizabeth_of_Lancaster_Duchess_of_Exeter	type	Person
Ermentrude_of_Orl_ans	type	Person
Judith_of_Flanders	type	Person
Magnus_II_Duke_of_Brunswic_L_neburg	type	Person
Alfonso_II_Count_of_Provence	type	Person
Rudolf_I_of_Germany	type	Person
Gertrude_of_Hohenberg	type	Person
John_Joseph_of_Austria	type	Person
Dirk_II_Count_of_Holland	type	Person
Beatrice_of_Portugal_died_1381	type	Person
Victor_Amadeus_I_Duke_of_Savoy	type	Person
Catalina_Micaela_of_Spain	type	Person
Alfonso_Fern_ndez_el_Ni_o	type	Person
Ernest_Augustus_King_of_Hanover	type	Person
Prince_William_of_Saxe_Gotha_Altenburg	type	Person
Mary_of_Burgundy_Duchess_of_Cleves	type	Person
Mary_of_Burgundy	type	Person
Pepin_the_Hunchback	type	Person
Claude_Fran_oise_de_Lorraine	type	Person
Nicholas_Francis_Duke_of_Lorraine	type	Person
Dirk_III_Count_of_Holland	type	Person
Lutgardis_of_Luxemburg	type	Person
Otto_I_Duke_of_Saxony	type	Person
Hedwig_of_Babenberg	type	Person
Radbot_of_Klettgau	type	Person
Alfonso_X_of_Castile	type	Person
Baldwin_II_of_Jerusalem	type	Person
Louis_Duke_of_Orl_ans_1703_1752	type	Person
Landgravine_Elisabeth_Amalie_of_Hesse_Darmstadt	type	Person
James_II_of_Scotland	type	Person
Willa_of_Tuscany	type	Person
Boso_Margrave_of_Tuscany	type	Person
Frederick_III_Holy_Roman_Emperor	type	Person
Cymburgis_of_Masovia	type	Person
Conrad_IV_of_Germany	type	Person
Grimoald_the_Younger	type	Person
Charles_I_Gonzaga_Duke_of_Mantua	type	Person
Maria_Anna_of_Bavaria_born_1551	type	Person
Albert_V_Duke_of_Bavaria	type	Person
Maria_Luisa_of_Spain	type	Person
Charles_III_of_Spain	type	Person
Maria_Theresa_of_Spain	type	Person
Henry_the_Lion	type	Person
Otto_IV_Count_of_Burgundy	type	Person
Beatriz_of_Portugal_Duchess_of_Viseu	type	Person
Isabel_of_Barcelos	type	Person
Ferdinand_II_of_Aragon	type	Person
Willa_of_Burgundy	type	Person
Hugh_of_Italy	type	Person
Rudolph_II_of_Burgundy	type	Person
Henry_II_of_France	type	Person
Mahaut_of_Ch_tillon	type	Person
Eug_nie_de_Montijo	type	Person
Napoleon_III	type	Person
Prince_Augustus_Frederick_Duke_of_Sussex	type	Person
Clemence_of_Austria	type	Person
Charles_I_of_Hungary	type	Person
Peter_I_Duke_of_Bourbon	type	Person
Mary_of_Avesnes	type	Person
Charles_VI_of_France	type	Person
Augustus_III_of_Poland	type	Person
Walter_I_Lord_of_Avesnes	type	Person
Duke_Charles_Louis_Frederick_of_Mecklenburg	type	Person
Joan_I_Countess_of_Auvergne	type	Person
Gian_Galeazzo_Sforza	type	Person
Marie_Hedwig_of_Hesse_Darmstadt	type	Person
Henry_V_of_England	type	Person
Albert_II_of_Germany	type	Person
Joan_of__vreux	type	Person
Louis_Count_of__vreux	type	Person
Otto_I_Duke_of_Brunswic_L_neburg	type	Person
A_nor_de_Ch_tellerault	type	Person
Claude_of_France	type	Person
Louis_I_Duke_of_Bourbon	type	Person
Marie_de_Bourbon_Princess_of_Achaea	type	Person
Osburh	type	Person
Marie_Antoinette	type	Person
Charles_X	type	Person
John_Constable_of_Portugal	type	Person
Charles_III_Duke_of_Savoy	type	Person
Beatrice_of_Portugal_Duchess_of_Savoy	type	Person
Margaret_of_Bourbon_1438_1483	type	Person
Maria_Theresa_of_Austria_Este_Queen_of_Sardinia	type	Person
Otto_III_Duke_of_Bavaria	type	Person
Wenceslaus_I_Duke_of_Luxembourg	type	Person
Vladimir_the_Great	type	Person
Sviatoslav_I	type	Person
John_of_Montfort	type	Person
Joan_of_Brittany_Baroness_of_Drayton	type	Person
Fulk_King_of_Jerusalem	type	Person
Geoffrey_Plantagenet_Count_of_Anjou	type	Person
Francis_Duke_of_Anjou	type	Person
Catherine_de_Medici	type	Person
Henry_III_of_France	type	Person
Sigismund_II_Augustus	type	Person
Th_odrate_of_Troyes	type	Person
Edward_III_of_England	type	Person
Louis_Count_of_Vend_me	type	Person
Marjorie_Bruce	type	Person
Emma_of_Italy	type	Person
Marie_Jos_phine_of_Savoy	type	Person
Victor_Amadeus_III_of_Sardinia	type	Person
Louis_XII	type	Person
Maximilian_Sforza	type	Person
Philip_I_of_Castile	type	Person
Ramon_Borrell_Count_of_Barcelona	type	Person
Edward_Count_Palatine_of_Simmern	type	Person
Frederick_II_Count_of_Vaud_mont	type	Person
Blanche_of_Valois	type	Person
Eleanor_of_Castile	type	Person
Alphonso_Earl_of_Chester	type	Person
Francis_III_Duke_of_Brittany	type	Person
Alfonso_IX_of_Le_n	type	Person
Urraca_of_Portugal	type	Person
James_I_of_Scotland	type	Person
Anabella_Drummond	type	Person
Alfonso_of_Molina	type	Person
Charles_VIII_of_France	type	Person
Louis_XI	type	Person
Henry_IV_of_England	type	Person
Mary_de_Bohun	type	Person
Agnes_de_Baudemont	type	Person
Archduke_Charles_Joseph_of_Austria_born_1745	type	Person
Adela_of_Normandy	type	Person
Stephen_Count_of_Blois	type	Person
Walter_Stewart_3rd_High_Steward_of_Scotland	type	Person
Cosimo_I_de_Medici_Grand_Duke_of_Tuscany	type	Person
Camilla_Martelli	type	Person
Peter_I_of_Portugal	type	Person
John_Duke_of_Valencia_de_Campos	type	Person
Raymond_of_Burgundy	type	Person
Sancha_Raim_ndez	type	Person
Marie_Countess_of_Harcourt	type	Person
Infante_Antonio_Duke_of_Galliera	type	Person
Lothair_II_of_Italy	type	Person
Jacquetta_of_Luxembourg	type	Person
Anne_Woodville	type	Person
George_I_of_Great_Britain	type	Person
Ernest_Augustus_Elector_of_Hanover	type	Person
Hermann_II_Count_of_Celje	type	Person
Margaret_of_Anjou	type	Person
Charlotte_of_Bourbon_Queen_of_Cyprus	type	Person
John_I_Count_of_La_Marche	type	Person
Princess_Elisabeth_Albertine_of_Saxe_Hildburghausen	type	Person
Matilda_II_Countess_of_Boulogne	type	Person
Isabella_Countess_of_Vertus	type	Person
Anne_of_Bohemia_and_Hungary	type	Person
Louis_IV_of_France	type	Person
Rogneda_of_Polotsk	type	Person
In_s_de_Castro	type	Person
William_III_of_M_con	type	Person
Louis_V_of_France	type	Person
Marie_of_Luxembourg_Queen_of_France	type	Person
Henry_VII_Holy_Roman_Emperor	type	Person
Saint_Margaret_of_Scotland	type	Person
Malcolm_III_of_Scotland	type	Person
Arnulf_I_Count_of_Flanders	type	Person
_lfthryth_Countess_of_Flanders	type	Person
Antonia_of_Savoy	type	Person
Adela_of_Milan	type	Person
Louis_XIII	type	Person
Marie_de_Medici	type	Person
Marie_of_Valois_Duchess_of_Calabria	type	Person
Charles_the_Bald	type	Person
Francis_Count_of_Vend_me	type	Person
Amadeus_II_Count_of_Savoy	type	Person
Archduchess_Catherine_Renata_of_Austria	type	Person
Rudolph_Duke_of_Lorraine	type	Person
Marie_de_Ch_tillon_1323_1363	type	Person
Walter_Stewart_Earl_of_Atholl	type	Person
John_I_of_Portugal	type	Person
Otto_IV_Count_of_Scheyern	type	Person
Eckhard_I_Count_of_Scheyern	type	Person
Count_of_Montijo	type	Person
Beatrice_of_Albon	type	Person
Piero_di_Cosimo_de_Medici	type	Person
Contessina_de_Bardi	type	Person
Odo_IV_Duke_of_Burgundy	type	Person
Joan_III_Countess_of_Burgundy	type	Person
Eug_ne_de_Beauharnais	type	Person
Isabeau_of_Bavaria	type	Person
Elisabeth_of_France_1602_1644	type	Person
Vladislaus_II_of_Hungary	type	Person
Verdun	type	Person
William_I_Count_of_Hainaut	type	Person
Yolanda_of_Courtenay	type	Person
Rudolph_III_of_Burgundy	type	Person
Mariana_Victoria_of_Spain	type	Person
Baldwin_II_Count_of_Hainaut	type	Person
Constance_of_Arles	type	Person
William_I_of_Provence	type	Person
Adelaide_of_Auxerre_born_c._870	type	Person
Waldrada_of_Worms	type	Person
James_I_of_Aragon	type	Person
Teresa_Gil_de_Vidaure	type	Person
Fran_oise_d_Aubign__Marquise_de_Maintenon	type	Person
Maria_Amalia_of_Naples_and_Sicily	type	Person
Maria_Carolina_of_Austria	type	Person
Marie_of_Brabant_Queen_of_France	type	Person
Matilda_of_Scotland	type	Person
John_Beaufort_1st_Earl_of_Somerset	type	Person
Cecile_of_France	type	Person
Charles_Emmanuel_I_Duke_of_Savoy	type	Person
Emanuel_Filibert_of_Savoy	type	Person
Maria_Amalia_of_Saxony	type	Person
Maria_Cristina_of_Savoy	type	Person
William_Adelin	type	Person
Hedwig_of_Saxony	type	Person
Archduke_Joseph_Franz_of_Austria	type	Person
Henry_I_Duke_of_Brabant	type	Person
John_III_Duke_of_Brittany	type	Person
Isabella_of_Hainault	type	Person
Margaret_I_Countess_of_Flanders	type	Person
Maria_Theresa_of_Naples_and_Sicily	type	Person
Archduchess_Maria_Clementina_of_Austria	type	Person
Charles_VII_of_France	type	Person
Urraca_L_pez_de_Haro	type	Person
Charles_IX_of_France	type	Person
Francis_II_of_France	type	Person
Margaret_of_Brabant	type	Person
Philip_IV_of_France	type	Person
Philip_III_of_France	type	Person
Louise_Marie_Anne_de_Bourbon	type	Person
Baldwin_II_Margrave_of_Flanders	type	Person
Margaret_of_Bavaria	type	Person
Maria_of_Navarre	type	Person
Louis_IX_of_France	type	Person
Violant_of_Hungary	type	Person
Barbara_of_Hesse	type	Person
Ferdinand_II_of_Le_n	type	Person
Alfonso_VII_of_Le_n_and_Castile	type	Person
Isabella_of_Aragon_Queen_of_France	type	Person
Juana_Enr_quez	type	Person
Agust_n_Mar_a_Mu_oz_y_Borb_n_1st_Duke_of_Taranc_n	type	Person
Reginald_I_Count_of_Burgundy	type	Person
Ermentrude_de_Roucy	type	Person
Prince_Francis_Xavier_of_Saxony	type	Person
Charles_Prince_of_Anhalt_Zerbst	type	Person
Frederick_III_Duke_of_Saxe_Gotha_Altenburg	type	Person
Adalard_of_Paris	type	Person
Virginia_de_Medici	type	Person
Sancha_of_Aragon_Countess_of_Toulouse	type	Person
Martin_of_Aragon	type	Person
Ferdinand_I_of_Aragon	type	Person
Anna_von_Campe	type	Person
Robert_I_Duke_of_Burgundy	type	Person
Hugh_I_Duke_of_Burgundy	type	Person
Simon_II_Duke_of_Lorraine	type	Person
Frederick_I_Duke_of_Lorraine	type	Person
Baldwin_of_Luxembourg	type	Person
Mary_of_Woodstock	type	Person
Robert_III_of_Scotland	type	Person
Louis_the_Stammerer	type	Person
Guilla_of_Provence	type	Person
Rudolph_I_of_Burgundy	type	Person
Philippe_I_Duke_of_Orl_ans	type	Person
Helie_of_Semur	type	Person
Marie_Jeanne_Baptiste_of_Savoy_Nemours	type	Person
Robert_Duke_of_Bar	type	Person
Sophia_of_Minsk	type	Person
Valdemar_II_of_Denmark	type	Person
Ferdinand_III_of_Castile	type	Person
Maria_of_Aragon_Queen_of_Portugal	type	Person
Adolphus_Frederick_I_Duke_of_Mecklenburg_Schwerin	type	Person
Agnes_de_Baudemont_Countess_of_Braine	type	Person
John_Count_of_Soissons_and_Enghien	type	Person
Fran_oise_Ath_na_s_de_Rochechouart_Marquise_de_Montespan	type	Person
Elisiv_of_Kiev	type	Person
Henry_Stuart_Duke_of_Gloucester	type	Person
Henry_III_Duke_of_Brabant	type	Person
Bruno_the_Great	type	Person
Elizabeth_of_York	type	Person
Pope	type	Person
Ferdinand_the_Holy_Prince	type	Person
Adelaide_of_Maurienne	type	Person
Matthew_I_of_Montmorency	type	Person
Matilda_of_Habsburg	type	Person
_thelfl_d	type	Person
Beatrice_of_Castile_1293_1359	type	Person
Mary_of_Burgundy_Duchess_of_Savoy	type	Person
Madeleine_de_La_Tour_d_Auvergne	type	Person
William_FitzEmpress	type	Person
Emmanuel_Philibert_Duke_of_Savoy	type	Person
Margaret_of_Valois_Duchess_of_Berry	type	Person
Owen_Tudor	type	Person
Hedwig_Jagiellon_Duchess_of_Bavaria	type	Person
Philip_V_of_Spain	type	Person
Charles_II_of_Spain	type	Person
John_Duke_of_Durazzo	type	Person
John_III_Duke_of_Bavaria	type	Person
Charlotte_of_Mecklenburg_Strelitz	type	Person
Prince_Octavius_of_Great_Britain	type	Person
Blanche_of_Castile	type	Person
Ferdinand_VI_of_Spain	type	Person
Prince_Louis_Duke_of_Nemours	type	Person
Maximilian_I_Holy_Roman_Emperor	type	Person
Bianca_Maria_Sforza	type	Person
Eleanor_of_Viseu	type	Person
John_II_of_Portugal	type	Person
Theobald_III_Count_of_Champagne	type	Person
Odo_I_Duke_of_Burgundy	type	Person
Antoinette_of_Bourbon	type	Person
Claude_Duke_of_Aumale	type	Person
Louis_III_Landgrave_of_Thuringia	type	Person
John_Count_of_Angoul_me	type	Person
Philip_of_Swabia	type	Person
Louis_XVIII	type	Person
Maria_Josepha_of_Saxony_Dauphine_of_France	type	Person
Catherine_de_Bourbon	type	Person
Joan_Beaufort_Queen_of_Scots	type	Person
Henrietta_Maria	type	Person
Bernard_of_Italy	type	Person
Hugh_the_Great	type	Person
Beatrice_of_Vermandois	type	Person
Matilda_of_Ringelheim	type	Person
Louis_the_German	type	Person
Charles_the_Fat	type	Person
Margaret_of_Bar	type	Person
Margaret_Lyle	type	Person
Hugh_Capet	type	Person
Gertrude_of_Flanders_Duchess_of_Lorraine	type	Person
Theodoric_II_Duke_of_Lorraine	type	Person
Marie_of_Orl_ans_Viscountess_of_Narbonne	type	Person
Charles_II_of_Navarre	type	Person
Carloman_II	type	Person
Prince_Christian_of_Hesse_Darmstadt	type	Person
Mar_a_Manuela_Kirkpatrick_de_Grevign_e	type	Person
Ferdinand_I_Holy_Roman_Emperor	type	Person
Archduchess_Margaret_of_Austria_nun	type	Person
Louis_Dauphin_of_France_son_of_Louis_XV	type	Person
Th_r_se_of_France_1736_1744	type	Person
Theobald_I_of_Navarre	type	Person
Blanche_of_Navarre_Countess_of_Champagne	type	Person
Marie_Caroline_of_Bourbo_Two_Sicilies_Duchess_of_Berry	type	Person
Charles_I_Duke_of_Bourbon	type	Person
Agnes_of_Burgundy_Duchess_of_Bourbon	type	Person
Princess_Elizabeth_of_Great_Britain	type	Person
Bianca_Maria_Visconti	type	Person
Francesco_I_Sforza	type	Person
Archduchess_Anna_of_Austria	type	Person
Louis_I_of_Anjou	type	Person
Louis_de_Bourbon_Bishop_of_Li_ge	type	Person
Charlotte_of_Savoy	type	Person
Elisabeth_of_Sicily_Duchess_of_Bavaria	type	Person
Eleanor_of_Aquitaine	type	Person
Benedicta_Henrietta_of_the_Palatinate	type	Person
Richard_Woodville_1st_Earl_Rivers	type	Person
John_Albert_I_Duke_of_Mecklenburg	type	Person
Teresa_Louren_o	type	Person
Catherine_of_Austria_Queen_of_Poland	type	Person
Mary_Queen_of_Scots	type	Person
Louis_of_Cyprus	type	Person
Adolf_King_of_the_Romans	type	Person
Boris_and_Gleb	type	Person
Hildegard_of_the_Vinzgau	type	Person
Anne_of_Brittany	type	Person
Theobald_I_Duke_of_Lorraine	type	Person
_lffl_d_wife_of_Edward_the_Elder	type	Person
Eadhild	type	Person
Humbert_II_Count_of_Savoy	type	Person
Carloman_mayor_of_the_palace	type	Person
Pepin_the_Short	type	Person
Berengar_II_of_Italy	type	Person
Rozala_of_Italy	type	Person
Adelaide_of_Holland	type	Person
Matilda_of_Saxony_countess_of_Flanders	type	Person
Baldwin_III_Count_of_Flanders	type	Person
Alfred_the_Great	type	Person
Richeza_of_Denmark	type	Person
Dorothea_of_Denmark_Duchess_of_Brunswic_L_neburg	type	Person
William_the_Younger_Duke_of_Brunswic_L_neburg	type	Person
Philippa_of_Guelders	type	Person
John_III_Burgrave_of_Nuremberg	type	Person
Arnulf_of_Carinthia	type	Person
Baldwin_VI_Count_of_Flanders	type	Person
Rudolf_I_Duke_of_Bavaria	type	Person
Godfrey_I_Count_of_Louvain	type	Person
Isabella_of_France	type	Person
Joan_I_of_Navarre	type	Person
Valentina_Visconti_Duchess_of_Orl_ans	type	Person
Elisabeth_Christine_of_Brunswic_Wolfenb_ttel	type	Person
Anne_of_France	type	Person
Sancho_III_of_Castile	type	Person
Berengaria_of_Barcelona	type	Person
Conrad_I_Count_of_Auxerre	type	Person
Alys_of_France_Countess_of_Vexin	type	Person
Maria_Manuela_Princess_of_Portugal	type	Person
Catherine_of_Vend_me	type	Person
Patrick_de_Chaworth_Lord_of_Kidwelly	type	Person
Richende_De_Bourges	type	Person
Anna_Sforza	type	Person
Bernard_I_Duke_of_Brunswic_L_neburg	type	Person
James_Stewart_5th_High_Steward_of_Scotland	type	Person
Counts_and_dukes_of_Aumale	type	Person
Duchess_Sophie_of_Prussia	type	Person
Charles_Duke_of_Vend_me	type	Person
Rudolf_II_Count_of_Habsburg	type	Person
Renata_of_Lorraine	type	Person
Andrew_II_of_Hungary	type	Person
Margaret_of_Foix	type	Person
Prince_Philippe_Count_of_Paris	type	Person
Margaret_of_Bourbon_Lady_of_Albret	type	Person
Constanza_Manuel	type	Person
William_IX_Count_of_Poitiers	type	Person
Isabelle_Duchess_of_Brittany	type	Person
Elizabeth_Charlotte_Madame_Palatine	type	Person
Prince_Ferdinand_Duke_of_Montpensier	type	Person
William_Longsword	type	Person
Elisabeth_Therese_of_Lorraine	type	Person
Charlotte_Christine_of_Brunswic_Wolfenb_ttel	type	Person
Countess_Amalia_Katharina_of_Waldeck	type	Person
Richard_FitzRoy	type	Person
George_Gordon_4th_Earl_of_Huntly	type	Person
Prince_Frederick_of_Great_Britain	type	Person
Hugh_V_Duke_of_Burgundy	type	Person
Sancha_of_Castile_Queen_of_Aragon	type	Person
Agatha_wife_of_Edward_the_Exile	type	Person
Cristina_daughter_of_Edward_the_Exile	type	Person
Yolande_Duchess_of_Lorraine	type	Person
Robert_II_of_France	type	Person
Adelaide_of_Burgundy_Duchess_of_Brabant	type	Person
Hugh_IV_Duke_of_Burgundy	type	Person
Frederick_IV_Duke_of_Lorraine	type	Person
Gerold_of_Vinzgau	type	Person
Elizabeth_of_Luxembourg	type	Person
Ladislaus_the_Posthumous	type	Person
Joan_Stewart_Countess_of_Morton	type	Person
Canute_VI_of_Denmark	type	Person
Anna_Eleonore_of_Hesse_Darmstadt	type	Person
George_Duke_of_Brunswic_Calenberg	type	Person
Simon_I_Duke_of_Lorraine	type	Person
Empress_Jos_phine	type	Person
Maximilian_II_Holy_Roman_Emperor	type	Person
Baldwin_V_Count_of_Flanders	type	Person
James_Hepburn_4th_Earl_of_Bothwell	type	Person
Anna_of_Holstei_Gottorp	type	Person
Ernest_Augustus_Duke_of_York_and_Albany	type	Person
Anne_Gonzaga	type	Person
Otto_II_Duke_of_Bavaria	type	Person
Ludmilla_of_Bohemia	type	Person
William_de_Beauchamp_9th_Earl_of_Warwick	type	Person
Maud_FitzJohn_Countess_of_Warwick	type	Person
Anna_Maria_of_Mecklenburg_Schwerin	type	Person
Magdalena_Sibylla_of_Saxe_Weissenfels	type	Person
Ramon_Berenguer_IV_Count_of_Provence	type	Person
Stephen_II_Duke_of_Bavaria	type	Person
Margaret_of_England_Duchess_of_Brabant	type	Person
Patrick_Gordon_of_Auchindoun	type	Person
Bianca_Cappello	type	Person
Magdalena_of_Valois	type	Person
Elizabeth_I	type	Person
Agnes_of_France_Duchess_of_Burgundy	type	Person
Stephen_I_Count_of_Burgundy	type	Person
Berenguer_Ramon_II_Count_of_Barcelona	type	Person
Louis_XVI	type	Person
Marie_Th_r_se_of_France	type	Person
Sophia_of_Istria	type	Person
Princess_Isabelle_of_Orl_ans_1878_1961	type	Person
Henry_VI_of_England	type	Person
Mary_of_Hungary_Queen_of_Naples	type	Person
Stephen_V_of_Hungary	type	Person
Charles_I_of_England	type	Person
William_VIII_Duke_of_Aquitaine	type	Person
Richard_Count_of__tampes	type	Person
John_VII_Duke_of_Mecklenburg_Schwerin	type	Person
Schwerin	type	Person
John_Count_of_Chalon	type	Person
Robert_III_of_Worms	type	Person
Margaret_of_Valois_Angoul_me	type	Person
Charles_Count_of_Angoul_me	type	Person
William_IX_Duke_of_Aquitaine	type	Person
Hildegarde_of_Burgundy	type	Person
Ferdinand_of_Castile_born_1238	type	Person
Radegonde_of_Valois	type	Person
Albert_III_Count_of_Habsburg	type	Person
Herbert_III_of_Omois	type	Person
Pietro_de_Medici	type	Person
Archduchess_Barbara_of_Austria	type	Person
Lixheim	type	Person
J_r_me_Bonaparte	type	Person
Countess_Sophia_Albertine_of_Erbach_Erbach	type	Person
Pepin_of_Herstal	type	Person
Ansegisel	type	Person
Francesco_I_de_Medici_Grand_Duke_of_Tuscany	type	Person
Matilda_of_Brandenburg_Duchess_of_Brunswic_L_neburg	type	Person
Malusha	type	Person
Helena_of_Denmark	type	Person
Elizabeth_Gordon_Countess_of_Huntly	type	Person
Jean_Gordon_Countess_of_Bothwell	type	Person
Joan_Countess_of_Ponthieu	type	Person
Judith_of_Flanders_died_1095	type	Person
John_de_Beaumont_2nd_Baron_Beaumont	type	Person
William_V_Duke_of_Aquitaine	type	Person
Agnes_of_Burgundy_Duchess_of_Aquitaine	type	Person
Gaston_Prince_of_Viana	type	Person
Matthew_Stewart_4th_Earl_of_Lennox	type	Person
John_Stewart_3rd_Earl_of_Lennox	type	Person
George_II_Landgrave_of_Hesse_Darmstadt	type	Person
Sophia_Eleonore_of_Saxony	type	Person
Marie_Viscountess_of_Limoges	type	Person
James_VI_and_I	type	Person
John_I_Count_of_Hainaut	type	Person
Otto_I_Count_of_Scheyern	type	Person
Henri_Count_of_Chambord	type	Person
Elisabeth_of_Austria_Duchess_of_Lorraine	type	Person
Louis_IV_Holy_Roman_Emperor	type	Person
Margaret_of_Bohemia_Duchess_of_Wroclaw	type	Person
Louis_III_of_France	type	Person
Albert_II_Duke_of_Brunswic_L_neburg	type	Person
Albert_I_Duke_of_Brunswic_L_neburg	type	Person
Adalbert_I_of_Ivrea	type	Person
Charles_the_Younger	type	Person
Johann_Adolf_I_Duke_of_Saxe_Weissenfels	type	Person
James_of_Avesnes	type	Person
Nicholas_d_Oisy_Lord_of_Avesnes	type	Person
Henry_of_Sandomierz	type	Person
Henry_Count_of_Portugal	type	Person
Charles_Prince_of_Taranto	type	Person
Bolko_I_the_Strict	type	Person
Archduchess_Maria_Elisabeth_of_Austria_born_1743	type	Person
Frederick_V_Burgrave_of_Nuremberg	type	Person
James_IV_of_Scotland	type	Person
Philip_VI_of_France	type	Person
Marie_Duchess_of_Auvergne	type	Person
Princess_Anne_Charlotte_of_Lorraine	type	Person
Elizabeth_of_Portugal	type	Person
Matilda_of_Anjou	type	Person
Ermengarde_of_Hesbaye	type	Person
Margaret_of_Brittany	type	Person
Yaropolk_I_of_Kiev	type	Person
Maria_Teresa_Felicitas_d_Este	type	Person
Louise_Marie_Ad_la_de_de_Bourbon_Duchess_of_Orl_ans	type	Person
Anna_Maria_of_Ostfriesland	type	Person
Blanche_of_Burgundy_Countess_of_Savoy	type	Person
John_the_Fearless	type	Person
Eleanor_of_Aragon_Queen_of_Portugal	type	Person
Joan_of_Portugal	type	Person
Joseph_I_Holy_Roman_Emperor	type	Person
Afonso_III_of_Portugal	type	Person
Yolanda_Latin_Empress	type	Person
Dirk_IV_Count_of_Holland	type	Person
Nicolas_Duke_of_Merc_ur	type	Person
Bertrade_of_Montfort	type	Person
Simon_I_de_Montfort	type	Person
Haziga_of_Diessen	type	Person
Leopold_V_Archduke_of_Austria	type	Person
Beatrice_of_Silesia	type	Person
Matthew_Stewart_2nd_Earl_of_Lennox	type	Person
Margaret_Boswell	type	Person
Beatrice_of_Luxembourg	type	Person
Teresa_Cristina_of_the_Two_Sicilies	type	Person
Blanche_of_Burgundy	type	Person
William_IV_Duke_of_Aquitaine	type	Person
Ferdinand_Duke_of_Viseu	type	Person
Anna_of_Lorraine	type	Person
Catherine_of_Valois_Courtenay	type	Person
Frederick_II_Duke_of_Saxe_Gotha_Altenburg	type	Person
Otto_V_Duke_of_Bavaria	type	Person
Louis_Antoine_Duke_of_Angoul_me	type	Person
Frederick_I_Elector_of_Brandenburg	type	Person
Margaret_of_Artois	type	Person
Taddea_Visconti	type	Person
Beatrice_Regina_della_Scala	type	Person
Casimir_IV_Jagiellon	type	Person
Otto_William_Count_of_Burgundy	type	Person
Prince_Maurizio_Duke_of_Montferrat	type	Person
Antoine_of_Navarre	type	Person
March_of_Friuli	type	Person
Maria_Beatrice_of_Savoy	type	Person
Maria_Christina_Duchess_of_Teschen	type	Person
Henry_IV_of_France	type	Person
Conrad_I_of_Burgundy	type	Person
Baldwin_III_Count_of_Hainaut	type	Person
Philippe_Emmanuel_Duke_of_Merc_ur	type	Person
Ferdinand_Karl_Archduke_of_Austria_Este	type	Person
Berengaria_of_Castile	type	Person
Judith_of_Habsburg	type	Person
Margaret_of_Provence	type	Person
Odo_I_Count_of_Blois	type	Person
Bertha_of_Burgundy	type	Person
Catherine_Woodville_Duchess_of_Buckingham	type	Person
Rixa_of_Werle	type	Person
Eleanor_of_Austria	type	Person
Reginar_Longneck	type	Person
Robert_Count_of_Clermont	type	Person
John_of_Charolais	type	Person
Princess_Louise_d_Artois	type	Person
Bertha_daughter_of_Lothair_II	type	Person
Drogo_of_Champagne	type	Person
John_Prince_of_Asturias	type	Person
Eadgifu_of_Wessex	type	Person
_lisabeth_Charlotte_d_Orl_ans	type	Person
Elisabeth_of_Austria_Queen_of_France	type	Person
Gisela_of_Swabia	type	Person
Alphonse_Count_of_Poitiers	type	Person
Francis_I_of_France	type	Person
Charles_II_de_Valois_Duke_of_Orl_ans	type	Person
George_IV	type	Person
Frederuna	type	Person
Isabella_of_Burgundy_Queen_of_Germany	type	Person
Clementia_of_Z_hringen	type	Person
Sanchia_of_Provence	type	Person
Sophia_Dorothea_of_Hanover	type	Person
Philip_II_of_France	type	Person
Agnes_of_Austria_1281_1364	type	Person
Charlemagne	type	Person
Louis_the_Pious	type	Person
Ernest_Duke_of_Austria	type	Person
Maria_Amalia_Holy_Roman_Empress	type	Person
Christina_of_Lorraine	type	Person
Robert_II_Count_of_Dreux	type	Person
Roman_Catholic_Archdiocese_of_Cambrai	type	Person
William_XII_Count_of_Auvergne	type	Person
Louis_Philippe_II_Duke_of_Orl_ans	type	Person
Matilda_of_T_bingen	type	Person
Philip_I_Count_of_Flanders	type	Person
Lucrezia_de_Medici_Duchess_of_Ferrara	type	Person
Jean_Cardinal_of_Lorraine	type	Person
Jeanne_d_Albret	type	Person
Elizabeth_the_Cuman	type	Person
Luisa_Carlotta_of_the_Two_Sicilies	type	Person
Conrad_of_Ivrea	type	Person
Denis_Lord_of_Cifuentes	type	Person
Catherine_of_Foix_Countess_of_Candale	type	Person
Philip_V_of_France	type	Person
Wierzchoslawa_Ludmilla_of_Greater_Poland	type	Person
Salomea_of_Berg	type	Person
Henry_I_Count_of_Berg	type	Person
Charles_of_Lorraine_bishop_of_Metz_and_Strasbourg	type	Person
Francesco_III_d_Este_Duke_of_Modena	type	Person
Ida_Countess_of_Hainaut	type	Person
Richard_II_of_England	type	Person
John_IV_Marquis_of_Montferrat	type	Person
Henry_the_Friendly	type	Person
Archduchess_Margaret_of_Austria_1567_1633	type	Person
Marie_of_Brittany_Countess_of_Saint_Pol	type	Person
Jacques_Charles_Dupont_de_l_Eure	type	Person
Marie_of_Anjou	type	Person
Yolande_of_Aragon	type	Person
Joan_Fitzalan_Countess_of_Hereford	type	Person
Robert_I_of_France	type	Person
Mary_Stewart_Countess_of_Buchan	type	Person
Gaston_IV_Count_of_Foix	type	Person
K_ten	type	Person
Sophie_of_Thuringia_Duchess_of_Brabant	type	Person
Claude_of_France_1547_1575	type	Person
Philippa_of_Lancaster	type	Person
Maria_of_Courtenay	type	Person
Peter_Tempesta	type	Person
Henry_III_of_Castile	type	Person
John_I_of_Castile	type	Person
Albert_Azzo_II_Margrave_of_Milan	type	Person
Henry_III_of_England	type	Person
Margaret_of_England	type	Person
Elizabeth_of_Austria_1436_1505	type	Person
John_I_Albert	type	Person
Gaston_Duke_of_Orl_ans	type	Person
Hortense_de_Beauharnais	type	Person
Anne_of_Kiev	type	Person
Joan_Beaufort_Countess_of_Westmorland	type	Person
Conrad_II_Duke_of_Transjurane_Burgundy	type	Person
Louis_VIII_of_France	type	Person
John_King_of_England	type	Person
Edward_the_Exile	type	Person
Louis_I_of_Brzeg	type	Person
Gisela_of_Friuli	type	Person
Otto_I_Duke_of_Bavaria	type	Person
Heilika_of_Lengenfeld	type	Person
Louis_XVII	type	Person
Charles_Duke_of_Orl_ans	type	Person
Marie_of_Cleves_Duchess_of_Orl_ans	type	Person
Eleanor_of_England_Queen_of_Castile	type	Person
Gabriel_de_Rochechouart_de_Mortemart	type	Person
Edward_the_Elder	type	Person
Maria_Theresa	type	Person
Canute_Lavard	type	Person
Odoardo_Farnese_Hereditary_Prince_of_Parma	type	Person
Elisabeth_of_Hesse_Electress_Palatine	type	Person
Thomas_Holland_2nd_Earl_of_Kent	type	Person
Louis_Bonaparte	type	Person
Napol_on_Charles_Bonaparte	type	Person
Dulce_of_Le_n	type	Person
Sancho_Alfonso	type	Person
Amaury_I_de_Montfort	type	Person
Isabella_of_Portugal	type	Person
Manuel_I_of_Portugal	type	Person
Edward_II_of_England	type	Person
Joan_of_the_Tower	type	Person
Cosimo_de_Medici	type	Person
Thomas_Stewart_bishop_of_St_Andrews	type	Person
Charles_the_Child	type	Person
Pepin_I_of_Aquitaine	type	Person
Emma_of_Blois	type	Person
Hugh_the_Abbot	type	Person
Marie_de_Valois	type	Person
Louis_Duke_of_Durazzo	type	Person
George_III	type	Person
Prince_Alfred_of_Great_Britain	type	Person
Charles_of_Saxony_Duke_of_Courland	type	Person
Carlo_Duke_of_Calabria	type	Person
C_sar_Duke_of_Vend_me	type	Person
Princess_Antoinette_of_Brunswic_Wolfenb_ttel	type	Person
Mary_of_Scotland_Countess_of_Boulogne	type	Person
Godfrey_II_Count_of_Louvain	type	Person
Ansgarde_of_Burgundy	type	Person
Maria_Sophia_of_Neuburg	type	Person
Antonio_de_Medici	type	Person
Elisabeth_of_Nuremberg	type	Person
Reginar_II_Count_of_Hainaut	type	Person
Galeazzo_Maria_Sforza	type	Person
Dorotea_Gonzaga	type	Person
Henry_II_Duke_of_Brabant	type	Person
Archduke_Franz_Karl_of_Austria	type	Person
Infante_Luis_of_Spain	type	Person
Anna_of_Austria_Queen_of_Spain	type	Person
Ramon_Berenguer_I_Count_of_Barcelona	type	Person
Jeanne_de_Laval	type	Person
Maria_Clotilde_of_Naples_and_Sicily	type	Person
Hugh_Despenser_the_Elder	type	Person
Margaret_of_Denmark_Queen_of_Scotland	type	Person
Godfrey_III_Count_of_Louvain	type	Person
Princess_Louise_of_Orl_ans	type	Person
Prince_Carlo_Francesco_Duke_of_Aosta	type	Person
Isabelle_de_Bourbon	type	Person
Theresa_Countess_of_Portugal	type	Person
Isabel_of_Viseu	type	Person
Baldwin_V_Count_of_Hainaut	type	Person
Douce_I_Countess_of_Provence	type	Person
Lucia_da_Torsano	type	Person
Gisela_of_Burgundy_Marchioness_of_Montferrat	type	Person
Maria_of_Austria_Duchess_of_J_lich_Cleves_Berg	type	Person
Rollo	type	Person
Germaine_of_Foix	type	Person
David_Stewart_Earl_of_Moray	type	Person
Louis_II_of_Anjou	type	Person
Christine_of_Saxony	type	Person
Adam_Albert_von_Neipperg	type	Person
Hugh_Magnus	type	Person
Alpaida	type	Person
Elisabeth_of_Swabia	type	Person
Yolande_of_Dreux_Duchess_of_Burgundy	type	Person
Carloman_I	type	Person
Louis_III_of_Anjou	type	Person
Princess_Augusta_of_Saxe_Gotha	type	Person
Francis_I_Duke_of_Lorraine	type	Person
Louis_IV_Landgrave_of_Hesse_Marburg	type	Person
William_Duke_of_J_lich_Cleves_Berg	type	Person
Agnes_of_Beaujeu	type	Person
Carloman_of_Bavaria	type	Person
Arnulf_II_Count_of_Flanders	type	Person
Izyaslav_of_Polotsk	type	Person
Philip_Duke_of_Parma	type	Person
Pope_Clement_VII	type	Person
Louis_VII_of_France	type	Person
Lambert_I_Count_of_Louvain	type	Person
Gerberga_of_Lower_Lorraine	type	Person
Matilda_of_France	type	Person
Gerberga_of_Burgundy	type	Person
Robert_I_Count_of_Flanders	type	Person
Eleanor_of_Toledo	type	Person
Philip_of_Artois	type	Person
Stephen_King_of_England	type	Person
Edwin_son_of_Edward_the_Elder	type	Person
Louise_Henriette_de_Bourbon	type	Person
Berchar	type	Person
Charles_d_Orl_ans_Duke_of_Penthi_vre	type	Person
Mar_a_de_Molina	type	Person
Charles_d_vreux	type	Person
Margaret_Tudor	type	Person
Luisa_of_Naples_and_Sicily	type	Person
Maria_Dobroniega_of_Kiev	type	Person
William_V_Duke_of_Bavaria	type	Person
Albert_Casimir_Duke_of_Teschen	type	Person
Jasper_Tudor	type	Person
Elisabeth_of_Meissen	type	Person
Margaret_of_Hohenzoller_Nuremberg	type	Person
Odo_II_Count_of_Blois	type	Person
Henry_I_of_England	type	Person
John_I_of_Aragon	type	Person
_thelbald_King_of_Wessex	type	Person
Archduchess_Marie_Anne_of_Austria	type	Person
Louis_VI_of_France	type	Person
Peter_I_Duke_of_Brittany	type	Person
Henry_3rd_Earl_of_Lancaster	type	Person
Heinrich_of_Saxe_Weissenfels_Count_of_Barby	type	Person
Matilda_of_Boulogne_Duchess_of_Brabant	type	Person
Beatrice_of_Brandenburg	type	Person
Bertrada_of_Laon	type	Person
Frederick_III_Duke_of_Austria	type	Person
Philip_the_Good	type	Person
Michelle_of_Valois	type	Person
Henry_the_Middle_Duke_of_Brunswic_L_neburg	type	Person
Henry_IX_Duke_of_Bavaria	type	Person
Wulfhilde_of_Saxony	type	Person
Louis_Charles_Count_of_Beaujolais	type	Person
Diogo_Duke_of_Viseu	type	Person
Afonso_IV_of_Portugal	type	Person
John_I_Duke_of_Lorraine	type	Person
Maria_Kunigunde_of_Saxony	type	Person
Girolamo_Savonarola	type	Person
Poppa_of_Bayeux	type	Person
Theobald_II_Duke_of_Lorraine	type	Person
Beatrice_of_Nuremberg	type	Person
Robert_of_Courtenay_Lord_of_Champignelles	type	Person
Ernest_II_Duke_of_Brunswic_L_neburg	type	Person
Eleanor_of_Navarre	type	Person
Philip_Duke_of_Nemours	type	Person
Ercole_III_d_Este_Duke_of_Modena	type	Person
Agnes_of_Merania	type	Person
Berthold_Duke_of_Merania	type	Person
John_IV_Duke_of_Brittany	type	Person
Joan_of_France_Duchess_of_Berry	type	Person
John_Duke_of_Touraine	type	Person
Charlotte_de_Br_z_	type	Person
Henry_V_Holy_Roman_Emperor	type	Person
Henry_VII_of_England	type	Person
Richard_III_of_England	type	Person
Mar_a_Isabella_of_Spain	type	Person
Eleanor_of_England_Countess_of_Bar	type	Person
Ingelger	type	Person
Frederick_II_Duke_of_Brunswic_L_neburg	type	Person
Charles_II_Archduke_of_Austria	type	Person
Welf_I_Duke_of_Bavaria	type	Person
Philip_the_Bold	type	Person
Prince_Philippe_Duke_of_Orl_ans_1869_1926	type	Person
Maria_Henrietta_of_Naples_and_Sicily	type	Person
Charles_of_Austria_Bishop_of_Wroclaw	type	Person
Napoleon_II	type	Person
Giovanni_de_Medici_cardinal	type	Person
Hugh_Count_of_Burgundy	type	Person
Infante_Antonio_Pascual_of_Spain	type	Person
William_of_Winchester_Lord_of_Lunenburg	type	Person
Eleanor_of_Aragon_Queen_of_Castile	type	Person
Archduke_Rudolf_of_Austria	type	Person
Duke_George_Augustus_of_Mecklenburg	type	Person
Edward_III_Duke_of_Bar	type	Person
Boso_II_of_Italy	type	Person
Jeanne_de_Bourbon_Duchess_of_Bourbon	type	Person
Princess_Sophia_of_the_United_Kingdom	type	Person
Catherine_of_Valois	type	Person
Edmund_Tudor_1st_Earl_of_Richmond	type	Person
Margaret_of_the_Palatinate	type	Person
Isabella_Countess_of_Gloucester	type	Person
Maria_of_Portugal_Marchioness_of_Tortosa	type	Person
Lorenzo_the_Elder	type	Person
Piccarda_Bueri	type	Person
Margaret_of_Brieg	type	Person
Katherine_of_Bavaria	type	Person
Childeric_III	type	Person
Sibylla_of_Anjou	type	Person
Sophia_of_Saxe_Weissenfels_Princess_of_Anhalt_Zerbst	type	Person
Princess_Louise_of_Hesse_Darmstadt_1757_1830	type	Person
Louis_IX_Landgrave_of_Hesse_Darmstadt	type	Person
Eleonore_of_Austria_Queen_of_Poland	type	Person
Joanna_of_Pfirt	type	Person
James_V_of_Scotland	type	Person
Maria_Anna_Victoria_of_Bavaria	type	Person
John_of_Castile_Lord_of_Valencia_de_Campos	type	Person
Urraca_of_Castile_Queen_of_Portugal	type	Person
Mahaut_Countess_of_Artois	type	Person
Archduke_Karl_Ambrosius_of_Austria_Este	type	Person
Francis_II_Duke_of_Lorraine	type	Person
Christina_of_Salm	type	Person
Anne_of_Cyprus	type	Person
Louis_Duke_of_Savoy	type	Person
Joan_of_France_Duchess_of_Brittany	type	Person
Blanche_of_France_Duchess_of_Austria	type	Person
Alfonso_XI_of_Castile	type	Person
Margaret_Douglas	type	Person
Madame_Ad_la_de	type	Person
John_II_Duke_of_Bavaria	type	Person
Alexander_Stewart_Duke_of_Albany	type	Person
John_Woodville	type	Person
Marie_Elisabeth_of_France	type	Person
Margaret_Holland_Duchess_of_Clarence	type	Person
Eleanor_of_England_Countess_of_Leicester	type	Person
Mary_Woodville	type	Person
Nuno__lvares_Pereira	type	Person
Catherine_of_Portugal_nun	type	Person
Luise_Marie_of_the_Palatinate	type	Person
Henry_Brandon_1st_Earl_of_Lincoln	type	Person
Adolphus_Frederick_II_Duke_of_Mecklenburg_Strelitz	type	Person
Frederick_William_Duke_of_Mecklenburg_Schwerin	type	Person
Marguerite_of_Lorraine	type	Person
Bonne_of_Luxembourg	type	Person
_thelstan	type	Person
Anne_of_Foix_Candale	type	Person
Gaston_de_Foix_Count_of_Candale	type	Person
Princess_Elizabeth_of_the_United_Kingdom	type	Person
Marie_of_Blois_Duchess_of_Anjou	type	Person
Ingerman_Count_of_Hesbaye	type	Person
Archduchess_Maria_Maddalena_of_Austria	type	Person
Antoine_Count_of_Vaud_mont	type	Person
Fran_oise_Marie_de_Bourbon	type	Person
John_of_Foix_Viscount_of_Narbonne	type	Person
Antoine_Philippe_Duke_of_Montpensier	type	Person
Maria_Luisa_of_Parma	type	Person
George_I_Landgrave_of_Hesse_Darmstadt	type	Person
Louis_Hereditary_Prince_of_Lorraine	type	Person
Fredericka_of_Saxe_Gotha_Altenburg	type	Person
Maria_Theresa_of_Savoy	type	Person
Margaret_of_France_Queen_of_England_and_Hungary	type	Person
Baldwin_III_of_Jerusalem	type	Person
Isabella_of_Valois	type	Person
Elizabeth_of_Bohemia_1292_1330	type	Person
Henry_VI_Count_of_Luxembourg	type	Person
Henry_V_Count_of_Luxembourg	type	Person
Matilda_of_Bavaria_Margravine_of_Meissen	type	Person
Frederick_II_Margrave_of_Meissen	type	Person
Mary_I_of_England	type	Person
Philip_II_of_Spain	type	Person
John_II_Duke_of_Brittany	type	Person
Rudolf_II_Duke_of_Austria	type	Person
Werner_II_Count_of_Habsburg	type	Person
Wulfoald	type	Person
Charles_IV_Duke_of_Alen_on	type	Person
Arthur_Prince_of_Wales	type	Person
Elias_I_Count_of_Maine	type	Person
Duke_of_Schleswig	type	Person
John_Count_Palatine_of_Neumarkt	type	Person
Cardinal_Infante_Ferdinand_of_Austria	type	Person
Thomas_of_Lancaster_Duke_of_Clarence	type	Person
Prince_John_August_of_Saxe_Gotha_Altenburg	type	Person
Bertha_of_Holland	type	Person
Margaret_of_Burgundy_Queen_of_France	type	Person
Valdemar_I_of_Denmark	type	Person
Ingegerd_Olofsdotter_of_Sweden	type	Person
Bonne_of_Armagnac	type	Person
Napol_on_Louis_Bonaparte	type	Person
Richard_Woodville_3rd_Earl_Rivers	type	Person
Marie_of_Luxembourg_Countess_of_Vend_me	type	Person
Welf_I	type	Person
Dangereuse_de_l_Isle_Bouchard	type	Person
Alfonso_de_Castilla_y_Molina	type	Person
Philippa_of_Bar	type	Person
Louise_of_France_1737_1787	type	Person
Princess_Mary_Duchess_of_Gloucester_and_Edinburgh	type	Person
Archduke_Charles_Duke_of_Teschen	type	Person
Charles_Duke_of_Berry_1686_1714	type	Person
Lady_Margaret_Beaufort	type	Person
Marie_Z_phyrine_of_France	type	Person
Napoleon	type	Person
Princess_Maria_Antonia_of_Naples_and_Sicily	type	Person
Arnulf_Count_of_Holland	type	Person
Balthasar_Charles_Prince_of_Asturias	type	Person
Robert_I_Count_of_Dreux	type	Person
Dirk_I_Count_of_Holland	type	Person
Eleanor_of_Woodstock	type	Person
Brun_I_Count_of_Brunswick	type	Person
Adelaide_of_Italy	type	Person
Margaret_of_Bourbon_Queen_of_Navarre	type	Person
Gisela_of_France_Countess_of_Ponthieu	type	Person
Isabella_de_Beauchamp	type	Person
Princess_Magdalena_Augusta_of_Anhalt_Zerbst	type	Person
James_Stewart_the_Black_Knight_of_Lorn	type	Person
Beatrice_of_Bavaria	type	Person
Elizabeth_Mure	type	Person
Ferdinand_II_Archduke_of_Austria	type	Person
Guy_Count_of_Flanders	type	Person
Princess_Caroline_Elizabeth_of_Great_Britain	type	Person
Gertrude_of_Saxony	type	Person
John_I_Duke_of_Brittany	type	Person
Lothair_of_France	type	Person
Marie_of_France_Duchess_of_Bar	type	Person
Adelaide_of_Aquitaine	type	Person
Gerloc	type	Person
John_II_Duke_of_Bourbon	type	Person
Louis_V_Duke_of_Bavaria	type	Person
Beatrice_Countess_of_Arundel	type	Person
Countess_Palatine_Hedwig_Elisabeth_of_Neuburg	type	Person
Fran_ois_de_Lorraine	type	Person
Humphrey_de_Bohun_7th_Earl_of_Hereford	type	Person
Lanzelin_Count_of_Habsburg	type	Person
_thelstan_of_Kent	type	Person
Otto_I_Holy_Roman_Emperor	type	Person
Alice_of_Vergy	type	Person
Princess_Maria_Carolina_of_Bourbo_Two_Sicilies_1820_1861	type	Person
Albert_II_Duke_of_Austria	type	Person
Ferdinand_III_Grand_Duke_of_Tuscany	type	Person
Eleanor_of_Prussia	type	Person
Vsevolod_I_of_Kiev	type	Person
Margaret_Marchioness_of_Namur	type	Person
Charles_II_of_Naples	type	Person
Margaret_Countess_of_Anjou	type	Person
Thomas_Francis_Prince_of_Carignano	type	Person
Maria_Leopoldina_of_Austria	type	Person
Ramon_Berenguer_II_Count_of_Barcelona	type	Person
Begga	type	Person
Margaret_of_Nevers	type	Person
Wenceslaus_II_of_Bohemia	type	Person
Prince_Henry_Duke_of_Cumberland_and_Strathearn	type	Person
Philippe_Duke_of_Anjou	type	Person
Gisela_of_France	type	Person
Charles_VII_Holy_Roman_Emperor	type	Person
Charles_Felix_of_Sardinia	type	Person
Edmund_Tudor_Duke_of_Somerset	type	Person
Archduchess_Maria_Johanna_Gabriela_of_Austria	type	Person
Louis_VI_Landgrave_of_Hesse_Darmstadt	type	Person
Stephen_II_of_Auxonne	type	Person
Joanna_of_Castile	type	Person
Ernest_I_Duke_of_Brunswic_L_neburg	type	Person
Albert_Azzo_I_Margrave_of_Milan	type	Person
John_I_of_France	type	Person
Eilika_of_Schweinfurt	type	Person
George_II_of_Great_Britain	type	Person
Charles_Emmanuel_IV_of_Sardinia	type	Person
Marie_of_France_Countess_of_Champagne	type	Person
James_Stewart_1st_Earl_of_Moray	type	Person
Anund_Jacob	type	Person
Robert_Stewart_Duke_of_Albany	type	Person
Isabel_of_Coimbra	type	Person
Hemma	type	Person
Judith_of_Bavaria_died_843	type	Person
Louis_Prince_of_Cond__1530_1569	type	Person
Adelaide_Blanche_of_Anjou	type	Person
Fulk_II_Count_of_Anjou	type	Person
Eleanor_of_Portugal_Queen_of_Denmark	type	Person
Joan_of_Valois_Countess_of_Beaumont	type	Person
Enno_III_Count_of_East_Frisia	type	Person
Louis_Joseph_Dauphin_of_France	type	Person
William_IV	type	Person
Prince_Francis_Count_of_Trapani	type	Person
Henry_son_of_Edward_I	type	Person
Archduchess_Maria_Amalia_of_Austria_1780_1798	type	Person
Maria_Christina_Princess_of_Transylvania	type	Person
Frederick_II_Holy_Roman_Emperor	type	Person
Baldwin_II_Latin_Emperor	type	Person
John_IV_of_Portugal	type	Person
Louis_I_Grand_Duke_of_Hesse	type	Person
Cumans	type	Person
Infanta_Luisa_Fernanda_Duchess_of_Montpensier	type	Person
Princess_Mar_a_Cristina_of_Orl_ans	type	Person
Ferdinand_II_Holy_Roman_Emperor	type	Person
Eberhard_II_Count_of_W_rttemberg	type	Person
Ren_e_of_Bourbon	type	Person
Matilda_of_England_Duchess_of_Saxony	type	Person
Marie_Louise_Duchess_of_Parma	type	Person
Garsenda_Countess_of_Forcalquier	type	Person
Melisende_Queen_of_Jerusalem	type	Person
Charles_I_of_Anjou	type	Person
Archduke_Wenceslaus_of_Austria	type	Person
Beatrice_of_Navarre_Duchess_of_Burgundy	type	Person
Theresa_of_Portugal_Queen_of_Le_n	type	Person
Arthur_III_Duke_of_Brittany	type	Person
Sancho_IV_of_Castile	type	Person
Violant_of_Aragon	type	Person
Isabella_of_Angoul_me	type	Person
Conrad_I_of_Germany	type	Person
Margaret_of_Baux	type	Person
Claude_Duke_of_Guise	type	Person
Amadeus_IX_Duke_of_Savoy	type	Person
Sancha_of_Portugal_born_1264	type	Person
Ecgberht_King_of_Wessex	type	Person
Henry_II_Count_of_Louvain	type	Person
Caroline_Matilda_of_Great_Britain	type	Person
Elizabeth_Tudor_1492_1495	type	Person
Ealhmund_of_Kent	type	Person
Marie__milie_de_Joly_de_Choin	type	Person
Wilfred_the_Hairy	type	Person
Sunifred_Count_of_Barcelona	type	Person
John_I_Duke_of_Brabant	type	Person
Carlo_Buonaparte	type	Person
Yolande_of_Dreux_Queen_of_Scotland	type	Person
Princess_Maria_Antonia_of_the_Two_Sicilies	type	Person
Charles_of_Valois_Duke_of_Berry	type	Person
Henri_Jules_Prince_of_Cond_	type	Person
Catherine_of_Anhalt_Bernburg	type	Person
Archduchess_Maria_Josepha_of_Austria	type	Person
Philibert_II_Duke_of_Savoy	type	Person
Henry_II_of_Navarre	type	Person
Louis_Duke_of_Burgundy_1751_1761	type	Person
Sibylla_of_Burgundy_Duchess_of_Burgundy	type	Person
Egbert_archbishop_of_Trier	type	Person
Almodis_de_la_Marche	type	Person
William_I_of_Geneva	type	Person
Louise__lisabeth_d_Orl_ans	type	Person
Janus_of_Cyprus	type	Person
John_of_Bohemia	type	Person
Nicolaus_of_Luxemburg	type	Person
Blanche_of_Bourbon	type	Person
Henry_of_Bohemia	type	Person
_thelweard_son_of_Alfred	type	Person
George_Louis_I_Count_of_Erbach_Erbach	type	Person
Matilda_of_Flanders	type	Person
Nicolas_Henri_Duke_of_Orl_ans	type	Person
Helie_of_Burgundy	type	Person
Olof_Sk_tkonung	type	Person
Baldwin_IV_Count_of_Flanders	type	Person
Oleg_of_Novgorod	type	Person
Rurik	type	Person
Catherine_of_Cleves_1417_1479	type	Person
Lambert_II_Count_of_Louvain	type	Person
Maria_of_Austria_Holy_Roman_Empress	type	Person
Albert_VII_Archduke_of_Austria	type	Person
Giovanni_delle_Bande_Nere	type	Person
Gerberga_of_M_con	type	Person
Louis_II_of_Italy	type	Person
Princess_Caroline_Louise_of_Saxe_Weimar_Eisenach	type	Person
Boso_the_Elder	type	Person
Maria_Anna_of_Naples_and_Sicily	type	Person
Anna_de_Medici	type	Person
Beatrice_of_Savoy	type	Person
Margaret_of_Geneva	type	Person
Igor_Yaroslavich	type	Person
Theobald_II_of_Navarre	type	Person
Pedro_Fern_ndez_de_Castro	type	Person
Alice_of_Normandy	type	Person
Beatrice_of_Portugal	type	Person
Berthold_II_Count_of_Andechs	type	Person
Prince_Gennaro_of_Naples_and_Sicily	type	Person
Peter_of_Aragon_Count_of_Alburquerque	type	Person
Lothair_I	type	Person
Lucia_Migliaccio	type	Person
Louis_I_of_Spain	type	Person
Prince_Robert_Duke_of_Chartres	type	Person
Elizabeth_Stuart_daughter_of_Charles_I	type	Person
Thomas_Arundel	type	Person
Dobroniega_Ludgarda_of_Poland	type	Person
Infante_Carlos_of_Spain_1607_1632	type	Person
Maria_Elisabetta_Carlotta_of_Savoy	type	Person
Charles_III_Duke_of_Lorraine	type	Person
Aimery_I_Viscount_of_Ch_tellerault	type	Person
Richard_Duke_of_Burgundy	type	Person
Guisla_de_Llu__	type	Person
Constance_of_Portugal	type	Person
Louis_I_Duke_of_Bavaria	type	Person
Blanche_of_France_nun	type	Person
Theobald_II_Count_of_Champagne	type	Person
Dorothea_of_Lorraine	type	Person
Richard_Fitzalan_4th_Earl_of_Arundel	type	Person
Countess_Caroline_of_Nassau_Saarbr_cken	type	Person
Archduke_Alexander_Leopold_of_Austria	type	Person
Margaret_of_Saxony_Duchess_of_Brunswic_L_neburg	type	Person
Isabella_I_of_Castile	type	Person
Gian_Gastone_de_Medici_Grand_Duke_of_Tuscany	type	Person
Tello_Alfonso	type	Person
John_Hereditary_Prince_of_Saxony	type	Person
Sudislav	type	Person
Ermengarde_of_Tuscany	type	Person
Gertrude_of_Dagsburg	type	Person
Peter_of_Castile	type	Person
Annabella_of_Scotland	type	Person
Charles_II_Duke_of_Bourbon	type	Person
Joan_Lady_of_Wales	type	Person
Ermengarde_of_Anjou_Duchess_of_Burgundy	type	Person
Afonso_I_Duke_of_Braganza	type	Person
Archduke_Rainer_Joseph_of_Austria	type	Person
Louis_Jean_Marie_de_Bourbon_Duke_of_Penthi_vre	type	Person
Lu_s_of_Portugal_Duke_of_Beja	type	Person
Ferdinand_IV_of_Castile	type	Person
Isabella_of_France_Queen_of_Navarre	type	Person
Beatrice_of_Bourbon_Queen_of_Bohemia	type	Person
Frederick_III_Duke_of_Lorraine	type	Person
Charles_de_Valois_Duke_of_Angoul_me	type	Person
Eadburh_of_Winchester	type	Person
Charles_IV_Holy_Roman_Emperor	type	Person
Elizabeth_of_Rhuddlan	type	Person
Margaret_of_Savoy_Vicereine_of_Portugal	type	Person
Ermengarde_of_Auvergne	type	Person
Oberto_I	type	Person
Maria_Teresa_Rafaela_of_Spain	type	Person
Sviatoslav_II_of_Kiev	type	Person
Charles_V_Holy_Roman_Emperor	type	Person
Berengaria_of_Castile_Lady_of_Guadalajara	type	Person
Victoire_of_France_1733_1799	type	Person
Alfonsina_Orsini	type	Person
Margaret_II_Countess_of_Flanders	type	Person
Welf_father_of_Judith	type	Person
Duchess_Charlotte_Felicitas_of_Brunswic_L_neburg	type	Person
Prince_Bernhard_of_Saxe_Weimar_Eisenach_1792_1862	type	Person
Louis_C_sar_Count_of_Vexin	type	Person
John_II_of_Castile	type	Person
Isabella_of_Portugal_Queen_of_Castile	type	Person
Maria_Anna_Sophia_of_Saxony	type	Person
Alderano_I_Cybo_Malaspina	type	Person
John_II_of_Cyprus	type	Person
Eleanor_of_Scotland	type	Person
Adelaide_of_Burgundy_born_c._896	type	Person
Princess_Maria_Felicita_of_Savoy	type	Person
Philip_Count_of_Vertus	type	Person
Constance_of_Castile	type	Person
Princess_Amelia_of_the_United_Kingdom	type	Person
Francesco_Farnese_Duke_of_Parma	type	Person
Wenceslaus_III_of_Bohemia	type	Person
Charles_Martel_of_Anjou	type	Person
Guillaume_de_Montfort_of_Hainaut	type	Person
Eleanor_of_Brittany_abbess	type	Person
Adolf_Duke_of_Holstei_Gottorp	type	Person
Constant_d_Aubign_	type	Person
Joan_of_Navarre_Queen_of_England	type	Person
Guy_IV_Count_of_Saint_Pol	type	Person
John_of_Bar	type	Person
Alfonso_VIII_of_Castile	type	Person
Archduchess_Maria_Dorothea_of_Austria	type	Person
Jacques_de_Foix_Count_of_Montfort	type	Person
Adalbert_Duke_of_Lorraine	type	Person
Charlotte_Agla__d_Orl_ans	type	Person
Isabelle_de_Beauvau	type	Person
Ralph_IV_of_Valois	type	Person
Ren__Marquis_of_Elbeuf	type	Person
Hugh_II_Duke_of_Burgundy	type	Person
William_Longesp_e_3rd_Earl_of_Salisbury	type	Person
Peter_II_of_Courtenay	type	Person
Albert_III_Duke_of_Austria	type	Person
Eleonore_Magdalene_of_Neuburg	type	Person
Claudine_de_Brosse	type	Person
Borrell_II_Count_of_Barcelona	type	Person
Viridis_Visconti	type	Person
Irmgard_of_Chiemsee	type	Person
Blanche_of_France_Duchess_of_Orl_ans	type	Person
Blanche_of_Artois	type	Person
Margaret_of_Savoy_Countess_of_Saint_Pol	type	Person
Charles_V_Duke_of_Lorraine	type	Person
Alix_Duchess_of_Brittany	type	Person
Anne_Christine_of_Sulzbach_Princess_of_Piedmont	type	Person
Anna_of_Hungary_Byzantine_empress	type	Person
Oleg_of_Drelinia	type	Person
Iziaslav_I_of_Kiev	type	Person
Maria_of_Portugal_Duchess_of_Viseu	type	Person
Joan_of_France_1351_1371	type	Person
Joan_of_Geneva	type	Person
Princess_Cl_mentine_of_Orl_ans	type	Person
Bathilde_d_Orl_ans	type	Person
Agnes_of_Loon	type	Person
Berengar_II_of_Neustria	type	Person
Fulk_III_Count_of_Anjou	type	Person
Juana_Manuel	type	Person
Philip_II_Marquis_of_Namur	type	Person
Archduchess_Maria_Elisabeth_of_Austria_born_1737	type	Person
Charles_II_Duke_of_Lorraine	type	Person
Petronilla_of_Aragon	type	Person
Louise_of_Great_Britain	type	Person
Archduke_Maximilian_Francis_of_Austria	type	Person
Engeltrude_de_F_zensac	type	Person
Henry_of_France_Archbishop_of_Reims	type	Person
Barbara_Jagiellon	type	Person
Magdalena_of_Saxony	type	Person
Margaret_of_Joinville	type	Person
Frederick_I_Count_of_Vaud_mont	type	Person
Anastasia_of_Kiev	type	Person
Rupert_King_of_the_Romans	type	Person
Peter_II_of_Aragon	type	Person
Auda_of_France	type	Person
Maximiliana_Maria_of_Bavaria	type	Person
Sigismund_Holy_Roman_Emperor	type	Person
Piero_the_Unfortunate	type	Person
Clarice_Orsini	type	Person
John_Stewart_of_Darnley	type	Person
Bona_of_Savoy	type	Person
Anne_of_Austria_Landgravine_of_Thuringia	type	Person
Marie_Anne_de_Bourbon	type	Person
Adalbert_of_Italy	type	Person
Eleanor_de_Guzm_n	type	Person
Paul_Scarron	type	Person
Duchess_Helene_of_Mecklenburg_Schwerin	type	Person
Eleanor_of_Normandy	type	Person
Joanna_of_Hainaut	type	Person
Henry_Beaumont_3rd_Baron_Beaumont	type	Person
Ferdinand_Philippe_Duke_of_Orl_ans	type	Person
Philip_of_France_1116_1131	type	Person
Joanna_of_Austria_Princess_of_Portugal	type	Person
Margaret_of_Bohemia_Duchess_of_Bavaria	type	Person
Bouchard_IV_of_Avesnes	type	Person
Ermesinde_of_Carcassonne	type	Person
Floris_I_Count_of_Holland	type	Person
Matilda_of_Brabant_Countess_of_Artois	type	Person
Christian_III_Count_Palatine_of_Zweibr_cken	type	Person
Peter_II_Duke_of_Bourbon	type	Person
Francis_II_Duke_of_Brittany	type	Person
Richard_I_of_England	type	Person
Archduchess_Maria_Anna_of_Austria_governor	type	Person
George_Plantagenet_1st_Duke_of_Bedford	type	Person
Eleanor_of_Castile_died_1244	type	Person
Louis_Crato_Count_of_Nassau_Saarbr_cken	type	Person
Lorenzo_de_Medici	type	Person
Sophia_Jagiellon_Margravine_of_Brandenburg_Ansbach	type	Person
Philip_Prospero_Prince_of_Asturias	type	Person
Henry_Stuart_Lord_Darnley	type	Person
Charles_II_Duke_of_Savoy	type	Person
Philip_I_Count_of_Auvergne	type	Person
Joanna_of_Bourbon	type	Person
Louis_the_Younger	type	Person
Geoffrey_II_Count_of_G_tinais	type	Person
John_George_I_Elector_of_Saxony	type	Person
Henri_de_Dreux	type	Person
Barbara_of_Cilli	type	Person
Henry_VIII	type	Person
Joanna_of_Austria_Grand_Duchess_of_Tuscany	type	Person
Robert_II_Count_of_Artois	type	Person
Simon_Count_of_Ponthieu	type	Person
Theobald_the_Elder	type	Person
Louis_Philippe_I_Duke_of_Orl_ans	type	Person
Albert_II_Duke_of_Bavaria	type	Person
Louis_I_Cardinal_of_Guise	type	Person
Anne_Marie_Th_r_se_de_Lorraine	type	Person
Rudolf_II_Holy_Roman_Emperor	type	Person
Infante_Philip_Duke_of_Calabria	type	Person
John_Duke_of_Berry	type	Person
Maria_Antonia_Ferdinanda_of_Spain	type	Person
Henry_of_Castile_the_Senator	type	Person
Otto_V_Margrave_of_Brandenburg_Salzwedel	type	Person
Dedi_III_Margrave_of_Lusatia	type	Person
Christine_of_Hesse	type	Person
Hugh_de_Courtenay	type	Person
Victor_Emmanuel_I_of_Sardinia	type	Person
John_of_Gaunt	type	Person
Edward_of_Westminster_Prince_of_Wales	type	Person
Prince_Edward_Duke_of_Kent_and_Strathearn	type	Person
Fran_ois_d_Orl_ans_Prince_of_Joinville	type	Person
Marie_of_France_Duchess_of_Brabant	type	Person
Agnes_of_Rochlitz	type	Person
Louise_of_Lorraine	type	Person
Thankmar	type	Person
Adelaide_of_Paris	type	Person
Louise_Fran_oise_de_Bourbon_Duchess_of_Bourbon	type	Person
Francis_I_of_the_Two_Sicilies	type	Person
Sophia_Dorothea_of_Celle	type	Person
Louis_III_Elector_Palatine	type	Person
Agnes_of_Poland	type	Person
Lucienne_of_Rochefort	type	Person
George_Gordon_5th_Earl_of_Huntly	type	Person
John_Stewart_3rd_Lord_of_Aubigny	type	Person
Amadeus_VII_Count_of_Savoy	type	Person
Katherine_of_England	type	Person
Infante_Gabriel_of_Spain	type	Person
Constance_of_Burgundy	type	Person
Princess_Augusta_of_Great_Britain	type	Person
Otto_Duke_of_Austria	type	Person
Isabella_of_France_Dauphine_of_Viennois	type	Person
Princess_Catherine_Beatrice_of_Savoy	type	Person
Philip_William_Elector_Palatine	type	Person
Marie_Louise_d_Orl_ans	type	Person
Portrait_of_Bia_de_Medici	type	Person
Garzia_de_Medici	type	Person
Urraca_of_Le_n	type	Person
Polyxena_of_Hesse_Rotenburg	type	Person
Bonne_of_Berry	type	Person
Marie_of_Valois_Prioress_of_Poissy	type	Person
Beorhtric_of_Wessex	type	Person
Countess_Palatine_Caroline_of_Zweibr_cken	type	Person
Agatha_of_Lorraine	type	Person
Frederick_Hereditary_Prince_of_Saxony	type	Person
Maria_Amalia_Duchess_of_Parma	type	Person
Maria_Anna_of_Savoy_Duchess_of_Chablais	type	Person
Alonso_de_Arag_n	type	Person
Bernard_son_of_Charles_Martel	type	Person
Henry_II_of_Namur	type	Person
Maria_of_Portugal_Queen_of_Castile	type	Person
Rudolf_IV_Duke_of_Austria	type	Person
Guigues_VI_of_Viennois	type	Person
Stephen_III_of_Auxonne	type	Person
John_Tristan_Count_of_Valois	type	Person
Matilda_of_Carinthia	type	Person
Louise_de_Maisonblanche	type	Person
Andrew_Duke_of_Slavonia	type	Person
Louis_of_Anjou_Marquis_of_Pont___Mousson	type	Person
Alix_of_France	type	Person
Margaret_Stewart_born_c._1455	type	Person
Ernest_Frederick_I_Duke_of_Saxe_Hildburghausen	type	Person
Jacques_of_Savoy_Count_of_Romont	type	Person
Mary_Tudor_Queen_of_France	type	Person
Fran_oise_Madeleine_d_Orl_ans	type	Person
Odo_III_Duke_of_Burgundy	type	Person
Maria_Ludovika_of_Austria_Este	type	Person
Peter_I_Count_of_Alen_on	type	Person
Liutgard_of_Saxony_died_885	type	Person
Peter_I_Count_of_Urgell	type	Person
Anna_Sophia_of_Prussia	type	Person
Maria_Luisa_Gabriella_of_Savoy	type	Person
Eugene_Jean_Count_of_Soissons	type	Person
Adela_of_Champagne	type	Person
Sancha_heiress_of_Le_n	type	Person
James_of_Castile_Lord_of_Cameros	type	Person
Henry_son_of_Robert_I_of_Burgundy	type	Person
Isabella_II_of_Spain	type	Person
Ermengarde_Countess_of_Maine	type	Person
Constance_of_France_Princess_of_Antioch	type	Person
Sancha_Lady_of_Alenquer	type	Person
Clemens_Wenceslaus_of_Saxony	type	Person
Catherine_of_Lorraine_1573_1648	type	Person
Robert_III_Count_of_Dreux	type	Person
Edgar__theling	type	Person
Holy_Roman_Emperor	type	Person
Peter_I_Count_of_Saint_Pol	type	Person
Fulk_IV_Count_of_Anjou	type	Person
Geoffrey_III_Count_of_Anjou	type	Person
Sophia_of_Holstei_Gottorp	type	Person
Edward_IV_of_England	type	Person
Matilda_of_Savoy_Queen_of_Portugal	type	Person
Hugh_Count_of_Vermandois	type	Person
Blanca_of_Navarre_Queen_of_Castile	type	Person
John_Stewart_Earl_of_Mar_died_1503	type	Person
Anna_Gr_fin_D_nhoff	type	Person
Judith_of_Poland	type	Person
Philip_I_Count_of_Boulogne	type	Person
Teutberga	type	Person
Frederick_Louis_Hereditary_Grand_Duke_of_Mecklenburg_Schwerin	type	Person
Robert_II_Duke_of_Burgundy	type	Person
Amadeus_VIII_Duke_of_Savoy	type	Person
Louise_Ad_la_de_d_Orl_ans	type	Person
Elizabeth_of_Austria_1526_1545	type	Person
Bonne_of_Artois	type	Person
Frederick_IV_Duke_of_Brunswic_L_neburg	type	Person
Charles_Ren__de_Bombelles	type	Person
Bertha_Duchess_of_Lorraine	type	Person
Madame_de_Montesson	type	Person
Maria_de_Medici_1540_1557	type	Person
Remigius_of_Rouen	type	Person
Infanta_Maria_Josefa_of_Spain	type	Person
Sophia_of_Hanover	type	Person
Agust_n_Fernando_Mu_oz_y_S_nchez_1st_Duke_of_Ri_nsares	type	Person
James_I_Count_of_La_Marche	type	Person
John_V_Duke_of_Brittany	type	Person
Averardo_de_Medici	type	Person
Raymond_Berengar_of_Andria	type	Person
Alix_of_Brittany_Dame_de_Pontarcy	type	Person
Archduchess_Eleanor_of_Austria_1582_1620	type	Person
Jehan_de_Braine	type	Person
Matthias_Holy_Roman_Emperor	type	Person
Maria_Anna_of_Savoy	type	Person
Peter_II_Count_of_Saint_Pol	type	Person
John_FitzAlan_1st_Baron_Arundel	type	Person
Mieszko_III_the_Old	type	Person
Blanche_I_of_Navarre	type	Person
Eleanor_of_Portugal_Holy_Roman_Empress	type	Person
Beatrice_of_Avesnes	type	Person
Aelis	type	Person
Archduchess_Maria_Leopoldine_of_Austria_Este	type	Person
Leopold_III_Duke_of_Austria	type	Person
Prince_Vittorio_Amedeo_Teodoro_Duke_of_Aosta	type	Person
Hedwig_of_Formbach	type	Person
Anna_Jagiellon_Duchess_of_Pomerania	type	Person
Anne_of_Bohemia_1290_1313	type	Person
Fernando_Mar_a_Mu_oz_y_Borb_n_2nd_Duke_of_Taranc_n	type	Person
Letizia_Bonaparte	type	Person
Afonso_of_Portugal_Lord_of_Portalegre	type	Person
William_III_Duke_of_Aquitaine	type	Person
Charles_Ferdinand_Duke_of_Berry	type	Person
Theobald_III_Count_of_Blois	type	Person
Philippe_Charles_Duke_of_Anjou	type	Person
Guy_of_Ivrea	type	Person
Charles_the_Bold	type	Person
Catherine_I_Latin_Empress	type	Person
Louis_II_d_Orl_ans_Duke_of_Longueville	type	Person
Anne_Queen_of_Great_Britain	type	Person
Matthew_Count_of_Boulogne	type	Person
James_Stewart_Duke_of_Ross	type	Person
Peter_III_of_Aragon	type	Person
Cardinal_Infante_Afonso_of_Portugal	type	Person
Francis_Hyacinth_Duke_of_Savoy	type	Person
Berengar_I_of_Italy	type	Person
Henry_of_Bar	type	Person
Hedwig_of_Habsburg	type	Person
Engelbert_Duke_of_Carinthia	type	Person
1383_1385_Portuguese_interregnum	type	Person
Elizabeth_Woodville	type	Person
Archduchess_Maria_Theresa_of_Austria_Este_1817_1886	type	Person
Giuliano_de_Medici_Duke_of_Nemours	type	Person
Madeleine_of_Valois	type	Person
Francis_Duke_of_Guise	type	Person
Joan_of_France_Duchess_of_Bourbon	type	Person
Sigismund_I_the_Old	type	Person
Hieronymus_son_of_Charles_Martel	type	Person
Ealhswith	type	Person
Princess_Maria_Fortunata_d_Este	type	Person
Leopold_I_Duke_of_Austria	type	Person
Archduke_Maximilian_of_Austria_Este	type	Person
Agnes_of_France_Byzantine_Empress	type	Person
Johann_Wilhelm_Elector_Palatine	type	Person
Philippine__lisabeth_d_Orl_ans	type	Person
Elisabeth_of_Courtenay	type	Person
Anna_Sophia_II_Abbess_of_Quedlinburg	type	Person
Catherine_of_Lorraine_Margravine_of_Bade_Baden	type	Person
Archduke_Joseph_of_Austria_Palatine_of_Hungary	type	Person
Henry_Duke_of_Villena	type	Person
Elisabeth_of_Valois	type	Person
John_III_Count_of_Auvergne	type	Person
County_of_Trast_mara	type	Person
Sancho_Count_of_Provence	type	Person
John_of_Eltham_Earl_of_Cornwall	type	Person
Albert_Frederick_Duke_of_Prussia	type	Person
_lfweard_of_Wessex	type	Person
William_I_Count_of_Burgundy	type	Person
Maria_of_Portugal_nun	type	Person
Margaret_of_Flanders_Duchess_of_Brabant	type	Person
Denis_of_Portugal	type	Person
Magdalene_of_Brandenburg_1412_1454	type	Person
Charles_de_Lorraine_de_Vaud_mont	type	Person
Lionel_Woodville	type	Person
Princess_Margaret_Yolande_of_Savoy	type	Person
Dorothea_of_Brunswic_L_neburg	type	Person
Louis_of_Burgundy	type	Person
Duchess_Anna_of_Prussia	type	Person
Mary_Stewart_Countess_of_Arran	type	Person
Charles_Brandon_1st_Duke_of_Suffolk	type	Person
Dulce_of_Aragon	type	Person
Maria_of_Swabia	type	Person
Violant_of_Bar	type	Person
Joan_Holland_Duchess_of_Brittany	type	Person
Christina_of_Denmark	type	Person
Beatrice_of_Provence	type	Person
Baldwin_I_Margrave_of_Flanders	type	Person
Anne_of_Austria_Margravine_of_Brandenburg	type	Person
Richeza_of_Poland_Queen_of_Sweden	type	Person
Gertrude_of_Flanders_Countess_of_Savoy	type	Person
Robert_Stewart_1st_Earl_of_Orkney	type	Person
Frederick_Duke_of_Bavaria	type	Person
Marie_of_Brittany_Lady_of_La_Guerche	type	Person
Countess_of_Pembroke	type	Person
Augustus_the_Elder_Duke_of_Brunswic_L_neburg	type	Person
Joanna_Sophia_of_Bavaria	type	Person
Isabella_of_Castile_Queen_of_Aragon	type	Person
Agnes_of_the_Palatinate	type	Person
Maredudd_ap_Tudur	type	Person
Margaret_of_France_Duchess_of_Brabant	type	Person
Margaret_Countess_of_Vertus	type	Person
L_opold_Cl_ment_Hereditary_Prince_of_Lorraine	type	Person
Princess_Henriette_Adelaide_of_Savoy	type	Person
Berthold_I_of_Istria	type	Person
Beatrice_of_Castile_Marchioness_of_Montferrat	type	Person
Alexander_I_of_Scotland	type	Person
Louise_of_Orl_ans	type	Person
Emma_of_France	type	Person
Henry_Beaufort	type	Person
Princess_Matilde_d_Este	type	Person
Peter_of_Courtenay_Lord_of_Conches	type	Person
Leopold_Prince_of_Salerno	type	Person
Marie_of_Savoy_Countess_of_Saint_Pol	type	Person
Isabelle_of_France_saint	type	Person
Auguste_of_Bade_Baden	type	Person
Alexander_Stewart_Duke_of_Rothesay	type	Person
Odo_I_Count_of_Orl_ans	type	Person
Teresa_Fern_ndez_de_Traba	type	Person
Isabella_of_Savoy	type	Person
Louis_Count_of_Vermandois	type	Person
Gersende_of_Maine	type	Person
Richard_Fitzalan_3rd_Earl_of_Arundel	type	Person
Count_of_Boulogne	type	Person
Margaret_of_Austria_Duchess_of_Savoy	type	Person
Casimir_II_the_Just	type	Person
Elias_II_Count_of_Maine	type	Person
Maria_Teresa_of_Savoy_1803_1879	type	Person
Walter_archbishop_of_Sens	type	Person
Rotrude_of_Hesbaye	type	Person
Matilda_of_B_thune	type	Person
Philip_Count_of_Longueville	type	Person
Tribal_chief	type	Person
Louis_I_Duke_of_Bar	type	Person
Louise__lisabeth_of_France	type	Person
Alexandre_de_Beauharnais	type	Person
August_of_Saxe_Weissenfels_1650_1674	type	Person
Louis_Alexandre_Prince_of_Lamballe	type	Person
Ren_e_of_France	type	Person
Euphemia_de_Ross	type	Person
Ragenfrid	type	Person
Richilde_Countess_of_Hainaut	type	Person
Albert_II_Duke_of_Saxony	type	Person
Pauline_Bonaparte	type	Person
Anna_Porphyrogenita	type	Person
Desiderius	type	Person
George_Duke_of_Saxony	type	Person
Fernando_S_nchez_2nd_Count_of_Alburquerque	type	Person
Alexander_Sigismund_von_der_Pfalz_Neuburg	type	Person
Eleanor_of_Alburquerque	type	Person
Blanche_II_of_Navarre	type	Person
Princess_Isabella_of_Parma	type	Person
Gerard_Duke_of_Lorraine	type	Person
Bernard_of_Gothia	type	Person
Ladislaus_IV_of_Hungary	type	Person
Ferdinand_of_Bavaria_soldier	type	Person
Catherine_Henriette_de_Bourbon	type	Person
Giovanni_di_Bicci_de_Medici	type	Person
James_Duke_of_Rothesay_born_1540	type	Person
Emanuele_Filiberto_Duke_of_Aosta_1731_1735	type	Person
Louis_of_Valois	type	Person
Leuthard_I_of_Paris	type	Person
James_II_of_Majorca	type	Person
Frederick_of_Castile	type	Person
Albert_I_Duke_of_Bavaria	type	Person
Sophie_of_France_1776_1783	type	Person
Johann_Adolf_of_Saxe_Gotha_Altenburg	type	Person
Archduchess_Maria_Anna_of_Austria_born_1738	type	Person
Adam_Gordon_of_Auchindoun	type	Person
Albert_IV_Count_of_Habsburg	type	Person
Bernab__Visconti	type	Person
Edward_Woodville_Lord_Scales	type	Person
Jean_de_Montagu	type	Person
Hugh_of_Tours	type	Person
House_of_Wittelsbach	type	Person
Muzio_Attendolo_Sforza	type	Person
Adolph_of_Cleves_Lord_of_Ravenstein	type	Person
John_I_Count_of_Aumale	type	Person
Frederick_Christian_Elector_of_Saxony	type	Person
Maria_Vittoria_of_Savoy	type	Person
Alexander_Jagiellon	type	Person
Alexander_Stewart_of_Darnley_died_1404	type	Person
Charles_Count_of_Maine	type	Person
Ebalus_Duke_of_Aquitaine	type	Person
Otto_I_Count_Palatine_of_Mosbach	type	Person
Isabella_of_Scotland_Duchess_of_Brittany	type	Person
Urraca_of_Castile_Queen_of_Navarre	type	Person
Estrid_of_the_Obotrites	type	Person
Isabella_Clara_Eugenia	type	Person
French_Revolution_of_1848	type	Person
Constance_of_Aragon	type	Person
Charles_IV_of_Spain	type	Person
Charlotte_of_France	type	Person
Agnes_of_Hesse	type	Person
Otto_II_Count_of_Chiny	type	Person
Maria_Christina_of_the_Two_Sicilies	type	Person
Marie_Louise_of_France_1728_1733	type	Person
Thomas_Count_of_Savoy	type	Person
Edith_of_Polesworth	type	Person
Catherine_of_Mayenne	type	Person
Louis_Alexandre_Count_of_Toulouse	type	Person
Archbishop_of_Cologne	type	Person
Ermengarde_of_Anjou_d._1146	type	Person
Geoffrey_IV_Count_of_Anjou	type	Person
Anna_Canalis_di_Cumiana	type	Person
Isabella_of_Portugal_Duchess_of_Burgundy	type	Person
Archduke_John_of_Austria	type	Person
Burkhard_V_Count_of_Hohenberg	type	Person
Albrecht_of_Saxe_Weissenfels	type	Person
Catherine_of_Lancaster	type	Person
Beatrice_of_Burgundy_Lady_of_Bourbon	type	Person
Caterina_Sforza	type	Person
Philip_of_Castile_Lord_of_Cabrera_and_Ribera	type	Person
Isabella_of_Bourbon	type	Person
Sverker_I_of_Sweden	type	Person
Beatrice_of_Castile_1242_1303	type	Person
Princess_Maria_Amalia_of_the_Two_Sicilies_1818_1857	type	Person
Princess_H_l_ne_of_Orl_ans	type	Person
Leonor_de_Alvim	type	Person
Charles_de_Morny_Duke_of_Morny	type	Person
William_IV_Landgrave_of_Hesse_Kassel	type	Person
Edmund_Crouchback	type	Person
Anne_Henriette_of_Bavaria	type	Person
Archduchess_Maria_Carolina_of_Austria_born_1740	type	Person
Baldred_of_Kent	type	Person
Yolande_of_Valois	type	Person
Golden_Ambrosian_Republic	type	Person
Edmund_I	type	Person
Adolphus_Frederick_III_Duke_of_Mecklenburg_Strelitz	type	Person
Hermes_Maria_Sforza	type	Person
Adam_FitzRoy	type	Person
Archduke_Maximilian_Ernest_of_Austria	type	Person
Anne_of_Burgundy	type	Person
Magnus_the_Strong	type	Person
Bonne_of_Bourbon	type	Person
Mar_a_de_Salinas	type	Person
Philip_I_Duke_of_Burgundy	type	Person
William_II_Count_of_Hainaut	type	Person
Robert_I_Latin_Emperor	type	Person
Vladimir_of_Novgorod	type	Person
Hamelin_de_Warenne_Earl_of_Surrey	type	Person
James_Gordon_Jesuit	type	Person
Ogive_of_Luxembourg	type	Person
John_of_Burgundy_1231_68	type	Person
Isambart	type	Person
Richard_of_Cornwall	type	Person
Ferdinand_I_of_Austria	type	Person
Augustus_Duke_of_Saxe_Weissenfels	type	Person
Tudur_ap_Goronwy	type	Person
Philip_William_August_Count_Palatine_of_Neuburg	type	Person
Mariana_of_Austria	type	Person
Louis_Count_of_Vaud_mont	type	Person
Philip_I_Prince_of_Taranto	type	Person
Catherine_of_Aragon	type	Person
Ermentrude_daughter_of_Louis_the_Stammerer	type	Person
Alexander_Stewart_Earl_of_Buchan	type	Person
Hedwig_of_Bavaria	type	Person
Joseph_Bonaparte	type	Person
Mary_Princess_Royal_and_Princess_of_Orange	type	Person
Archduchess_Clementina_of_Austria	type	Person
Letgarda_de_Rouergue	type	Person
Margaret_of_Valois_Countess_of_Blois	type	Person
Archbishop_of_Canterbury	type	Person
Adolph_I_Duke_of_Cleves	type	Person
Maria_Salviati	type	Person
Louise__lisabeth_Duchess_of_Berry	type	Person
Henry_I_Duke_of_Burgundy	type	Person
Maria_Cristina_of_Naples_and_Sicily	type	Person
Childebrand_I	type	Person
William_Duke_of_Austria	type	Person
Fran_oise_d_Alen_on	type	Person
Joanna_of_Aragon_Queen_of_Naples	type	Person
Philip_of_France_Archdeacon_of_Paris	type	Person
William_II_Duke_of_Bavaria	type	Person
Catherine_of_York	type	Person
Archduke_Louis_of_Austria	type	Person
Sophia_Charlotte_of_Hanover	type	Person
Ferdinand_Count_of_Flanders	type	Person
John_Henry_Margrave_of_Moravia	type	Person
Henry_II_Duke_of_Austria	type	Person
Fulk_I_Count_of_Anjou	type	Person
Catherine_of_France_Countess_of_Charolais	type	Person
Odo_Count_of_Nevers	type	Person
Kunigunde_of_Altdorf	type	Person
Mastino_II_della_Scala	type	Person
Elisa_Bonaparte	type	Person
Christine_of_France	type	Person
Henry_IV_of_Castile	type	Person
Kingdom_of_Navarre	type	Person
Prince_Alberto_of_Naples_and_Sicily	type	Person
Elizabeth_of_Hungary_Queen_of_Serbia	type	Person
Eleanor_of_Castile_1307_1359	type	Person
Louis_II_of_Hungary	type	Person
Ferdinand_Prince_of_Asturias	type	Person
Charibert_of_Laon	type	Person
Bivin_of_Gorze	type	Person
Peter_II_Count_of_La_Marche	type	Person
Duchess_Christiane_of_Mecklenburg	type	Person
Theresa_of_Portugal_Countess_of_Flanders	type	Person
Carloman_son_of_Charles_the_Bald	type	Person
Ludovico_Sforza	type	Person
Rothilde	type	Person
Margaret_of_Valois	type	Person
Catherine_of_France_Countess_of_Montpensier	type	Person
Fernando_Lord_of_Serpa	type	Person
Jean_Marie_Duke_of_Ch_teauvillain	type	Person
Philippe_Charles_Duke_of_Valois	type	Person
John_of_Brittany_Earl_of_Richmond	type	Person
Ferdinand_I_of_Portugal	type	Person
Louis_of_France_1244_1260	type	Person
Sibylla_of_Burgundy	type	Person
Otto_V_Duke_of_Brunswic_L_neburg	type	Person
Albert_the_Bear	type	Person
Maria_Elisabeth_of_Saxony_1736_1818	type	Person
Liudolf_Duke_of_Saxony	type	Person
Joan_of_Acre	type	Person
Sunyer_Count_of_Barcelona	type	Person
John_Duke_of_Brunswic_L_neburg	type	Person
Hedwig_of_France_Countess_of_Nevers	type	Person
Robert_King_of_Naples	type	Person
Charles_Prince_of_Viana	type	Person
Margaret_of_France_Queen_of_England	type	Person
Adela_of_France	type	Person
Otto_Duke_of_Burgundy	type	Person
Thomas_Grey_1st_Marquess_of_Dorset	type	Person
Princess_Maria_Vittoria_Margherita_of_Savoy	type	Person
Joan_of_Valois_Queen_of_Navarre	type	Person
Anne_of_Austria_Queen_of_Poland	type	Person
Henry_II_Duke_of_Lorraine	type	Person
Isabella_of_Aragon_Queen_of_Portugal	type	Person
Jo_o_Duke_of_Viseu	type	Person
Blanche_of_Lancaster	type	Person
Polissena_Ruffo	type	Person
Martim_Afonso_Chichorro	type	Person
Christian_Duke_of_Brunswic_L_neburg	type	Person
Ferdinand_of_Castile_died_1211	type	Person
Marozia	type	Person
Duchess_Gustave_Caroline_of_Mecklenburg_Strelitz	type	Person
Theudoald	type	Person
Guy_III_of_Spoleto	type	Person
Robert_I_Count_of_Artois	type	Person
Margaret_Stewart_Lady_Gordon	type	Person
Alexander_Stewart_4th_High_Steward_of_Scotland	type	Person
Bartholomew_de_L_Isle_Bouchard	type	Person
Yolande_of_Brittany	type	Person
Herbert_II_Count_of_Vermandois	type	Person
Cecily_of_York	type	Person
Ernest_of_Bavaria	type	Person
Ethelinde_of_Northeim	type	Person
Princess_Amelia_of_Great_Britain	type	Person
Cipriano_de_Palafox_8th_Count_of_Montijo	type	Person
Theobald_of_Arles	type	Person
Anne_of_Orl_ans_Abbess_of_Fontevraud	type	Person
Maud_of_Normandy	type	Person
Frederick_the_Fair	type	Person
Archduke_Ferdinand_Karl_Viktor_of_Austria_Este	type	Person
Gisela_of_Burgundy	type	Person
Francis_V_Duke_of_Modena	type	Person
Prince_Louis_Count_of_Aquila	type	Person
Am_lie_of_Orl_ans	type	Person
_thelswith	type	Person
_thelgifu_Abbess_of_Shaftesbury	type	Person
Marie_of__vreux	type	Person
Philip_II_Landgrave_of_Hesse_Rheinfels	type	Person
Werner_I_Count_of_Klettgau	type	Person
Mafalda_of_Portugal	type	Person
Thomas_of_Brotherton_1st_Earl_of_Norfolk	type	Person
Blanche_of_Navarre_Duchess_of_Brittany	type	Person
Manuel_of_Castile	type	Person
Plectrude	type	Person
Fran_ois_III_d_Orl_ans_Duke_of_Longueville	type	Person
Joanna_of_Bavaria	type	Person
Bertha_of_Swabia	type	Person
Blanche_of_France_Infanta_of_Castile	type	Person
Eleanor_Clifford_Countess_of_Cumberland	type	Person
Canute_V_of_Denmark	type	Person
Blanche_of_Portugal_1259_1321	type	Person
Saint_Casimir	type	Person
Louis_II_Duke_of_Bourbon	type	Person
Vittorio_Francesco_Marquis_of_Susa	type	Person
Margaret_III_Countess_of_Flanders	type	Person
Hedwig_of_France_Countess_of_Mons	type	Person
Charles_Orlando_Dauphin_of_France	type	Person
Princess_Amalie_of_Hesse_Darmstadt	type	Person
Stephanie_Alfonso_of_Castile	type	Person
Pierre_de_Foix_le_jeune	type	Person
Napol_on_Prince_Imperial	type	Person
Rainier_Marquis_of_Montferrat	type	Person
Mar_a_Cristina_Mu_oz_y_Borb_n_Marquise_of_la_Isabela	type	Person
Eadred	type	Person
Charles_II_Grand_Duke_of_Mecklenburg_Strelitz	type	Person
Marie_of_Bade_Sponheim	type	Person
Margaret_ferch_Dafydd	type	Person
Sancho_of_Castile_bishop	type	Person
Prince_Edward_Duke_of_York_and_Albany	type	Person
_lisabeth_of_France	type	Person
Philip_Duke_of_Orl_ans	type	Person
Archduchess_Marie_Caroline_of_Austria	type	Person
Charles_III_Philip_Elector_Palatine	type	Person
Sophia_Eleonore_of_Hesse_Darmstadt	type	Person
Margaret_I_Countess_of_Burgundy	type	Person
Ferdinand_Duke_of_Parma	type	Person
Alfonso_de_Arag_n_y_Escobar	type	Person
Princess_Augusta_Sophia_of_the_United_Kingdom	type	Person
Mercedes_of_Orl_ans	type	Person
Anne_Princess_Royal_and_Princess_of_Orange	type	Person
Anne_of_Bohemia_Duchess_of_Austria	type	Person
Gerard_de_Bouzonville	type	Person
John_of_Lancaster_1st_Duke_of_Bedford	type	Person
Margaret_of_Brunswic_L_neburg	type	Person
Prince_Frederick_Duke_of_York_and_Albany	type	Person
Maud_Chaworth	type	Person
Otto_II_Count_of_Habsburg	type	Person
Joan_of_England_Queen_of_Sicily	type	Person
Prince_Antonio_Count_of_Lecce	type	Person
Otto_IV_Holy_Roman_Emperor	type	Person
Ranulf_II_of_Aquitaine	type	Person
Louise_Diane_Princess_of_Conti	type	Person
Duarte_Duke_of_Guimar_es_1515_1540	type	Person
Margaret_Theresa_of_Spain	type	Person
Archduke_Ferdinand_Karl_Joseph_of_Austria_Este	type	Person
Frances_Grey_Duchess_of_Suffolk	type	Person
Prince_George_William_of_Great_Britain	type	Person
Maximilian_III_Archduke_of_Austria	type	Person
Peter_I_of_Courtenay	type	Person
Prince_Charles_Alexander_of_Lorraine	type	Person
Karl_August_Grand_Duke_of_Saxe_Weimar_Eisenach	type	Person
Robert_VII_Lord_of_B_thune	type	Person
Princess_Marie_of_Orl_ans_1813_1839	type	Person
Philip_de_Medici	type	Person
John_Stewart_Earl_of_Mar_died_1479	type	Person
Mary_of_Waltham	type	Person
Godfrey_I_Count_of_Verdun	type	Person
Geoffrey_archbishop_of_York	type	Person
_thelberht_King_of_Wessex	type	Person
John_III_of_Portugal	type	Person
Archduchess_Maria_Anna_of_Austria_born_1770	type	Person
Henry_V_Count_Palatine_of_the_Rhine	type	Person
Catherine_of_Austria_Queen_of_Portugal	type	Person
Charles_Cardinal_of_Lorraine	type	Person
Charles_II_Count_of_Alen_on	type	Person
Afonso_Prince_of_Portugal	type	Person
Irene_Angelina	type	Person
Louis_Marie_Duke_of_Rambouillet	type	Person
Mstislav_of_Chernigov	type	Person
Prince_Giuseppe_Count_of_Asti	type	Person
Adelaide_Countess_of_Burgundy	type	Person
Ginevra_Cavalcanti	type	Person
Charles_de_Bourbon_cardinal	type	Person
Hiltrud	type	Person
Agnes_of_Navarre	type	Person
Catherine_of_Austria_Duchess_of_Calabria	type	Person
Gilbert_Duke_of_Lorraine	type	Person
Louis_Henri_de_Pardaillan_de_Gondrin	type	Person
Philippa_of_Dreux	type	Person
Oberto_II_Margrave_of_Milan	type	Person
David_II_of_Scotland	type	Person
Henri_de_Lorraine_Chaligny	type	Person
William_Albert_1st_Prince_of_Montenuovo	type	Person
Gisela_Abbess_of_Chelles	type	Person
Philip_of_Castile	type	Person
Eleanor_of_Anjou	type	Person
David_Stewart_Duke_of_Rothesay	type	Person
Clementia_of_Burgundy	type	Person
Ferdinand_VII_of_Spain	type	Person
Carlos_Prince_of_Asturias	type	Person
Ingeborg_of_Kiev	type	Person
Vincent_de_Bourbon_Count_of_Guingamp	type	Person
Natalia_Alexeievna_Wilhelmina_Louisa_of_Hesse_Darmstadt	type	Person
Bernard_son_of_Charles_the_Fat	type	Person
Princess_Maria_Luisa_of_Savoy_1729_1767	type	Person
Henry_the_Young_King	type	Person
Eadgyth	type	Person
Amadeus_III_Count_of_Savoy	type	Person
Charlotte_Princess_Royal	type	Person
Archduchess_Gregoria_Maximiliana_of_Austria	type	Person
Lothair_the_Lame	type	Person
Frederick_of_Naples	type	Person
Sophie_of_Brunswic_L_neburg	type	Person
Fernando_de_la_Cerda_1255_1275	type	Person
Volodar_Glebovich_Prince_of_Minsk	type	Person
Archduke_Ernest_of_Austria	type	Person
Prince_Leopold_Count_of_Syracuse	type	Person
Vyacheslav_Yaroslavich	type	Person
Peter_Duke_of_Coimbra	type	Person
Mar_a_Amparo_Mu_oz_y_Borb_n_1st_Countess_of_Vista_Alegre	type	Person
Ingeborg_of_Denmark_Queen_of_France	type	Person
_thelhelm	type	Person
John_I_Duke_of_Cleves	type	Person
Walter_Stewart_Lord_of_Fife	type	Person
Sancha_of_Castile_Queen_of_Navarre	type	Person
Edward_V_of_England	type	Person
Eric_of_Lorraine	type	Person
Eleanor_of_Portugal_Queen_of_Aragon	type	Person
Thomas_Beaufort_Duke_of_Exeter	type	Person
Amalric_of_Jerusalem	type	Person
Prince_Benedetto_Duke_of_Chablais	type	Person
Rudolf_I_of_Bohemia	type	Person
Agnes_of_Cleves	type	Person
Archduke_Anton_Victor_of_Austria	type	Person
Peter_II_Count_of_Savoy	type	Person
Ferdinando_I_de_Medici_Grand_Duke_of_Tuscany	type	Person
James_II_of_England	type	Person
Adolphus_Frederick_IV_Duke_of_Mecklenburg_Strelitz	type	Person
Marie_of_Prussia_Margravine_of_Brandenburg_Bayreuth	type	Person
David_Stewart_Earl_of_Strathearn	type	Person
Archduchess_Maria_Carolina_of_Austria_stillborn_1748	type	Person
Anna_of_Nassau_Dillenburg	type	Person
Ren__of_Savoy	type	Person
Prince_William_Duke_of_Cumberland	type	Person
Anthony_Woodville_2nd_Earl_Rivers	type	Person
Geoffrey_Count_of_Nantes	type	Person
Catherine_of_Hungary_Queen_of_Serbia	type	Person
Beatrice_of_Savoy_Lady_of_Villena	type	Person
Adele_of_Valois	type	Person
Blanche_of_Anjou	type	Person
Prince_Adolphus_Duke_of_Cambridge	type	Person
Sophie_of_France_1786_1787	type	Person
Hucbert	type	Person
Archduchess_Helena_of_Austria_1543_1574	type	Person
Joan_of_Valois_Duchess_of_Alen_on	type	Person
Maria_of_Aragon_Queen_of_Castile	type	Person
John_Gordon_Lord_Gordon	type	Person
Urraca_Afonso	type	Person
David_I_of_Scotland	type	Person
Mary_of_Hungary_governor_of_the_Netherlands	type	Person
Prince_Maurice_of_Savoy	type	Person
Princess_Mary_of_Great_Britain	type	Person
Schweinfurt	type	Person
Joan_of_England_Queen_of_Scotland	type	Person
Ferdinand_of_Le_n_died_1214	type	Person
Prince_William_Henry_Duke_of_Gloucester_and_Edinburgh	type	Person
Edmund_of_Scotland	type	Person
Antonio_Farnese_Duke_of_Parma	type	Person
Pepin_of_Italy	type	Person
Amaury_II_de_Montfort	type	Person
Joanna_of_Flanders	type	Person
Emma_of_Anjou	type	Person
Isabella_of_England	type	Person
Eleanor_of_Aragon_Countess_of_Toulouse	type	Person
Prince_Giuseppe_of_Naples_and_Sicily	type	Person
Ethelred_of_Scotland	type	Person
Jean_de_Dunois	type	Person
Alessandro_de_Medici_Duke_of_Florence	type	Person
Diego_Prince_of_Asturias	type	Person
Bernard_II_Duke_of_Saxony	type	Person
Fadrique_Alfonso	type	Person
Anna_of_Glogau	type	Person
Maria_Anna_of_Spain	type	Person
Arnulf_archbishop_of_Reims	type	Person
Joanna_II_of_Naples	type	Person
Louis_Duke_of_Guyenne	type	Person
Marie_Th_r_se_of_France_1667_1672	type	Person
Anne_Stuart_born_1637	type	Person
Antonia_of_Lorraine	type	Person
Francis_of_Baux	type	Person
Louis_Auguste_Duke_of_Maine	type	Person
Berengaria_of_Portugal	type	Person
Emma_of_Paris_Duchess_of_Normandy	type	Person
Louise_Marie_d_Orl_ans	type	Person
Isabella_de_Medici	type	Person
Constance_of_France_Countess_of_Toulouse	type	Person
Louis_of_France_1264_1276	type	Person
Princess_Caroline_of_Hesse_Darmstadt	type	Person
Lucien_Bonaparte	type	Person
Peter_of_Castile_Lord_of_Ledesma	type	Person
John_Fitzgeoffrey	type	Person
Violant_of_Castile	type	Person
Henri_d_Orl_ans_Duke_of_Aumale	type	Person
Princess_Louisa_of_Great_Britain	type	Person
Gertrude_of_Bavaria	type	Person
Henriette_of_France_1727_1752	type	Person
Margaret_of_Burgundy_Countess_of_Savoy	type	Person
Constance_of_Aragon_Lady_of_Villena	type	Person
Louis_of_Toulouse	type	Person
Princess_Maria_Christina_of_Saxony_1735_1782	type	Person
Gerolf_of_Holland	type	Person
Charles_II_of_England	type	Person
Duke_Ernest_Gottlob_of_Mecklenburg	type	Person
Juan_de_Arag_n	type	Person
Peter_of_Castile_Lord_of_Cameros	type	Person
Constance_of_Austria	type	Person
Caroline_Bonaparte	type	Person
Adelais_of_Amboise	type	Person
Thomas_2nd_Earl_of_Lancaster	type	Person
Victor_Amadeus_Prince_of_Piedmont	type	Person
Ad_la_de_d_Orl_ans	type	Person
Edgar_King_of_Scotland	type	Person
Maximilian_William_of_Brunswic_L_neburg	type	Person
Infanta_Branca_Lady_of_Guadalajara	type	Person
Ferdinand_II_of_the_Two_Sicilies	type	Person
Francis_Count_of_Enghien	type	Person
Florine_of_Burgundy	type	Person
Beatrice_of_Hungary_Dauphine_of_Viennois	type	Person
Princess_Luisa_Cristina_of_Savoy	type	Person
Anna_of_Hesse	type	Person
Margaret_of_Cleves_Duchess_of_Bavaria_Munich	type	Person
William_I_Duke_of_Bavaria	type	Person
Geoffrey_II_Duke_of_Brittany	type	Person
Marged_ferch_Tomos	type	Person
Robert_II_Count_of_Hesbaye	type	Person
Henry_King_of_Portugal	type	Person
William_Willoughby_11th_Baron_Willoughby_de_Eresby	type	Person
Anne_of_York_daughter_of_Edward_IV	type	Person
Giovanni_il_Popolano	father	James_I_of_Scotland
Pierfrancesco_the_Elder	father	Otto_William_Count_of_Burgundy
_thelwulf_King_of_Wessex	father	Ramon_Berenguer_III_Count_of_Barcelona
Robert_II_of_Scotland	father	Hugh_III_Duke_of_Burgundy
Walter_Stewart_6th_High_Steward_of_Scotland	father	Henry_I_of_England
Luitgarde_of_Vermandois	father	Lorenzo_the_Elder
Theobald_I_Count_of_Blois	father	Robert_II_Duke_of_Burgundy
Leopold_Duke_of_Lorraine	father	Valdemar_I_of_Denmark
Afonso_II_of_Portugal	father	Vladislaus_II_of_Hungary
Amicie_de_Courtenay	father	Albert_I_of_Germany
Charles_Emmanuel_III_of_Sardinia	father	Rudolf_II_Count_of_Habsburg
Philip_IV_of_Spain	father	Fulk_II_Count_of_Anjou
Margaret_of_Austria_Queen_of_Spain	father	Francis_II_Duke_of_Brittany
Isabella_of_Valois_Duchess_of_Bourbon	father	Robert_VII_Lord_of_B_thune
Anne_of_Austria	father	Philip_the_Bold
Henry_II_of_Castile	father	Robert_III_of_Worms
Stephen_III_Duke_of_Bavaria	father	Louis_I_Duke_of_Orl_ans
Albert_I_of_Germany	father	Louis_Philippe_II_Duke_of_Orl_ans
Igor_of_Kiev	father	Frederick_Louis_Hereditary_Grand_Duke_of_Mecklenburg_Schwerin
Wilhelmine_Amalie_of_Brunswick	father	Bouchard_IV_of_Avesnes
Philippe_II_Duke_of_Orl_ans	father	John_II_Duke_of_Brittany
Empress_Matilda	father	Gaston_IV_Count_of_Foix
John_II_Count_of_Holland	father	Ramon_Berenguer_III_Count_of_Barcelona
Maria_Beatrice_d_Este_Duchess_of_Massa	father	Baldwin_III_Count_of_Hainaut
Francis_IV_Duke_of_Modena	father	Ferdinand_II_of_Le_n
Rudolph_of_France	father	Philip_I_of_France
Ren__II_Duke_of_Lorraine	father	Charles_V_of_France
Magnus_I_Duke_of_Brunswic_L_neburg	father	John_Frederick_Duke_of_Brunswic_Calenberg
Gerberga_of_Saxony	father	Edward_the_Exile
Henry_X_Duke_of_Bavaria	father	Louis_Jean_Marie_de_Bourbon_Duke_of_Penthi_vre
Isabella_Duchess_of_Lorraine	father	Louis_VII_of_France
Louis_Duke_of_Burgundy	father	John_II_Count_of_Holland
Louis_II_Duke_of_Bavaria	father	Charles_I_Gonzaga_Duke_of_Mantua
Alice_Holland_Countess_of_Kent	father	Francis_I_of_France
Eleanor_of_Lancaster	father	Amadeus_VIII_Duke_of_Savoy
Blanche_of_Brittany	father	Francis_I_Holy_Roman_Emperor
Berenguer_Ramon_I_Count_of_Barcelona	father	Patrick_de_Chaworth_Lord_of_Kidwelly
Margaret_Stewart_Dauphine_of_France	father	Baldwin_II_Margrave_of_Flanders
Francis_I_Holy_Roman_Emperor	father	Henry_the_Fowler
Edward_I_of_England	father	Oberto_II_Margrave_of_Milan
Leopold_II_Holy_Roman_Emperor	father	Amadeus_II_Count_of_Savoy
Marie_Ad_la_de_of_Savoy	father	Francis_II_Duke_of_Lorraine
Odo_of_France	father	Louis_Crato_Count_of_Nassau_Saarbr_cken
Henry_I_Count_of_Champagne	father	Victor_Amadeus_II_of_Sardinia
Louis_Philippe_I	father	John_George_I_Elector_of_Saxony
Henry_I_of_France	father	Alfonso_II_Count_of_Provence
Beatriz_Pereira_de_Alvim	father	Antoine_Duke_of_Lorraine
Anne_Marie_d_Orl_ans	father	Bolko_I_the_Strict
Lorenzo_de_Medici_Duke_of_Urbino	father	John_Count_of_Angoul_me
Blanche_of_Navarre_Queen_of_France	father	Engelbert_Duke_of_Carinthia
Philip_III_of_Navarre	father	Philip_II_Duke_of_Savoy
Reginar_III_Count_of_Hainaut	father	Richard_Fitzalan_3rd_Earl_of_Arundel
Sancho_I_of_Portugal	father	Philip_of_Artois
Afonso_I_of_Portugal	father	Borrell_II_Count_of_Barcelona
Maria_Josepha_of_Austria	father	Theobald_II_Count_of_Champagne
Ramon_Berenguer_IV_Count_of_Barcelona	father	Ramon_Berenguer_IV_Count_of_Barcelona
Ramon_Berenguer_III_Count_of_Barcelona	father	Gerard_de_Bouzonville
Afonso_V_of_Portugal	father	Henry_III_Duke_of_Brabant
Edward_King_of_Portugal	father	Robert_II_Duke_of_Burgundy
Francis_II_Holy_Roman_Emperor	father	Gaston_de_Foix_Count_of_Candale
Louise_of_Savoy	father	Louis_XIII
Philip_II_Duke_of_Savoy	father	Lambert_I_Count_of_Louvain
John_II_of_France	father	Louis_X_of_France
Joan_the_Lame	father	Oberto_I
Baldwin_IV_Count_of_Hainaut	father	Philippe_I_Duke_of_Orl_ans
Louis_Dauphin_of_France_son_of_Louis_XIV	father	Louis_IV_of_France
Louis_XIV	father	Andrew_II_of_Hungary
Princess_Marie_Isabelle_of_Orl_ans	father	John_VIII_Count_of_Vend_me
John_Stewart_1st_Earl_of_Lennox	father	Ferdinand_I_of_the_Two_Sicilies
Alan_Stewart_of_Darnley	father	Alan_Stewart_of_Darnley
Adelaide_of_Tours	father	Rudolph_II_of_Burgundy
Robert_the_Strong	father	Alfonso_II_of_Aragon
Magdalene_Sibylle_of_Prussia	father	Louis_XII
Yaroslav_the_Wise	father	Charles_V_Holy_Roman_Emperor
Victor_Amadeus_II_of_Sardinia	father	Richard_Duke_of_Burgundy
Ferdinand_I_of_the_Two_Sicilies	father	Albert_Azzo_II_Margrave_of_Milan
Odo_II_Duke_of_Burgundy	father	Philip_II_of_France
Alfonso_II_of_Aragon	father	Mastino_II_della_Scala
Charles_Martel	father	Dirk_II_Count_of_Holland
Marie_Countess_of_Ponthieu	father	John_II_of_Aragon
Louis_I_Duke_of_Orl_ans	father	Louis_Dauphin_of_France_son_of_Louis_XV
Charles_V_of_France	father	Charles_III_Duke_of_Savoy
William_X_Duke_of_Aquitaine	father	Leopold_III_Duke_of_Austria
John_VIII_Count_of_Vend_me	father	Louis_IV_Holy_Roman_Emperor
Eleanor_of_Provence	father	Henry_son_of_Robert_I_of_Burgundy
Charles_Emmanuel_II_Duke_of_Savoy	father	Henry_II_Count_of_Louvain
Joan_II_Countess_of_Burgundy	father	Ebalus_Duke_of_Aquitaine
John_II_of_Aragon	father	Adolf_Duke_of_Holstei_Gottorp
James_III_of_Scotland	father	Louis_the_Stammerer
Philippa_of_Hainault	father	John_II_Duke_of_Brittany
Joan_of_Valois_Countess_of_Hainaut	father	Elias_I_Count_of_Maine
Matilda_of_Frisia	father	Victor_Emmanuel_I_of_Sardinia
Liudolf_Margrave_of_Frisia	father	John_I_Duke_of_Lorraine
Clementia_of_Hungary	father	Humbert_II_Count_of_Savoy
Countess_Palatine_Dorothea_Sophie_of_Neuburg	father	Otto_V_Duke_of_Brunswic_L_neburg
Elisabeth_Farnese	father	Frederick_II_Margrave_of_Meissen
Ermentrude_of_Orl_ans	father	John_I_Count_of_Hainaut
Magnus_II_Duke_of_Brunswic_L_neburg	father	Philip_I_Landgrave_of_Hesse
Rudolf_I_of_Germany	father	Adolph_I_Duke_of_Cleves
Gertrude_of_Hohenberg	father	Louis_I_Duke_of_Bavaria
Dirk_II_Count_of_Holland	father	Stephen_II_of_Auxonne
Mary_of_Burgundy_Duchess_of_Cleves	father	Brun_I_Count_of_Brunswick
Nicholas_Francis_Duke_of_Lorraine	father	William_I_of_Provence
Otto_I_Duke_of_Saxony	father	William_I_Count_of_Burgundy
Alfonso_X_of_Castile	father	Sunyer_Count_of_Barcelona
Louis_Duke_of_Orl_ans_1703_1752	father	Robert_Count_of_Clermont
James_II_of_Scotland	father	Victor_Amadeus_III_of_Sardinia
Willa_of_Tuscany	father	Simon_I_de_Montfort
Frederick_III_Holy_Roman_Emperor	father	Charles_Count_of_Valois
Maria_Anna_of_Bavaria_born_1551	father	Odo_I_Duke_of_Burgundy
Charles_III_of_Spain	father	Louis_Dauphin_of_France_son_of_Louis_XIV
Henry_the_Lion	father	Frederick_V_Burgrave_of_Nuremberg
Otto_IV_Count_of_Burgundy	father	Otto_I_Duke_of_Brunswic_L_neburg
Beatriz_of_Portugal_Duchess_of_Viseu	father	Alfonso_VII_of_Le_n_and_Castile
Isabel_of_Barcelos	father	James_I_Count_of_La_Marche
Ferdinand_II_of_Aragon	father	Wenceslaus_II_of_Bohemia
Hugh_of_Italy	father	Dedi_III_Margrave_of_Lusatia
Henry_II_of_France	father	Liudolf_Margrave_of_Frisia
Mahaut_of_Ch_tillon	father	Charles_Emmanuel_III_of_Sardinia
Napoleon_III	father	Philippe_I_Duke_of_Orl_ans
Clemence_of_Austria	father	Louis_I_of_Brzeg
Peter_I_Duke_of_Bourbon	father	Charles_X
Duke_Charles_Louis_Frederick_of_Mecklenburg	father	Ferdinand_Philippe_Duke_of_Orl_ans
Joan_I_Countess_of_Auvergne	father	Henry_IX_Duke_of_Bavaria
Henry_V_of_England	father	Ferdinand_I_Holy_Roman_Emperor
Joan_of__vreux	father	Nicolas_Duke_of_Merc_ur
Louis_Count_of__vreux	father	Robert_the_Strong
Otto_I_Duke_of_Brunswic_L_neburg	father	Walter_Stewart_6th_High_Steward_of_Scotland
A_nor_de_Ch_tellerault	father	James_Stewart_5th_High_Steward_of_Scotland
Claude_of_France	father	William_the_Younger_Duke_of_Brunswic_L_neburg
Louis_I_Duke_of_Bourbon	father	Otto_I_Duke_of_Bavaria
Marie_Antoinette	father	Piero_the_Unfortunate
Charles_X	father	Albert_V_Duke_of_Bavaria
Charles_III_Duke_of_Savoy	father	Sunifred_Count_of_Barcelona
Vladimir_the_Great	father	Francis_IV_Duke_of_Modena
Sviatoslav_I	father	Robert_II_of_France
John_of_Montfort	father	Louis_IV_of_France
Geoffrey_Plantagenet_Count_of_Anjou	father	Louis_VI_of_France
Francis_Duke_of_Anjou	father	Francesco_III_d_Este_Duke_of_Modena
Henry_III_of_France	father	Francesco_I_Sforza
Edward_III_of_England	father	Louis_IX_Landgrave_of_Hesse_Darmstadt
Louis_Count_of_Vend_me	father	Dirk_I_Count_of_Holland
Marie_Jos_phine_of_Savoy	father	Louis_II_Duke_of_Bavaria
Victor_Amadeus_III_of_Sardinia	father	Philip_V_of_Spain
Louis_XII	father	Charles_III_of_Spain
Philip_I_of_Castile	father	Maximilian_I_Holy_Roman_Emperor
Ramon_Borrell_Count_of_Barcelona	father	Theobald_of_Arles
Frederick_II_Count_of_Vaud_mont	father	Antoine_Count_of_Vaud_mont
Eleanor_of_Castile	father	John_Constable_of_Portugal
Alfonso_IX_of_Le_n	father	John_of_Bohemia
James_I_of_Scotland	father	John_I_of_Portugal
Louis_XI	father	William_III_Duke_of_Aquitaine
Henry_IV_of_England	father	Edward_King_of_Portugal
Mary_de_Bohun	father	Ramon_Berenguer_IV_Count_of_Provence
Stephen_Count_of_Blois	father	Humphrey_de_Bohun_7th_Earl_of_Hereford
Cosimo_I_de_Medici_Grand_Duke_of_Tuscany	father	Alfonso_VII_of_Le_n_and_Castile
Peter_I_of_Portugal	father	Francis_II_Holy_Roman_Emperor
Raymond_of_Burgundy	father	William_IX_Duke_of_Aquitaine
Lothair_II_of_Italy	father	Philippe_II_Duke_of_Orl_ans
Jacquetta_of_Luxembourg	father	Walter_I_Lord_of_Avesnes
George_I_of_Great_Britain	father	Piero_di_Cosimo_de_Medici
Ernest_Augustus_Elector_of_Hanover	father	Henry_the_Middle_Duke_of_Brunswic_L_neburg
Charlotte_of_Bourbon_Queen_of_Cyprus	father	Charles_II_of_Naples
John_I_Count_of_La_Marche	father	Thomas_Count_of_Savoy
Princess_Elisabeth_Albertine_of_Saxe_Hildburghausen	father	Leopold_II_Holy_Roman_Emperor
Anne_of_Bohemia_and_Hungary	father	Frederick_IV_Duke_of_Lorraine
In_s_de_Castro	father	Hugh_Capet
William_III_of_M_con	father	John_King_of_England
Louis_V_of_France	father	Louis_the_Pious
Marie_of_Luxembourg_Queen_of_France	father	Berengar_II_of_Italy
Saint_Margaret_of_Scotland	father	Theobald_I_Count_of_Blois
Arnulf_I_Count_of_Flanders	father	Henry_II_of_France
Louis_XIII	father	Charles_II_Archduke_of_Austria
Marie_de_Medici	father	Henry_V_of_England
Charles_the_Bald	father	Antoine_Duke_of_Montpensier
Francis_Count_of_Vend_me	father	Charles_VII_of_France
Rudolph_Duke_of_Lorraine	father	Baldwin_V_Count_of_Hainaut
John_I_of_Portugal	father	Peter_I_Duke_of_Bourbon
Otto_IV_Count_of_Scheyern	father	Odo_I_Count_of_Orl_ans
Eckhard_I_Count_of_Scheyern	father	Ernest_Frederick_I_Duke_of_Saxe_Hildburghausen
Piero_di_Cosimo_de_Medici	father	Otto_IV_Count_of_Burgundy
Odo_IV_Duke_of_Burgundy	father	Afonso_I_Duke_of_Braganza
Isabeau_of_Bavaria	father	William_IV_Count_of_Ponthieu
Elisabeth_of_France_1602_1644	father	Amaury_I_de_Montfort
William_I_Count_of_Hainaut	father	Philip_I_of_Castile
Yolanda_of_Courtenay	father	Otto_II_Duke_of_Bavaria
Baldwin_II_Count_of_Hainaut	father	Rollo
Constance_of_Arles	father	Stephen_II_Duke_of_Bavaria
Adelaide_of_Auxerre_born_c._870	father	Bernard_I_Duke_of_Brunswic_L_neburg
Fran_oise_d_Aubign__Marquise_de_Maintenon	father	Ferdinand_Karl_Archduke_of_Austria_Este
Maria_Carolina_of_Austria	father	Louis_Rudolph_Duke_of_Brunswic_L_neburg
Marie_of_Brabant_Queen_of_France	father	Christian_III_Count_Palatine_of_Zweibr_cken
Matilda_of_Scotland	father	Louis_Dauphin_of_France_son_of_Louis_XV
Maria_Amalia_of_Saxony	father	William_XII_Count_of_Auvergne
Hedwig_of_Saxony	father	Arthur_II_Duke_of_Brittany
Henry_I_Duke_of_Brabant	father	Frederick_I_Count_of_Vaud_mont
Isabella_of_Hainault	father	Louis_IX_of_France
Margaret_I_Countess_of_Flanders	father	Victor_Amadeus_I_Duke_of_Savoy
Maria_Theresa_of_Naples_and_Sicily	father	Matthew_Stewart_2nd_Earl_of_Lennox
Charles_VII_of_France	father	Rudolf_I_of_Germany
Francis_II_of_France	father	Hugh_Count_of_Burgundy
Philip_IV_of_France	father	Louis_XIV
Philip_III_of_France	father	Philip_III_of_Spain
Baldwin_II_Margrave_of_Flanders	father	William_of_Winchester_Lord_of_Lunenburg
Margaret_of_Bavaria	father	Henry_II_of_France
Louis_IX_of_France	father	_thelwulf_King_of_Wessex
Violant_of_Hungary	father	Francis_I_Holy_Roman_Emperor
Ferdinand_II_of_Le_n	father	Antoine_of_Navarre
Isabella_of_Aragon_Queen_of_France	father	James_I_of_Scotland
Reginald_I_Count_of_Burgundy	father	Baldwin_III_Count_of_Flanders
Ferdinand_I_of_Aragon	father	Conrad_I_of_Burgundy
Robert_I_Duke_of_Burgundy	father	Maredudd_ap_Tudur
Rudolph_I_of_Burgundy	father	Henry_X_Duke_of_Bavaria
Philippe_I_Duke_of_Orl_ans	father	John_the_Fearless
Sophia_of_Minsk	father	Charibert_of_Laon
Ferdinand_III_of_Castile	father	John_II_of_France
Maria_of_Aragon_Queen_of_Portugal	father	Cosimo_de_Medici
Adolphus_Frederick_I_Duke_of_Mecklenburg_Schwerin	father	Ernest_Augustus_Elector_of_Hanover
Fran_oise_Ath_na_s_de_Rochechouart_Marquise_de_Montespan	father	Baldwin_II_Count_of_Hainaut
Henry_III_Duke_of_Brabant	father	Sancho_IV_of_Castile
Adelaide_of_Maurienne	father	Philip_III_of_France
Madeleine_de_La_Tour_d_Auvergne	father	Philip_I_of_Castile
Emmanuel_Philibert_Duke_of_Savoy	father	George_Duke_of_Brunswic_Calenberg
Owen_Tudor	father	Joseph_I_Holy_Roman_Emperor
Philip_V_of_Spain	father	Ansegisel
Blanche_of_Castile	father	Ramon_Berenguer_IV_Count_of_Provence
Maximilian_I_Holy_Roman_Emperor	father	John_IV_Duke_of_Brittany
John_II_of_Portugal	father	Robert_Duke_of_Bar
Theobald_III_Count_of_Champagne	father	Philip_the_Good
Odo_I_Duke_of_Burgundy	father	Ferdinand_I_Holy_Roman_Emperor
Antoinette_of_Bourbon	father	Robert_II_of_France
John_Count_of_Angoul_me	father	Gerard_Duke_of_Lorraine
Louis_XVIII	father	Theobald_III_Count_of_Champagne
Maria_Josepha_of_Saxony_Dauphine_of_France	father	Boso_II_of_Italy
Joan_Beaufort_Queen_of_Scots	father	Victor_Amadeus_II_of_Sardinia
Henrietta_Maria	father	Radbot_of_Klettgau
Hugh_the_Great	father	Berthold_I_of_Istria
Louis_the_German	father	Ernest_I_Duke_of_Brunswic_L_neburg
Charles_the_Fat	father	Louis_the_German
Theodoric_II_Duke_of_Lorraine	father	Henry_I_Duke_of_Brabant
Carloman_II	father	Leuthard_I_of_Paris
Ferdinand_I_Holy_Roman_Emperor	father	Adolphus_Frederick_I_Duke_of_Mecklenburg_Schwerin
Theobald_I_of_Navarre	father	Louis_VI_of_France
Marie_Caroline_of_Bourbo_Two_Sicilies_Duchess_of_Berry	father	Adolphus_Frederick_II_Duke_of_Mecklenburg_Strelitz
Francesco_I_Sforza	father	Henry_II_of_Castile
Archduchess_Anna_of_Austria	father	Matthew_Stewart_4th_Earl_of_Lennox
Louis_I_of_Anjou	father	Ernest_Duke_of_Austria
Charlotte_of_Savoy	father	Philip_VI_of_France
Eleanor_of_Aquitaine	father	James_III_of_Scotland
Mary_Queen_of_Scots	father	Henry_II_Duke_of_Brabant
Hildegard_of_the_Vinzgau	father	Albert_I_Duke_of_Bavaria
Anne_of_Brittany	father	Ferdinand_II_of_Aragon
Humbert_II_Count_of_Savoy	father	Gabriel_de_Rochechouart_de_Mortemart
Pepin_the_Short	father	John_I_of_Castile
Berengar_II_of_Italy	father	John_of_Gaunt
Rozala_of_Italy	father	Lothair_of_France
Matilda_of_Saxony_countess_of_Flanders	father	Charles_II_Duke_of_Lorraine
Baldwin_III_Count_of_Flanders	father	Henry_VII_Holy_Roman_Emperor
Alfred_the_Great	father	Louis_Duke_of_Savoy
William_the_Younger_Duke_of_Brunswic_L_neburg	father	Bernard_II_Duke_of_Saxony
Baldwin_VI_Count_of_Flanders	father	Wilfred_the_Hairy
Godfrey_I_Count_of_Louvain	father	Alexander_Stewart_of_Darnley_died_1404
Isabella_of_France	father	Afonso_I_of_Portugal
Elisabeth_Christine_of_Brunswic_Wolfenb_ttel	father	Albert_II_Duke_of_Austria
Sancho_III_of_Castile	father	Manuel_I_of_Portugal
Berengaria_of_Barcelona	father	Louis_I_of_Anjou
Alys_of_France_Countess_of_Vexin	father	Alfonso_IX_of_Le_n
Catherine_of_Vend_me	father	John_Stewart_3rd_Earl_of_Lennox
Bernard_I_Duke_of_Brunswic_L_neburg	father	Hugh_II_Duke_of_Burgundy
James_Stewart_5th_High_Steward_of_Scotland	father	Louis_the_Pious
Charles_Duke_of_Vend_me	father	Charles_Martel_of_Anjou
Rudolf_II_Count_of_Habsburg	father	Charles_Emmanuel_II_Duke_of_Savoy
Margaret_of_Foix	father	Frederick_II_Duke_of_Brunswic_L_neburg
Prince_Philippe_Count_of_Paris	father	Albert_I_Duke_of_Brunswic_L_neburg
Robert_II_of_France	father	Louis_VII_of_France
Adelaide_of_Burgundy_Duchess_of_Brabant	father	Louis_Count_of__vreux
Hugh_IV_Duke_of_Burgundy	father	Henry_I_Count_of_Champagne
Frederick_IV_Duke_of_Lorraine	father	Francis_I_Duke_of_Lorraine
Elizabeth_of_Luxembourg	father	Ferdinand_I_Holy_Roman_Emperor
George_Duke_of_Brunswic_Calenberg	father	George_Louis_I_Count_of_Erbach_Erbach
Simon_I_Duke_of_Lorraine	father	John_II_of_France
Maximilian_II_Holy_Roman_Emperor	father	John_I_Count_of_La_Marche
James_Hepburn_4th_Earl_of_Bothwell	father	Baldwin_IV_Count_of_Hainaut
Anna_of_Holstei_Gottorp	father	Philip_William_Elector_Palatine
Anne_Gonzaga	father	Giovanni_il_Popolano
Otto_II_Duke_of_Bavaria	father	Henry_II_of_France
Anna_Maria_of_Mecklenburg_Schwerin	father	Guy_Count_of_Flanders
Ramon_Berenguer_IV_Count_of_Provence	father	Odo_III_Duke_of_Burgundy
Stephen_II_Duke_of_Bavaria	father	Henry_V_Count_of_Luxembourg
Agnes_of_France_Duchess_of_Burgundy	father	Nicholas_Francis_Duke_of_Lorraine
Stephen_I_Count_of_Burgundy	father	Louis_VI_of_France
Louis_XVI	father	Nicholas_d_Oisy_Lord_of_Avesnes
Marie_Th_r_se_of_France	father	Ferdinand_III_of_Castile
Henry_VI_of_England	father	Constant_d_Aubign_
Mary_of_Hungary_Queen_of_Naples	father	Herbert_II_Count_of_Vermandois
William_VIII_Duke_of_Aquitaine	father	Albert_II_Duke_of_Brunswic_L_neburg
Richard_Count_of__tampes	father	Theobald_II_Count_of_Champagne
John_Count_of_Chalon	father	Eckhard_I_Count_of_Scheyern
Robert_III_of_Worms	father	Theobald_the_Elder
Charles_Count_of_Angoul_me	father	Peter_I_Count_of_Saint_Pol
William_IX_Duke_of_Aquitaine	father	Afonso_IV_of_Portugal
Albert_III_Count_of_Habsburg	father	Robert_I_Duke_of_Burgundy
Countess_Sophia_Albertine_of_Erbach_Erbach	father	Stephen_V_of_Hungary
Pepin_of_Herstal	father	Hugh_IV_Duke_of_Burgundy
Francesco_I_de_Medici_Grand_Duke_of_Tuscany	father	Lambert_II_Count_of_Louvain
William_V_Duke_of_Aquitaine	father	Napoleon
Matthew_Stewart_4th_Earl_of_Lennox	father	Peter_I_Duke_of_Brittany
John_Stewart_3rd_Earl_of_Lennox	father	Otto_V_Margrave_of_Brandenburg_Salzwedel
Sophia_Eleonore_of_Saxony	father	Francis_I_of_the_Two_Sicilies
John_I_Count_of_Hainaut	father	Louis_IX_of_France
Henri_Count_of_Chambord	father	Peter_II_of_Courtenay
Louis_IV_Holy_Roman_Emperor	father	Fulk_King_of_Jerusalem
Louis_III_of_France	father	Rudolf_I_of_Germany
Albert_II_Duke_of_Brunswic_L_neburg	father	Alfonso_VII_of_Le_n_and_Castile
Albert_I_Duke_of_Brunswic_L_neburg	father	Louis_Bonaparte
James_of_Avesnes	father	Peter_of_Courtenay_Lord_of_Conches
Nicholas_d_Oisy_Lord_of_Avesnes	father	Frederick_III_Holy_Roman_Emperor
Henry_Count_of_Portugal	father	Charles_VI_of_France
James_IV_of_Scotland	father	Robert_II_Count_of_Artois
Philip_VI_of_France	father	Welf_I_Duke_of_Bavaria
Ermengarde_of_Hesbaye	father	Richard_Fitzalan_3rd_Earl_of_Arundel
Maria_Teresa_Felicitas_d_Este	father	Henry_II_of_France
Louise_Marie_Ad_la_de_de_Bourbon_Duchess_of_Orl_ans	father	Frederick_II_Count_of_Vaud_mont
Anna_Maria_of_Ostfriesland	father	Henry_III_of_England
John_the_Fearless	father	Hugh_of_Italy
Eleanor_of_Aragon_Queen_of_Portugal	father	George_I_of_Great_Britain
Nicolas_Duke_of_Merc_ur	father	Adalbert_of_Italy
Bertrade_of_Montfort	father	Welf_father_of_Judith
Simon_I_de_Montfort	father	Francis_I_Holy_Roman_Emperor
Beatrice_of_Silesia	father	William_I_Count_of_Burgundy
Matthew_Stewart_2nd_Earl_of_Lennox	father	Louis_XVI
Blanche_of_Burgundy	father	Otto_II_Count_of_Habsburg
William_IV_Duke_of_Aquitaine	father	Charles_Count_of_Valois
Ferdinand_Duke_of_Viseu	father	Philip_III_of_Navarre
Louis_Antoine_Duke_of_Angoul_me	father	Edward_III_of_England
Margaret_of_Artois	father	Liudolf_Duke_of_Saxony
Beatrice_Regina_della_Scala	father	John_Constable_of_Portugal
Otto_William_Count_of_Burgundy	father	Otto_IV_Count_of_Scheyern
Antoine_of_Navarre	father	John_I_Count_of_La_Marche
Maria_Beatrice_of_Savoy	father	Charles_V_Holy_Roman_Emperor
Henry_IV_of_France	father	Antoine_Duke_of_Lorraine
Conrad_I_of_Burgundy	father	Malcolm_III_of_Scotland
Baldwin_III_Count_of_Hainaut	father	Sviatoslav_I
Ferdinand_Karl_Archduke_of_Austria_Este	father	Charles_V_Duke_of_Lorraine
Judith_of_Habsburg	father	Louis_Count_of__vreux
Margaret_of_Provence	father	Louis_XV
Odo_I_Count_of_Blois	father	Philip_IV_of_France
Bertha_of_Burgundy	father	John_I_of_Aragon
Robert_Count_of_Clermont	father	James_of_Avesnes
Eadgifu_of_Wessex	father	Geoffrey_II_Count_of_G_tinais
Philip_II_of_France	father	William_I_Count_of_Burgundy
Louis_the_Pious	father	Ingerman_Count_of_Hesbaye
Ernest_Duke_of_Austria	father	Burkhard_V_Count_of_Hohenberg
Robert_II_Count_of_Dreux	father	Charles_Count_of_Valois
Catherine_of_Foix_Countess_of_Candale	father	Francis_I_Holy_Roman_Emperor
Marie_of_Brittany_Countess_of_Saint_Pol	father	Ranulf_II_of_Aquitaine
Marie_of_Anjou	father	Henry_VII_Holy_Roman_Emperor
Yolande_of_Aragon	father	Ferdinand_I_of_Aragon
Joan_Fitzalan_Countess_of_Hereford	father	Augustus_Duke_of_Saxe_Weissenfels
Robert_I_of_France	father	Henry_VII_of_England
John_I_of_Castile	father	Ferdinand_I_Holy_Roman_Emperor
Albert_Azzo_II_Margrave_of_Milan	father	Magnus_I_Duke_of_Brunswic_L_neburg
Henry_III_of_England	father	Conrad_II_Duke_of_Transjurane_Burgundy
Elizabeth_of_Austria_1436_1505	father	Hugh_of_Tours
Hortense_de_Beauharnais	father	Charles_Prince_of_Anhalt_Zerbst
Louis_VIII_of_France	father	Louis_II_of_Anjou
Otto_I_Duke_of_Bavaria	father	Magnus_II_Duke_of_Brunswic_L_neburg
Louis_XVII	father	John_VII_Duke_of_Mecklenburg_Schwerin
Charles_Duke_of_Orl_ans	father	Albert_III_Count_of_Habsburg
Marie_of_Cleves_Duchess_of_Orl_ans	father	Guillaume_de_Montfort_of_Hainaut
Eleanor_of_England_Queen_of_Castile	father	Louis_I_Duke_of_Bourbon
Edward_the_Elder	father	Ferdinand_I_of_Aragon
Amaury_I_de_Montfort	father	Pierfrancesco_the_Elder
Isabella_of_Portugal	father	Vladimir_the_Great
Edward_II_of_England	father	John_VIII_Count_of_Vend_me
Cosimo_de_Medici	father	Louis_Duke_of_Orl_ans_1703_1752
Godfrey_II_Count_of_Louvain	father	Louis_I_Duke_of_Bourbon
Elisabeth_of_Nuremberg	father	Louis_XVI
Reginar_II_Count_of_Hainaut	father	Rupert_King_of_the_Romans
Galeazzo_Maria_Sforza	father	Charles_VI_of_France
Henry_II_Duke_of_Brabant	father	Alexander_Stewart_4th_High_Steward_of_Scotland
Ramon_Berenguer_I_Count_of_Barcelona	father	Boso_Margrave_of_Tuscany
Godfrey_III_Count_of_Louvain	father	Philip_of_Swabia
Baldwin_V_Count_of_Hainaut	father	Nuno__lvares_Pereira
Gisela_of_Burgundy_Marchioness_of_Montferrat	father	Edward_King_of_Portugal
Maria_of_Austria_Duchess_of_J_lich_Cleves_Berg	father	Ramon_Borrell_Count_of_Barcelona
Louis_II_of_Anjou	father	William_III_of_M_con
Christine_of_Saxony	father	Henry_IV_of_England
Hugh_Magnus	father	Francis_of_Baux
Yolande_of_Dreux_Duchess_of_Burgundy	father	Louis_Count_of_Vend_me
Francis_I_Duke_of_Lorraine	father	Odo_I_Count_of_Blois
Arnulf_II_Count_of_Flanders	father	Sigismund_Holy_Roman_Emperor
Louis_VII_of_France	father	Berthold_Duke_of_Merania
Lambert_I_Count_of_Louvain	father	Godfrey_III_Count_of_Louvain
Matilda_of_France	father	Sancho_Alfonso
Elisabeth_of_Meissen	father	Gaston_IV_Count_of_Foix
Odo_II_Count_of_Blois	father	Godfrey_II_Count_of_Louvain
Louis_VI_of_France	father	Adolphus_Frederick_I_Duke_of_Mecklenburg_Schwerin
Beatrice_of_Brandenburg	father	Baldwin_V_Count_of_Flanders
Bertrada_of_Laon	father	Augustus_III_of_Poland
Philip_the_Good	father	Edward_II_of_England
Henry_the_Middle_Duke_of_Brunswic_L_neburg	father	Peter_II_Count_of_Saint_Pol
Henry_IX_Duke_of_Bavaria	father	Igor_of_Kiev
Afonso_IV_of_Portugal	father	Augustus_III_of_Poland
John_I_Duke_of_Lorraine	father	Alfred_the_Great
Agnes_of_Merania	father	Henry_Count_of_Portugal
Berthold_Duke_of_Merania	father	Lorenzo_de_Medici
Mar_a_Isabella_of_Spain	father	Robert_II_of_France
Frederick_II_Duke_of_Brunswic_L_neburg	father	Reginar_II_Count_of_Hainaut
Welf_I_Duke_of_Bavaria	father	Berthold_II_Count_of_Andechs
Philip_the_Bold	father	Robert_II_Count_of_Hesbaye
Napoleon_II	father	Giovanni_di_Bicci_de_Medici
William_of_Winchester_Lord_of_Lunenburg	father	Robert_the_Strong
Jeanne_de_Bourbon_Duchess_of_Bourbon	father	Conrad_II_Duke_of_Transjurane_Burgundy
Catherine_of_Valois	father	Robert_I_Count_of_Dreux
Margaret_of_the_Palatinate	father	Hermann_Billung
Lorenzo_the_Elder	father	Louis_Dauphin_of_France_son_of_Louis_XV
Margaret_of_Brieg	father	Louis_Duke_of_Savoy
Sibylla_of_Anjou	father	Muzio_Attendolo_Sforza
Sophia_of_Saxe_Weissenfels_Princess_of_Anhalt_Zerbst	father	Afonso_III_of_Portugal
Princess_Louise_of_Hesse_Darmstadt_1757_1830	father	Charles_Duke_of_Vend_me
Mahaut_Countess_of_Artois	father	Peter_I_of_Portugal
Francis_II_Duke_of_Lorraine	father	Ealhmund_of_Kent
Louis_Duke_of_Savoy	father	Albert_Azzo_I_Margrave_of_Milan
Margaret_Holland_Duchess_of_Clarence	father	Odoardo_Farnese_Hereditary_Prince_of_Parma
Adolphus_Frederick_II_Duke_of_Mecklenburg_Strelitz	father	Louis_IV_Holy_Roman_Emperor
Bonne_of_Luxembourg	father	Sancho_III_of_Castile
Anne_of_Foix_Candale	father	Francis_Count_of_Vend_me
Antoine_Count_of_Vaud_mont	father	William_I_of_Geneva
Fran_oise_Marie_de_Bourbon	father	Thierry_Count_of_Flanders
Maria_Luisa_of_Parma	father	William_V_Duke_of_Aquitaine
Maria_Theresa_of_Savoy	father	Albert_Frederick_Duke_of_Prussia
Elizabeth_of_Bohemia_1292_1330	father	Giuseppe_Maria_Buonaparte
Henry_VI_Count_of_Luxembourg	father	Henry_IV_of_France
Matilda_of_Bavaria_Margravine_of_Meissen	father	Albert_IV_Count_of_Habsburg
Philip_II_of_Spain	father	Alfonso_VIII_of_Castile
Werner_II_Count_of_Habsburg	father	Otto_IV_Count_of_Burgundy
Bertha_of_Holland	father	Edward_the_Elder
Margaret_of_Burgundy_Queen_of_France	father	Arnulf_II_Count_of_Flanders
Ingegerd_Olofsdotter_of_Sweden	father	Robert_I_Count_of_Artois
Marie_of_Luxembourg_Countess_of_Vend_me	father	Stephen_III_of_Auxonne
Dangereuse_de_l_Isle_Bouchard	father	Guy_IV_Count_of_Saint_Pol
Arnulf_Count_of_Holland	father	Henry_the_Lion
Robert_I_Count_of_Dreux	father	Theobald_III_Count_of_Blois
Isabella_de_Beauchamp	father	Charles_Martel
Princess_Magdalena_Augusta_of_Anhalt_Zerbst	father	William_de_Beauchamp_9th_Earl_of_Warwick
Gertrude_of_Saxony	father	Louis_Duke_of_Savoy
John_I_Duke_of_Brittany	father	Charles_X
Lothair_of_France	father	Henry_II_of_England
Marie_of_France_Duchess_of_Bar	father	Bivin_of_Gorze
Adelaide_of_Aquitaine	father	Robert_II_Duke_of_Burgundy
Gerloc	father	Berenguer_Ramon_I_Count_of_Barcelona
Albert_II_Duke_of_Austria	father	Fulk_I_Count_of_Anjou
Margaret_Countess_of_Anjou	father	Philip_Duke_of_Parma
Ramon_Berenguer_II_Count_of_Barcelona	father	Floris_I_Count_of_Holland
Stephen_II_of_Auxonne	father	Pedro_Fern_ndez_de_Castro
Ernest_I_Duke_of_Brunswic_L_neburg	father	Isambart
Albert_Azzo_I_Margrave_of_Milan	father	Louis_XIV
John_I_of_France	father	Louis_Dauphin_of_France_son_of_Louis_XIV
George_II_of_Great_Britain	father	Francis_Count_of_Vend_me
Hemma	father	Theodoric_II_Duke_of_Lorraine
Judith_of_Bavaria_died_843	father	Leopold_Duke_of_Lorraine
Adelaide_Blanche_of_Anjou	father	Robert_of_Courtenay_Lord_of_Champignelles
Fulk_II_Count_of_Anjou	father	George_Duke_of_Saxony
Marie_Louise_Duchess_of_Parma	father	Louis_XIII
Sancho_IV_of_Castile	father	Ferdinand_III_of_Castile
Margaret_of_Baux	father	Charles_Duke_of_Orl_ans
Ecgberht_King_of_Wessex	father	Edward_King_of_Portugal
Henry_II_Count_of_Louvain	father	Bartholomew_de_L_Isle_Bouchard
Wilfred_the_Hairy	father	Henry_3rd_Earl_of_Lancaster
Carlo_Buonaparte	father	John_Beaufort_1st_Earl_of_Somerset
John_of_Bohemia	father	Henry_IV_of_France
Baldwin_IV_Count_of_Flanders	father	Francesco_I_de_Medici_Grand_Duke_of_Tuscany
Lambert_II_Count_of_Louvain	father	Afonso_V_of_Portugal
Maria_of_Austria_Holy_Roman_Empress	father	Louis_I_Duke_of_Orl_ans
Giovanni_delle_Bande_Nere	father	James_I_of_Aragon
Boso_the_Elder	father	Charles_IV_of_Spain
Beatrice_of_Savoy	father	Cosimo_I_de_Medici_Grand_Duke_of_Tuscany
Margaret_of_Geneva	father	Philippe_II_Duke_of_Orl_ans
Charles_III_Duke_of_Lorraine	father	James_II_of_Scotland
Richard_Duke_of_Burgundy	father	Reginar_III_Count_of_Hainaut
Louis_I_Duke_of_Bavaria	father	Edward_I_of_England
Theobald_II_Count_of_Champagne	father	Baldwin_I_Margrave_of_Flanders
Countess_Caroline_of_Nassau_Saarbr_cken	father	Pepin_of_Herstal
Ermengarde_of_Anjou_Duchess_of_Burgundy	father	Louis_VIII_of_France
Ferdinand_IV_of_Castile	father	Ercole_III_d_Este_Duke_of_Modena
Frederick_III_Duke_of_Lorraine	father	Stephen_III_Duke_of_Bavaria
Charles_V_Holy_Roman_Emperor	father	Denis_of_Portugal
Isabella_of_Portugal_Queen_of_Castile	father	Philip_III_of_Spain
Constance_of_Castile	father	Victor_Amadeus_III_of_Sardinia
Alfonso_VIII_of_Castile	father	John_the_Fearless
Charlotte_Agla__d_Orl_ans	father	Stephen_Count_of_Blois
Hugh_II_Duke_of_Burgundy	father	John_III_Count_of_Auvergne
Borrell_II_Count_of_Barcelona	father	Alfonso_XI_of_Castile
Blanche_of_Artois	father	Theobald_II_Duke_of_Lorraine
Margaret_of_Savoy_Countess_of_Saint_Pol	father	Averardo_de_Medici
Charles_V_Duke_of_Lorraine	father	Henry_II_Duke_of_Brabant
Engeltrude_de_F_zensac	father	John_Stewart_1st_Earl_of_Lennox
Barbara_Jagiellon	father	Odo_II_Count_of_Blois
Frederick_I_Count_of_Vaud_mont	father	Volodar_Glebovich_Prince_of_Minsk
Peter_II_of_Aragon	father	Welf_father_of_Judith
Piero_the_Unfortunate	father	Francis_I_of_the_Two_Sicilies
John_Stewart_of_Darnley	father	John_II_of_France
Bona_of_Savoy	father	William_III_Duke_of_Aquitaine
Duchess_Helene_of_Mecklenburg_Schwerin	father	Giovanni_delle_Bande_Nere
Philip_of_France_1116_1131	father	Gerold_of_Vinzgau
Bouchard_IV_of_Avesnes	father	Louis_the_Stammerer
Matilda_of_Brabant_Countess_of_Artois	father	Casimir_IV_Jagiellon
Lorenzo_de_Medici	father	Reginald_I_Count_of_Burgundy
Henry_Stuart_Lord_Darnley	father	Alexandre_de_Beauharnais
Joanna_of_Bourbon	father	James_V_of_Scotland
Joanna_of_Austria_Grand_Duchess_of_Tuscany	father	Philip_II_Duke_of_Savoy
Louis_Philippe_I_Duke_of_Orl_ans	father	Enno_III_Count_of_East_Frisia
Maria_Antonia_Ferdinanda_of_Spain	father	Ecgberht_King_of_Wessex
Christine_of_Hesse	father	Ramon_Berenguer_I_Count_of_Barcelona
John_of_Gaunt	father	Henry_IV_of_France
Agnes_of_Rochlitz	father	Alfonso_X_of_Castile
Louise_of_Lorraine	father	Giovanni_di_Bicci_de_Medici
Countess_Palatine_Caroline_of_Zweibr_cken	father	Stephen_I_Count_of_Burgundy
Stephen_III_of_Auxonne	father	Henry_the_Fowler
Matilda_of_Carinthia	father	Patrick_Hepburn_3rd_Earl_of_Bothwell
Mary_Tudor_Queen_of_France	father	Fulk_King_of_Jerusalem
Odo_III_Duke_of_Burgundy	father	William_I_Count_of_Hainaut
Adela_of_Champagne	father	Philip_III_of_France
Henry_son_of_Robert_I_of_Burgundy	father	Louis_IX_of_France
Ermengarde_Countess_of_Maine	father	Sancho_I_of_Portugal
Fulk_IV_Count_of_Anjou	father	Rudolph_Duke_of_Lorraine
Robert_II_Duke_of_Burgundy	father	Robert_III_Count_of_Dreux
James_I_Count_of_La_Marche	father	Adalbert_I_of_Ivrea
Eleanor_of_Portugal_Holy_Roman_Empress	father	John_VI_of_Vend_me
Leopold_III_Duke_of_Austria	father	Louis_Duke_of_Savoy
William_III_Duke_of_Aquitaine	father	John_II_of_France
Charles_Ferdinand_Duke_of_Berry	father	William_X_Duke_of_Aquitaine
Theobald_III_Count_of_Blois	father	Werner_II_Count_of_Habsburg
Charles_the_Bold	father	Charles_Ferdinand_Duke_of_Berry
Elizabeth_Woodville	father	Henry_son_of_Robert_I_of_Burgundy
Archduchess_Maria_Theresa_of_Austria_Este_1817_1886	father	Charlemagne
William_I_Count_of_Burgundy	father	Reginar_Longneck
Margaret_of_Flanders_Duchess_of_Brabant	father	Godfrey_I_Count_of_Louvain
Denis_of_Portugal	father	Robert_III_of_Scotland
Maria_of_Swabia	father	Charles_III_Duke_of_Lorraine
Violant_of_Bar	father	Aimery_I_Viscount_of_Ch_tellerault
Berthold_I_of_Istria	father	Fulk_III_Count_of_Anjou
Peter_of_Courtenay_Lord_of_Conches	father	Werner_I_Count_of_Klettgau
Matilda_of_B_thune	father	Rudolf_I_of_Germany
Louise__lisabeth_of_France	father	Baldwin_VI_Count_of_Flanders
Eleanor_of_Alburquerque	father	Robert_I_of_France
Gerard_Duke_of_Lorraine	father	Ramon_Berenguer_II_Count_of_Barcelona
Giovanni_di_Bicci_de_Medici	father	Philip_V_of_Spain
Albert_IV_Count_of_Habsburg	father	William_IV_Duke_of_Aquitaine
Ebalus_Duke_of_Aquitaine	father	John_Stewart_of_Darnley
Maria_Christina_of_the_Two_Sicilies	father	Richard_Woodville_1st_Earl_Rivers
Hedwig_of_Bavaria	father	Thomas_Holland_2nd_Earl_of_Kent
Margaret_of_Valois	father	Albert_II_of_Germany
Otto_V_Duke_of_Brunswic_L_neburg	father	Arnulf_I_Count_of_Flanders
Sunyer_Count_of_Barcelona	father	Olof_Sk_tkonung
Werner_I_Count_of_Klettgau	father	William_VIII_Duke_of_Aquitaine
Maud_Chaworth	father	Hugh_IV_Duke_of_Burgundy
Otto_II_Count_of_Habsburg	father	Rurik
Oberto_II_Margrave_of_Milan	father	Matthias_II_Duke_of_Lorraine
Ingeborg_of_Denmark_Queen_of_France	father	Otto_I_Count_of_Scheyern
Giovanni_il_Popolano	spouse	Philip_VI_of_France
_thelwulf_King_of_Wessex	spouse	Maud_of_Apulia
_thelwulf_King_of_Wessex	spouse	Alfonso_VIII_of_Castile
Robert_II_of_Scotland	spouse	Louis_Philippe_I_Duke_of_Orl_ans
Walter_Stewart_6th_High_Steward_of_Scotland	spouse	Catherine_I_Latin_Empress
Luitgarde_of_Vermandois	spouse	Mary_of_Avesnes
Luitgarde_of_Vermandois	spouse	William_Duke_of_J_lich_Cleves_Berg
Leopold_Duke_of_Lorraine	spouse	Ernest_Augustus_Elector_of_Hanover
Afonso_II_of_Portugal	spouse	Louis_II_of_Anjou
Amicie_de_Courtenay	spouse	Louis_II_Duke_of_Bavaria
Charles_Emmanuel_III_of_Sardinia	spouse	Hedwig_of_Babenberg
Charles_Emmanuel_III_of_Sardinia	spouse	Blanche_of_Navarre_Duchess_of_Brittany
Margaret_of_Austria_Queen_of_Spain	spouse	Cosimo_I_de_Medici_Grand_Duke_of_Tuscany
Charles_Count_of_Valois	spouse	Ermentrude_de_Roucy
Charles_Count_of_Valois	spouse	Louis_Antoine_Duke_of_Angoul_me
Charles_Count_of_Valois	spouse	Ferdinand_IV_of_Castile
Isabella_of_Valois_Duchess_of_Bourbon	spouse	Antoinette_of_Bourbon
Anne_of_Austria	spouse	Maria_Salviati
Henry_II_of_Castile	spouse	Ramon_Berenguer_I_Count_of_Barcelona
Lucrezia_Tornabuoni	spouse	Louis_Duke_of_Orl_ans_1703_1752
Stephen_III_Duke_of_Bavaria	spouse	Lorenzo_the_Elder
Albert_I_of_Germany	spouse	Joanna_of_Flanders
Igor_of_Kiev	spouse	James_I_of_Aragon
Olga_of_Kiev	spouse	Beatrice_of_Navarre_Duchess_of_Burgundy
Matthias_I_Duke_of_Lorraine	spouse	Philippe_I_Duke_of_Orl_ans
Adelaide_of_Leuven	spouse	Marie__milie_de_Joly_de_Choin
Wilhelmine_Amalie_of_Brunswick	spouse	Matilda_of_Boulogne_Duchess_of_Brabant
Philippe_II_Duke_of_Orl_ans	spouse	Odoardo_Farnese_Hereditary_Prince_of_Parma
Empress_Matilda	spouse	Marie_Louise_Duchess_of_Parma
Philippa_of_Luxembourg	spouse	Violant_of_Aragon
John_II_Count_of_Holland	spouse	Philip_II_of_France
Frederick_Prince_of_Wales	spouse	Eleanor_of_Viseu
Caroline_of_Ansbach	spouse	Magdalene_Sibylle_of_Prussia
Maria_Beatrice_d_Este_Duchess_of_Massa	spouse	Charles_the_Simple
Francis_IV_Duke_of_Modena	spouse	Charles_the_Bald
Rudolph_of_France	spouse	Margaret_of_Geneva
Ren__II_Duke_of_Lorraine	spouse	Hemma
Sophia_of_Brandenburg	spouse	Hugh_the_Great
Henry_the_Fowler	spouse	Elisabeth_of_Austria_Duchess_of_Lorraine
Gerberga_of_Saxony	spouse	John_the_Fearless
Gerberga_of_Saxony	spouse	Violant_of_Bar
Gertrude_of_S_pplingenburg	spouse	Marie_Jeanne_Baptiste_of_Savoy_Nemours
Ren__of_Anjou	spouse	Joan_Countess_of_Ponthieu
Ren__of_Anjou	spouse	Mary_of_Waltham
Mary_of_Guise	spouse	Charles_Emmanuel_III_of_Sardinia
John_VI_of_Vend_me	spouse	Ermengarde_of_Anjou_Duchess_of_Burgundy
Maria_of_Montpellier	spouse	Henry_III_of_France
Beatrice_of_England	spouse	William_I_Count_of_Hainaut
Arthur_II_Duke_of_Brittany	spouse	Rudolph_II_of_Burgundy
Louis_Duke_of_Burgundy	spouse	Theobald_II_Count_of_Champagne
Philip_I_Landgrave_of_Hesse	spouse	John_I_Duke_of_Brittany
Louis_II_Duke_of_Bavaria	spouse	Henry_III_of_England
Louis_II_Duke_of_Bavaria	spouse	Charles_Brandon_1st_Duke_of_Suffolk
Maria_of_Brabant_Duchess_of_Bavaria	spouse	Eleanor_of_Lancaster
Alice_Holland_Countess_of_Kent	spouse	Louis_Jean_Marie_de_Bourbon_Duke_of_Penthi_vre
Eleanor_of_Lancaster	spouse	Guy_Count_of_Flanders
Blanche_of_Brittany	spouse	Cymburgis_of_Masovia
Margaret_Stewart_Dauphine_of_France	spouse	Yolande_of_Dreux_Queen_of_Scotland
Francis_I_Holy_Roman_Emperor	spouse	Lorenzo_de_Medici_Duke_of_Urbino
Maria_Teresa_Cybo_Malaspina_Duchess_of_Massa	spouse	Louis_Duke_of_Burgundy
Maria_Teresa_Cybo_Malaspina_Duchess_of_Massa	spouse	Charles_VI_Holy_Roman_Emperor
Leopold_II_Holy_Roman_Emperor	spouse	Mary_of_Hungary_Queen_of_Naples
Margaret_II_Countess_of_Hainaut	spouse	Rainier_Marquis_of_Montferrat
Elisabeth_of_Cleves	spouse	Ferdinand_II_of_Aragon
Marie_Ad_la_de_of_Savoy	spouse	Henry_IV_of_England
Odo_of_France	spouse	Sancho_Alfonso
Henry_I_Count_of_Champagne	spouse	Boso_Margrave_of_Tuscany
Princess_Christine_Louise_of_Oettinge_Oettingen	spouse	Louis_XIV
Henry_I_of_France	spouse	Edward_I_of_England
Henry_I_of_France	spouse	Olof_Sk_tkonung
Philip_I_of_France	spouse	Albert_V_Duke_of_Bavaria
Philip_I_of_France	spouse	Pepin_the_Short
Beatriz_Pereira_de_Alvim	spouse	Dulce_of_Aragon
Anne_Marie_d_Orl_ans	spouse	Henrietta_of_England
Henrietta_of_England	spouse	Hedwig_of_Saxony
Lorenzo_de_Medici_Duke_of_Urbino	spouse	Gertrude_of_Saxony
Blanche_of_Navarre_Queen_of_France	spouse	Anna_of_Nassau_Dillenburg
Philip_III_of_Navarre	spouse	_lfthryth_Countess_of_Flanders
Richardis	spouse	Fran_oise_d_Aubign__Marquise_de_Maintenon
Sancho_I_of_Portugal	spouse	Eleonore_of_Austria_Queen_of_Poland
Afonso_I_of_Portugal	spouse	William_the_Younger_Duke_of_Brunswic_L_neburg
Thierry_Count_of_Flanders	spouse	Saint_Margaret_of_Scotland
Maria_Josepha_of_Austria	spouse	Cosimo_I_de_Medici_Grand_Duke_of_Tuscany
Ramon_Berenguer_IV_Count_of_Barcelona	spouse	Agnes_of_Merania
Ramon_Berenguer_III_Count_of_Barcelona	spouse	Countess_Sophia_Albertine_of_Erbach_Erbach
Louise_of_Savoy	spouse	Elizabeth_of_Luxembourg
Philip_II_Duke_of_Savoy	spouse	Robert_II_of_Scotland
John_II_of_France	spouse	Louis_IV_of_France
Joan_the_Lame	spouse	Henry_VII_Holy_Roman_Emperor
Baldwin_IV_Count_of_Hainaut	spouse	Rozala_of_Italy
Louis_Dauphin_of_France_son_of_Louis_XIV	spouse	Peter_I_of_Portugal
Louis_Dauphin_of_France_son_of_Louis_XIV	spouse	Odo_I_Duke_of_Burgundy
Louis_XIV	spouse	Frederick_II_Duke_of_Saxe_Gotha_Altenburg
Louis_XIV	spouse	Rupert_King_of_the_Romans
Louis_XIV	spouse	Ethelinde_of_Northeim
Adelaide_of_Tours	spouse	Otto_II_Duke_of_Bavaria
Adelaide_of_Tours	spouse	Frederick_Louis_Hereditary_Grand_Duke_of_Mecklenburg_Schwerin
Robert_the_Strong	spouse	Charles_Duke_of_Orl_ans
Joan_II_of_Navarre	spouse	Fran_oise_Ath_na_s_de_Rochechouart_Marquise_de_Montespan
Charles_IV_of_France	spouse	Olga_of_Kiev
Charles_IV_of_France	spouse	Otto_William_Count_of_Burgundy
Charles_IV_of_France	spouse	Lambert_I_Count_of_Louvain
Magdalene_Sibylle_of_Prussia	spouse	Elisabeth_of_Austria_Queen_of_France
Marie_Eleonore_of_Cleves	spouse	Marie_Countess_of_Harcourt
Yaroslav_the_Wise	spouse	Otto_I_Duke_of_Brunswic_L_neburg
Charles_VI_Holy_Roman_Emperor	spouse	Engeltrude_de_F_zensac
Victor_Amadeus_II_of_Sardinia	spouse	Marie_de_Medici
Ferdinand_I_of_the_Two_Sicilies	spouse	John_I_of_Portugal
Ferdinand_I_of_the_Two_Sicilies	spouse	Bertha_of_Swabia
Hugh_III_Duke_of_Burgundy	spouse	Otto_IV_Count_of_Burgundy
Hugh_III_Duke_of_Burgundy	spouse	Jeanne_d_Albret
Marie_Countess_of_Ponthieu	spouse	Hugh_de_Courtenay
William_IV_Count_of_Ponthieu	spouse	Urraca_of_Le_n
Louis_I_Duke_of_Orl_ans	spouse	Willa_of_Burgundy
Charles_V_of_France	spouse	Peter_II_of_Aragon
William_X_Duke_of_Aquitaine	spouse	Sibylla_of_Anjou
Philippa_Countess_of_Toulouse	spouse	Louise_of_Lorraine
John_VIII_Count_of_Vend_me	spouse	Charles_Emmanuel_II_Duke_of_Savoy
Eleanor_of_Provence	spouse	Charles_the_Bold
Charles_Emmanuel_II_Duke_of_Savoy	spouse	Maria_Theresa_of_Austria_Este_Queen_of_Sardinia
Charles_Emmanuel_II_Duke_of_Savoy	spouse	Humphrey_de_Bohun_7th_Earl_of_Hereford
Joan_II_Countess_of_Burgundy	spouse	Adela_of_Normandy
John_II_of_Aragon	spouse	Henry_I_Count_of_Champagne
John_II_of_Aragon	spouse	Princess_Marie_Isabelle_of_Orl_ans
James_III_of_Scotland	spouse	Elizabeth_Charlotte_Madame_Palatine
Mary_of_Guelders	spouse	Henry_the_Lion
Philippa_of_Hainault	spouse	John_III_Count_of_Auvergne
Joan_of_Valois_Countess_of_Hainaut	spouse	Clarice_Orsini
Matilda_of_Frisia	spouse	Guy_IV_Count_of_Saint_Pol
Clementia_of_Hungary	spouse	Stephen_III_Duke_of_Bavaria
Louis_X_of_France	spouse	Fulk_King_of_Jerusalem
Maud_of_Apulia	spouse	Alfonso_XI_of_Castile
Charles_the_Simple	spouse	Dorothea_of_Denmark_Duchess_of_Brunswic_L_neburg
Countess_Palatine_Dorothea_Sophie_of_Neuburg	spouse	Hildegarde_of_Burgundy
Elisabeth_Farnese	spouse	Frederick_II_Duke_of_Brunswic_L_neburg
Ermentrude_of_Orl_ans	spouse	Sviatoslav_I
Magnus_II_Duke_of_Brunswic_L_neburg	spouse	Frederick_IV_Duke_of_Lorraine
Alfonso_II_Count_of_Provence	spouse	John_of_Montfort
Rudolf_I_of_Germany	spouse	Louis_III_Landgrave_of_Thuringia
Rudolf_I_of_Germany	spouse	Simon_I_Duke_of_Lorraine
Gertrude_of_Hohenberg	spouse	Isabella_of_Portugal_Duchess_of_Burgundy
Beatrice_of_Portugal_died_1381	spouse	Marie_Countess_of_Ponthieu
Catalina_Micaela_of_Spain	spouse	Louis_I_Duke_of_Bavaria
Mary_of_Burgundy_Duchess_of_Cleves	spouse	Theobald_I_of_Navarre
Mary_of_Burgundy	spouse	Floris_I_Count_of_Holland
Claude_Fran_oise_de_Lorraine	spouse	Godfrey_I_Count_of_Louvain
Nicholas_Francis_Duke_of_Lorraine	spouse	Eleanor_of_Provence
Lutgardis_of_Luxemburg	spouse	Leopold_III_Duke_of_Austria
Otto_I_Duke_of_Saxony	spouse	Sibylla_of_Burgundy_Duchess_of_Burgundy
Hedwig_of_Babenberg	spouse	Ercole_III_d_Este_Duke_of_Modena
Alfonso_X_of_Castile	spouse	Joseph_I_Holy_Roman_Emperor
Landgravine_Elisabeth_Amalie_of_Hesse_Darmstadt	spouse	Peter_I_Duke_of_Bourbon
James_II_of_Scotland	spouse	Ingeborg_of_Denmark_Queen_of_France
Willa_of_Tuscany	spouse	Hugh_IV_Duke_of_Burgundy
Boso_Margrave_of_Tuscany	spouse	Theodoric_II_Duke_of_Lorraine
Frederick_III_Holy_Roman_Emperor	spouse	Robert_II_of_France
Cymburgis_of_Masovia	spouse	Anna_Maria_of_Mecklenburg_Schwerin
Maria_Anna_of_Bavaria_born_1551	spouse	Archduchess_Maria_Clementina_of_Austria
Albert_V_Duke_of_Bavaria	spouse	Otto_IV_Count_of_Scheyern
Maria_Luisa_of_Spain	spouse	Agnes_of_France_Duchess_of_Burgundy
Charles_III_of_Spain	spouse	Vladimir_the_Great
Henry_the_Lion	spouse	Henri_Count_of_Chambord
Henry_the_Lion	spouse	Bonne_of_Artois
Otto_IV_Count_of_Burgundy	spouse	Louis_XIII
Isabel_of_Barcelos	spouse	Richard_Woodville_1st_Earl_Rivers
Ferdinand_II_of_Aragon	spouse	Ermengarde_Countess_of_Maine
Ferdinand_II_of_Aragon	spouse	Elizabeth_Woodville
Willa_of_Burgundy	spouse	John_II_of_Aragon
Rudolph_II_of_Burgundy	spouse	Blanca_of_Navarre_Queen_of_Castile
Mahaut_of_Ch_tillon	spouse	Louis_Count_of__vreux
Eug_nie_de_Montijo	spouse	Emma_of_France
Clemence_of_Austria	spouse	Louis_Dauphin_of_France_son_of_Louis_XIV
Peter_I_Duke_of_Bourbon	spouse	Vladislaus_II_of_Hungary
Mary_of_Avesnes	spouse	Marie_of_Luxembourg_Countess_of_Vend_me
Joan_I_Countess_of_Auvergne	spouse	Arnulf_Count_of_Holland
Henry_V_of_England	spouse	Agnes_of_Burgundy_Duchess_of_Aquitaine
Albert_II_of_Germany	spouse	Louise__lisabeth_of_France
Joan_of__vreux	spouse	Adelaide_of_Paris
Louis_Count_of__vreux	spouse	Manuel_I_of_Portugal
Otto_I_Duke_of_Brunswic_L_neburg	spouse	Henry_I_Duke_of_Brabant
A_nor_de_Ch_tellerault	spouse	Fulk_King_of_Jerusalem
Louis_I_Duke_of_Bourbon	spouse	Philip_II_of_Spain
Osburh	spouse	Philip_V_of_France
Marie_Antoinette	spouse	Countess_Palatine_Dorothea_Sophie_of_Neuburg
Charles_III_Duke_of_Savoy	spouse	Margaret_of_Provence
Margaret_of_Bourbon_1438_1483	spouse	Henry_I_of_England
Maria_Theresa_of_Austria_Este_Queen_of_Sardinia	spouse	Janus_of_Cyprus
Vladimir_the_Great	spouse	Maximilian_II_Holy_Roman_Emperor
Vladimir_the_Great	spouse	Frederick_II_Margrave_of_Meissen
John_of_Montfort	spouse	Odo_IV_Duke_of_Burgundy
Fulk_King_of_Jerusalem	spouse	Charles_Duke_of_Vend_me
Geoffrey_Plantagenet_Count_of_Anjou	spouse	Robert_II_of_France
Henry_III_of_France	spouse	Geoffrey_II_Count_of_G_tinais
Edward_III_of_England	spouse	Catherine_of_Valois
Marjorie_Bruce	spouse	Ermentrude_of_Orl_ans
Emma_of_Italy	spouse	Adolph_I_Duke_of_Cleves
Marie_Jos_phine_of_Savoy	spouse	Urraca_of_Portugal
Victor_Amadeus_III_of_Sardinia	spouse	Albert_I_Duke_of_Bavaria
Louis_XII	spouse	Isabella_Countess_of_Gloucester
Louis_XII	spouse	Maria_Anna_Victoria_of_Bavaria
Philip_I_of_Castile	spouse	A_nor_de_Ch_tellerault
Ramon_Borrell_Count_of_Barcelona	spouse	Baldwin_IV_Count_of_Flanders
Edward_Count_Palatine_of_Simmern	spouse	Alexandre_de_Beauharnais
Frederick_II_Count_of_Vaud_mont	spouse	Maria_Josepha_of_Saxony_Dauphine_of_France
Eleanor_of_Castile	spouse	Christian_III_Count_Palatine_of_Zweibr_cken
Alfonso_IX_of_Le_n	spouse	Haziga_of_Diessen
Alfonso_IX_of_Le_n	spouse	Theresa_of_Portugal_Countess_of_Flanders
Urraca_of_Portugal	spouse	Blanche_of_Lancaster
Charles_VIII_of_France	spouse	Matthew_I_of_Montmorency
Louis_XI	spouse	Margaret_of_Savoy_Countess_of_Saint_Pol
Henry_IV_of_England	spouse	Mary_Tudor_Queen_of_France
Adela_of_Normandy	spouse	Margaret_II_Countess_of_Flanders
Stephen_Count_of_Blois	spouse	Maria_Beatrice_d_Este_Duchess_of_Massa
Cosimo_I_de_Medici_Grand_Duke_of_Tuscany	spouse	Marie_of_France_Duchess_of_Brabant
Camilla_Martelli	spouse	Theobald_III_Count_of_Champagne
Raymond_of_Burgundy	spouse	Fran_oise_Madeleine_d_Orl_ans
Marie_Countess_of_Harcourt	spouse	Joan_of_Valois_Countess_of_Hainaut
Lothair_II_of_Italy	spouse	Louis_II_Duke_of_Bavaria
Jacquetta_of_Luxembourg	spouse	Christine_of_Hesse
Ernest_Augustus_Elector_of_Hanover	spouse	Louis_Dauphin_of_France_son_of_Louis_XV
Margaret_of_Anjou	spouse	Vladimir_the_Great
Charlotte_of_Bourbon_Queen_of_Cyprus	spouse	Charles_IV_of_France
John_I_Count_of_La_Marche	spouse	Francis_I_of_France
Matilda_II_Countess_of_Boulogne	spouse	Anna_Maria_of_Ostfriesland
Louis_IV_of_France	spouse	Ferdinand_Philippe_Duke_of_Orl_ans
Rogneda_of_Polotsk	spouse	James_I_of_Aragon
In_s_de_Castro	spouse	Gerberga_of_Saxony
Louis_V_of_France	spouse	Philip_II_of_Spain
Marie_of_Luxembourg_Queen_of_France	spouse	Sigismund_Holy_Roman_Emperor
Henry_VII_Holy_Roman_Emperor	spouse	Louis_XVI
Saint_Margaret_of_Scotland	spouse	Estrid_of_the_Obotrites
Malcolm_III_of_Scotland	spouse	Lucienne_of_Rochefort
_lfthryth_Countess_of_Flanders	spouse	Ferdinand_II_of_Le_n
Adela_of_Milan	spouse	John_II_Count_of_Holland
Louis_XIII	spouse	Ingegerd_Olofsdotter_of_Sweden
Charles_the_Bald	spouse	Isabella_of_Angoul_me
Rudolph_Duke_of_Lorraine	spouse	Louise_Marie_Ad_la_de_de_Bourbon_Duchess_of_Orl_ans
Otto_IV_Count_of_Scheyern	spouse	Philippa_Countess_of_Toulouse
Beatrice_of_Albon	spouse	Eleanor_of_Alburquerque
Piero_di_Cosimo_de_Medici	spouse	Victor_Amadeus_I_Duke_of_Savoy
Contessina_de_Bardi	spouse	Adolf_Duke_of_Holstei_Gottorp
Odo_IV_Duke_of_Burgundy	spouse	Aelis
Joan_III_Countess_of_Burgundy	spouse	Claude_Duke_of_Guise
Elisabeth_of_France_1602_1644	spouse	Bertha_Duchess_of_Lorraine
William_I_Count_of_Hainaut	spouse	Maria_Christina_of_the_Two_Sicilies
Yolanda_of_Courtenay	spouse	Alice_of_Namur
Baldwin_II_Count_of_Hainaut	spouse	John_King_of_England
Constance_of_Arles	spouse	Ferdinand_I_of_Aragon
Adelaide_of_Auxerre_born_c._870	spouse	Odo_III_Duke_of_Burgundy
Waldrada_of_Worms	spouse	Isabella_I_of_Castile
James_I_of_Aragon	spouse	Adelaide_of_Auxerre_born_c._870
James_I_of_Aragon	spouse	Francis_II_of_France
James_I_of_Aragon	spouse	Afonso_IV_of_Portugal
Teresa_Gil_de_Vidaure	spouse	John_of_Bohemia
Fran_oise_d_Aubign__Marquise_de_Maintenon	spouse	Yolanda_of_Courtenay
Fran_oise_d_Aubign__Marquise_de_Maintenon	spouse	Francis_II_Duke_of_Brittany
Maria_Amalia_of_Naples_and_Sicily	spouse	Berenguer_Ramon_I_Count_of_Barcelona
Matilda_of_Scotland	spouse	Berthold_II_Count_of_Andechs
John_Beaufort_1st_Earl_of_Somerset	spouse	Volodar_Glebovich_Prince_of_Minsk
Charles_Emmanuel_I_Duke_of_Savoy	spouse	Urraca_of_Castile_Queen_of_Portugal
Maria_Amalia_of_Saxony	spouse	Eadgifu_of_Wessex
Henry_I_Duke_of_Brabant	spouse	Alfonso_XI_of_Castile
Henry_I_Duke_of_Brabant	spouse	Anna_Canalis_di_Cumiana
Isabella_of_Hainault	spouse	Blanche_of_Burgundy
Margaret_I_Countess_of_Flanders	spouse	Germaine_of_Foix
Archduchess_Maria_Clementina_of_Austria	spouse	Beatrice_of_Albon
Charles_VII_of_France	spouse	Afonso_I_of_Portugal
Urraca_L_pez_de_Haro	spouse	Ferdinand_Karl_Archduke_of_Austria_Este
Charles_IX_of_France	spouse	Anna_von_Campe
Francis_II_of_France	spouse	Augustus_Duke_of_Saxe_Weissenfels
Margaret_of_Brabant	spouse	Madame_de_Montesson
Philip_IV_of_France	spouse	Maud_FitzJohn_Countess_of_Warwick
Philip_III_of_France	spouse	Charles_IX_of_France
Baldwin_II_Margrave_of_Flanders	spouse	Ramon_Berenguer_IV_Count_of_Barcelona
Margaret_of_Bavaria	spouse	Anna_of_Glogau
Louis_IX_of_France	spouse	Anne_of_Brittany
Violant_of_Hungary	spouse	Eleanor_of_Castile_died_1244
Ferdinand_II_of_Le_n	spouse	Claude_Fran_oise_de_Lorraine
Ferdinand_II_of_Le_n	spouse	Mary_Queen_of_Scots
Ferdinand_II_of_Le_n	spouse	George_II_of_Great_Britain
Alfonso_VII_of_Le_n_and_Castile	spouse	Emmanuel_Philibert_Duke_of_Savoy
Isabella_of_Aragon_Queen_of_France	spouse	Helena_of_Denmark
Juana_Enr_quez	spouse	Philip_IV_of_Spain
Reginald_I_Count_of_Burgundy	spouse	Alfonso_X_of_Castile
Ermentrude_de_Roucy	spouse	Philip_II_of_France
Charles_Prince_of_Anhalt_Zerbst	spouse	John_King_of_England
Ferdinand_I_of_Aragon	spouse	George_Duke_of_Brunswic_Calenberg
Robert_I_Duke_of_Burgundy	spouse	Constance_of_Arles
Robert_I_Duke_of_Burgundy	spouse	Berengaria_of_Barcelona
Robert_III_of_Scotland	spouse	Robert_II_Count_of_Artois
Louis_the_Stammerer	spouse	Stephen_III_Duke_of_Bavaria
Louis_the_Stammerer	spouse	Catalina_Micaela_of_Spain
Guilla_of_Provence	spouse	Francis_Count_of_Vend_me
Rudolph_I_of_Burgundy	spouse	Ferdinand_VII_of_Spain
Philippe_I_Duke_of_Orl_ans	spouse	Beatriz_Pereira_de_Alvim
Philippe_I_Duke_of_Orl_ans	spouse	Margaret_Lyle
Helie_of_Semur	spouse	Ermengarde_of_Hesbaye
Marie_Jeanne_Baptiste_of_Savoy_Nemours	spouse	Charles_Emmanuel_III_of_Sardinia
Sophia_of_Minsk	spouse	Matthias_I_Duke_of_Lorraine
Sophia_of_Minsk	spouse	Adelaide_Blanche_of_Anjou
Ferdinand_III_of_Castile	spouse	Elizabeth_Mure
Ferdinand_III_of_Castile	spouse	John_George_I_Elector_of_Saxony
Maria_of_Aragon_Queen_of_Portugal	spouse	Marie_of_Brittany_Countess_of_Saint_Pol
Adolphus_Frederick_I_Duke_of_Mecklenburg_Schwerin	spouse	Berengaria_of_Castile
Fran_oise_Ath_na_s_de_Rochechouart_Marquise_de_Montespan	spouse	Anne_of_Bohemia_and_Hungary
Fran_oise_Ath_na_s_de_Rochechouart_Marquise_de_Montespan	spouse	Thomas_Count_of_Savoy
Henry_III_Duke_of_Brabant	spouse	Eleanor_of_Aragon_Queen_of_Castile
Adelaide_of_Maurienne	spouse	_thelwulf_King_of_Wessex
Adelaide_of_Maurienne	spouse	Victor_Emmanuel_I_of_Sardinia
Matilda_of_Habsburg	spouse	Henry_the_Middle_Duke_of_Brunswic_L_neburg
Beatrice_of_Castile_1293_1359	spouse	Philippa_of_Luxembourg
Madeleine_de_La_Tour_d_Auvergne	spouse	Maria_Theresa_of_Spain
Emmanuel_Philibert_Duke_of_Savoy	spouse	Lothair_II_of_Italy
Margaret_of_Valois_Duchess_of_Berry	spouse	Henry_the_Lion
Owen_Tudor	spouse	Lothair_of_France
Philip_V_of_Spain	spouse	Baldwin_VI_Count_of_Flanders
Philip_V_of_Spain	spouse	John_IV_Duke_of_Brittany
Charlotte_of_Mecklenburg_Strelitz	spouse	William_VIII_Duke_of_Aquitaine
Blanche_of_Castile	spouse	Anne_Gonzaga
Maximilian_I_Holy_Roman_Emperor	spouse	Anne_of_Austria
Maximilian_I_Holy_Roman_Emperor	spouse	Isabella_de_Beauchamp
Bianca_Maria_Sforza	spouse	Odo_II_Count_of_Blois
John_II_of_Portugal	spouse	Albert_II_of_Germany
Theobald_III_Count_of_Champagne	spouse	Blanche_of_Castile
Odo_I_Duke_of_Burgundy	spouse	Margaret_of_Foix
Antoinette_of_Bourbon	spouse	Antoine_Duke_of_Montpensier
Louis_XVIII	spouse	Charles_Emmanuel_I_Duke_of_Savoy
Maria_Josepha_of_Saxony_Dauphine_of_France	spouse	Hugh_III_Duke_of_Burgundy
Joan_Beaufort_Queen_of_Scots	spouse	Walter_Stewart_6th_High_Steward_of_Scotland
Hugh_the_Great	spouse	William_of_Winchester_Lord_of_Lunenburg
Louis_the_German	spouse	Landgravine_Elisabeth_Amalie_of_Hesse_Darmstadt
Charles_the_Fat	spouse	Douce_I_Countess_of_Provence
Margaret_Lyle	spouse	Sophia_of_Holstei_Gottorp
Gertrude_of_Flanders_Duchess_of_Lorraine	spouse	Berengar_II_of_Italy
Theodoric_II_Duke_of_Lorraine	spouse	Gertrude_of_Saxony
Ferdinand_I_Holy_Roman_Emperor	spouse	Alfonso_II_Count_of_Provence
Louis_Dauphin_of_France_son_of_Louis_XV	spouse	Francis_II_Duke_of_Brittany
Theobald_I_of_Navarre	spouse	Henry_I_of_France
Theobald_I_of_Navarre	spouse	Richeza_of_Poland_Queen_of_Sweden
Blanche_of_Navarre_Countess_of_Champagne	spouse	Adelaide_of_Holland
Marie_Caroline_of_Bourbo_Two_Sicilies_Duchess_of_Berry	spouse	Mar_a_Isabella_of_Spain
Charles_I_Duke_of_Bourbon	spouse	Philip_the_Good
Agnes_of_Burgundy_Duchess_of_Bourbon	spouse	Anne_of_Kiev
Bianca_Maria_Visconti	spouse	Rudolph_I_of_Burgundy
Francesco_I_Sforza	spouse	Adelaide_of_Tours
Archduchess_Anna_of_Austria	spouse	Philip_I_of_Castile
Charlotte_of_Savoy	spouse	Dorotea_Gonzaga
Elisabeth_of_Sicily_Duchess_of_Bavaria	spouse	Yaroslav_the_Wise
Eleanor_of_Aquitaine	spouse	Clementia_of_Z_hringen
Benedicta_Henrietta_of_the_Palatinate	spouse	Maria_Carolina_of_Austria
Richard_Woodville_1st_Earl_Rivers	spouse	Sophia_of_Hanover
Mary_Queen_of_Scots	spouse	John_II_of_Aragon
Mary_Queen_of_Scots	spouse	Bertrade_of_Montfort
Mary_Queen_of_Scots	spouse	Margaret_of_Valois
Hildegard_of_the_Vinzgau	spouse	Frederick_II_Count_of_Vaud_mont
Anne_of_Brittany	spouse	Victor_Amadeus_III_of_Sardinia
Anne_of_Brittany	spouse	Juana_Enr_quez
Anne_of_Brittany	spouse	Ernest_Duke_of_Austria
_lffl_d_wife_of_Edward_the_Elder	spouse	Duchess_Helene_of_Mecklenburg_Schwerin
Eadhild	spouse	Beatrice_of_Avesnes
Humbert_II_Count_of_Savoy	spouse	Louis_Henri_de_Pardaillan_de_Gondrin
Rozala_of_Italy	spouse	Bolko_I_the_Strict
Adelaide_of_Holland	spouse	Countess_Palatine_Caroline_of_Zweibr_cken
Matilda_of_Saxony_countess_of_Flanders	spouse	Isabella_of_Bourbon
Baldwin_III_Count_of_Flanders	spouse	Ferdinand_II_of_Aragon
Alfred_the_Great	spouse	James_III_of_Scotland
Dorothea_of_Denmark_Duchess_of_Brunswic_L_neburg	spouse	Ida_Countess_of_Hainaut
William_the_Younger_Duke_of_Brunswic_L_neburg	spouse	Christine_of_Saxony
Godfrey_I_Count_of_Louvain	spouse	Joan_I_of_Navarre
Godfrey_I_Count_of_Louvain	spouse	Margaret_of_Burgundy_Queen_of_France
Isabella_of_France	spouse	Francesco_I_de_Medici_Grand_Duke_of_Tuscany
Joan_I_of_Navarre	spouse	Louis_the_Pious
Valentina_Visconti_Duchess_of_Orl_ans	spouse	Elisabeth_of_Nuremberg
Elisabeth_Christine_of_Brunswic_Wolfenb_ttel	spouse	James_II_of_Scotland
Sancho_III_of_Castile	spouse	Charles_Prince_of_Anhalt_Zerbst
Berengaria_of_Barcelona	spouse	Alix_Duchess_of_Brittany
Conrad_I_Count_of_Auxerre	spouse	Lutgardis_of_Luxemburg
Alys_of_France_Countess_of_Vexin	spouse	Marie_Caroline_of_Bourbo_Two_Sicilies_Duchess_of_Berry
Maria_Manuela_Princess_of_Portugal	spouse	Joanna_of_Bourbon
Catherine_of_Vend_me	spouse	Robert_II_Duke_of_Burgundy
Charles_Duke_of_Vend_me	spouse	Mahaut_of_Ch_tillon
Andrew_II_of_Hungary	spouse	Matthew_Stewart_2nd_Earl_of_Lennox
Margaret_of_Foix	spouse	James_I_of_Aragon
Margaret_of_Foix	spouse	John_I_Duke_of_Brabant
Margaret_of_Foix	spouse	Theobald_III_Count_of_Blois
Prince_Philippe_Count_of_Paris	spouse	Margaret_of_Artois
Constanza_Manuel	spouse	Rudolf_I_of_Germany
Elizabeth_Charlotte_Madame_Palatine	spouse	Charles_Count_of_Valois
William_Longsword	spouse	Elisabeth_of_Sicily_Duchess_of_Bavaria
Elisabeth_Therese_of_Lorraine	spouse	Marie_Louise_Duchess_of_Parma
Agatha_wife_of_Edward_the_Exile	spouse	Edward_IV_of_England
Yolande_Duchess_of_Lorraine	spouse	Marie_Antoinette
Robert_II_of_France	spouse	Matilda_of_Carinthia
Robert_II_of_France	spouse	Maria_Christina_of_the_Two_Sicilies
Robert_II_of_France	spouse	Magnus_the_Strong
Hugh_IV_Duke_of_Burgundy	spouse	Fran_oise_Ath_na_s_de_Rochechouart_Marquise_de_Montespan
Hugh_IV_Duke_of_Burgundy	spouse	Eugene_Jean_Count_of_Soissons
Frederick_IV_Duke_of_Lorraine	spouse	Adelaide_of_Maurienne
Elizabeth_of_Luxembourg	spouse	Ingegerd_Olofsdotter_of_Sweden
Anna_Eleonore_of_Hesse_Darmstadt	spouse	Beatrice_of_Brandenburg
Simon_I_Duke_of_Lorraine	spouse	James_I_of_Scotland
Empress_Jos_phine	spouse	Louis_XII
James_Hepburn_4th_Earl_of_Bothwell	spouse	Beatrice_of_Bourbon_Queen_of_Bohemia
Ludmilla_of_Bohemia	spouse	Berthold_Duke_of_Merania
William_de_Beauchamp_9th_Earl_of_Warwick	spouse	Isabelle_de_Beauvau
Maud_FitzJohn_Countess_of_Warwick	spouse	Gerberga_of_Saxony
Anna_Maria_of_Mecklenburg_Schwerin	spouse	Carlo_Buonaparte
Stephen_II_Duke_of_Bavaria	spouse	Charlotte_Agla__d_Orl_ans
Agnes_of_France_Duchess_of_Burgundy	spouse	Beatrice_Regina_della_Scala
Louis_XVI	spouse	Beatrice_of_Portugal_Duchess_of_Savoy
Louis_XVI	spouse	Ferdinand_II_of_Le_n
Marie_Th_r_se_of_France	spouse	Margaret_of_Anjou
Sophia_of_Istria	spouse	Galeazzo_Maria_Sforza
Henry_VI_of_England	spouse	Jeanne_de_Bourbon_Duchess_of_Bourbon
William_VIII_Duke_of_Aquitaine	spouse	Yolande_of_Dreux_Duchess_of_Burgundy
Richard_Count_of__tampes	spouse	Marie_Ad_la_de_of_Savoy
Richard_Count_of__tampes	spouse	Peter_I_Duke_of_Brittany
John_VII_Duke_of_Mecklenburg_Schwerin	spouse	Charles_Duke_of_Orl_ans
John_Count_of_Chalon	spouse	Empress_Matilda
Margaret_of_Valois_Angoul_me	spouse	Owen_Tudor
William_IX_Duke_of_Aquitaine	spouse	John_IV_Duke_of_Brittany
William_IX_Duke_of_Aquitaine	spouse	Albert_Azzo_I_Margrave_of_Milan
Hildegarde_of_Burgundy	spouse	Marie_Louise_Duchess_of_Parma
Herbert_III_of_Omois	spouse	Francesco_I_Sforza
Countess_Sophia_Albertine_of_Erbach_Erbach	spouse	Eleanor_of_Austria
Francesco_I_de_Medici_Grand_Duke_of_Tuscany	spouse	Guilla_of_Provence
Matilda_of_Brandenburg_Duchess_of_Brunswic_L_neburg	spouse	Piero_di_Cosimo_de_Medici
Malusha	spouse	Sancho_I_of_Portugal
Helena_of_Denmark	spouse	Philip_II_of_France
Elizabeth_Gordon_Countess_of_Huntly	spouse	Augustus_III_of_Poland
Jean_Gordon_Countess_of_Bothwell	spouse	Christina_of_Denmark
Joan_Countess_of_Ponthieu	spouse	Afonso_III_of_Portugal
John_de_Beaumont_2nd_Baron_Beaumont	spouse	Maria_Amalia_of_Saxony
William_V_Duke_of_Aquitaine	spouse	Thomas_Holland_2nd_Earl_of_Kent
George_II_Landgrave_of_Hesse_Darmstadt	spouse	John_II_Duke_of_Brittany
John_I_Count_of_Hainaut	spouse	Margaret_Holland_Duchess_of_Clarence
Otto_I_Count_of_Scheyern	spouse	Frederick_I_Duke_of_Lorraine
Henri_Count_of_Chambord	spouse	John_II_of_France
Elisabeth_of_Austria_Duchess_of_Lorraine	spouse	George_Duke_of_Saxony
Louis_IV_Holy_Roman_Emperor	spouse	Philip_III_of_France
Louis_IV_Holy_Roman_Emperor	spouse	Ermengarde_of_Anjou_d._1146
Albert_II_Duke_of_Brunswic_L_neburg	spouse	Antoine_of_Navarre
Bolko_I_the_Strict	spouse	Alice_of_Vergy
Philip_VI_of_France	spouse	Anna_of_Holstei_Gottorp
Philip_VI_of_France	spouse	Catherine_of_Anhalt_Bernburg
Margaret_of_Brittany	spouse	Marie_of_Cleves_Duchess_of_Orl_ans
Maria_Teresa_Felicitas_d_Este	spouse	Raymond_of_Burgundy
Anna_Maria_of_Ostfriesland	spouse	Isabella_of_Hainault
John_the_Fearless	spouse	Margaret_of_Denmark_Queen_of_Scotland
Afonso_III_of_Portugal	spouse	Andrew_II_of_Hungary
Afonso_III_of_Portugal	spouse	Charles_Count_of_Angoul_me
Haziga_of_Diessen	spouse	Teresa_Fern_ndez_de_Traba
Beatrice_of_Silesia	spouse	Luitgarde_of_Vermandois
Matthew_Stewart_2nd_Earl_of_Lennox	spouse	Agnes_of_Burgundy_Duchess_of_Bourbon
Blanche_of_Burgundy	spouse	Giovanni_delle_Bande_Nere
Frederick_II_Duke_of_Saxe_Gotha_Altenburg	spouse	Beatrice_of_Castile_1242_1303
Louis_Antoine_Duke_of_Angoul_me	spouse	Richard_Fitzalan_3rd_Earl_of_Arundel
Margaret_of_Artois	spouse	Louis_IV_Holy_Roman_Emperor
Taddea_Visconti	spouse	Aimery_I_Viscount_of_Ch_tellerault
Otto_William_Count_of_Burgundy	spouse	Charles_Martel_of_Anjou
Maria_Beatrice_of_Savoy	spouse	Gaston_de_Foix_Count_of_Candale
Henry_IV_of_France	spouse	Adelaide_of_Tours
Henry_IV_of_France	spouse	Alfonso_IX_of_Le_n
Conrad_I_of_Burgundy	spouse	Charles_II_Archduke_of_Austria
Ferdinand_Karl_Archduke_of_Austria_Este	spouse	Theobald_I_of_Navarre
Berengaria_of_Castile	spouse	Fran_oise_d_Alen_on
Judith_of_Habsburg	spouse	Teresa_Gil_de_Vidaure
Margaret_of_Provence	spouse	Anne_Christine_of_Sulzbach_Princess_of_Piedmont
Bertha_of_Burgundy	spouse	Louis_I_Duke_of_Bourbon
Bertha_of_Burgundy	spouse	Louis_Philippe_I_Duke_of_Orl_ans
Rixa_of_Werle	spouse	Lucrezia_Tornabuoni
Eleanor_of_Austria	spouse	Godfrey_I_Count_of_Louvain
Eleanor_of_Austria	spouse	Gisela_of_Burgundy_Marchioness_of_Montferrat
Robert_Count_of_Clermont	spouse	Sancho_IV_of_Castile
Eadgifu_of_Wessex	spouse	Henry_II_of_England
Eadgifu_of_Wessex	spouse	Odo_I_Count_of_Orl_ans
Elisabeth_of_Austria_Queen_of_France	spouse	Louis_XVIII
Francis_I_of_France	spouse	Humbert_II_Count_of_Savoy
Isabella_of_Burgundy_Queen_of_Germany	spouse	Margaret_Stewart_Dauphine_of_France
Clementia_of_Z_hringen	spouse	Victor_Amadeus_II_of_Sardinia
Philip_II_of_France	spouse	Agatha_wife_of_Edward_the_Exile
Philip_II_of_France	spouse	Heilika_of_Lengenfeld
Philip_II_of_France	spouse	John_I_of_Aragon
Louis_the_Pious	spouse	Philip_I_of_France
Ernest_Duke_of_Austria	spouse	Clementia_of_Burgundy
Louis_Philippe_II_Duke_of_Orl_ans	spouse	Louis_II_of_Anjou
Jeanne_d_Albret	spouse	Otto_I_Count_of_Scheyern
Jeanne_d_Albret	spouse	Albert_II_Duke_of_Brunswic_L_neburg
Catherine_of_Foix_Countess_of_Candale	spouse	Louis_Dauphin_of_France_son_of_Louis_XIV
Wierzchoslawa_Ludmilla_of_Greater_Poland	spouse	Blanche_of_Brittany
Francesco_III_d_Este_Duke_of_Modena	spouse	Alys_of_France_Countess_of_Vexin
Ida_Countess_of_Hainaut	spouse	Clemence_of_Austria
Marie_of_Brittany_Countess_of_Saint_Pol	spouse	Henry_I_Duke_of_Brabant
Yolande_of_Aragon	spouse	Elizabeth_of_York
Joan_Fitzalan_Countess_of_Hereford	spouse	Edward_the_Elder
Robert_I_of_France	spouse	Otto_IV_Count_of_Burgundy
Sophie_of_Thuringia_Duchess_of_Brabant	spouse	Adam_Albert_von_Neipperg
Claude_of_France_1547_1575	spouse	Hedwig_of_Formbach
Philippa_of_Lancaster	spouse	Maria_of_Swabia
John_I_of_Castile	spouse	Philip_the_Good
John_I_of_Castile	spouse	Agust_n_Fernando_Mu_oz_y_S_nchez_1st_Duke_of_Ri_nsares
Albert_Azzo_II_Margrave_of_Milan	spouse	Victor_Amadeus_II_of_Sardinia
Henry_III_of_England	spouse	Anabella_Drummond
Louis_VIII_of_France	spouse	Matilda_of_Brandenburg_Duchess_of_Brunswic_L_neburg
John_King_of_England	spouse	Isabella_of_Valois
John_King_of_England	spouse	Philip_William_Elector_Palatine
Edward_the_Exile	spouse	Galeazzo_Maria_Sforza
Otto_I_Duke_of_Bavaria	spouse	Kingdom_of_Navarre
Heilika_of_Lengenfeld	spouse	Charles_V_Duke_of_Lorraine
Charles_Duke_of_Orl_ans	spouse	Edward_I_of_England
Charles_Duke_of_Orl_ans	spouse	Robert_the_Strong
Marie_of_Cleves_Duchess_of_Orl_ans	spouse	Philip_III_of_Spain
Eleanor_of_England_Queen_of_Castile	spouse	Edward_III_of_England
Odoardo_Farnese_Hereditary_Prince_of_Parma	spouse	Malcolm_III_of_Scotland
Louis_Bonaparte	spouse	Matilda_of_Saxony_countess_of_Flanders
Sancho_Alfonso	spouse	Mary_of_Guelders
Isabella_of_Portugal	spouse	Mahaut_Countess_of_Artois
Manuel_I_of_Portugal	spouse	Charles_the_Fat
Manuel_I_of_Portugal	spouse	Theobald_III_Count_of_Blois
Cosimo_de_Medici	spouse	Eadgifu_of_Wessex
Emma_of_Blois	spouse	Louis_X_of_France
George_III	spouse	Alfonso_VII_of_Le_n_and_Castile
Elisabeth_of_Nuremberg	spouse	Barbara_Jagiellon
Galeazzo_Maria_Sforza	spouse	Ansgarde_of_Burgundy
Galeazzo_Maria_Sforza	spouse	Maria_of_Austria_Duchess_of_J_lich_Cleves_Berg
Dorotea_Gonzaga	spouse	Cosimo_de_Medici
Henry_II_Duke_of_Brabant	spouse	Matthew_Stewart_4th_Earl_of_Lennox
Anna_of_Austria_Queen_of_Spain	spouse	Reginald_I_Count_of_Burgundy
Jeanne_de_Laval	spouse	Margaret_of_Bavaria
Hugh_Despenser_the_Elder	spouse	William_X_Duke_of_Aquitaine
Margaret_of_Denmark_Queen_of_Scotland	spouse	Princess_Louise_of_Hesse_Darmstadt_1757_1830
Baldwin_V_Count_of_Hainaut	spouse	Princess_Augusta_of_Saxe_Gotha
Douce_I_Countess_of_Provence	spouse	Joan_I_Countess_of_Auvergne
Gisela_of_Burgundy_Marchioness_of_Montferrat	spouse	Philip_IV_of_France
Gisela_of_Burgundy_Marchioness_of_Montferrat	spouse	Philip_V_of_Spain
Germaine_of_Foix	spouse	Garsenda_Countess_of_Forcalquier
Louis_II_of_Anjou	spouse	Catherine_of_Vend_me
Louis_II_of_Anjou	spouse	Albert_II_Duke_of_Austria
Christine_of_Saxony	spouse	Philip_II_Duke_of_Savoy
Adam_Albert_von_Neipperg	spouse	George_III
Elisabeth_of_Swabia	spouse	Baldwin_V_Count_of_Hainaut
Yolande_of_Dreux_Duchess_of_Burgundy	spouse	Margaret_of_Brieg
Princess_Augusta_of_Saxe_Gotha	spouse	Marie_de_Ch_tillon_1323_1363
Francis_I_Duke_of_Lorraine	spouse	Philip_III_of_Navarre
William_Duke_of_J_lich_Cleves_Berg	spouse	Louis_XIV
William_Duke_of_J_lich_Cleves_Berg	spouse	Mary_Queen_of_Scots
Agnes_of_Beaujeu	spouse	Violant_of_Hungary
Arnulf_II_Count_of_Flanders	spouse	Louis_IV_Holy_Roman_Emperor
Philip_Duke_of_Parma	spouse	Marie_of_Anjou
Lambert_I_Count_of_Louvain	spouse	William_IV_Duke_of_Aquitaine
Gerberga_of_Lower_Lorraine	spouse	Napoleon_III
Robert_I_Count_of_Flanders	spouse	Piccarda_Bueri
Eleanor_of_Toledo	spouse	Paul_Scarron
Philip_of_Artois	spouse	Charles_Ferdinand_Duke_of_Berry
Louise_Henriette_de_Bourbon	spouse	Beatrice_of_Portugal_died_1381
Mar_a_de_Molina	spouse	Joan_of_Ponthieu_Dame_of_Epernon
Elisabeth_of_Meissen	spouse	Adelaide_of_Leuven
John_I_of_Aragon	spouse	Marie_of_Luxembourg_Queen_of_France
John_I_of_Aragon	spouse	Archduchess_Maria_Theresa_of_Austria_Este_1817_1886
Louis_VI_of_France	spouse	Baldwin_II_Count_of_Hainaut
Louis_VI_of_France	spouse	William_IX_Duke_of_Aquitaine
Peter_I_Duke_of_Brittany	spouse	Leopold_II_Holy_Roman_Emperor
Henry_3rd_Earl_of_Lancaster	spouse	Francis_I_of_the_Two_Sicilies
Matilda_of_Boulogne_Duchess_of_Brabant	spouse	Philippa_of_Hainault
Beatrice_of_Brandenburg	spouse	Maud_Chaworth
Bertrada_of_Laon	spouse	Louis_I_Duke_of_Orl_ans
Philip_the_Good	spouse	Ren__of_Anjou
Philip_the_Good	spouse	Charles_Emmanuel_II_Duke_of_Savoy
Michelle_of_Valois	spouse	Stephen_II_Duke_of_Bavaria
Henry_the_Middle_Duke_of_Brunswic_L_neburg	spouse	Mar_a_de_Molina
Henry_IX_Duke_of_Bavaria	spouse	Gerloc
John_I_Duke_of_Lorraine	spouse	John_I_of_Aragon
Eleanor_of_Navarre	spouse	Margaret_Countess_of_Anjou
Ercole_III_d_Este_Duke_of_Modena	spouse	Amicie_de_Courtenay
Agnes_of_Merania	spouse	Charles_IV_of_France
John_IV_Duke_of_Brittany	spouse	Ermengarde_of_Anjou_Duchess_of_Burgundy
Joan_of_France_Duchess_of_Berry	spouse	Charles_Duke_of_Orl_ans
Henry_V_Holy_Roman_Emperor	spouse	Taddea_Visconti
Henry_VII_of_England	spouse	Countess_Palatine_Dorothea_Sophie_of_Neuburg
Mar_a_Isabella_of_Spain	spouse	Charlemagne
Charles_II_Archduke_of_Austria	spouse	Yolanda_Latin_Empress
Welf_I_Duke_of_Bavaria	spouse	Philippe_I_Duke_of_Orl_ans
William_of_Winchester_Lord_of_Lunenburg	spouse	Rixa_of_Werle
Jeanne_de_Bourbon_Duchess_of_Bourbon	spouse	Marie_Jos_phine_of_Savoy
Jeanne_de_Bourbon_Duchess_of_Bourbon	spouse	Louis_V_of_France
Catherine_of_Valois	spouse	Maria_Luisa_of_Spain
Catherine_of_Valois	spouse	James_Hepburn_4th_Earl_of_Bothwell
Margaret_of_the_Palatinate	spouse	Blanche_of_Artois
Isabella_Countess_of_Gloucester	spouse	Charlotte_of_Mecklenburg_Strelitz
Piccarda_Bueri	spouse	Philip_V_of_Spain
Margaret_of_Brieg	spouse	Ealhswith
Sophia_of_Saxe_Weissenfels_Princess_of_Anhalt_Zerbst	spouse	Th_odrate_of_Troyes
Princess_Louise_of_Hesse_Darmstadt_1757_1830	spouse	Bianca_Maria_Visconti
Louis_IX_Landgrave_of_Hesse_Darmstadt	spouse	Edmund_Tudor_1st_Earl_of_Richmond
Eleonore_of_Austria_Queen_of_Poland	spouse	Fran_oise_Marie_de_Bourbon
Joanna_of_Pfirt	spouse	Gisela_of_Burgundy_Marchioness_of_Montferrat
James_V_of_Scotland	spouse	Otto_I_Duke_of_Bavaria
James_V_of_Scotland	spouse	Philip_II_of_Spain
Maria_Anna_Victoria_of_Bavaria	spouse	William_de_Beauchamp_9th_Earl_of_Warwick
Mahaut_Countess_of_Artois	spouse	Dangereuse_de_l_Isle_Bouchard
Francis_II_Duke_of_Lorraine	spouse	Ogive_of_Luxembourg
Alfonso_XI_of_Castile	spouse	Louis_Rudolph_Duke_of_Brunswic_L_neburg
Alfonso_XI_of_Castile	spouse	Eleanor_of_England_Queen_of_Castile
Alfonso_XI_of_Castile	spouse	Gilbert_Duke_of_Lorraine
Margaret_Douglas	spouse	Maria_Beatrice_of_Savoy
Margaret_Holland_Duchess_of_Clarence	spouse	Margaret_Countess_of_Vertus
Bonne_of_Luxembourg	spouse	Margaret_I_Countess_of_Flanders
Anne_of_Foix_Candale	spouse	Beatrice_of_Burgundy_Lady_of_Bourbon
Antoine_Count_of_Vaud_mont	spouse	Pepin_of_Herstal
Maria_Luisa_of_Parma	spouse	Matilda_of_B_thune
Maria_Theresa_of_Savoy	spouse	Henry_X_Duke_of_Bavaria
Isabella_of_Valois	spouse	Eleanor_of_Toledo
Henry_VI_Count_of_Luxembourg	spouse	Eleanor_of_Austria
Matilda_of_Bavaria_Margravine_of_Meissen	spouse	Rozala_of_Italy
Philip_II_of_Spain	spouse	Theobald_I_Count_of_Blois
Philip_II_of_Spain	spouse	Bertha_of_Holland
Philip_II_of_Spain	spouse	Eleanor_de_Guzm_n
John_II_Duke_of_Brittany	spouse	Sophia_Eleonore_of_Saxony
Bertha_of_Holland	spouse	Contessina_de_Bardi
Margaret_of_Burgundy_Queen_of_France	spouse	Valentina_Visconti_Duchess_of_Orl_ans
Margaret_of_Burgundy_Queen_of_France	spouse	Richard_Count_of__tampes
Valdemar_I_of_Denmark	spouse	Ferdinand_III_of_Castile
Ingegerd_Olofsdotter_of_Sweden	spouse	Bona_of_Savoy
Bonne_of_Armagnac	spouse	Theresa_of_Portugal_Queen_of_Le_n
Marie_of_Luxembourg_Countess_of_Vend_me	spouse	Louis_X_of_France
Dangereuse_de_l_Isle_Bouchard	spouse	Margaret_of_Brittany
Philippa_of_Bar	spouse	Richard_Count_of__tampes
Lady_Margaret_Beaufort	spouse	Henry_II_Duke_of_Brabant
Napoleon	spouse	William_IX_Duke_of_Aquitaine
Arnulf_Count_of_Holland	spouse	Joan_II_of_Navarre
Adelaide_of_Italy	spouse	Catherine_of_Valois
Isabella_de_Beauchamp	spouse	Henry_VI_of_England
Princess_Magdalena_Augusta_of_Anhalt_Zerbst	spouse	John_VII_Duke_of_Mecklenburg_Schwerin
Elizabeth_Mure	spouse	Marjorie_Bruce
Guy_Count_of_Flanders	spouse	Simon_Count_of_Ponthieu
Gertrude_of_Saxony	spouse	Margaret_II_Countess_of_Hainaut
John_I_Duke_of_Brittany	spouse	Bertha_of_Burgundy
Lothair_of_France	spouse	Adelaide_of_Burgundy_Duchess_of_Brabant
Gerloc	spouse	Elisabeth_Christine_of_Brunswic_Wolfenb_ttel
Alice_of_Vergy	spouse	Odo_III_Duke_of_Burgundy
Albert_II_Duke_of_Austria	spouse	Richard_Duke_of_Burgundy
Charles_II_of_Naples	spouse	John_Frederick_Duke_of_Brunswic_Calenberg
Margaret_Countess_of_Anjou	spouse	Joanna_of_Castile
Ramon_Berenguer_II_Count_of_Barcelona	spouse	Osburh
Joanna_of_Castile	spouse	Ludmilla_of_Bohemia
Albert_Azzo_I_Margrave_of_Milan	spouse	Blanche_of_Navarre_Countess_of_Champagne
George_II_of_Great_Britain	spouse	Antoine_Duke_of_Lorraine
Marie_of_France_Countess_of_Champagne	spouse	Gersende_of_Maine
Hemma	spouse	Mary_Queen_of_Scots
Judith_of_Bavaria_died_843	spouse	Joan_III_Countess_of_Burgundy
Adelaide_Blanche_of_Anjou	spouse	Christina_of_Salm
Enno_III_Count_of_East_Frisia	spouse	Yolande_Duchess_of_Lorraine
Infanta_Luisa_Fernanda_Duchess_of_Montpensier	spouse	Gerberga_of_Lower_Lorraine
Ren_e_of_Bourbon	spouse	Maria_Anna_of_Bavaria_born_1551
Matilda_of_England_Duchess_of_Saxony	spouse	Beatrice_of_England
Marie_Louise_Duchess_of_Parma	spouse	Louis_IX_of_France
Marie_Louise_Duchess_of_Parma	spouse	Charles_I_Duke_of_Bourbon
Garsenda_Countess_of_Forcalquier	spouse	Eleanor_of_Portugal_Holy_Roman_Empress
Melisende_Queen_of_Jerusalem	spouse	William_IV_Count_of_Ponthieu
Sancho_IV_of_Castile	spouse	Matilda_of_Savoy_Queen_of_Portugal
Violant_of_Aragon	spouse	Marie_of_France_Countess_of_Champagne
Isabella_of_Angoul_me	spouse	Charles_III_of_Spain
Claude_Duke_of_Guise	spouse	Bertrade_of_Montfort
Marie__milie_de_Joly_de_Choin	spouse	Margaret_of_Brabant
Henry_II_of_Navarre	spouse	Richeza_of_Poland_Queen_of_Sweden
Sibylla_of_Burgundy_Duchess_of_Burgundy	spouse	Matilda_of_Ringelheim
Almodis_de_la_Marche	spouse	Otto_II_Count_of_Chiny
John_of_Bohemia	spouse	Stephen_Count_of_Blois
Olof_Sk_tkonung	spouse	Margaret_Countess_of_Vertus
Baldwin_IV_Count_of_Flanders	spouse	Sverker_I_of_Sweden
Maria_of_Austria_Holy_Roman_Empress	spouse	Fran_oise_d_Aubign__Marquise_de_Maintenon
Giovanni_delle_Bande_Nere	spouse	Robert_I_Duke_of_Burgundy
Princess_Caroline_Louise_of_Saxe_Weimar_Eisenach	spouse	Godfrey_I_Count_of_Verdun
Margaret_of_Geneva	spouse	Charles_III_Duke_of_Lorraine
Alice_of_Normandy	spouse	Manuel_I_of_Portugal
Berthold_II_Count_of_Andechs	spouse	Alfonso_XI_of_Castile
Aimery_I_Viscount_of_Ch_tellerault	spouse	Napoleon
Richard_Duke_of_Burgundy	spouse	Charles_Count_of_Valois
Guisla_de_Llu__	spouse	Joan_of_Navarre_Queen_of_England
Constance_of_Portugal	spouse	Ferdinand_III_of_Castile
Louis_I_Duke_of_Bavaria	spouse	Rudolf_I_of_Germany
Theobald_II_Count_of_Champagne	spouse	_lisabeth_Charlotte_d_Orl_ans
Countess_Caroline_of_Nassau_Saarbr_cken	spouse	Ramon_Borrell_Count_of_Barcelona
Margaret_of_Saxony_Duchess_of_Brunswic_L_neburg	spouse	William_Longsword
Isabella_I_of_Castile	spouse	Magnus_I_Duke_of_Brunswic_L_neburg
Gertrude_of_Dagsburg	spouse	Hugh_Despenser_the_Elder
Ermengarde_of_Anjou_Duchess_of_Burgundy	spouse	Wulfhilde_of_Saxony
Afonso_I_Duke_of_Braganza	spouse	Wenceslaus_II_of_Bohemia
Louis_Jean_Marie_de_Bourbon_Duke_of_Penthi_vre	spouse	Mary_of_Burgundy
Ferdinand_IV_of_Castile	spouse	Charles_IV_of_Spain
Beatrice_of_Bourbon_Queen_of_Bohemia	spouse	Maria_Antonia_Ferdinanda_of_Spain
Frederick_III_Duke_of_Lorraine	spouse	Caterina_Sforza
Charles_V_Holy_Roman_Emperor	spouse	Isabella_of_Valois_Duchess_of_Bourbon
Francesco_Farnese_Duke_of_Parma	spouse	Kunigunde_of_Altdorf
Charles_Martel_of_Anjou	spouse	Adela_of_Milan
Adolf_Duke_of_Holstei_Gottorp	spouse	Maria_of_Portugal_Queen_of_Castile
Joan_of_Navarre_Queen_of_England	spouse	Nicholas_Francis_Duke_of_Lorraine
Joan_of_Navarre_Queen_of_England	spouse	Adelaide_of_Italy
Guy_IV_Count_of_Saint_Pol	spouse	Philip_II_Duke_of_Savoy
Alfonso_VIII_of_Castile	spouse	Ramon_Berenguer_III_Count_of_Barcelona
Charlotte_Agla__d_Orl_ans	spouse	Mary_of_Guise
Isabelle_de_Beauvau	spouse	Isabella_of_Portugal
Peter_II_of_Courtenay	spouse	Valdemar_I_of_Denmark
Claudine_de_Brosse	spouse	Charles_II_Duke_of_Lorraine
Viridis_Visconti	spouse	Gertrude_of_Hohenberg
Blanche_of_Artois	spouse	Theodoric_II_Duke_of_Lorraine
Margaret_of_Savoy_Countess_of_Saint_Pol	spouse	Henry_3rd_Earl_of_Lancaster
Charles_V_Duke_of_Lorraine	spouse	John_IV_Marquis_of_Montferrat
Alix_Duchess_of_Brittany	spouse	Constanza_Manuel
Agnes_of_Loon	spouse	Margaret_of_Foix
Charles_II_Duke_of_Lorraine	spouse	Margaret_of_Burgundy_Queen_of_France
Petronilla_of_Aragon	spouse	Helie_of_Semur
Engeltrude_de_F_zensac	spouse	Louis_Philippe_I
Barbara_Jagiellon	spouse	James_Hepburn_4th_Earl_of_Bothwell
Rupert_King_of_the_Romans	spouse	John_Constable_of_Portugal
Peter_II_of_Aragon	spouse	Barbara_of_Cilli
Sigismund_Holy_Roman_Emperor	spouse	Archduchess_Anna_of_Austria
Piero_the_Unfortunate	spouse	Richardis
Clarice_Orsini	spouse	Louis_the_German
Bona_of_Savoy	spouse	Philip_the_Good
Eleanor_de_Guzm_n	spouse	Robert_III_of_Worms
Paul_Scarron	spouse	John_Beaufort_1st_Earl_of_Somerset
Duchess_Helene_of_Mecklenburg_Schwerin	spouse	Louis_XII
Eleanor_of_Normandy	spouse	Robert_II_of_Scotland
Ferdinand_Philippe_Duke_of_Orl_ans	spouse	Louis_II_Duke_of_Bavaria
Bouchard_IV_of_Avesnes	spouse	Francis_IV_Duke_of_Modena
Ermesinde_of_Carcassonne	spouse	Elisabeth_of_Valois
Floris_I_Count_of_Holland	spouse	Afonso_I_Duke_of_Braganza
Christian_III_Count_Palatine_of_Zweibr_cken	spouse	Louis_VII_of_France
Francis_II_Duke_of_Brittany	spouse	Otto_I_Duke_of_Saxony
Eleanor_of_Castile_died_1244	spouse	Louis_VI_of_France
Lorenzo_de_Medici	spouse	Louis_II_of_Anjou
Henry_Stuart_Lord_Darnley	spouse	John_II_Duke_of_Bourbon
Philip_I_Count_of_Auvergne	spouse	Charles_V_Holy_Roman_Emperor
Geoffrey_II_Count_of_G_tinais	spouse	James_V_of_Scotland
John_George_I_Elector_of_Saxony	spouse	Emma_of_Italy
Barbara_of_Cilli	spouse	Louis_VIII_of_France
Joanna_of_Austria_Grand_Duchess_of_Tuscany	spouse	Edward_II_of_England
Robert_II_Count_of_Artois	spouse	Marie_Th_r_se_of_France
Simon_Count_of_Ponthieu	spouse	Elisabeth_of_Carinthia_Queen_of_the_Romans
Louis_Philippe_I_Duke_of_Orl_ans	spouse	Frederick_V_Burgrave_of_Nuremberg
Louis_Philippe_I_Duke_of_Orl_ans	spouse	Ermesinde_of_Carcassonne
Maria_Antonia_Ferdinanda_of_Spain	spouse	Arnulf_II_Count_of_Flanders
Christine_of_Hesse	spouse	Ernest_Frederick_I_Duke_of_Saxe_Hildburghausen
Hugh_de_Courtenay	spouse	Violant_of_Bar
Victor_Emmanuel_I_of_Sardinia	spouse	Isabella_Duchess_of_Lorraine
John_of_Gaunt	spouse	Agnes_of_Loon
Marie_of_France_Duchess_of_Brabant	spouse	Sophia_of_Istria
Agnes_of_Rochlitz	spouse	Margaret_of_the_Palatinate
Louise_of_Lorraine	spouse	Henry_V_of_England
Adelaide_of_Paris	spouse	Sophia_of_Saxe_Weissenfels_Princess_of_Anhalt_Zerbst
Francis_I_of_the_Two_Sicilies	spouse	Constance_of_Portugal
Francis_I_of_the_Two_Sicilies	spouse	Maria_Luisa_Gabriella_of_Savoy
Lucienne_of_Rochefort	spouse	Francis_I_of_the_Two_Sicilies
Philip_William_Elector_Palatine	spouse	Lucia_Migliaccio
Urraca_of_Le_n	spouse	Ferdinand_II_of_Le_n
Polyxena_of_Hesse_Rotenburg	spouse	Joan_I_Countess_of_Auvergne
Maria_of_Portugal_Queen_of_Castile	spouse	Madeleine_de_La_Tour_d_Auvergne
Matilda_of_Carinthia	spouse	James_V_of_Scotland
Ernest_Frederick_I_Duke_of_Saxe_Hildburghausen	spouse	Claudine_de_Brosse
Jacques_of_Savoy_Count_of_Romont	spouse	Matilda_of_Habsburg
Mary_Tudor_Queen_of_France	spouse	Urraca_L_pez_de_Haro
Mary_Tudor_Queen_of_France	spouse	Sancho_III_of_Castile
Fran_oise_Madeleine_d_Orl_ans	spouse	Geoffrey_Plantagenet_Count_of_Anjou
Odo_III_Duke_of_Burgundy	spouse	Empress_Matilda
Odo_III_Duke_of_Burgundy	spouse	Philippa_of_Guelders
Maria_Luisa_Gabriella_of_Savoy	spouse	Edmund_Crouchback
Adela_of_Champagne	spouse	Madeleine_of_Valois
Ermengarde_Countess_of_Maine	spouse	Matilda_II_Countess_of_Boulogne
Fulk_IV_Count_of_Anjou	spouse	Herbert_III_of_Omois
Sophia_of_Holstei_Gottorp	spouse	Isabella_of_Aragon_Queen_of_France
Edward_IV_of_England	spouse	John_Count_of_Chalon
Matilda_of_Savoy_Queen_of_Portugal	spouse	Giovanni_di_Bicci_de_Medici
Blanca_of_Navarre_Queen_of_Castile	spouse	Anna_of_Austria_Queen_of_Spain
Robert_II_Duke_of_Burgundy	spouse	Charles_Count_of_Valois
Bonne_of_Artois	spouse	Countess_Caroline_of_Nassau_Saarbr_cken
Charles_Ren__de_Bombelles	spouse	Elisabeth_of_Swabia
Bertha_Duchess_of_Lorraine	spouse	Louis_XI
Madame_de_Montesson	spouse	Louis_XI
Sophia_of_Hanover	spouse	Baldwin_II_Margrave_of_Flanders
Agust_n_Fernando_Mu_oz_y_S_nchez_1st_Duke_of_Ri_nsares	spouse	John_Count_of_Chalon
Peter_II_Count_of_Saint_Pol	spouse	Charles_X
Blanche_I_of_Navarre	spouse	Karl_August_Grand_Duke_of_Saxe_Weimar_Eisenach
Hedwig_of_Formbach	spouse	Maria_of_Montpellier
Letizia_Bonaparte	spouse	Maximilian_I_Holy_Roman_Emperor
William_III_Duke_of_Aquitaine	spouse	Margaret_of_Valois_Angoul_me
Charles_Ferdinand_Duke_of_Berry	spouse	Conrad_I_Count_of_Auxerre
Theobald_III_Count_of_Blois	spouse	Adolphus_Frederick_I_Duke_of_Mecklenburg_Schwerin
Charles_the_Bold	spouse	Matilda_of_England_Duchess_of_Saxony
Catherine_I_Latin_Empress	spouse	Maria_Manuela_Princess_of_Portugal
Louis_II_d_Orl_ans_Duke_of_Longueville	spouse	Jacquetta_of_Luxembourg
Elizabeth_Woodville	spouse	Anne_of_Brittany
Archduchess_Maria_Theresa_of_Austria_Este_1817_1886	spouse	Francesco_III_d_Este_Duke_of_Modena
Madeleine_of_Valois	spouse	John_II_of_France
Ealhswith	spouse	Maria_Teresa_Cybo_Malaspina_Duchess_of_Massa
Elisabeth_of_Valois	spouse	Mary_Tudor_Queen_of_France
John_III_Count_of_Auvergne	spouse	Jacquetta_of_Luxembourg
Margaret_of_Flanders_Duchess_of_Brabant	spouse	George_Gordon_4th_Earl_of_Huntly
Magdalene_of_Brandenburg_1412_1454	spouse	Maria_of_Aragon_Queen_of_Portugal
Charles_Brandon_1st_Duke_of_Suffolk	spouse	Frederick_Prince_of_Wales
Dulce_of_Aragon	spouse	Alfred_the_Great
Violant_of_Bar	spouse	Joan_the_Lame
Violant_of_Bar	spouse	John_VIII_Count_of_Vend_me
Joan_Holland_Duchess_of_Brittany	spouse	Princess_Magdalena_Augusta_of_Anhalt_Zerbst
Richeza_of_Poland_Queen_of_Sweden	spouse	Joanna_of_Pfirt
Richeza_of_Poland_Queen_of_Sweden	spouse	Ramon_Berenguer_II_Count_of_Barcelona
Richeza_of_Poland_Queen_of_Sweden	spouse	Frederick_III_Duke_of_Lorraine
Agnes_of_the_Palatinate	spouse	Philip_Duke_of_Parma
Margaret_Countess_of_Vertus	spouse	Gertrude_of_Dagsburg
Margaret_Countess_of_Vertus	spouse	Henry_Stuart_Lord_Darnley
Auguste_of_Bade_Baden	spouse	Charles_VIII_of_France
Odo_I_Count_of_Orl_ans	spouse	Maria_Theresa
Teresa_Fern_ndez_de_Traba	spouse	Edward_the_Exile
Gersende_of_Maine	spouse	Louis_the_Stammerer
Rotrude_of_Hesbaye	spouse	Charles_IV_of_France
Matilda_of_B_thune	spouse	Eberhard_II_Count_of_W_rttemberg
Louise__lisabeth_of_France	spouse	Isabella_of_Burgundy_Queen_of_Germany
Euphemia_de_Ross	spouse	John_I_Count_of_Hainaut
Richilde_Countess_of_Hainaut	spouse	Louise_Henriette_de_Bourbon
Anna_Porphyrogenita	spouse	Philip_VI_of_France
George_Duke_of_Saxony	spouse	Maria_Amalia_of_Saxony
Eleanor_of_Alburquerque	spouse	Antoine_Count_of_Vaud_mont
Giovanni_di_Bicci_de_Medici	spouse	Afonso_III_of_Portugal
Albert_I_Duke_of_Bavaria	spouse	Judith_of_Flanders
Bernab__Visconti	spouse	Beatrice_of_Silesia
Estrid_of_the_Obotrites	spouse	Anna_Porphyrogenita
Otto_II_Count_of_Chiny	spouse	Alice_of_Normandy
Maria_Christina_of_the_Two_Sicilies	spouse	Philip_of_Artois
Maria_Christina_of_the_Two_Sicilies	spouse	Juana_Manuel
Thomas_Count_of_Savoy	spouse	Petronilla_of_Aragon
Ermengarde_of_Anjou_d._1146	spouse	Charles_Martel
Anna_Canalis_di_Cumiana	spouse	Margaret_of_Valois_Duchess_of_Berry
Isabella_of_Portugal_Duchess_of_Burgundy	spouse	Joan_of__vreux
Beatrice_of_Burgundy_Lady_of_Bourbon	spouse	Richeza_of_Poland_Queen_of_Sweden
Isabella_of_Bourbon	spouse	Louis_VI_of_France
Sverker_I_of_Sweden	spouse	Blanche_I_of_Navarre
Beatrice_of_Castile_1242_1303	spouse	Lorenzo_de_Medici
Edmund_Crouchback	spouse	Hortense_de_Beauharnais
Magnus_the_Strong	spouse	Charles_X
Augustus_Duke_of_Saxe_Weissenfels	spouse	Gaston_IV_Count_of_Foix
Maria_Salviati	spouse	Maximilian_I_Holy_Roman_Emperor
Fran_oise_d_Alen_on	spouse	Robert_Count_of_Clermont
Christine_of_France	spouse	Bianca_Cappello
Kingdom_of_Navarre	spouse	Polyxena_of_Hesse_Rotenburg
Theresa_of_Portugal_Countess_of_Flanders	spouse	Matilda_of_France
Otto_V_Duke_of_Brunswic_L_neburg	spouse	William_III_Duke_of_Aquitaine
Margaret_of_France_Queen_of_England	spouse	Odo_I_Count_of_Blois
Maud_of_Normandy	spouse	Matilda_of_Frisia
Blanche_of_Navarre_Duchess_of_Brittany	spouse	Maria_Teresa_Felicitas_d_Este
Plectrude	spouse	Jeanne_de_Laval
Bertha_of_Swabia	spouse	Albert_Frederick_Duke_of_Prussia
Rainier_Marquis_of_Montferrat	spouse	Theobald_I_of_Navarre
John_of_Lancaster_1st_Duke_of_Bedford	spouse	Sophia_of_Minsk
Maud_Chaworth	spouse	Blanche_of_Navarre_Queen_of_France
Karl_August_Grand_Duke_of_Saxe_Weimar_Eisenach	spouse	Henry_II_of_Navarre
Ginevra_Cavalcanti	spouse	Louis_XII
Gilbert_Duke_of_Lorraine	spouse	Mary_of_Guise
Louis_Henri_de_Pardaillan_de_Gondrin	spouse	Alfonsina_Orsini
Clementia_of_Burgundy	spouse	Philip_I_Landgrave_of_Hesse
Ferdinand_VII_of_Spain	spouse	Maximilian_I_Holy_Roman_Emperor
Volodar_Glebovich_Prince_of_Minsk	spouse	Igor_of_Kiev
Ingeborg_of_Denmark_Queen_of_France	spouse	Anne_of_Brittany
Adele_of_Valois	spouse	Caroline_of_Ansbach
Joanna_of_Flanders	spouse	John_I_Count_of_La_Marche
Anna_of_Glogau	spouse	Beatrice_of_Portugal
Willa_of_Tuscany	successor	Victor_Amadeus_II_of_Sardinia
Maria_Theresa	successor	Matthias_I_Duke_of_Lorraine
Hemma	successor	Frederick_II_Duke_of_Lorraine
_thelwulf_King_of_Wessex	child	Alfonso_V_of_Aragon
_thelwulf_King_of_Wessex	child	Catherine_of_Austria_Queen_of_Poland
_thelwulf_King_of_Wessex	child	Louis_II_of_Anjou
_thelwulf_King_of_Wessex	child	Blanche_of_Bourbon
_thelwulf_King_of_Wessex	child	Alexander_Stewart_Earl_of_Buchan
Robert_II_of_Scotland	child	Joseph_II_Holy_Roman_Emperor
Robert_II_of_Scotland	child	Prince_Alfred_of_Great_Britain
Robert_II_of_Scotland	child	Balthasar_Charles_Prince_of_Asturias
Robert_II_of_Scotland	child	Otto_I_Holy_Roman_Emperor
Leopold_Duke_of_Lorraine	child	Blanche_of_Valois
Leopold_Duke_of_Lorraine	child	Afonso_IV_of_Portugal
Leopold_Duke_of_Lorraine	child	Jehan_de_Braine
Leopold_Duke_of_Lorraine	child	Agnes_of_France_Byzantine_Empress
Leopold_Duke_of_Lorraine	child	Anne_of_Orl_ans_Abbess_of_Fontevraud
Afonso_II_of_Portugal	child	Manuel_I_of_Portugal
Afonso_II_of_Portugal	child	Margaret_of_Valois_Countess_of_Blois
Afonso_II_of_Portugal	child	Margaret_of_France_Queen_of_England
Charles_Emmanuel_III_of_Sardinia	child	Mariana_Victoria_of_Spain
Charles_Emmanuel_III_of_Sardinia	child	Prince_Maurizio_Duke_of_Montferrat
Charles_Emmanuel_III_of_Sardinia	child	Yolande_of_Aragon
Charles_Emmanuel_III_of_Sardinia	child	Napol_on_Charles_Bonaparte
Charles_Emmanuel_III_of_Sardinia	child	Peter_of_Aragon_Count_of_Alburquerque
Charles_Emmanuel_III_of_Sardinia	child	Catherine_of_Lancaster
Philip_IV_of_Spain	child	Joan_the_Lame
Philip_IV_of_Spain	child	Renata_of_Lorraine
Philip_IV_of_Spain	child	Sanchia_of_Provence
Philip_IV_of_Spain	child	Albert_VII_Archduke_of_Austria
Philip_IV_of_Spain	child	Sophia_Eleonore_of_Hesse_Darmstadt
Margaret_of_Austria_Queen_of_Spain	child	Clotilde_of_France
Margaret_of_Austria_Queen_of_Spain	child	Frederick_Hereditary_Prince_of_Saxony
Margaret_of_Austria_Queen_of_Spain	child	Mary_Tudor_Queen_of_France
Margaret_of_Austria_Queen_of_Spain	child	Rothilde
Charles_Count_of_Valois	child	Louis_II_Elector_of_Brandenburg
Charles_Count_of_Valois	child	Louise_of_France_1737_1787
Charles_Count_of_Valois	child	Anne_of_Austria_Margravine_of_Brandenburg
Charles_Count_of_Valois	child	Vyacheslav_Yaroslavich
Isabella_of_Valois_Duchess_of_Bourbon	child	Ferdinand_Duke_of_Viseu
Isabella_of_Valois_Duchess_of_Bourbon	child	Blanche_of_France_Duchess_of_Austria
Isabella_of_Valois_Duchess_of_Bourbon	child	Louis_I_Grand_Duke_of_Hesse
Isabella_of_Valois_Duchess_of_Bourbon	child	Prince_Vittorio_Amedeo_Teodoro_Duke_of_Aosta
Philip_III_of_Spain	child	John_II_Duke_of_Lorraine
Philip_III_of_Spain	child	John_II_of_Aragon
Philip_III_of_Spain	child	Robert_I_Duke_of_Burgundy
Philip_III_of_Spain	child	Cardinal_Infante_Ferdinand_of_Austria
Philip_III_of_Spain	child	Vsevolod_I_of_Kiev
Henry_II_of_Castile	child	Margaret_of_Valois_Duchess_of_Berry
Albert_I_of_Germany	child	Maria_Amalia_of_Saxony
Albert_I_of_Germany	child	Prince_Frederick_of_Great_Britain
Albert_I_of_Germany	child	Blanche_of_Burgundy_Countess_of_Savoy
Albert_I_of_Germany	child	Judith_of_Habsburg
Albert_I_of_Germany	child	Carloman_I
Albert_I_of_Germany	child	_thelstan
Albert_I_of_Germany	child	Eleanor_of_Alburquerque
Albert_I_of_Germany	child	Anne_Stuart_born_1637
Albert_I_of_Germany	child	Lucien_Bonaparte
Igor_of_Kiev	child	John_V_Duke_of_Brittany
Matthias_I_Duke_of_Lorraine	child	Hedwig_of_Saxony
Matthias_I_Duke_of_Lorraine	child	John_FitzAlan_1st_Baron_Arundel
Wilhelmine_Amalie_of_Brunswick	child	Louis_III_of_Anjou
Wilhelmine_Amalie_of_Brunswick	child	Afonso_of_Portugal_Lord_of_Portalegre
Philippe_II_Duke_of_Orl_ans	child	Charles_the_Fat
Philippe_II_Duke_of_Orl_ans	child	Agatha_wife_of_Edward_the_Exile
Philippe_II_Duke_of_Orl_ans	child	John_of_Foix_Viscount_of_Narbonne
Philippe_II_Duke_of_Orl_ans	child	Princess_Maria_Antonia_of_Naples_and_Sicily
Philippe_II_Duke_of_Orl_ans	child	Charles_II_Duke_of_Lorraine
Philippe_II_Duke_of_Orl_ans	child	Auda_of_France
Philippe_II_Duke_of_Orl_ans	child	Fran_ois_d_Orl_ans_Prince_of_Joinville
Matthias_II_Duke_of_Lorraine	child	Prince_George_William_of_Great_Britain
Frederick_II_Duke_of_Lorraine	child	Charlotte_Agla__d_Orl_ans
Frederick_II_Duke_of_Lorraine	child	Madeleine_of_Valois
Empress_Matilda	child	Eleanor_of_Viseu
Empress_Matilda	child	Canute_VI_of_Denmark
Empress_Matilda	child	Louis_XVII
Henry_II_of_England	child	Francis_IV_Duke_of_Modena
Henry_II_of_England	child	Charles_II_of_Spain
Henry_II_of_England	child	Agatha_wife_of_Edward_the_Exile
Henry_II_of_England	child	Charles_II_de_Valois_Duke_of_Orl_ans
Henry_II_of_England	child	Conrad_II_Duke_of_Transjurane_Burgundy
Henry_II_of_England	child	Charlotte_de_Br_z_
Henry_II_of_England	child	Margaret_of_France_Queen_of_England_and_Hungary
Henry_II_of_England	child	Judith_of_Poland
Frederick_Prince_of_Wales	child	Odo_II_Duke_of_Burgundy
Frederick_Prince_of_Wales	child	Catherine_of_Foix_Countess_of_Candale
Frederick_Prince_of_Wales	child	Elisabeth_of_Hesse_Electress_Palatine
Frederick_Prince_of_Wales	child	Peter_III_of_Aragon
Frederick_Prince_of_Wales	child	Joanna_of_Aragon_Queen_of_Naples
Frederick_Prince_of_Wales	child	Princess_Caroline_of_Hesse_Darmstadt
Maria_Beatrice_d_Este_Duchess_of_Massa	child	Maria_Cristina_of_Savoy
Maria_Beatrice_d_Este_Duchess_of_Massa	child	Archduchess_Marie_Anne_of_Austria
Maria_Beatrice_d_Este_Duchess_of_Massa	child	Charles_Felix_of_Sardinia
Maria_Beatrice_d_Este_Duchess_of_Massa	child	John_Stewart_Earl_of_Mar_died_1479
Maria_Beatrice_d_Este_Duchess_of_Massa	child	Fadrique_Alfonso
Francis_IV_Duke_of_Modena	child	Blanche_of_Navarre_Queen_of_France
Francis_IV_Duke_of_Modena	child	Cecily_of_York
Ren__II_Duke_of_Lorraine	child	Matthew_Count_of_Boulogne
Ren__II_Duke_of_Lorraine	child	Peter_II_Count_of_La_Marche
Ren__II_Duke_of_Lorraine	child	Mercedes_of_Orl_ans
Ren__II_Duke_of_Lorraine	child	Archduchess_Maria_Carolina_of_Austria_stillborn_1748
Antoine_Duke_of_Lorraine	child	Elisiv_of_Kiev
Antoine_Duke_of_Lorraine	child	Theobald_I_Duke_of_Lorraine
Antoine_Duke_of_Lorraine	child	Conrad_I_of_Burgundy
Henry_the_Fowler	child	Charles_III_of_Spain
Henry_the_Fowler	child	George_Duke_of_Brunswic_Calenberg
Henry_the_Fowler	child	Louis_Charles_Count_of_Beaujolais
Henry_the_Fowler	child	Louis_Duke_of_Burgundy_1751_1761
Henry_the_Fowler	child	Prince_Gennaro_of_Naples_and_Sicily
Henry_the_Fowler	child	Charlotte_of_France
Gerberga_of_Saxony	child	Rudolph_III_of_Burgundy
Gerberga_of_Saxony	child	Princess_Maria_Antonia_of_the_Two_Sicilies
Gerberga_of_Saxony	child	Charles_Count_of_Maine
Ren__of_Anjou	child	Maria_Elisabetta_Carlotta_of_Savoy
Ren__of_Anjou	child	Charles_IV_Holy_Roman_Emperor
Ren__of_Anjou	child	Countess_of_Pembroke
Mary_of_Guise	child	Princess_Augusta_of_Great_Britain
Mary_of_Guise	child	Blanche_of_France_Infanta_of_Castile
Beatrice_of_England	child	Charlotte_of_Mecklenburg_Strelitz
Beatrice_of_England	child	Margaret_of_Provence
Arthur_II_Duke_of_Brittany	child	Mieszko_III_the_Old
Isabella_Duchess_of_Lorraine	child	Louis_X_of_France
Isabella_Duchess_of_Lorraine	child	Henry_of_France_Archbishop_of_Reims
Isabella_Duchess_of_Lorraine	child	Catherine_of_Hungary_Queen_of_Serbia
Louis_XV	child	Clemence_of_Austria
Louis_XV	child	Louis_XII
Louis_XV	child	Marie_of_Valois_Duchess_of_Calabria
Louis_XV	child	Agnes_of_France_Duchess_of_Burgundy
Louis_XV	child	Hortense_de_Beauharnais
Louis_XV	child	Louis_Joseph_Dauphin_of_France
Louis_XV	child	Joan_of_Valois_Queen_of_Navarre
Louis_XV	child	Duchess_Gustave_Caroline_of_Mecklenburg_Strelitz
Louis_XV	child	Catherine_of_Austria_Queen_of_Portugal
Louis_Duke_of_Burgundy	child	Charles_Prince_of_Taranto
Eleanor_of_Lancaster	child	Margaret_II_Countess_of_Hainaut
Eleanor_of_Lancaster	child	Richard_Count_of__tampes
Eleanor_of_Lancaster	child	John_of_Burgundy_1231_68
Eleanor_of_Lancaster	child	Christine_of_France
Eleanor_of_Lancaster	child	Joan_of_Valois_Queen_of_Navarre
Francis_I_Holy_Roman_Emperor	child	Prince_Octavius_of_Great_Britain
Francis_I_Holy_Roman_Emperor	child	Anne_of_Brittany
Francis_I_Holy_Roman_Emperor	child	Ferdinand_Karl_Archduke_of_Austria_Este
Francis_I_Holy_Roman_Emperor	child	Robert_Count_of_Clermont
Francis_I_Holy_Roman_Emperor	child	Edward_III_Duke_of_Bar
Francis_I_Holy_Roman_Emperor	child	Gisela_of_France_Countess_of_Ponthieu
Francis_I_Holy_Roman_Emperor	child	Prince_Henry_Duke_of_Cumberland_and_Strathearn
Francis_I_Holy_Roman_Emperor	child	Archduchess_Maria_Amalia_of_Austria_1780_1798
Francis_I_Holy_Roman_Emperor	child	Otto_I_Count_Palatine_of_Mosbach
Francis_I_Holy_Roman_Emperor	child	Vladimir_of_Novgorod
Francis_I_Holy_Roman_Emperor	child	Philip_of_Castile
Francis_I_Holy_Roman_Emperor	child	Thomas_2nd_Earl_of_Lancaster
Francis_I_Holy_Roman_Emperor	child	Ad_la_de_d_Orl_ans
Edward_I_of_England	child	Anne_Marie_d_Orl_ans
Edward_I_of_England	child	John_Prince_of_Asturias
Edward_I_of_England	child	Eleanor_of_Castile_died_1244
Edward_I_of_England	child	Casimir_II_the_Just
Edward_I_of_England	child	Pierre_de_Foix_le_jeune
Edward_I_of_England	child	Prince_William_Henry_Duke_of_Gloucester_and_Edinburgh
Maria_Teresa_Cybo_Malaspina_Duchess_of_Massa	child	Duchess_Charlotte_Felicitas_of_Brunswic_L_neburg
Leopold_II_Holy_Roman_Emperor	child	Victor_Amadeus_III_of_Sardinia
Leopold_II_Holy_Roman_Emperor	child	Charles_VIII_of_France
Leopold_II_Holy_Roman_Emperor	child	Joseph_I_Holy_Roman_Emperor
Leopold_II_Holy_Roman_Emperor	child	Louis_the_Pious
Leopold_II_Holy_Roman_Emperor	child	Maria_of_Austria_Duchess_of_J_lich_Cleves_Berg
Leopold_II_Holy_Roman_Emperor	child	Philip_Duke_of_Parma
Leopold_II_Holy_Roman_Emperor	child	Louis_Prince_of_Cond__1530_1569
Leopold_II_Holy_Roman_Emperor	child	Wenceslaus_III_of_Bohemia
Leopold_II_Holy_Roman_Emperor	child	Joanna_of_Hainaut
Leopold_II_Holy_Roman_Emperor	child	Maria_Anna_of_Savoy
Leopold_II_Holy_Roman_Emperor	child	Archduke_John_of_Austria
Marie_Ad_la_de_of_Savoy	child	Prince_Philippe_Duke_of_Orl_ans_1869_1926
Princess_Christine_Louise_of_Oettinge_Oettingen	child	Alfonso_IX_of_Le_n
Princess_Christine_Louise_of_Oettinge_Oettingen	child	Henry_3rd_Earl_of_Lancaster
Princess_Christine_Louise_of_Oettinge_Oettingen	child	Anna_of_Hesse
Henry_I_of_France	child	Louise__lisabeth_of_France
Philip_I_of_France	child	Eleanor_of_Castile_Queen_of_Navarre
Philip_I_of_France	child	Magdalena_Sibylla_of_Saxe_Weissenfels
Giuseppe_Maria_Buonaparte	child	Carloman_son_of_Charles_the_Bald
Henry_I_of_Navarre	child	Louis_Alexandre_Prince_of_Lamballe
Anne_Marie_d_Orl_ans	child	Frederick_III_Duke_of_Saxe_Gotha_Altenburg
Anne_Marie_d_Orl_ans	child	Marie_Louise_Duchess_of_Parma
Anne_Marie_d_Orl_ans	child	Natalia_Alexeievna_Wilhelmina_Louisa_of_Hesse_Darmstadt
Henrietta_of_England	child	Archduke_Franz_Karl_of_Austria
Henrietta_of_England	child	Michelle_of_Valois
Blanche_of_Navarre_Queen_of_France	child	Charles_Emmanuel_III_of_Sardinia
Philip_III_of_Navarre	child	Mary_of_Burgundy
Philip_III_of_Navarre	child	John_I_Duke_of_Brittany
Philip_III_of_Navarre	child	Joseph_Bonaparte
Sancho_I_of_Portugal	child	Charles_Martel
Sancho_I_of_Portugal	child	Margaret_of_Valois_Angoul_me
Sancho_I_of_Portugal	child	Louis_Joseph_Dauphin_of_France
Sancho_I_of_Portugal	child	Maria_Anna_of_Savoy_Duchess_of_Chablais
Sancho_I_of_Portugal	child	Remigius_of_Rouen
Sancho_I_of_Portugal	child	Joan_of_England_Queen_of_Sicily
Sancho_I_of_Portugal	child	Maria_of_Aragon_Queen_of_Castile
Maria_Josepha_of_Austria	child	Blanche_of_Castile
Maria_Josepha_of_Austria	child	Archduke_Charles_Duke_of_Teschen
Maria_Josepha_of_Austria	child	Maria_Leopoldina_of_Austria
Maria_Josepha_of_Austria	child	Mercedes_of_Orl_ans
Maria_Josepha_of_Austria	child	Mary_of_Hungary_governor_of_the_Netherlands
Maria_Josepha_of_Austria	child	Isabella_of_England
Maria_Josepha_of_Austria	child	Constance_of_Aragon_Lady_of_Villena
Edward_King_of_Portugal	child	Charles_X
Edward_King_of_Portugal	child	Prince_Christian_of_Hesse_Darmstadt
Edward_King_of_Portugal	child	Edmund_Tudor_Duke_of_Somerset
Edward_King_of_Portugal	child	Charles_de_Morny_Duke_of_Morny
Francis_II_Holy_Roman_Emperor	child	Blanche_of_Brittany
Francis_II_Holy_Roman_Emperor	child	Eleanor_of_Aragon_Queen_of_Portugal
Francis_II_Holy_Roman_Emperor	child	Edward_of_Westminster_Prince_of_Wales
Francis_II_Holy_Roman_Emperor	child	George_Gordon_5th_Earl_of_Huntly
Francis_II_Holy_Roman_Emperor	child	Hedwig_of_Habsburg
Francis_II_Holy_Roman_Emperor	child	Infanta_Branca_Lady_of_Guadalajara
Louise_of_Savoy	child	Joan_of_Brittany_Baroness_of_Drayton
Louise_of_Savoy	child	Bathilde_d_Orl_ans
Philip_II_Duke_of_Savoy	child	Hugh_V_Duke_of_Burgundy
Philip_II_Duke_of_Savoy	child	Margaret_of_Nevers
Philip_II_Duke_of_Savoy	child	Anne_of_Austria_Landgravine_of_Thuringia
Philip_II_Duke_of_Savoy	child	Adolphus_Frederick_IV_Duke_of_Mecklenburg_Strelitz
John_II_of_France	child	Henry_I_of_France
John_II_of_France	child	Louis_Duke_of_Orl_ans_1703_1752
John_II_of_France	child	Louis_VI_Landgrave_of_Hesse_Darmstadt
John_II_of_France	child	Beatrice_of_Provence
John_II_of_France	child	Marie_of_Savoy_Countess_of_Saint_Pol
Joan_the_Lame	child	Archduke_Charles_Joseph_of_Austria_born_1745
Joan_the_Lame	child	Barbara_of_Hesse
Louis_Dauphin_of_France_son_of_Louis_XIV	child	Charles_X
Louis_Dauphin_of_France_son_of_Louis_XIV	child	Margaret_of_Burgundy_Queen_of_France
Louis_Dauphin_of_France_son_of_Louis_XIV	child	Thomas_Arundel
Louis_XIV	child	Charles_Count_of_Valois
Louis_XIV	child	Marie_Antoinette
Louis_XIV	child	Sancha_Raim_ndez
Louis_XIV	child	Odo_IV_Duke_of_Burgundy
Louis_XIV	child	Beatrice_of_Bavaria
Louis_XIV	child	John_Duke_of_Berry
Louis_XIV	child	Raymond_Berengar_of_Andria
Princess_Marie_Isabelle_of_Orl_ans	child	Agust_n_Mar_a_Mu_oz_y_Borb_n_1st_Duke_of_Taranc_n
Princess_Marie_Isabelle_of_Orl_ans	child	Prince_Philippe_Count_of_Paris
Princess_Marie_Isabelle_of_Orl_ans	child	Canute_VI_of_Denmark
Princess_Marie_Isabelle_of_Orl_ans	child	Frederick_Duke_of_Bavaria
Antoine_Duke_of_Montpensier	child	Louis_Philippe_I
Antoine_Duke_of_Montpensier	child	Charles_VI_of_France
Antoine_Duke_of_Montpensier	child	Margaret_of_Valois_Duchess_of_Berry
Antoine_Duke_of_Montpensier	child	Berengaria_of_Portugal
Adelaide_of_Tours	child	Princess_Marie_Isabelle_of_Orl_ans
Adelaide_of_Tours	child	Louis_XVI
Adelaide_of_Tours	child	Marie_of_Brittany_Countess_of_Saint_Pol
Adelaide_of_Tours	child	Margaret_of_Savoy_Countess_of_Saint_Pol
Adelaide_of_Tours	child	William_IV_Landgrave_of_Hesse_Kassel
Joan_II_of_Navarre	child	Leopold_II_Holy_Roman_Emperor
Joan_II_of_Navarre	child	Catherine_Woodville_Duchess_of_Buckingham
Joan_II_of_Navarre	child	Anne_of_Cyprus
Joan_II_of_Navarre	child	Charles_Cardinal_of_Lorraine
Charles_IV_of_France	child	Marie_de_Medici
Marie_Eleonore_of_Cleves	child	Edmund_of_Woodstock_1st_Earl_of_Kent
Marie_Eleonore_of_Cleves	child	Archduke_Charles_Duke_of_Teschen
Marie_Eleonore_of_Cleves	child	Sibylla_of_Burgundy
Marie_Eleonore_of_Cleves	child	Prince_William_Duke_of_Cumberland
Yaroslav_the_Wise	child	Princess_Maria_Isabella_of_Naples_and_Sicily
Yaroslav_the_Wise	child	Lothair_II_of_Italy
Yaroslav_the_Wise	child	Louis_XVIII
Yaroslav_the_Wise	child	Adalbert_of_Italy
Yaroslav_the_Wise	child	Peter_II_Duke_of_Bourbon
Yaroslav_the_Wise	child	Jacques_of_Savoy_Count_of_Romont
Yaroslav_the_Wise	child	Catherine_of_France_Countess_of_Charolais
Yaroslav_the_Wise	child	Peter_I_of_Courtenay
Victor_Amadeus_II_of_Sardinia	child	Isabelle_de_Bourbon
Victor_Amadeus_II_of_Sardinia	child	Maria_Luisa_of_Parma
Victor_Amadeus_II_of_Sardinia	child	John_II_Duke_of_Bourbon
Victor_Amadeus_II_of_Sardinia	child	Joanna_of_Bavaria
Victor_Amadeus_II_of_Sardinia	child	Philip_de_Medici
Ferdinand_I_of_the_Two_Sicilies	child	Louis_Philippe_I
Ferdinand_I_of_the_Two_Sicilies	child	Antonia_of_Savoy
Ferdinand_I_of_the_Two_Sicilies	child	Agnes_of_Burgundy_Duchess_of_Bourbon
Ferdinand_I_of_the_Two_Sicilies	child	Napol_on_Charles_Bonaparte
Ferdinand_I_of_the_Two_Sicilies	child	Edwin_son_of_Edward_the_Elder
Ferdinand_I_of_the_Two_Sicilies	child	Theobald_II_Duke_of_Lorraine
Ferdinand_I_of_the_Two_Sicilies	child	Albert_II_Duke_of_Austria
Ferdinand_I_of_the_Two_Sicilies	child	Philibert_II_Duke_of_Savoy
Ferdinand_I_of_the_Two_Sicilies	child	Marie_of_Valois_Prioress_of_Poissy
Ferdinand_I_of_the_Two_Sicilies	child	Maria_Cristina_of_Naples_and_Sicily
Ferdinand_I_of_the_Two_Sicilies	child	Henry_King_of_Portugal
Odo_II_Duke_of_Burgundy	child	Napoleon_II
Hugh_III_Duke_of_Burgundy	child	Archduchess_Margaret_of_Austria_nun
Alfonso_II_of_Aragon	child	Archduke_Joseph_Franz_of_Austria
Alfonso_II_of_Aragon	child	Francis_II_Duke_of_Brittany
Alfonso_II_of_Aragon	child	James_I_Count_of_La_Marche
Alfonso_II_of_Aragon	child	Prince_Adolphus_Duke_of_Cambridge
Charles_Martel	child	Blanche_of_Navarre_Queen_of_France
Charles_Martel	child	Cecile_of_France
Charles_Martel	child	Peter_II_of_Aragon
Charles_Martel	child	Henry_Duke_of_Villena
Charles_Martel	child	William_II_Count_of_Hainaut
Louis_I_Duke_of_Orl_ans	child	Louis_Count_of__vreux
Louis_I_Duke_of_Orl_ans	child	Archduchess_Maria_Anna_of_Austria_governor
Louis_I_Duke_of_Orl_ans	child	Juan_de_Arag_n
Charles_V_of_France	child	Louis_IV_of_France
Charles_V_of_France	child	Richeza_of_Denmark
Charles_V_of_France	child	Isabella_of_France
Charles_V_of_France	child	Louis_Bonaparte
Eleanor_of_Provence	child	Isabel_of_Viseu
Eleanor_of_Provence	child	John_of_Castile_Lord_of_Valencia_de_Campos
Eleanor_of_Provence	child	Lothair_I
Eleanor_of_Provence	child	Anna_Jagiellon_Duchess_of_Pomerania
Charles_Emmanuel_II_Duke_of_Savoy	child	Eleanor_of_Portugal_Queen_of_Aragon
Joan_II_Countess_of_Burgundy	child	Maria_of_Naples
Joan_II_Countess_of_Burgundy	child	Henry_III_of_Castile
Joan_II_Countess_of_Burgundy	child	Igor_Yaroslavich
John_II_of_Aragon	child	Edward_the_Elder
John_II_of_Aragon	child	Henri_de_Dreux
John_II_of_Aragon	child	John_Tristan_Count_of_Valois
John_II_of_Aragon	child	Archduke_Joseph_of_Austria_Palatine_of_Hungary
John_II_of_Aragon	child	Duchess_Anna_of_Prussia
John_II_of_Aragon	child	Arnulf_archbishop_of_Reims
James_III_of_Scotland	child	John_King_of_England
James_III_of_Scotland	child	Duchess_Helene_of_Mecklenburg_Schwerin
Joan_of_Valois_Countess_of_Hainaut	child	Maria_Anna_of_Bavaria_born_1551
Joan_of_Valois_Countess_of_Hainaut	child	Infante_Antonio_Duke_of_Galliera
Joan_of_Valois_Countess_of_Hainaut	child	Jacques_of_Savoy_Count_of_Romont
Clementia_of_Hungary	child	Louis_XVI
Charles_the_Simple	child	Margaret_of_Bourbon_Lady_of_Albret
Countess_Palatine_Dorothea_Sophie_of_Neuburg	child	Joan_of_Valois_Countess_of_Hainaut
Elisabeth_Farnese	child	Duchess_Sophie_of_Prussia
Elisabeth_Farnese	child	John_II_Duke_of_Bavaria
Elisabeth_Farnese	child	Sancha_Lady_of_Alenquer
Elisabeth_Farnese	child	Pauline_Bonaparte
Elisabeth_Farnese	child	Princess_Augusta_Sophia_of_the_United_Kingdom
Ermentrude_of_Orl_ans	child	Charles_Emmanuel_IV_of_Sardinia
Ermentrude_of_Orl_ans	child	Ren_e_of_France
Ermentrude_of_Orl_ans	child	Archduchess_Maria_Carolina_of_Austria_born_1740
Ermentrude_of_Orl_ans	child	Edward_V_of_England
Alfonso_II_Count_of_Provence	child	Ernest_Augustus_King_of_Hanover
Rudolf_I_of_Germany	child	Charles_V_of_France
Rudolf_I_of_Germany	child	Rudolph_Duke_of_Lorraine
Rudolf_I_of_Germany	child	Duke_George_Augustus_of_Mecklenburg
Rudolf_I_of_Germany	child	Thomas_Francis_Prince_of_Carignano
Rudolf_I_of_Germany	child	Blanche_of_France_Duchess_of_Orl_ans
Rudolf_I_of_Germany	child	Philip_I_Duke_of_Burgundy
Rudolf_I_of_Germany	child	Anne_of_Orl_ans_Abbess_of_Fontevraud
Gertrude_of_Hohenberg	child	Magdalena_of_Valois
Gertrude_of_Hohenberg	child	John_Prince_of_Asturias
Gertrude_of_Hohenberg	child	Louis_IV_Landgrave_of_Hesse_Marburg
Gertrude_of_Hohenberg	child	Princess_Margaret_Yolande_of_Savoy
Gertrude_of_Hohenberg	child	Albert_II_Duke_of_Saxony
Gertrude_of_Hohenberg	child	Joan_of_Valois_Duchess_of_Alen_on
Dirk_II_Count_of_Holland	child	Napoleon_III
Dirk_II_Count_of_Holland	child	Joan_I_of_Navarre
Beatrice_of_Portugal_died_1381	child	Afonso_V_of_Portugal
Victor_Amadeus_I_Duke_of_Savoy	child	John_Joseph_of_Austria
Victor_Amadeus_I_Duke_of_Savoy	child	William_FitzEmpress
Victor_Amadeus_I_Duke_of_Savoy	child	Joan_of_Portugal
Victor_Amadeus_I_Duke_of_Savoy	child	Christine_of_Saxony
Victor_Amadeus_I_Duke_of_Savoy	child	Princess_Elizabeth_of_the_United_Kingdom
Mary_of_Burgundy_Duchess_of_Cleves	child	Marie_of_Orl_ans_Viscountess_of_Narbonne
Mary_of_Burgundy_Duchess_of_Cleves	child	Eleanor_of_Aragon_Queen_of_Portugal
Mary_of_Burgundy_Duchess_of_Cleves	child	Maria_Sophia_of_Neuburg
Mary_of_Burgundy_Duchess_of_Cleves	child	Sophia_of_Saxe_Weissenfels_Princess_of_Anhalt_Zerbst
Mary_of_Burgundy_Duchess_of_Cleves	child	Frances_Grey_Duchess_of_Suffolk
Nicholas_Francis_Duke_of_Lorraine	child	William_IX_Count_of_Poitiers
Nicholas_Francis_Duke_of_Lorraine	child	Blanche_of_France_Duchess_of_Austria
Dirk_III_Count_of_Holland	child	Radegonde_of_Valois
Alfonso_X_of_Castile	child	Berengaria_of_Le_n
Alfonso_X_of_Castile	child	Louis_I_Duke_of_Bourbon
Alfonso_X_of_Castile	child	Louis_of_Cyprus
Alfonso_X_of_Castile	child	Jeanne_d_Albret
Alfonso_X_of_Castile	child	Alfonso_XI_of_Castile
Alfonso_X_of_Castile	child	Guy_of_Ivrea
Louis_Duke_of_Orl_ans_1703_1752	child	Marie_of_Cleves_Duchess_of_Orl_ans
Landgravine_Elisabeth_Amalie_of_Hesse_Darmstadt	child	Grimoald_the_Younger
Landgravine_Elisabeth_Amalie_of_Hesse_Darmstadt	child	Conrad_of_Ivrea
Landgravine_Elisabeth_Amalie_of_Hesse_Darmstadt	child	Marie_Elisabeth_of_France
Landgravine_Elisabeth_Amalie_of_Hesse_Darmstadt	child	Isabella_of_Valois
Landgravine_Elisabeth_Amalie_of_Hesse_Darmstadt	child	Louise__lisabeth_d_Orl_ans
Landgravine_Elisabeth_Amalie_of_Hesse_Darmstadt	child	Joanna_Sophia_of_Bavaria
Landgravine_Elisabeth_Amalie_of_Hesse_Darmstadt	child	Isabella_of_Scotland_Duchess_of_Brittany
Landgravine_Elisabeth_Amalie_of_Hesse_Darmstadt	child	Catherine_of_Aragon
Landgravine_Elisabeth_Amalie_of_Hesse_Darmstadt	child	Louise__lisabeth_Duchess_of_Berry
James_II_of_Scotland	child	Charles_Martel
James_II_of_Scotland	child	Charlotte_of_Savoy
James_II_of_Scotland	child	Joan_of_the_Tower
Willa_of_Tuscany	child	Charles_IV_of_France
Willa_of_Tuscany	child	Charles_I_of_Anjou
Willa_of_Tuscany	child	Prince_Bernhard_of_Saxe_Weimar_Eisenach_1792_1862
Willa_of_Tuscany	child	Eleanor_of_Portugal_Holy_Roman_Empress
Maria_Anna_of_Bavaria_born_1551	child	John_III_Duke_of_Bavaria
Maria_Anna_of_Bavaria_born_1551	child	Henry_VI_of_England
Maria_Anna_of_Bavaria_born_1551	child	Philip_I_Count_of_Flanders
Maria_Anna_of_Bavaria_born_1551	child	Philip_of_France_1116_1131
Maria_Anna_of_Bavaria_born_1551	child	Princess_Catherine_Beatrice_of_Savoy
Maria_Anna_of_Bavaria_born_1551	child	Alonso_de_Arag_n
Maria_Anna_of_Bavaria_born_1551	child	Duchess_Christiane_of_Mecklenburg
Maria_Anna_of_Bavaria_born_1551	child	Catherine_of_Austria_Queen_of_Portugal
Maria_Luisa_of_Spain	child	Louise_of_Savoy
Maria_Luisa_of_Spain	child	Louis_I_Duke_of_Orl_ans
Maria_Luisa_of_Spain	child	Sviatoslav_I
Maria_Luisa_of_Spain	child	Alfred_the_Great
Maria_Luisa_of_Spain	child	Ferdinand_of_Castile_born_1238
Maria_Luisa_of_Spain	child	Margaret_of_Savoy_Vicereine_of_Portugal
Maria_Luisa_of_Spain	child	Margaret_of_France_Duchess_of_Brabant
Maria_Luisa_of_Spain	child	Ferdinand_I_of_Portugal
Maria_Luisa_of_Spain	child	Hiltrud
Maria_Luisa_of_Spain	child	Agnes_of_Navarre
Maria_Theresa_of_Spain	child	Charles_IV_Holy_Roman_Emperor
Maria_Theresa_of_Spain	child	Louis_the_Younger
Henry_the_Lion	child	David_Stewart_Earl_of_Moray
Henry_the_Lion	child	Marie_Z_phyrine_of_France
Henry_the_Lion	child	Arnulf_Count_of_Holland
Beatriz_of_Portugal_Duchess_of_Viseu	child	Barbara_Jagiellon
Beatriz_of_Portugal_Duchess_of_Viseu	child	Adam_Gordon_of_Auchindoun
Beatriz_of_Portugal_Duchess_of_Viseu	child	Catherine_of_Aragon
Ferdinand_II_of_Aragon	child	Sancho_II_of_Portugal
Ferdinand_II_of_Aragon	child	Fulk_King_of_Jerusalem
Ferdinand_II_of_Aragon	child	Maria_Amalia_of_Naples_and_Sicily
Ferdinand_II_of_Aragon	child	Gisela_of_France
Ferdinand_II_of_Aragon	child	Maria_Luisa_Gabriella_of_Savoy
Ferdinand_II_of_Aragon	child	Marie_Th_r_se_of_France_1667_1672
Willa_of_Burgundy	child	Louis_XIV
Hugh_of_Italy	child	Eadgifu_of_Wessex
Rudolph_II_of_Burgundy	child	Heinrich_of_Saxe_Weissenfels_Count_of_Barby
Rudolph_II_of_Burgundy	child	Albert_III_Duke_of_Austria
Henry_II_of_France	child	John_Beaufort_1st_Earl_of_Somerset
Henry_II_of_France	child	Anna_of_Lorraine
Henry_II_of_France	child	Ferdinand_III_Grand_Duke_of_Tuscany
Henry_II_of_France	child	Richard_I_of_England
Henry_II_of_France	child	Charles_II_Grand_Duke_of_Mecklenburg_Strelitz
Henry_II_of_France	child	Henri_de_Lorraine_Chaligny
Henry_II_of_France	child	Geoffrey_II_Duke_of_Brittany
Eug_nie_de_Montijo	child	Princess_Eleonora_of_Savoy
Napoleon_III	child	Eleanor_de_Medici
Clemence_of_Austria	child	Margaret_of_Savoy_Countess_of_Saint_Pol
Clemence_of_Austria	child	Thankmar
Charles_VI_of_France	child	Odo_of_France
Charles_VI_of_France	child	Archduchess_Barbara_of_Austria
Charles_VI_of_France	child	Margaret_of_England
Charles_VI_of_France	child	Christine_of_Hesse
Charles_VI_of_France	child	Childebrand_I
Charles_VI_of_France	child	Anne_of_Bohemia_Duchess_of_Austria
Duke_Charles_Louis_Frederick_of_Mecklenburg	child	Denis_Lord_of_Cifuentes
Duke_Charles_Louis_Frederick_of_Mecklenburg	child	Princess_Amelia_of_the_United_Kingdom
Duke_Charles_Louis_Frederick_of_Mecklenburg	child	Charles_IV_of_Spain
Duke_Charles_Louis_Frederick_of_Mecklenburg	child	Louise__lisabeth_Duchess_of_Berry
Duke_Charles_Louis_Frederick_of_Mecklenburg	child	Ferdinando_I_de_Medici_Grand_Duke_of_Tuscany
Joan_I_Countess_of_Auvergne	child	Elias_II_Count_of_Maine
Henry_V_of_England	child	Charlotte_of_Savoy
Joan_of__vreux	child	Anne_Princess_Royal_and_Princess_of_Orange
Louis_Count_of__vreux	child	Simon_II_Duke_of_Lorraine
Louis_Count_of__vreux	child	Archduchess_Anna_of_Austria
Louis_Count_of__vreux	child	Anne_Henriette_of_Bavaria
Claude_of_France	child	Antoine_Duke_of_Lorraine
Claude_of_France	child	Maria_Beatrice_of_Savoy
Claude_of_France	child	Ferdinand_of_Bavaria_soldier
Claude_of_France	child	Sophie_of_France_1776_1783
Claude_of_France	child	Sophie_of_France_1786_1787
Louis_I_Duke_of_Bourbon	child	Philip_II_Duke_of_Savoy
Louis_I_Duke_of_Bourbon	child	Edmund_Tudor_1st_Earl_of_Richmond
Marie_Antoinette	child	Sancha_of_Aragon_Countess_of_Toulouse
Marie_Antoinette	child	John_Duke_of_Durazzo
Marie_Antoinette	child	Lucrezia_de_Medici_Duchess_of_Ferrara
Charles_X	child	John_II_Duke_of_Lorraine
Charles_X	child	Prince_Alfred_of_Great_Britain
Charles_X	child	Mary_of_Hungary_governor_of_the_Netherlands
Charles_III_Duke_of_Savoy	child	_thelbald_King_of_Wessex
Margaret_of_Bourbon_1438_1483	child	Hugh_Capet
Margaret_of_Bourbon_1438_1483	child	Lionel_Woodville
Maria_Theresa_of_Austria_Este_Queen_of_Sardinia	child	Grifo_noble
Maria_Theresa_of_Austria_Este_Queen_of_Sardinia	child	Fulk_King_of_Jerusalem
Maria_Theresa_of_Austria_Este_Queen_of_Sardinia	child	Sancho_Alfonso
Maria_Theresa_of_Austria_Este_Queen_of_Sardinia	child	Henry_II_of_Namur
Vladimir_the_Great	child	John_Duke_of_Valencia_de_Campos
Vladimir_the_Great	child	Frederick_I_Duke_of_Lorraine
Vladimir_the_Great	child	Eleanor_of_Austria
Vladimir_the_Great	child	Matilda_of_France
Vladimir_the_Great	child	Louise_of_Great_Britain
Sviatoslav_I	child	Marie_of_Anjou
Sviatoslav_I	child	Maria_Teresa_Rafaela_of_Spain
Sviatoslav_I	child	Joan_of_France_Duchess_of_Bourbon
John_of_Montfort	child	Ferdinand_III_of_Castile
John_of_Montfort	child	Louis_III_Elector_Palatine
Fulk_King_of_Jerusalem	child	Mary_of_Burgundy
Fulk_King_of_Jerusalem	child	Henrietta_Maria
Fulk_King_of_Jerusalem	child	Princess_Anne_Charlotte_of_Lorraine
Fulk_King_of_Jerusalem	child	Prince_Edward_Duke_of_Kent_and_Strathearn
Fulk_King_of_Jerusalem	child	Louis_Auguste_Duke_of_Maine
Geoffrey_Plantagenet_Count_of_Anjou	child	Francis_II_Duke_of_Brittany
Geoffrey_Plantagenet_Count_of_Anjou	child	Philip_Count_of_Longueville
Geoffrey_Plantagenet_Count_of_Anjou	child	Archduchess_Gregoria_Maximiliana_of_Austria
Catherine_de_Medici	child	Joan_of_Portugal
Catherine_de_Medici	child	Bonne_of_Luxembourg
Catherine_de_Medici	child	Isabella_of_France_Queen_of_Navarre
Catherine_de_Medici	child	Louis_Philippe_I_Duke_of_Orl_ans
Catherine_de_Medici	child	Maria_Anna_of_Savoy_Duchess_of_Chablais
Catherine_de_Medici	child	Catherine_Henriette_de_Bourbon
Emma_of_Italy	child	Robert_I_of_France
Victor_Amadeus_III_of_Sardinia	child	Princess_Isabelle_of_Orl_ans_1878_1961
Victor_Amadeus_III_of_Sardinia	child	Jean_Cardinal_of_Lorraine
Victor_Amadeus_III_of_Sardinia	child	Gerberga_of_Burgundy
Victor_Amadeus_III_of_Sardinia	child	John_II_Duke_of_Brittany
Victor_Amadeus_III_of_Sardinia	child	Prince_Robert_Duke_of_Chartres
Victor_Amadeus_III_of_Sardinia	child	Sudislav
Victor_Amadeus_III_of_Sardinia	child	Beatrice_of_Bourbon_Queen_of_Bohemia
Victor_Amadeus_III_of_Sardinia	child	Constance_of_Burgundy
Louis_XII	child	Francis_I_Duke_of_Lorraine
Louis_XII	child	Maximilian_William_of_Brunswic_L_neburg
Philip_I_of_Castile	child	Marie_Hedwig_of_Hesse_Darmstadt
Philip_I_of_Castile	child	Violant_of_Hungary
Philip_I_of_Castile	child	Archduke_Wenceslaus_of_Austria
Philip_I_of_Castile	child	_thelweard_son_of_Alfred
Philip_I_of_Castile	child	Eleanor_of_Castile_1307_1359
Eleanor_of_Castile	child	Malusha
Eleanor_of_Castile	child	Philippa_of_Lancaster
Eleanor_of_Castile	child	Archduke_Rudolf_of_Austria
Eleanor_of_Castile	child	John_of_Bohemia
Alfonso_IX_of_Le_n	child	Frederick_II_Duke_of_Lorraine
Alfonso_IX_of_Le_n	child	Matilda_of_France
Alfonso_IX_of_Le_n	child	Portrait_of_Bia_de_Medici
James_I_of_Scotland	child	Philip_IV_of_Spain
James_I_of_Scotland	child	Louis_XI
James_I_of_Scotland	child	Louis_VI_of_France
James_I_of_Scotland	child	Napol_on_Louis_Bonaparte
James_I_of_Scotland	child	Elisabeth_of_Courtenay
James_I_of_Scotland	child	Sophie_of_Brunswic_L_neburg
Charles_VIII_of_France	child	Eadhild
Louis_XI	child	Philip_II_Duke_of_Savoy
Louis_XI	child	Alix_of_France
Louis_XI	child	Urraca_Afonso
Cosimo_I_de_Medici_Grand_Duke_of_Tuscany	child	Charles_IV_Duke_of_Lorraine
Cosimo_I_de_Medici_Grand_Duke_of_Tuscany	child	Francis_II_Holy_Roman_Emperor
Cosimo_I_de_Medici_Grand_Duke_of_Tuscany	child	Louis_Count_of__vreux
Cosimo_I_de_Medici_Grand_Duke_of_Tuscany	child	Baldwin_VI_Count_of_Flanders
Cosimo_I_de_Medici_Grand_Duke_of_Tuscany	child	Joan_I_of_Navarre
Cosimo_I_de_Medici_Grand_Duke_of_Tuscany	child	Philip_I_Count_of_Boulogne
Cosimo_I_de_Medici_Grand_Duke_of_Tuscany	child	Adolphus_Frederick_III_Duke_of_Mecklenburg_Strelitz
Cosimo_I_de_Medici_Grand_Duke_of_Tuscany	child	Louis_of_France_1244_1260
Peter_I_of_Portugal	child	Maria_Theresa_of_Austria_Este_Queen_of_Sardinia
Peter_I_of_Portugal	child	Ferdinand_the_Holy_Prince
Peter_I_of_Portugal	child	James_Stewart_1st_Earl_of_Moray
Peter_I_of_Portugal	child	Archduchess_Maria_Amalia_of_Austria_1780_1798
Peter_I_of_Portugal	child	Gertrude_of_Flanders_Countess_of_Savoy
Peter_I_of_Portugal	child	Bernard_son_of_Charles_the_Fat
Raymond_of_Burgundy	child	Louis_Antoine_Duke_of_Angoul_me
Raymond_of_Burgundy	child	Augustus_the_Elder_Duke_of_Brunswic_L_neburg
Lothair_II_of_Italy	child	Robert_III_Count_of_Dreux
Jacquetta_of_Luxembourg	child	Landgravine_Elisabeth_Amalie_of_Hesse_Darmstadt
Jacquetta_of_Luxembourg	child	Henry_Brandon_1st_Earl_of_Lincoln
Jacquetta_of_Luxembourg	child	Charles_de_Valois_Duke_of_Angoul_me
Jacquetta_of_Luxembourg	child	Anastasia_of_Kiev
Jacquetta_of_Luxembourg	child	Maria_of_Portugal_Queen_of_Castile
Jacquetta_of_Luxembourg	child	Archduchess_Maria_Theresa_of_Austria_Este_1817_1886
Jacquetta_of_Luxembourg	child	Archduchess_Marie_Caroline_of_Austria
Jacquetta_of_Luxembourg	child	Louise_Diane_Princess_of_Conti
George_I_of_Great_Britain	child	Arthur_Prince_of_Wales
Ernest_Augustus_Elector_of_Hanover	child	Maria_Amalia_Holy_Roman_Empress
Ernest_Augustus_Elector_of_Hanover	child	Charles_II_Archduke_of_Austria
Ernest_Augustus_Elector_of_Hanover	child	Joanna_of_Austria_Grand_Duchess_of_Tuscany
Ernest_Augustus_Elector_of_Hanover	child	Emanuele_Filiberto_Duke_of_Aosta_1731_1735
Margaret_of_Anjou	child	Archduke_Maximilian_Ernest_of_Austria
Charlotte_of_Bourbon_Queen_of_Cyprus	child	Jean_Gordon_Countess_of_Bothwell
Princess_Elisabeth_Albertine_of_Saxe_Hildburghausen	child	Louis_XV
Princess_Elisabeth_Albertine_of_Saxe_Hildburghausen	child	Francis_II_Holy_Roman_Emperor
Princess_Elisabeth_Albertine_of_Saxe_Hildburghausen	child	Bertha_of_Holland
Princess_Elisabeth_Albertine_of_Saxe_Hildburghausen	child	Charlotte_Princess_Royal
Anne_of_Bohemia_and_Hungary	child	Marie_Ad_la_de_of_Savoy
Anne_of_Bohemia_and_Hungary	child	Archduchess_Anna_of_Austria
Anne_of_Bohemia_and_Hungary	child	Louis_Duke_of_Burgundy_1751_1761
Anne_of_Bohemia_and_Hungary	child	Victoire_of_France_1733_1799
Anne_of_Bohemia_and_Hungary	child	Margaret_of_Austria_Duchess_of_Savoy
Anne_of_Bohemia_and_Hungary	child	Princess_Mary_of_Great_Britain
Anne_of_Bohemia_and_Hungary	child	Louis_of_France_1264_1276
Louis_IV_of_France	child	Archduchess_Maria_Leopoldine_of_Austria_Este
Louis_IV_of_France	child	John_Henry_Margrave_of_Moravia
Henry_VII_Holy_Roman_Emperor	child	Pepin_I_of_Aquitaine
Henry_VII_Holy_Roman_Emperor	child	Afonso_Prince_of_Portugal
Henry_VII_Holy_Roman_Emperor	child	Violant_of_Castile
Saint_Margaret_of_Scotland	child	Joan_II_of_Navarre
Saint_Margaret_of_Scotland	child	Ferdinand_I_of_the_Two_Sicilies
Saint_Margaret_of_Scotland	child	William_Adelin
Saint_Margaret_of_Scotland	child	Charles_Orlando_Dauphin_of_France
Louis_XIII	child	Charlotte_Princess_Royal
Marie_de_Medici	child	Ren__of_Anjou
Marie_de_Medici	child	Charles_the_Bald
Marie_de_Medici	child	Ernest_Augustus_Duke_of_York_and_Albany
Marie_de_Medici	child	J_r_me_Bonaparte
Marie_de_Medici	child	Oleg_of_Drelinia
Marie_de_Medici	child	Archduke_Maximilian_Francis_of_Austria
Charles_the_Bald	child	Princess_Marie_Isabelle_of_Orl_ans
Charles_the_Bald	child	Princess_Louise_of_Hesse_Darmstadt_1757_1830
Charles_the_Bald	child	Francis_II_Duke_of_Lorraine
Charles_the_Bald	child	Pepin_of_Italy
Rudolph_Duke_of_Lorraine	child	Margaret_Stewart_Dauphine_of_France
John_I_of_Portugal	child	Philip_IV_of_Spain
John_I_of_Portugal	child	Charles_the_Child
John_I_of_Portugal	child	Eleanor_of_Scotland
John_I_of_Portugal	child	Anna_of_Hungary_Byzantine_empress
John_I_of_Portugal	child	Rudolf_II_Holy_Roman_Emperor
John_I_of_Portugal	child	Alix_of_France
John_I_of_Portugal	child	Marie_Louise_of_France_1728_1733
John_I_of_Portugal	child	Archduke_Anton_Victor_of_Austria
Odo_IV_Duke_of_Burgundy	child	Eleanor_of_Castile
Joan_III_Countess_of_Burgundy	child	Eadburh_of_Winchester
Elisabeth_of_France_1602_1644	child	Pepin_the_Hunchback
Elisabeth_of_France_1602_1644	child	Napol_on_Prince_Imperial
Yolanda_of_Courtenay	child	Madame_Ad_la_de
Constance_of_Arles	child	Robert_II_of_France
Constance_of_Arles	child	Ferdinand_II_Holy_Roman_Emperor
Constance_of_Arles	child	Ferdinand_Philippe_Duke_of_Orl_ans
Constance_of_Arles	child	James_II_of_Majorca
James_I_of_Aragon	child	Henry_II_of_France
James_I_of_Aragon	child	Henrietta_Maria
James_I_of_Aragon	child	Philip_II_of_France
James_I_of_Aragon	child	Violant_of_Aragon
James_I_of_Aragon	child	Ladislaus_IV_of_Hungary
Maria_Amalia_of_Naples_and_Sicily	child	Isabella_of_Austria
Maria_Amalia_of_Naples_and_Sicily	child	Alfonso_Fern_ndez_el_Ni_o
Maria_Amalia_of_Naples_and_Sicily	child	Isabelle_Duchess_of_Brittany
Maria_Amalia_of_Naples_and_Sicily	child	Claude_of_France_1547_1575
Maria_Amalia_of_Naples_and_Sicily	child	George_I_Landgrave_of_Hesse_Darmstadt
Maria_Amalia_of_Naples_and_Sicily	child	Marie_Louise_Duchess_of_Parma
Maria_Amalia_of_Naples_and_Sicily	child	Sancha_of_Portugal_born_1264
Maria_Amalia_of_Naples_and_Sicily	child	Mafalda_of_Portugal
Maria_Carolina_of_Austria	child	Isabella_Duchess_of_Lorraine
Maria_Carolina_of_Austria	child	Archduchess_Magdalena_of_Austria
Maria_Carolina_of_Austria	child	Alfonso_of_Molina
Maria_Carolina_of_Austria	child	Matilda_of_England_Duchess_of_Saxony
Maria_Carolina_of_Austria	child	Beatrice_of_Navarre_Duchess_of_Burgundy
Maria_Carolina_of_Austria	child	Nicolas_Henri_Duke_of_Orl_ans
Maria_Carolina_of_Austria	child	Afonso_I_Duke_of_Braganza
Maria_Carolina_of_Austria	child	Richeza_of_Poland_Queen_of_Sweden
Maria_Carolina_of_Austria	child	Emma_of_France
Maria_Carolina_of_Austria	child	Count_of_Boulogne
Marie_of_Brabant_Queen_of_France	child	Emanuel_Filibert_of_Savoy
Marie_of_Brabant_Queen_of_France	child	Catherine_of_Valois_Courtenay
Marie_of_Brabant_Queen_of_France	child	Florine_of_Burgundy
Matilda_of_Scotland	child	Louis_Dauphin_of_France_son_of_Louis_XV
Matilda_of_Scotland	child	Conrad_of_Ivrea
Charles_Emmanuel_I_Duke_of_Savoy	child	Francis_III_Duke_of_Brittany
Charles_Emmanuel_I_Duke_of_Savoy	child	Theodoric_II_Duke_of_Lorraine
Charles_Emmanuel_I_Duke_of_Savoy	child	John_I_Duke_of_Lorraine
Charles_Emmanuel_I_Duke_of_Savoy	child	Archbishop_of_Cologne
Charles_Emmanuel_I_Duke_of_Savoy	child	John_III_of_Portugal
Maria_Amalia_of_Saxony	child	Gian_Galeazzo_Sforza
Maria_Amalia_of_Saxony	child	Marie_Antoinette
Maria_Amalia_of_Saxony	child	Emma_of_Italy
Maria_Amalia_of_Saxony	child	Maria_Theresa_of_Naples_and_Sicily
Maria_Amalia_of_Saxony	child	Princess_Sophia_of_the_United_Kingdom
Maria_Amalia_of_Saxony	child	Albert_VII_Archduke_of_Austria
Maria_Amalia_of_Saxony	child	Princess_Caroline_Louise_of_Saxe_Weimar_Eisenach
Maria_Amalia_of_Saxony	child	Isabella_of_Aragon_Queen_of_Portugal
Hedwig_of_Saxony	child	Willa_of_Tuscany
Hedwig_of_Saxony	child	William_IX_Count_of_Poitiers
Hedwig_of_Saxony	child	Philip_Duke_of_Orl_ans
Isabella_of_Hainault	child	Adela_of_France
Maria_Theresa_of_Naples_and_Sicily	child	James_I_of_Aragon
Maria_Theresa_of_Naples_and_Sicily	child	Prince_Ferdinand_Duke_of_Montpensier
Maria_Theresa_of_Naples_and_Sicily	child	Infanta_Luisa_Fernanda_Duchess_of_Montpensier
Maria_Theresa_of_Naples_and_Sicily	child	Infante_Carlos_of_Spain_1607_1632
Maria_Theresa_of_Naples_and_Sicily	child	Adalbert_of_Italy
Maria_Theresa_of_Naples_and_Sicily	child	Anne_Marie_Th_r_se_de_Lorraine
Maria_Theresa_of_Naples_and_Sicily	child	Philip_of_France_Archdeacon_of_Paris
Maria_Theresa_of_Naples_and_Sicily	child	Blanche_of_Navarre_Duchess_of_Brittany
Archduchess_Maria_Clementina_of_Austria	child	Denis_of_Portugal
Charles_VII_of_France	child	Blanche_of_Castile
Charles_VII_of_France	child	Ferdinand_I_Holy_Roman_Emperor
Charles_VII_of_France	child	Claude_of_France_1547_1575
Charles_VII_of_France	child	Helie_of_Burgundy
Charles_VII_of_France	child	James_II_of_Majorca
Charles_VII_of_France	child	Princess_H_l_ne_of_Orl_ans
Charles_VII_of_France	child	Princess_Amelia_of_Great_Britain
Charles_IX_of_France	child	Beatrice_Countess_of_Arundel
Charles_IX_of_France	child	Charles_III_Philip_Elector_Palatine
Margaret_of_Brabant	child	Elizabeth_of_Luxembourg
Margaret_of_Brabant	child	Fran_ois_de_Lorraine
Philip_III_of_France	child	Maria_Josepha_of_Saxony_Dauphine_of_France
Philip_III_of_France	child	Princess_Elizabeth_of_Great_Britain
Philip_III_of_France	child	Napoleon_II
Philip_III_of_France	child	Peter_I_Count_of_Alen_on
Philip_III_of_France	child	Charles_Ferdinand_Duke_of_Berry
Margaret_of_Bavaria	child	Louis_the_German
Margaret_of_Bavaria	child	Princess_Mar_a_Cristina_of_Orl_ans
Margaret_of_Bavaria	child	Maria_Christina_of_the_Two_Sicilies
Margaret_of_Bavaria	child	Ernest_of_Bavaria
Louis_IX_of_France	child	Duke_Charles_Louis_Frederick_of_Mecklenburg
Louis_IX_of_France	child	Ferdinand_I_Holy_Roman_Emperor
Louis_IX_of_France	child	Agnes_of_Burgundy_Duchess_of_Bourbon
Louis_IX_of_France	child	Marie_of_France_Countess_of_Champagne
Louis_IX_of_France	child	Princess_Mar_a_Cristina_of_Orl_ans
Louis_IX_of_France	child	Catherine_of_Lorraine_Margravine_of_Bade_Baden
Louis_IX_of_France	child	David_Stewart_Duke_of_Rothesay
Louis_IX_of_France	child	Eleanor_of_Aragon_Countess_of_Toulouse
Violant_of_Hungary	child	Princess_Louise_d_Artois
Violant_of_Hungary	child	Louis_VIII_of_France
Violant_of_Hungary	child	Princess_Marie_of_Orl_ans_1813_1839
Ferdinand_II_of_Le_n	child	Charles_Duke_of_Berry_1686_1714
Alfonso_VII_of_Le_n_and_Castile	child	Charles_Frederick_Grand_Duke_of_Saxe_Weimar_Eisenach
Alfonso_VII_of_Le_n_and_Castile	child	Alfonso_II_Count_of_Provence
Alfonso_VII_of_Le_n_and_Castile	child	Charles_V_Duke_of_Lorraine
Alfonso_VII_of_Le_n_and_Castile	child	Ferdinand_Count_of_Flanders
Alfonso_VII_of_Le_n_and_Castile	child	Blanche_of_Anjou
Alfonso_VII_of_Le_n_and_Castile	child	Margaret_of_Cleves_Duchess_of_Bavaria_Munich
Isabella_of_Aragon_Queen_of_France	child	Marie_of_Brittany_Countess_of_Saint_Pol
Isabella_of_Aragon_Queen_of_France	child	_thelswith
Ferdinand_I_of_Aragon	child	William_FitzEmpress
Ferdinand_I_of_Aragon	child	Alys_of_France_Countess_of_Vexin
Ferdinand_I_of_Aragon	child	Henri_Count_of_Chambord
Ferdinand_I_of_Aragon	child	Gaston_Duke_of_Orl_ans
Ferdinand_I_of_Aragon	child	Matilda_of_Flanders
Ferdinand_I_of_Aragon	child	Constance_of_Aragon_Lady_of_Villena
Robert_I_Duke_of_Burgundy	child	Mary_of_Hungary_Queen_of_Naples
Frederick_I_Duke_of_Lorraine	child	Madeleine_of_Valois
Robert_III_of_Scotland	child	Yolanda_of_Courtenay
Louis_the_Stammerer	child	Frederica_Louisa_of_Hesse_Darmstadt
Louis_the_Stammerer	child	George_Gordon_5th_Earl_of_Huntly
Louis_the_Stammerer	child	Hedwig_of_France_Countess_of_Mons
Rudolph_I_of_Burgundy	child	Caroline_Matilda_of_Great_Britain
Rudolph_I_of_Burgundy	child	Louis_of_France_1244_1260
Philippe_I_Duke_of_Orl_ans	child	Maria_de_Medici_1540_1557
Sophia_of_Minsk	child	Maria_Henrietta_of_Naples_and_Sicily
Sophia_of_Minsk	child	George_II_of_Great_Britain
Sophia_of_Minsk	child	Albert_II_Duke_of_Bavaria
Ferdinand_III_of_Castile	child	Margaret_of_Bourbon_1438_1483
Ferdinand_III_of_Castile	child	Henry_III_of_France
Ferdinand_III_of_Castile	child	Hugh_IV_Duke_of_Burgundy
Ferdinand_III_of_Castile	child	Maria_Clotilde_of_Naples_and_Sicily
Ferdinand_III_of_Castile	child	Prince_Frederick_Duke_of_York_and_Albany
Ferdinand_III_of_Castile	child	Ad_la_de_d_Orl_ans
Maria_of_Aragon_Queen_of_Portugal	child	John_Constable_of_Portugal
Maria_of_Aragon_Queen_of_Portugal	child	Marie_Th_r_se_of_France
Maria_of_Aragon_Queen_of_Portugal	child	Nicolaus_of_Luxemburg
Maria_of_Aragon_Queen_of_Portugal	child	Archduchess_Maria_Elisabeth_of_Austria_born_1737
Maria_of_Aragon_Queen_of_Portugal	child	Henry_Beaumont_3rd_Baron_Beaumont
Maria_of_Aragon_Queen_of_Portugal	child	Eleanor_Clifford_Countess_of_Cumberland
Elizabeth_of_York	child	Prince_Francis_Count_of_Trapani
Elizabeth_of_York	child	William_Longesp_e_3rd_Earl_of_Salisbury
Elizabeth_of_York	child	Blanche_II_of_Navarre
Elizabeth_of_York	child	Edmund_Crouchback
Adelaide_of_Maurienne	child	Valdemar_II_of_Denmark
Adelaide_of_Maurienne	child	Claude_Duke_of_Aumale
Adelaide_of_Maurienne	child	Charles_Emmanuel_IV_of_Sardinia
Adelaide_of_Maurienne	child	Adam_Gordon_of_Auchindoun
Emmanuel_Philibert_Duke_of_Savoy	child	Mstislav_of_Chernigov
Charlotte_of_Mecklenburg_Strelitz	child	Robert_I_Duke_of_Burgundy
Charlotte_of_Mecklenburg_Strelitz	child	Matilda_of_Habsburg
Charlotte_of_Mecklenburg_Strelitz	child	Emmanuel_Philibert_Duke_of_Savoy
Charlotte_of_Mecklenburg_Strelitz	child	Princess_Elizabeth_of_Great_Britain
Charlotte_of_Mecklenburg_Strelitz	child	Anne_of_Brittany
Charlotte_of_Mecklenburg_Strelitz	child	Pepin_the_Short
Charlotte_of_Mecklenburg_Strelitz	child	Prince_Philippe_Duke_of_Orl_ans_1869_1926
Charlotte_of_Mecklenburg_Strelitz	child	Charles_I_of_Anjou
Charlotte_of_Mecklenburg_Strelitz	child	Maria_of_Portugal_Duchess_of_Viseu
Charlotte_of_Mecklenburg_Strelitz	child	Ferdinand_Duke_of_Parma
Charlotte_of_Mecklenburg_Strelitz	child	Duarte_Duke_of_Guimar_es_1515_1540
Charlotte_of_Mecklenburg_Strelitz	child	Caroline_Bonaparte
Blanche_of_Castile	child	George_I_of_Great_Britain
Blanche_of_Castile	child	Philippe_Emmanuel_Duke_of_Merc_ur
Blanche_of_Castile	child	Alphonse_Count_of_Poitiers
Blanche_of_Castile	child	Philip_I_Count_of_Auvergne
Maximilian_I_Holy_Roman_Emperor	child	Francesco_I_de_Medici_Grand_Duke_of_Tuscany
Maximilian_I_Holy_Roman_Emperor	child	Isabella_of_Portugal
Eleanor_of_Viseu	child	Eug_ne_de_Beauharnais
John_II_of_Portugal	child	Adelaide_of_Italy
Odo_I_Duke_of_Burgundy	child	Henry_VI_of_England
Odo_I_Duke_of_Burgundy	child	Louis_of_Valois
Odo_I_Duke_of_Burgundy	child	Louis_of_Toulouse
Antoinette_of_Bourbon	child	Louis_VIII_of_France
Antoinette_of_Bourbon	child	Nicolas_Henri_Duke_of_Orl_ans
Antoinette_of_Bourbon	child	Alfonso_de_Arag_n_y_Escobar
Antoinette_of_Bourbon	child	Prince_Charles_Alexander_of_Lorraine
Antoinette_of_Bourbon	child	Prince_Leopold_Count_of_Syracuse
Maria_Josepha_of_Saxony_Dauphine_of_France	child	_thelwulf_King_of_Wessex
Maria_Josepha_of_Saxony_Dauphine_of_France	child	Claude_of_France
Maria_Josepha_of_Saxony_Dauphine_of_France	child	Marie_of_Luxembourg_Queen_of_France
Maria_Josepha_of_Saxony_Dauphine_of_France	child	Agnes_of_Hesse
Maria_Josepha_of_Saxony_Dauphine_of_France	child	Archduchess_Maria_Anna_of_Austria_born_1770
Henrietta_Maria	child	Rudolph_II_of_Burgundy
Henrietta_Maria	child	Princess_Louise_d_Artois
Henrietta_Maria	child	Prince_Louis_Count_of_Aquila
Louis_the_German	child	Eleanor_of_Austria
Louis_the_German	child	Blanche_of_France_nun
Louis_the_German	child	Philippine__lisabeth_d_Orl_ans
Charles_the_Fat	child	Canute_V_of_Denmark
Hugh_Capet	child	Francis_I_Holy_Roman_Emperor
Theodoric_II_Duke_of_Lorraine	child	Thomas_of_Brotherton_1st_Earl_of_Norfolk
Ferdinand_I_Holy_Roman_Emperor	child	Charles_the_Simple
Ferdinand_I_Holy_Roman_Emperor	child	Louis_Duke_of_Orl_ans_1703_1752
Ferdinand_I_Holy_Roman_Emperor	child	Francis_I_of_France
Ferdinand_I_Holy_Roman_Emperor	child	Charles_Duke_of_Orl_ans
Ferdinand_I_Holy_Roman_Emperor	child	Princess_Caroline_Elizabeth_of_Great_Britain
Ferdinand_I_Holy_Roman_Emperor	child	Lothair_of_France
Ferdinand_I_Holy_Roman_Emperor	child	Hugh_Count_of_Vermandois
Ferdinand_I_Holy_Roman_Emperor	child	John_of_Eltham_Earl_of_Cornwall
Louis_Dauphin_of_France_son_of_Louis_XV	child	Victor_Amadeus_I_Duke_of_Savoy
Louis_Dauphin_of_France_son_of_Louis_XV	child	Margaret_I_Countess_of_Flanders
Louis_Dauphin_of_France_son_of_Louis_XV	child	Anna_Sforza
Louis_Dauphin_of_France_son_of_Louis_XV	child	Charles_III_Duke_of_Lorraine
Louis_Dauphin_of_France_son_of_Louis_XV	child	Alfonso_VIII_of_Castile
Louis_Dauphin_of_France_son_of_Louis_XV	child	Catherine_of_France_Countess_of_Montpensier
Theobald_I_of_Navarre	child	Willa_of_Burgundy
Theobald_I_of_Navarre	child	Francis_I_of_the_Two_Sicilies
Theobald_I_of_Navarre	child	Blanche_of_Portugal_1259_1321
Marie_Caroline_of_Bourbo_Two_Sicilies_Duchess_of_Berry	child	Hugh_III_Duke_of_Burgundy
Marie_Caroline_of_Bourbo_Two_Sicilies_Duchess_of_Berry	child	Prince_Frederick_Duke_of_York_and_Albany
Agnes_of_Burgundy_Duchess_of_Bourbon	child	Louis_V_of_France
Agnes_of_Burgundy_Duchess_of_Bourbon	child	Arthur_Prince_of_Wales
Agnes_of_Burgundy_Duchess_of_Bourbon	child	Philippe_Duke_of_Anjou
Agnes_of_Burgundy_Duchess_of_Bourbon	child	Mary_Tudor_Queen_of_France
Agnes_of_Burgundy_Duchess_of_Bourbon	child	Eleanor_of_Portugal_Holy_Roman_Empress
Archduchess_Anna_of_Austria	child	Charlotte_of_Mecklenburg_Strelitz
Archduchess_Anna_of_Austria	child	Johann_Adolf_I_Duke_of_Saxe_Weissenfels
Archduchess_Anna_of_Austria	child	Alphonse_Count_of_Poitiers
Archduchess_Anna_of_Austria	child	Elizabeth_of_Hungary_Queen_of_Serbia
Archduchess_Anna_of_Austria	child	Charles_II_of_England
Louis_I_of_Anjou	child	Elizabeth_of_Rhuddlan
Louis_I_of_Anjou	child	Fran_ois_III_d_Orl_ans_Duke_of_Longueville
Charlotte_of_Savoy	child	Victor_Amadeus_II_of_Sardinia
Eleanor_of_Aquitaine	child	Matthias_II_Duke_of_Lorraine
Eleanor_of_Aquitaine	child	Louise_Marie_Ad_la_de_de_Bourbon_Duchess_of_Orl_ans
Eleanor_of_Aquitaine	child	Philip_the_Good
Eleanor_of_Aquitaine	child	Eleanor_of_Navarre
Eleanor_of_Aquitaine	child	Philip_Count_of_Vertus
Eleanor_of_Aquitaine	child	Victor_Emmanuel_I_of_Sardinia
Eleanor_of_Aquitaine	child	Princess_Maria_Fortunata_d_Este
Eleanor_of_Aquitaine	child	Beatrice_of_Provence
Eleanor_of_Aquitaine	child	Eleanor_of_Anjou
Eleanor_of_Aquitaine	child	Joan_of_England_Queen_of_Scotland
Benedicta_Henrietta_of_the_Palatinate	child	Richard_of_Shrewsbury_Duke_of_York
Benedicta_Henrietta_of_the_Palatinate	child	Joan_of__vreux
Mary_Queen_of_Scots	child	Am_lie_of_Orl_ans
Anne_of_Brittany	child	Henry_IV_of_France
Anne_of_Brittany	child	Pepin_I_of_Aquitaine
Anne_of_Brittany	child	Louis_II_of_Hungary
_lffl_d_wife_of_Edward_the_Elder	child	Elisabeth_Therese_of_Lorraine
_lffl_d_wife_of_Edward_the_Elder	child	Berengaria_of_Castile
_lffl_d_wife_of_Edward_the_Elder	child	Archduke_Franz_Karl_of_Austria
_lffl_d_wife_of_Edward_the_Elder	child	Elizabeth_Tudor_1492_1495
Pepin_the_Short	child	Caroline_Matilda_of_Great_Britain
Pepin_the_Short	child	Agatha_of_Lorraine
Berengar_II_of_Italy	child	Patrick_Gordon_of_Auchindoun
Berengar_II_of_Italy	child	Henri_Count_of_Chambord
Berengar_II_of_Italy	child	Philip_VI_of_France
Berengar_II_of_Italy	child	Prince_Carlo_Francesco_Duke_of_Aosta
Rozala_of_Italy	child	Isabella_of_Castile_Queen_of_Aragon
Alfred_the_Great	child	Berengaria_of_Castile
Alfred_the_Great	child	John_I_of_France
Alfred_the_Great	child	Ferdinand_I_of_Austria
William_the_Younger_Duke_of_Brunswic_L_neburg	child	Wilhelmine_Amalie_of_Brunswick
William_the_Younger_Duke_of_Brunswic_L_neburg	child	Charles_Ferdinand_Prince_of_Capua
William_the_Younger_Duke_of_Brunswic_L_neburg	child	James_IV_of_Scotland
William_the_Younger_Duke_of_Brunswic_L_neburg	child	Carlo_Duke_of_Calabria
William_the_Younger_Duke_of_Brunswic_L_neburg	child	Robert_Stewart_Duke_of_Albany
William_the_Younger_Duke_of_Brunswic_L_neburg	child	Constance_of_France_Princess_of_Antioch
William_the_Younger_Duke_of_Brunswic_L_neburg	child	Charles_de_Lorraine_de_Vaud_mont
Isabella_of_France	child	Archduchess_Maria_Leopoldine_of_Austria_Este
Isabella_of_France	child	Catherine_of_France_Countess_of_Charolais
Isabella_of_France	child	Ferdinand_Prince_of_Asturias
Isabella_of_France	child	David_Stewart_Earl_of_Strathearn
Joan_I_of_Navarre	child	Charlotte_Christine_of_Brunswic_Wolfenb_ttel
Joan_I_of_Navarre	child	Antonio_de_Medici
Joan_I_of_Navarre	child	Elisabeth_of_Valois
Joan_I_of_Navarre	child	Maria_Teresa_of_Savoy_1803_1879
Elisabeth_Christine_of_Brunswic_Wolfenb_ttel	child	Louis_Duke_of_Burgundy
Elisabeth_Christine_of_Brunswic_Wolfenb_ttel	child	Charles_Duke_of_Lower_Lorraine
Sancho_III_of_Castile	child	Luise_Marie_of_the_Palatinate
Alys_of_France_Countess_of_Vexin	child	Giovanni_de_Medici_cardinal
Charles_Duke_of_Vend_me	child	Marie_Jos_phine_of_Savoy
Charles_Duke_of_Vend_me	child	Maria_Henrietta_of_Naples_and_Sicily
Charles_Duke_of_Vend_me	child	Archduchess_Maria_Johanna_Gabriela_of_Austria
Charles_Duke_of_Vend_me	child	Alexander_I_of_Scotland
Charles_Duke_of_Vend_me	child	Edmund_Crouchback
Margaret_of_Foix	child	Nicolas_Duke_of_Merc_ur
Margaret_of_Foix	child	Otto_Duke_of_Austria
Prince_Philippe_Count_of_Paris	child	Maria_Theresa_of_Austria_1767_1827
Prince_Philippe_Count_of_Paris	child	Marie_of_Orl_ans_Viscountess_of_Narbonne
Prince_Philippe_Count_of_Paris	child	Ren_e_of_France
Prince_Philippe_Count_of_Paris	child	Amalric_of_Jerusalem
George_Gordon_4th_Earl_of_Huntly	child	Maria_Amalia_of_Naples_and_Sicily
George_Gordon_4th_Earl_of_Huntly	child	Isabella_of_Aragon_Queen_of_France
George_Gordon_4th_Earl_of_Huntly	child	August_of_Saxe_Weissenfels_1650_1674
George_Gordon_4th_Earl_of_Huntly	child	Charles_de_Bourbon_cardinal
George_Gordon_4th_Earl_of_Huntly	child	Hucbert
Agatha_wife_of_Edward_the_Exile	child	Cecile_of_France
Agatha_wife_of_Edward_the_Exile	child	Virginia_de_Medici
Agatha_wife_of_Edward_the_Exile	child	Geoffrey_II_Duke_of_Brittany
Robert_II_of_France	child	Peter_I_of_Portugal
Robert_II_of_France	child	John_I_Count_of_La_Marche
Robert_II_of_France	child	Marie_of_Prussia_Margravine_of_Brandenburg_Bayreuth
Robert_II_of_France	child	Princess_Luisa_Cristina_of_Savoy
Hugh_IV_Duke_of_Burgundy	child	Henry_II_of_France
Hugh_IV_Duke_of_Burgundy	child	Henry_Beaufort
Frederick_IV_Duke_of_Lorraine	child	Fran_oise_Marie_de_Bourbon
Elizabeth_of_Luxembourg	child	Marie_of_Luxembourg_Countess_of_Vend_me
Simon_I_Duke_of_Lorraine	child	Richeza_of_Denmark
Empress_Jos_phine	child	Henry_I_of_Castile
Empress_Jos_phine	child	Rudolf_II_Duke_of_Austria
Maximilian_II_Holy_Roman_Emperor	child	Princess_Maria_Carolina_of_Savoy
Maximilian_II_Holy_Roman_Emperor	child	Elizabeth_of_York
Maximilian_II_Holy_Roman_Emperor	child	Gaston_Duke_of_Orl_ans
Maximilian_II_Holy_Roman_Emperor	child	Eleanor_of_England_Countess_of_Leicester
Maximilian_II_Holy_Roman_Emperor	child	Constance_of_Castile
Maximilian_II_Holy_Roman_Emperor	child	Constance_of_France_Countess_of_Toulouse
Maximilian_II_Holy_Roman_Emperor	child	Gertrude_of_Bavaria
Baldwin_V_Count_of_Flanders	child	Beatrice_of_England
Baldwin_V_Count_of_Flanders	child	Rozala_of_Italy
Baldwin_V_Count_of_Flanders	child	Charles_II_Count_of_Alen_on
Anne_Gonzaga	child	Anne_of_France
Anne_Gonzaga	child	Maria_of_Courtenay
Anne_Gonzaga	child	Amadeus_IX_Duke_of_Savoy
Anna_Maria_of_Mecklenburg_Schwerin	child	Elisabeth_of_Nuremberg
Anna_Maria_of_Mecklenburg_Schwerin	child	Frederick_III_Duke_of_Austria
Anna_Maria_of_Mecklenburg_Schwerin	child	Eleanor_of_Woodstock
Anna_Maria_of_Mecklenburg_Schwerin	child	Infante_Gabriel_of_Spain
Anna_Maria_of_Mecklenburg_Schwerin	child	Yolande_of_Valois
Anna_Maria_of_Mecklenburg_Schwerin	child	Margaret_of_France_Queen_of_England
Ramon_Berenguer_IV_Count_of_Provence	child	Sanchia_of_Provence
Ramon_Berenguer_IV_Count_of_Provence	child	Ercole_III_d_Este_Duke_of_Modena
Ramon_Berenguer_IV_Count_of_Provence	child	Philippa_of_Dreux
Ramon_Berenguer_IV_Count_of_Provence	child	Archduke_Ernest_of_Austria
Stephen_II_Duke_of_Bavaria	child	Henry_II_of_England
Stephen_II_Duke_of_Bavaria	child	Charles_Count_of_Maine
Stephen_II_Duke_of_Bavaria	child	Ferdinand_of_Castile_died_1211
Agnes_of_France_Duchess_of_Burgundy	child	Joan_III_Countess_of_Burgundy
Agnes_of_France_Duchess_of_Burgundy	child	Archduchess_Maria_Elisabeth_of_Austria_born_1743
Agnes_of_France_Duchess_of_Burgundy	child	Dirk_IV_Count_of_Holland
Louis_XVI	child	Louis_Dauphin_of_France_son_of_Louis_XIV
Louis_XVI	child	Charles_d_vreux
Louis_XVI	child	Sviatoslav_II_of_Kiev
Henry_VI_of_England	child	Ferdinand_Karl_Archduke_of_Austria_Este
Mary_of_Hungary_Queen_of_Naples	child	Arthur_II_Duke_of_Brittany
Mary_of_Hungary_Queen_of_Naples	child	Infante_Antonio_Duke_of_Galliera
Mary_of_Hungary_Queen_of_Naples	child	Hugh_the_Great
Mary_of_Hungary_Queen_of_Naples	child	John_III_Burgrave_of_Nuremberg
Mary_of_Hungary_Queen_of_Naples	child	Afonso_III_of_Portugal
Mary_of_Hungary_Queen_of_Naples	child	Edmund_Tudor_Duke_of_Somerset
Mary_of_Hungary_Queen_of_Naples	child	Amadeus_IX_Duke_of_Savoy
Mary_of_Hungary_Queen_of_Naples	child	Rudolf_IV_Duke_of_Austria
Mary_of_Hungary_Queen_of_Naples	child	Isabella_of_Portugal_Duchess_of_Burgundy
Mary_of_Hungary_Queen_of_Naples	child	Am_lie_of_Orl_ans
Richard_Count_of__tampes	child	Ferdinand_II_of_Aragon
Margaret_of_Valois_Angoul_me	child	Albert_Casimir_Duke_of_Teschen
Pepin_of_Herstal	child	Anne_of_Austria
Pepin_of_Herstal	child	Dirk_II_Count_of_Holland
Pepin_of_Herstal	child	Ethelred_of_Scotland
Francesco_I_de_Medici_Grand_Duke_of_Tuscany	child	Sophie_of_France_1734_1782
Francesco_I_de_Medici_Grand_Duke_of_Tuscany	child	Louis_XIII
Francesco_I_de_Medici_Grand_Duke_of_Tuscany	child	Frederick_IV_Duke_of_Lorraine
Francesco_I_de_Medici_Grand_Duke_of_Tuscany	child	Philip_V_of_France
Elizabeth_Gordon_Countess_of_Huntly	child	Louise__lisabeth_d_Orl_ans
Elizabeth_Gordon_Countess_of_Huntly	child	Berengaria_of_Castile_Lady_of_Guadalajara
Elizabeth_Gordon_Countess_of_Huntly	child	Francis_I_of_the_Two_Sicilies
Elizabeth_Gordon_Countess_of_Huntly	child	Jean_Marie_Duke_of_Ch_teauvillain
Joan_Countess_of_Ponthieu	child	Louise_Ad_la_de_d_Orl_ans
Sophia_Eleonore_of_Saxony	child	Maria_Amalia_Duchess_of_Parma
Sophia_Eleonore_of_Saxony	child	Sophia_Charlotte_of_Hanover
Sophia_Eleonore_of_Saxony	child	Louis_II_Duke_of_Bourbon
Sophia_Eleonore_of_Saxony	child	Prince_Giuseppe_of_Naples_and_Sicily
Sophia_Eleonore_of_Saxony	child	Beatrice_of_Hungary_Dauphine_of_Viennois
Louis_IV_Holy_Roman_Emperor	child	Maria_Theresa_of_Spain
Louis_IV_Holy_Roman_Emperor	child	Marie_of_Luxembourg_Queen_of_France
Louis_IV_Holy_Roman_Emperor	child	Joan_III_Countess_of_Burgundy
Louis_IV_Holy_Roman_Emperor	child	Ramon_Berenguer_IV_Count_of_Provence
Louis_IV_Holy_Roman_Emperor	child	Rudolf_II_Duke_of_Austria
Louis_IV_Holy_Roman_Emperor	child	Frederick_IV_Duke_of_Brunswic_L_neburg
Henry_Count_of_Portugal	child	Dorothea_of_Brunswic_L_neburg
James_IV_of_Scotland	child	Archduchess_Maria_Theresa_of_Austria_Este_1817_1886
Ermengarde_of_Hesbaye	child	Matthias_Holy_Roman_Emperor
Ermengarde_of_Hesbaye	child	Joan_of_Acre
Maria_Teresa_Felicitas_d_Este	child	Louise_Marie_Anne_de_Bourbon
Maria_Teresa_Felicitas_d_Este	child	Carlo_Duke_of_Calabria
Maria_Teresa_Felicitas_d_Este	child	Maria_of_Aragon_Queen_of_Castile
Louise_Marie_Ad_la_de_de_Bourbon_Duchess_of_Orl_ans	child	Francis_IV_Duke_of_Modena
Louise_Marie_Ad_la_de_de_Bourbon_Duchess_of_Orl_ans	child	Joan_of_France_Duchess_of_Berry
Louise_Marie_Ad_la_de_de_Bourbon_Duchess_of_Orl_ans	child	Elisabeth_of_Valois
John_the_Fearless	child	Maria_of_Aragon_Queen_of_Portugal
John_the_Fearless	child	John_Duke_of_Touraine
John_the_Fearless	child	Geoffrey_archbishop_of_York
Eleanor_of_Aragon_Queen_of_Portugal	child	Louis_Philippe_II_Duke_of_Orl_ans
Eleanor_of_Aragon_Queen_of_Portugal	child	Maria_of_Austria_Holy_Roman_Empress
Eleanor_of_Aragon_Queen_of_Portugal	child	Margaret_Theresa_of_Spain
Eleanor_of_Aragon_Queen_of_Portugal	child	Ingeborg_of_Denmark_Queen_of_France
Afonso_III_of_Portugal	child	Nicholas_Francis_Duke_of_Lorraine
Afonso_III_of_Portugal	child	Archduchess_Barbara_of_Austria
Afonso_III_of_Portugal	child	Gisela_of_France_Countess_of_Ponthieu
Afonso_III_of_Portugal	child	Archduke_Rainer_Joseph_of_Austria
Afonso_III_of_Portugal	child	Eleonore_Magdalene_of_Neuburg
Afonso_III_of_Portugal	child	Geoffrey_Count_of_Nantes
Afonso_III_of_Portugal	child	Constance_of_France_Countess_of_Toulouse
Yolanda_Latin_Empress	child	Catalina_Micaela_of_Spain
Yolanda_Latin_Empress	child	Ernest_Augustus_King_of_Hanover
Yolanda_Latin_Empress	child	Beatrice_of_Luxembourg
Yolanda_Latin_Empress	child	Beatrice_of_Nuremberg
Yolanda_Latin_Empress	child	Leopold_Prince_of_Salerno
Yolanda_Latin_Empress	child	Prince_Antonio_Count_of_Lecce
Nicolas_Duke_of_Merc_ur	child	Henry_I_of_France
Nicolas_Duke_of_Merc_ur	child	Charles_the_Younger
Nicolas_Duke_of_Merc_ur	child	Charles_V_Holy_Roman_Emperor
Bertrade_of_Montfort	child	Princess_Augusta_of_Great_Britain
Bertrade_of_Montfort	child	Joan_of_England_Queen_of_Sicily
Beatrice_of_Silesia	child	Prince_Alberto_of_Naples_and_Sicily
Ferdinand_Duke_of_Viseu	child	Francis_Duke_of_Guise
Ferdinand_Duke_of_Viseu	child	Frederick_of_Castile
Ferdinand_Duke_of_Viseu	child	Prince_Maurice_of_Savoy
Antoine_of_Navarre	child	Marie_Th_r_se_of_France_1667_1672
Maria_Beatrice_of_Savoy	child	Otto_V_Duke_of_Bavaria
Maria_Beatrice_of_Savoy	child	Robert_Count_of_Clermont
Maria_Beatrice_of_Savoy	child	Vsevolod_I_of_Kiev
Henry_IV_of_France	child	Beatrice_of_England
Henry_IV_of_France	child	Isabella_of_Aragon_Queen_of_France
Henry_IV_of_France	child	Catherine_de_Bourbon
Henry_IV_of_France	child	Archduchess_Maria_Maddalena_of_Austria
Henry_IV_of_France	child	Archduke_Louis_of_Austria
Henry_IV_of_France	child	Elisa_Bonaparte
Henry_IV_of_France	child	Louise_Diane_Princess_of_Conti
Conrad_I_of_Burgundy	child	James_VI_and_I
Conrad_I_of_Burgundy	child	Philip_the_Good
Conrad_I_of_Burgundy	child	Maria_Elisabeth_of_Saxony_1736_1818
Ferdinand_Karl_Archduke_of_Austria_Este	child	Ferdinand_I_of_Aragon
Ferdinand_Karl_Archduke_of_Austria_Este	child	Catherine_of_Valois
Ferdinand_Karl_Archduke_of_Austria_Este	child	Edward_Woodville_Lord_Scales
Judith_of_Habsburg	child	Agnes_of_Poland
Judith_of_Habsburg	child	Vladimir_of_Novgorod
Margaret_of_Provence	child	Anne_of_Bohemia_and_Hungary
Margaret_of_Provence	child	George_IV
Margaret_of_Provence	child	Luisa_Carlotta_of_the_Two_Sicilies
Margaret_of_Provence	child	Luisa_of_Naples_and_Sicily
Margaret_of_Provence	child	Philip_the_Bold
Margaret_of_Provence	child	Princess_Sophia_of_the_United_Kingdom
Margaret_of_Provence	child	Carlo_Buonaparte
Margaret_of_Provence	child	Louis_of_France_1264_1276
Eleanor_of_Austria	child	Childebrand_I
Robert_Count_of_Clermont	child	Maria_Kunigunde_of_Saxony
Robert_Count_of_Clermont	child	Countess_Palatine_Hedwig_Elisabeth_of_Neuburg
Robert_Count_of_Clermont	child	Jean_de_Montagu
Eadgifu_of_Wessex	child	Maria_Anna_of_Spain
Elisabeth_of_Austria_Queen_of_France	child	Agnes_of_France_Byzantine_Empress
Francis_I_of_France	child	Arthur_II_Duke_of_Brittany
Francis_I_of_France	child	Otto_III_Duke_of_Bavaria
Francis_I_of_France	child	Archduke_Charles_Joseph_of_Austria_born_1745
Francis_I_of_France	child	Maximilian_II_Holy_Roman_Emperor
Francis_I_of_France	child	Edwin_son_of_Edward_the_Elder
Frederuna	child	Archduchess_Clementina_of_Austria
Philip_II_of_France	child	Maria_Leopoldina_of_Austria
Philip_II_of_France	child	Andrew_Duke_of_Slavonia
Philip_II_of_France	child	Isabelle_of_France_saint
Charlemagne	child	Benedicta_Henrietta_of_the_Palatinate
Charlemagne	child	Margaret_Marchioness_of_Namur
Charlemagne	child	Archduchess_Maria_Johanna_Gabriela_of_Austria
Charlemagne	child	Victor_Emmanuel_I_of_Sardinia
Louis_the_Pious	child	Henry_VII_Holy_Roman_Emperor
Louis_the_Pious	child	Duke_George_Augustus_of_Mecklenburg
Louis_the_Pious	child	Lothair_I
Louis_the_Pious	child	Henry_the_Young_King
Robert_II_Count_of_Dreux	child	Edward_III_of_England
Robert_II_Count_of_Dreux	child	Louis_de_Bourbon_Bishop_of_Li_ge
Robert_II_Count_of_Dreux	child	Bonne_of_Luxembourg
Robert_II_Count_of_Dreux	child	Archduchess_Maria_Anna_of_Austria_born_1738
Louis_Philippe_II_Duke_of_Orl_ans	child	John_II_of_Aragon
Louis_Philippe_II_Duke_of_Orl_ans	child	Hugh_the_Abbot
Louis_Philippe_II_Duke_of_Orl_ans	child	Louis_Charles_Count_of_Beaujolais
Jeanne_d_Albret	child	Radegonde_of_Valois
Jeanne_d_Albret	child	Richard_Woodville_3rd_Earl_Rivers
Elizabeth_the_Cuman	child	Prince_Henry_the_Navigator
Elizabeth_the_Cuman	child	Isabella_Countess_of_Vertus
Elizabeth_the_Cuman	child	Louis_I_of_Anjou
Elizabeth_the_Cuman	child	Mary_Stewart_Countess_of_Buchan
Elizabeth_the_Cuman	child	Catherine_of_Cleves_1417_1479
Elizabeth_the_Cuman	child	Dobroniega_Ludgarda_of_Poland
Philip_V_of_France	child	Elisabeth_of_Lorraine
Philip_V_of_France	child	Clemence_of_Austria
Philip_V_of_France	child	Henri_d_Orl_ans_Duke_of_Aumale
Salomea_of_Berg	child	Magdalene_Sibylle_of_Prussia
Salomea_of_Berg	child	Charles_IX_of_France
Salomea_of_Berg	child	Hugh_V_Duke_of_Burgundy
Salomea_of_Berg	child	Hugh_Magnus
Salomea_of_Berg	child	Hugh_Count_of_Vermandois
Salomea_of_Berg	child	Adolphus_Frederick_IV_Duke_of_Mecklenburg_Strelitz
Marie_of_Anjou	child	Charles_V_of_France
Marie_of_Anjou	child	Claude_of_France
Marie_of_Anjou	child	Richard_FitzRoy
Marie_of_Anjou	child	Hugh_Magnus
Marie_of_Anjou	child	John_Count_Palatine_of_Neumarkt
Marie_of_Anjou	child	_thelstan_of_Kent
Marie_of_Anjou	child	Edith_of_Polesworth
Yolande_of_Aragon	child	Charles_I_of_Hungary
Yolande_of_Aragon	child	Anne_of_Kiev
Yolande_of_Aragon	child	Stephanie_Alfonso_of_Castile
Robert_I_of_France	child	Anna_de_Medici
Robert_I_of_France	child	Iziaslav_I_of_Kiev
John_I_of_Castile	child	Matilda_of_Anjou
John_I_of_Castile	child	Maria_Theresa_of_Savoy
Henry_III_of_England	child	Maria_Carolina_of_Austria
Henry_III_of_England	child	Katherine_of_England
Henry_III_of_England	child	Violant_of_Bar
Henry_III_of_England	child	Ermengarde_of_Anjou_d._1146
Elizabeth_of_Austria_1436_1505	child	Igor_of_Kiev
Elizabeth_of_Austria_1436_1505	child	Marie_Caroline_of_Bourbo_Two_Sicilies_Duchess_of_Berry
Elizabeth_of_Austria_1436_1505	child	George_III
Elizabeth_of_Austria_1436_1505	child	Princess_Elizabeth_of_the_United_Kingdom
Elizabeth_of_Austria_1436_1505	child	Louis_the_Younger
Elizabeth_of_Austria_1436_1505	child	Margaret_I_Countess_of_Burgundy
Elizabeth_of_Austria_1436_1505	child	Antonia_of_Lorraine
Hortense_de_Beauharnais	child	Bertha_of_Burgundy
Hortense_de_Beauharnais	child	Margaret_of_England
Hortense_de_Beauharnais	child	Sancho_IV_of_Castile
Anne_of_Kiev	child	Maria_Amalia_Duchess_of_Parma
Louis_VIII_of_France	child	Dirk_III_Count_of_Holland
Louis_VIII_of_France	child	Maria_Luisa_of_Spain
Louis_VIII_of_France	child	Margaret_of_Foix
Louis_VIII_of_France	child	Henry_of_Bar
John_King_of_England	child	Countess_Palatine_Dorothea_Sophie_of_Neuburg
John_King_of_England	child	Elisabeth_of_France_1602_1644
John_King_of_England	child	Katherine_of_Bavaria
John_King_of_England	child	Napoleon
John_King_of_England	child	Archduchess_Maria_Carolina_of_Austria_born_1740
John_King_of_England	child	Margaret_of_Brunswic_L_neburg
Charles_Duke_of_Orl_ans	child	John_I_of_Portugal
Charles_Duke_of_Orl_ans	child	Charles_of_Austria_Bishop_of_Wroclaw
Charles_Duke_of_Orl_ans	child	Egbert_archbishop_of_Trier
Charles_Duke_of_Orl_ans	child	Johann_Wilhelm_Elector_Palatine
Marie_of_Cleves_Duchess_of_Orl_ans	child	Maria_of_Aragon_Queen_of_Portugal
Marie_of_Cleves_Duchess_of_Orl_ans	child	Louis_Duke_of_Durazzo
Marie_of_Cleves_Duchess_of_Orl_ans	child	Ren__of_Savoy
Eleanor_of_England_Queen_of_Castile	child	Margaret_of_Bavaria
Eleanor_of_England_Queen_of_Castile	child	Louis_IX_of_France
Eleanor_of_England_Queen_of_Castile	child	Baldwin_of_Luxembourg
Edward_the_Elder	child	Mary_Queen_of_Scots
Edward_the_Elder	child	Maria_of_Austria_Duchess_of_J_lich_Cleves_Berg
Edward_the_Elder	child	Archduke_Alexander_Leopold_of_Austria
Edward_the_Elder	child	Frederick_III_Duke_of_Lorraine
Edward_the_Elder	child	Frederick_the_Fair
Edward_the_Elder	child	Louis_Duke_of_Guyenne
Maria_Theresa	child	Boris_and_Gleb
Maria_Theresa	child	John_IV_Duke_of_Brittany
Maria_Theresa	child	Maria_Antonia_Ferdinanda_of_Spain
Maria_Theresa	child	Maria_Ludovika_of_Austria_Este
Maria_Theresa	child	Francis_Hyacinth_Duke_of_Savoy
Maria_Theresa	child	Louise_of_Orl_ans
Maria_Theresa	child	Frederick_Christian_Elector_of_Saxony
Maria_Theresa	child	Archduke_Ferdinand_Karl_Viktor_of_Austria_Este
Maria_Theresa	child	Thomas_Beaufort_Duke_of_Exeter
Maria_Theresa	child	Francis_Count_of_Enghien
Louis_Bonaparte	child	Cristina_daughter_of_Edward_the_Exile
Louis_Bonaparte	child	William_of_Winchester_Lord_of_Lunenburg
Louis_Bonaparte	child	Theresa_of_Portugal_Queen_of_Le_n
Isabella_of_Portugal	child	Ferdinand_Duke_of_Viseu
Isabella_of_Portugal	child	Archduchess_Maria_Anna_of_Austria_born_1738
Edward_II_of_England	child	Edward_III_of_England
Edward_II_of_England	child	Francis_II_of_France
Edward_II_of_England	child	Prince_Louis_Duke_of_Nemours
Edward_II_of_England	child	George_IV
George_III	child	Francis_Louis_of_Palatinate_Neuburg
George_III	child	Saint_Margaret_of_Scotland
George_III	child	Maria_Theresa
George_III	child	C_sar_Duke_of_Vend_me
George_III	child	Jasper_Tudor
George_III	child	Ernest_II_Duke_of_Brunswic_L_neburg
George_III	child	Baldwin_III_of_Jerusalem
George_III	child	Anund_Jacob
George_III	child	Isabelle_of_France_saint
George_III	child	Philip_of_Castile_Lord_of_Cabrera_and_Ribera
George_III	child	Joan_of_Acre
George_III	child	Victor_Amadeus_Prince_of_Piedmont
Elisabeth_of_Nuremberg	child	Albert_I_of_Germany
Elisabeth_of_Nuremberg	child	Philip_III_of_France
Elisabeth_of_Nuremberg	child	Isabella_of_France_Dauphine_of_Viennois
Elisabeth_of_Nuremberg	child	Anne_of_Burgundy
Louis_II_of_Anjou	child	Margaret_of_the_Palatinate
Louis_II_of_Anjou	child	Charles_Felix_of_Sardinia
Louis_II_of_Anjou	child	Yolande_of_Valois
Louis_II_of_Anjou	child	Charles_II_Grand_Duke_of_Mecklenburg_Strelitz
Christine_of_Saxony	child	Louis_XIII
Christine_of_Saxony	child	Ferdinand_II_of_Le_n
Christine_of_Saxony	child	Marguerite_of_Lorraine
Christine_of_Saxony	child	Louis_C_sar_Count_of_Vexin
Christine_of_Saxony	child	Constance_of_France_Princess_of_Antioch
Christine_of_Saxony	child	Maria_Vittoria_of_Savoy
Christine_of_Saxony	child	Louis_Count_of_Vaud_mont
Christine_of_Saxony	child	Philippe_Charles_Duke_of_Valois
Alpaida	child	Beatrice_of_Portugal_died_1381
Alpaida	child	Sancha_of_Castile_Queen_of_Navarre
Princess_Augusta_of_Saxe_Gotha	child	Beatrice_of_Luxembourg
Princess_Augusta_of_Saxe_Gotha	child	Maria_Theresa_of_Savoy
Princess_Augusta_of_Saxe_Gotha	child	Princess_Mary_Duchess_of_Gloucester_and_Edinburgh
Princess_Augusta_of_Saxe_Gotha	child	Infante_Carlos_of_Spain_1607_1632
Princess_Augusta_of_Saxe_Gotha	child	Prince_Edward_Duke_of_York_and_Albany
Princess_Augusta_of_Saxe_Gotha	child	Princess_Maria_Christina_of_Saxony_1735_1782
Francis_I_Duke_of_Lorraine	child	Eleanor_of_Castile_died_1244
Francis_I_Duke_of_Lorraine	child	Henry_Duke_of_Villena
Louis_VII_of_France	child	Agatha_wife_of_Edward_the_Exile
Louis_VII_of_France	child	Eleanor_of_Brittany_abbess
Louis_VII_of_France	child	Maria_Ludovika_of_Austria_Este
Louis_VII_of_France	child	Francis_V_Duke_of_Modena
Matilda_of_France	child	Marie_of_France_Duchess_of_Bar
Matilda_of_France	child	Louise_Ad_la_de_d_Orl_ans
Matilda_of_France	child	Afonso_Prince_of_Portugal
Elisabeth_of_Meissen	child	Alphonso_Earl_of_Chester
Elisabeth_of_Meissen	child	Agnes_of_Austria_1281_1364
Elisabeth_of_Meissen	child	Eleanor_of_England_Countess_of_Bar
Elisabeth_of_Meissen	child	Princess_H_l_ne_of_Orl_ans
Elisabeth_of_Meissen	child	Thomas_Grey_1st_Marquess_of_Dorset
Louis_VI_of_France	child	Charles_VI_of_France
Louis_VI_of_France	child	Anne_Woodville
Louis_VI_of_France	child	Guy_of_Ivrea
Louis_VI_of_France	child	Rudolf_I_of_Bohemia
Louis_VI_of_France	child	Peter_of_Castile_Lord_of_Cameros
Peter_I_Duke_of_Brittany	child	Margaret_of_Provence
Afonso_IV_of_Portugal	child	Margaret_of_Anjou
Afonso_IV_of_Portugal	child	Judith_of_Habsburg
Afonso_IV_of_Portugal	child	Anne_of_York_daughter_of_Edward_IV
John_I_Duke_of_Lorraine	child	Louis_Hereditary_Prince_of_Lorraine
John_I_Duke_of_Lorraine	child	Louis_of_Anjou_Marquis_of_Pont___Mousson
Theobald_II_Duke_of_Lorraine	child	Mar_a_Cristina_Mu_oz_y_Borb_n_Marquise_of_la_Isabela
Eleanor_of_Navarre	child	John_of_Charolais
Eleanor_of_Navarre	child	James_V_of_Scotland
Eleanor_of_Navarre	child	Joanna_of_Castile
Eleanor_of_Navarre	child	Isabella_Clara_Eugenia
Agnes_of_Merania	child	Ren__Marquis_of_Elbeuf
John_IV_Duke_of_Brittany	child	Eleanor_of_England_Queen_of_Castile
John_IV_Duke_of_Brittany	child	Joan_of_France_Duchess_of_Bourbon
John_IV_Duke_of_Brittany	child	_lisabeth_of_France
Henry_VII_of_England	child	Afonso_I_of_Portugal
Henry_VII_of_England	child	Francis_Duke_of_Anjou
Henry_VII_of_England	child	Bertha_of_Burgundy
Henry_VII_of_England	child	Carloman_of_Bavaria
Henry_VII_of_England	child	Gisela_Abbess_of_Chelles
Mar_a_Isabella_of_Spain	child	Eleanor_of_Provence
Mar_a_Isabella_of_Spain	child	Vladimir_the_Great
Mar_a_Isabella_of_Spain	child	Margaret_of_England_Duchess_of_Brabant
Mar_a_Isabella_of_Spain	child	Teresa_Cristina_of_the_Two_Sicilies
Mar_a_Isabella_of_Spain	child	Diogo_Duke_of_Viseu
Mar_a_Isabella_of_Spain	child	Alexander_Stewart_Duke_of_Albany
Mar_a_Isabella_of_Spain	child	Joan_of_France_1351_1371
Mar_a_Isabella_of_Spain	child	William_II_Duke_of_Bavaria
Mar_a_Isabella_of_Spain	child	Carlos_Prince_of_Asturias
Mar_a_Isabella_of_Spain	child	Sophie_of_France_1786_1787
Catherine_of_Valois	child	Edward_I_of_England
Catherine_of_Valois	child	William_V_Duke_of_Bavaria
Catherine_of_Valois	child	Robert_I_Count_of_Artois
Margaret_of_the_Palatinate	child	Henry_VIII
Margaret_of_the_Palatinate	child	James_Duke_of_Rothesay_born_1540
Margaret_of_Brieg	child	Charles_Emmanuel_II_Duke_of_Savoy
Margaret_of_Brieg	child	Carloman_II
Margaret_of_Brieg	child	Elisabeth_of_Austria_Queen_of_France
Margaret_of_Brieg	child	Gerberga_of_Burgundy
Margaret_of_Brieg	child	Balthasar_Charles_Prince_of_Asturias
Margaret_of_Brieg	child	Sigismund_I_the_Old
Margaret_of_Brieg	child	James_Gordon_Jesuit
Sibylla_of_Anjou	child	Alice_Holland_Countess_of_Kent
Sibylla_of_Anjou	child	Margaret_Tudor
Sibylla_of_Anjou	child	Maximiliana_Maria_of_Bavaria
Sibylla_of_Anjou	child	Adolph_of_Cleves_Lord_of_Ravenstein
Sibylla_of_Anjou	child	Maximilian_III_Archduke_of_Austria
Princess_Louise_of_Hesse_Darmstadt_1757_1830	child	Sophia_of_Minsk
Princess_Louise_of_Hesse_Darmstadt_1757_1830	child	Robert_Stewart_1st_Earl_of_Orkney
Princess_Louise_of_Hesse_Darmstadt_1757_1830	child	Catherine_of_Austria_Duchess_of_Calabria
James_V_of_Scotland	child	Charles_II_de_Valois_Duke_of_Orl_ans
James_V_of_Scotland	child	Archduchess_Clementina_of_Austria
James_V_of_Scotland	child	Prince_Adolphus_Duke_of_Cambridge
Francis_II_Duke_of_Lorraine	child	Bianca_Maria_Sforza
Francis_II_Duke_of_Lorraine	child	Hugh_II_Duke_of_Burgundy
Francis_II_Duke_of_Lorraine	child	Elizabeth_Woodville
Anne_of_Cyprus	child	Philip_III_of_Navarre
Anne_of_Cyprus	child	James_II_of_Scotland
Anne_of_Cyprus	child	Francis_II_of_France
Anne_of_Cyprus	child	Louis_III_of_France
Anne_of_Cyprus	child	Princess_Antoinette_of_Brunswic_Wolfenb_ttel
Anne_of_Cyprus	child	Frederick_I_Count_of_Vaud_mont
Anne_of_Cyprus	child	Archduchess_Eleanor_of_Austria_1582_1620
Anne_of_Cyprus	child	Princess_Maria_Vittoria_Margherita_of_Savoy
Louis_Duke_of_Savoy	child	Albert_I_of_Germany
Louis_Duke_of_Savoy	child	_thelfl_d
Louis_Duke_of_Savoy	child	Archduke_Rudolf_of_Austria
Louis_Duke_of_Savoy	child	Princess_Amelia_of_the_United_Kingdom
Louis_Duke_of_Savoy	child	Magdalena_of_Saxony
Louis_Duke_of_Savoy	child	Maria_of_Portugal_nun
Louis_Duke_of_Savoy	child	Anne_of_Austria_Queen_of_Poland
Louis_Duke_of_Savoy	child	David_I_of_Scotland
Alfonso_XI_of_Castile	child	Elisabeth_Farnese
Alfonso_XI_of_Castile	child	Bona_of_Savoy
Alfonso_XI_of_Castile	child	John_I_Duke_of_Cleves
Adolphus_Frederick_II_Duke_of_Mecklenburg_Strelitz	child	Henry_III_of_France
Adolphus_Frederick_II_Duke_of_Mecklenburg_Strelitz	child	Prince_Robert_Duke_of_Chartres
Adolphus_Frederick_II_Duke_of_Mecklenburg_Strelitz	child	Matthias_Holy_Roman_Emperor
Bonne_of_Luxembourg	child	Maria_Beatrice_d_Este_Duchess_of_Massa
Bonne_of_Luxembourg	child	Charles_III_of_Spain
Bonne_of_Luxembourg	child	Margaret_of_Anjou
Bonne_of_Luxembourg	child	Archduchess_Catherine_Renata_of_Austria
Bonne_of_Luxembourg	child	Elisabeth_Christine_of_Brunswic_Wolfenb_ttel
Bonne_of_Luxembourg	child	Maria_Luisa_Gabriella_of_Savoy
Anne_of_Foix_Candale	child	Charles_d_Orl_ans_Duke_of_Penthi_vre
Anne_of_Foix_Candale	child	Carloman_son_of_Charles_the_Bald
Fran_oise_Marie_de_Bourbon	child	Isabella_of_Valois_Duchess_of_Bourbon
Fran_oise_Marie_de_Bourbon	child	Maria_of_Portugal_Marchioness_of_Tortosa
Fran_oise_Marie_de_Bourbon	child	John_Woodville
Fran_oise_Marie_de_Bourbon	child	Charles_of_Valois_Duke_of_Berry
Fran_oise_Marie_de_Bourbon	child	John_Tristan_Count_of_Valois
Fran_oise_Marie_de_Bourbon	child	Leopold_I_Duke_of_Austria
Maria_Theresa_of_Savoy	child	Archduke_Joseph_Franz_of_Austria
Maria_Theresa_of_Savoy	child	Marie_of_France_Duchess_of_Brabant
Elizabeth_of_Bohemia_1292_1330	child	Louis_V_Duke_of_Bavaria
Elizabeth_of_Bohemia_1292_1330	child	Anna_de_Medici
Elizabeth_of_Bohemia_1292_1330	child	Marie_of_Savoy_Countess_of_Saint_Pol
Henry_VI_Count_of_Luxembourg	child	John_Count_of_Soissons_and_Enghien
Henry_VI_Count_of_Luxembourg	child	Archduke_Ernest_of_Austria
Philip_II_of_Spain	child	Antoine_of_Navarre
Philip_II_of_Spain	child	Anne_of_Kiev
Philip_II_of_Spain	child	Matilda_of_Bavaria_Margravine_of_Meissen
Philip_II_of_Spain	child	Margaret_Countess_of_Anjou
Philip_II_of_Spain	child	Robert_King_of_Naples
John_II_Duke_of_Brittany	child	John_III_Duke_of_Brittany
John_II_Duke_of_Brittany	child	Louis_the_Stammerer
John_II_Duke_of_Brittany	child	Archduke_Wenceslaus_of_Austria
John_II_Duke_of_Brittany	child	Napol_on_Prince_Imperial
Bertha_of_Holland	child	Antoine_Duke_of_Montpensier
Bertha_of_Holland	child	Napoleon_III
Margaret_of_Burgundy_Queen_of_France	child	Blanche_of_France_Infanta_of_Castile
Valdemar_I_of_Denmark	child	Fredericka_of_Saxe_Gotha_Altenburg
Valdemar_I_of_Denmark	child	Marie_of_France_Duchess_of_Bar
Valdemar_I_of_Denmark	child	John_Hereditary_Prince_of_Saxony
Valdemar_I_of_Denmark	child	Philip_of_France_Archdeacon_of_Paris
Ingegerd_Olofsdotter_of_Sweden	child	Gerberga_of_Saxony
Ingegerd_Olofsdotter_of_Sweden	child	Louis_Dauphin_of_France_son_of_Louis_XIV
Ingegerd_Olofsdotter_of_Sweden	child	Archduchess_Eleanor_of_Austria
Ingegerd_Olofsdotter_of_Sweden	child	Charles_IX_of_France
Ingegerd_Olofsdotter_of_Sweden	child	Hedwig_Jagiellon_Duchess_of_Bavaria
Ingegerd_Olofsdotter_of_Sweden	child	Anne_of_France
Ingegerd_Olofsdotter_of_Sweden	child	Margaret_of_Hohenzoller_Nuremberg
Ingegerd_Olofsdotter_of_Sweden	child	Sancho_of_Castile_bishop
Napoleon	child	Princess_Maria_Carolina_of_Bourbo_Two_Sicilies_1820_1861
Arnulf_Count_of_Holland	child	John_of_Eltham_Earl_of_Cornwall
Dirk_I_Count_of_Holland	child	John_II_of_France
Princess_Magdalena_Augusta_of_Anhalt_Zerbst	child	Theobald_II_of_Navarre
Princess_Magdalena_Augusta_of_Anhalt_Zerbst	child	Bona_of_Savoy
Princess_Magdalena_Augusta_of_Anhalt_Zerbst	child	Archbishop_of_Canterbury
John_I_Duke_of_Brittany	child	Patrick_Gordon_of_Auchindoun
John_I_Duke_of_Brittany	child	Catherine_of_France_Countess_of_Montpensier
Lothair_of_France	child	Richard_I_of_England
Marie_of_France_Duchess_of_Bar	child	Irmgard_of_Chiemsee
Marie_of_France_Duchess_of_Bar	child	Rudolf_II_Holy_Roman_Emperor
Marie_of_France_Duchess_of_Bar	child	Peter_I_Count_of_Alen_on
Adelaide_of_Aquitaine	child	Isabel_of_Viseu
Adelaide_of_Aquitaine	child	Sviatoslav_II_of_Kiev
Adelaide_of_Aquitaine	child	Anna_Sophia_II_Abbess_of_Quedlinburg
Albert_II_Duke_of_Austria	child	Catherine_de_Bourbon
Albert_II_Duke_of_Austria	child	Elisabeth_of_Austria_Duchess_of_Lorraine
Albert_II_Duke_of_Austria	child	Henry_III_of_England
Margaret_Countess_of_Anjou	child	Rudolph_III_of_Burgundy
Margaret_Countess_of_Anjou	child	Frederick_I_Elector_of_Brandenburg
Margaret_Countess_of_Anjou	child	Yolande_of_Aragon
Margaret_Countess_of_Anjou	child	Carloman_of_Bavaria
Margaret_Countess_of_Anjou	child	Baldwin_IV_Count_of_Flanders
Joanna_of_Castile	child	Anne_of_Austria
Joanna_of_Castile	child	Henry_II_of_Castile
Joanna_of_Castile	child	Stephen_III_Duke_of_Bavaria
Joanna_of_Castile	child	Alfonso_X_of_Castile
Joanna_of_Castile	child	Lothair_the_Lame
Joanna_of_Castile	child	Henriette_of_France_1727_1752
George_II_of_Great_Britain	child	Philip_I_of_Castile
George_II_of_Great_Britain	child	John_Count_of_Angoul_me
George_II_of_Great_Britain	child	Simon_I_Duke_of_Lorraine
George_II_of_Great_Britain	child	Charles_II_Archduke_of_Austria
George_II_of_Great_Britain	child	Marie_Elisabeth_of_France
George_II_of_Great_Britain	child	Margaret_of_Burgundy_Queen_of_France
George_II_of_Great_Britain	child	Louis_of_Burgundy
Hemma	child	Anne_Marie_d_Orl_ans
Hemma	child	Edward_of_Westminster_Prince_of_Wales
Hemma	child	Fernando_Lord_of_Serpa
Infanta_Luisa_Fernanda_Duchess_of_Montpensier	child	Philip_V_of_Spain
Infanta_Luisa_Fernanda_Duchess_of_Montpensier	child	James_VI_and_I
Infanta_Luisa_Fernanda_Duchess_of_Montpensier	child	Infante_Antonio_Pascual_of_Spain
Infanta_Luisa_Fernanda_Duchess_of_Montpensier	child	Christine_of_France
Marie_Louise_Duchess_of_Parma	child	Adelaide_of_Burgundy_Duchess_of_Brabant
Sancho_IV_of_Castile	child	Charles_Emmanuel_III_of_Sardinia
Sancho_IV_of_Castile	child	Prince_Octavius_of_Great_Britain
Sancho_IV_of_Castile	child	Robert_I_Count_of_Dreux
Sancho_IV_of_Castile	child	Charles_II_Duke_of_Bourbon
Ecgberht_King_of_Wessex	child	Alix_of_Brittany_Dame_de_Pontarcy
John_of_Bohemia	child	Archduke_Karl_Ambrosius_of_Austria_Este
John_of_Bohemia	child	Blanche_of_France_Duchess_of_Orl_ans
John_of_Bohemia	child	Infante_Philip_Duke_of_Calabria
John_of_Bohemia	child	Urraca_of_Castile_Queen_of_Navarre
John_of_Bohemia	child	Ferdinand_I_of_Austria
Rurik	child	Ferdinand_II_Archduke_of_Austria
Maria_of_Austria_Holy_Roman_Empress	child	Henry_I_Duke_of_Bavaria
Maria_of_Austria_Holy_Roman_Empress	child	Philip_IV_of_France
Maria_of_Austria_Holy_Roman_Empress	child	Charles_the_Child
Maria_of_Austria_Holy_Roman_Empress	child	Izyaslav_of_Polotsk
Maria_of_Austria_Holy_Roman_Empress	child	Henry_son_of_Edward_I
Maria_of_Austria_Holy_Roman_Empress	child	Alexander_Stewart_Duke_of_Rothesay
Princess_Caroline_Louise_of_Saxe_Weimar_Eisenach	child	Peter_of_Aragon_Count_of_Alburquerque
Boso_the_Elder	child	Maria_Theresa_of_Spain
Beatrice_of_Savoy	child	Charles_the_Simple
Beatrice_of_Savoy	child	Sancho_III_of_Castile
Beatrice_of_Savoy	child	Peter_Tempesta
Charles_III_Duke_of_Lorraine	child	Eadgifu_of_Wessex
Charles_III_Duke_of_Lorraine	child	John_King_of_England
Charles_III_Duke_of_Lorraine	child	Alfonso_de_Castilla_y_Molina
Charles_III_Duke_of_Lorraine	child	Archduke_Joseph_of_Austria_Palatine_of_Hungary
Isabella_I_of_Castile	child	Princess_Maria_Isabella_of_Naples_and_Sicily
Isabella_I_of_Castile	child	Isabella_of_Austria
Isabella_I_of_Castile	child	Emma_of_Paris_Duchess_of_Normandy
Ferdinand_IV_of_Castile	child	Louis_I_Duke_of_Orl_ans
Ferdinand_IV_of_Castile	child	Prince_Maurizio_Duke_of_Montferrat
Frederick_III_Duke_of_Lorraine	child	Charles_Emmanuel_I_Duke_of_Savoy
Constance_of_Castile	child	Prince_Philippe_Count_of_Paris
Constance_of_Castile	child	Martim_Afonso_Chichorro
Alfonso_VIII_of_Castile	child	10
Alfonso_VIII_of_Castile	child	John_Duke_of_Berry
Alfonso_VIII_of_Castile	child	Edgar__theling
Alfonso_VIII_of_Castile	child	Anne_of_Bohemia_Duchess_of_Austria
Alfonso_VIII_of_Castile	child	Emma_of_Anjou
Charlotte_Agla__d_Orl_ans	child	Blanche_of_France_nun
Charlotte_Agla__d_Orl_ans	child	Bonne_of_Bourbon
Hugh_II_Duke_of_Burgundy	child	Louis_XV
Hugh_II_Duke_of_Burgundy	child	Louis_VII_of_France
Blanche_of_Artois	child	Archduchess_Maria_Elisabeth_of_Austria_born_1737
Blanche_of_Artois	child	Guigues_VI_of_Viennois
Blanche_of_Artois	child	_lfweard_of_Wessex
Margaret_of_Savoy_Countess_of_Saint_Pol	child	Albert_I_Duke_of_Bavaria
Barbara_Jagiellon	child	Princess_Maria_Carolina_of_Savoy
Barbara_Jagiellon	child	Afonso_V_of_Portugal
Barbara_Jagiellon	child	Hedwig_of_Habsburg
Barbara_Jagiellon	child	_thelberht_King_of_Wessex
Peter_II_of_Aragon	child	Margaret_of_Nevers
Bona_of_Savoy	child	Alphonso_Earl_of_Chester
Bona_of_Savoy	child	Robert_I_Count_of_Flanders
Bona_of_Savoy	child	Catherine_of_Lorraine_1573_1648
Duchess_Helene_of_Mecklenburg_Schwerin	child	Empress_Matilda
Duchess_Helene_of_Mecklenburg_Schwerin	child	Alfonso_VII_of_Le_n_and_Castile
Ferdinand_Philippe_Duke_of_Orl_ans	child	Igor_Yaroslavich
Ferdinand_Philippe_Duke_of_Orl_ans	child	Charles_Ferdinand_Duke_of_Berry
Floris_I_Count_of_Holland	child	Walter_Stewart_Lord_of_Fife
Francis_II_Duke_of_Brittany	child	Agnes_of_France_Duchess_of_Burgundy
Henry_Stuart_Lord_Darnley	child	Richard_of_Cornwall
Joanna_of_Bourbon	child	Elizabeth_Stuart_daughter_of_Charles_I
Joanna_of_Bourbon	child	Charles_Martel_of_Anjou
Joanna_of_Bourbon	child	Adam_FitzRoy
Barbara_of_Cilli	child	Archduchess_Maria_Josepha_of_Austria
Joanna_of_Austria_Grand_Duchess_of_Tuscany	child	Louis_of_Anjou_Marquis_of_Pont___Mousson
Joanna_of_Austria_Grand_Duchess_of_Tuscany	child	Archduke_Ferdinand_Karl_Viktor_of_Austria_Este
Louis_Philippe_I_Duke_of_Orl_ans	child	Charles_Duke_of_Lower_Lorraine
Louis_Philippe_I_Duke_of_Orl_ans	child	Philip_Count_of_Longueville
Maria_Antonia_Ferdinanda_of_Spain	child	Anna_of_Austria_Queen_of_Spain
Maria_Antonia_Ferdinanda_of_Spain	child	Princess_Maria_Antonia_of_Naples_and_Sicily
Maria_Antonia_Ferdinanda_of_Spain	child	Cardinal_Infante_Afonso_of_Portugal
Maria_Antonia_Ferdinanda_of_Spain	child	Alexander_Sigismund_von_der_Pfalz_Neuburg
Maria_Antonia_Ferdinanda_of_Spain	child	Margaret_of_Valois
Maria_Antonia_Ferdinanda_of_Spain	child	Manuel_of_Castile
Maria_Antonia_Ferdinanda_of_Spain	child	Edmund_of_Scotland
Maria_Antonia_Ferdinanda_of_Spain	child	Victor_Amadeus_Prince_of_Piedmont
John_of_Gaunt	child	Charles_III_Duke_of_Savoy
John_of_Gaunt	child	Eleanor_of_England_Queen_of_Castile
John_of_Gaunt	child	Welf_I
John_of_Gaunt	child	Marie_of_France_Duchess_of_Brabant
John_of_Gaunt	child	Anne_of_Bohemia_1290_1313
Adelaide_of_Paris	child	Marie_Z_phyrine_of_France
Countess_Palatine_Caroline_of_Zweibr_cken	child	Alfonso_V_of_Aragon
Countess_Palatine_Caroline_of_Zweibr_cken	child	Louis_of_Cyprus
Countess_Palatine_Caroline_of_Zweibr_cken	child	Princess_Mary_Duchess_of_Gloucester_and_Edinburgh
Countess_Palatine_Caroline_of_Zweibr_cken	child	Marie_of_France_Countess_of_Champagne
Countess_Palatine_Caroline_of_Zweibr_cken	child	Archduke_Rainer_Joseph_of_Austria
Countess_Palatine_Caroline_of_Zweibr_cken	child	James_Stewart_Duke_of_Ross
Mary_Tudor_Queen_of_France	child	Alys_of_France_Countess_of_Vexin
Mary_Tudor_Queen_of_France	child	Louis_Antoine_Duke_of_Angoul_me
Mary_Tudor_Queen_of_France	child	Eleanor_of_Woodstock
Odo_III_Duke_of_Burgundy	child	Rozala_of_Italy
Adela_of_Champagne	child	Alexander_Jagiellon
Adela_of_Champagne	child	Saint_Casimir
Fulk_IV_Count_of_Anjou	child	Beatrice_of_Portugal_Duchess_of_Savoy
Fulk_IV_Count_of_Anjou	child	Blanche_of_Burgundy_Countess_of_Savoy
Fulk_IV_Count_of_Anjou	child	Charles_of_Valois_Duke_of_Berry
Robert_II_Duke_of_Burgundy	child	Mary_of_Guise
Robert_II_Duke_of_Burgundy	child	Jean_Gordon_Countess_of_Bothwell
Robert_II_Duke_of_Burgundy	child	Philip_William_August_Count_Palatine_of_Neuburg
Robert_II_Duke_of_Burgundy	child	Prince_Alberto_of_Naples_and_Sicily
Robert_II_Duke_of_Burgundy	child	Peter_Duke_of_Coimbra
Robert_II_Duke_of_Burgundy	child	William_I_Duke_of_Bavaria
James_I_Count_of_La_Marche	child	Afonso_II_of_Portugal
James_I_Count_of_La_Marche	child	Geoffrey_IV_Count_of_Anjou
James_I_Count_of_La_Marche	child	Diego_Prince_of_Asturias
Letizia_Bonaparte	child	Marie_Countess_of_Ponthieu
Letizia_Bonaparte	child	Geoffrey_Plantagenet_Count_of_Anjou
Letizia_Bonaparte	child	Valdemar_II_of_Denmark
Letizia_Bonaparte	child	Eleanor_of_Viseu
Letizia_Bonaparte	child	Charles_II_of_Navarre
Letizia_Bonaparte	child	Prince_John_August_of_Saxe_Gotha_Altenburg
Letizia_Bonaparte	child	Infanta_Maria_Josefa_of_Spain
Letizia_Bonaparte	child	Princess_Louisa_of_Great_Britain
Charles_Ferdinand_Duke_of_Berry	child	Louis_XII
Charles_Ferdinand_Duke_of_Berry	child	Adela_of_France
Charles_the_Bold	child	James_of_Castile_Lord_of_Cameros
Elizabeth_Woodville	child	Edward_King_of_Portugal
Elizabeth_Woodville	child	Louis_XI
Elizabeth_Woodville	child	Baldwin_II_Latin_Emperor
Elizabeth_Woodville	child	Arthur_III_Duke_of_Brittany
Elizabeth_Woodville	child	Joanna_of_Austria_Princess_of_Portugal
Elizabeth_Woodville	child	Garzia_de_Medici
Denis_of_Portugal	child	Otto_Duke_of_Burgundy
Violant_of_Bar	child	Philip_Duke_of_Nemours
Richeza_of_Poland_Queen_of_Sweden	child	_lfweard_of_Wessex
Richeza_of_Poland_Queen_of_Sweden	child	Albrecht_of_Saxe_Weissenfels
Louise__lisabeth_of_France	child	Judith_of_Flanders
Louise__lisabeth_of_France	child	Roman_Catholic_Archdiocese_of_Cambrai
Eleanor_of_Alburquerque	child	Charlotte_Agla__d_Orl_ans
Eleanor_of_Alburquerque	child	Sophia_Jagiellon_Margravine_of_Brandenburg_Ansbach
Eleanor_of_Alburquerque	child	Philip_I_Count_of_Auvergne
Eleanor_of_Alburquerque	child	Louis_Count_of_Vermandois
Eleanor_of_Alburquerque	child	Archduke_John_of_Austria
Eleanor_of_Alburquerque	child	Geoffrey_Count_of_Nantes
Gerard_Duke_of_Lorraine	child	Gisela_of_France
Estrid_of_the_Obotrites	child	Archduchess_Maria_Clementina_of_Austria
Maria_Christina_of_the_Two_Sicilies	child	Isabella_of_France_Queen_of_Navarre
Maria_Christina_of_the_Two_Sicilies	child	Charles_Orlando_Dauphin_of_France
Maria_Christina_of_the_Two_Sicilies	child	Maria_Anna_of_Spain
Isabella_of_Bourbon	child	Ren__of_Anjou
Theobald_I_Count_of_Blois	mother	Maria_of_Aragon_Queen_of_Portugal
Leopold_Duke_of_Lorraine	mother	Marie_de_Medici
Afonso_II_of_Portugal	mother	Willa_of_Burgundy
Charles_Emmanuel_III_of_Sardinia	mother	Mar_a_Isabella_of_Spain
Philip_IV_of_Spain	mother	Isabella_of_Aragon_Queen_of_France
Margaret_of_Austria_Queen_of_Spain	mother	Yolanda_of_Courtenay
Charles_Count_of_Valois	mother	Margaret_of_Flanders_Duchess_of_Brabant
Isabella_of_Valois_Duchess_of_Bourbon	mother	Margaret_of_Denmark_Queen_of_Scotland
Henry_II_of_Castile	mother	Maria_Beatrice_of_Savoy
Albert_I_of_Germany	mother	Elisabeth_Farnese
Matthias_I_Duke_of_Lorraine	mother	Maria_Theresa
Frederick_II_Duke_of_Lorraine	mother	Hemma
Henry_II_of_England	mother	Countess_Caroline_of_Nassau_Saarbr_cken
Frederick_Prince_of_Wales	mother	Christine_of_Hesse
Maria_Beatrice_d_Este_Duchess_of_Massa	mother	Madeleine_de_La_Tour_d_Auvergne
Rudolph_of_France	mother	Elizabeth_Mure
Ren__II_Duke_of_Lorraine	mother	Dulce_of_Aragon
Antoine_Duke_of_Lorraine	mother	Margaret_of_Austria_Queen_of_Spain
Henry_the_Fowler	mother	Violant_of_Bar
Gerberga_of_Saxony	mother	Princess_Christine_Louise_of_Oettinge_Oettingen
Mary_of_Guise	mother	Countess_Palatine_Caroline_of_Zweibr_cken
Isabella_Duchess_of_Lorraine	mother	Marie_of_Luxembourg_Countess_of_Vend_me
Louis_XV	mother	Sancha_of_Castile_Queen_of_Aragon
Louis_Duke_of_Burgundy	mother	Beatrice_of_Savoy
Alice_Holland_Countess_of_Kent	mother	Taddea_Visconti
Eleanor_of_Lancaster	mother	Maria_Anna_of_Bavaria_born_1551
Berenguer_Ramon_I_Count_of_Barcelona	mother	Agnes_of_Loon
Margaret_Stewart_Dauphine_of_France	mother	Eleonore_of_Austria_Queen_of_Poland
Francis_I_Holy_Roman_Emperor	mother	Matilda_of_Saxony_countess_of_Flanders
Edward_I_of_England	mother	Maria_of_Austria_Holy_Roman_Empress
Leopold_II_Holy_Roman_Emperor	mother	Ida_Countess_of_Hainaut
Marie_Ad_la_de_of_Savoy	mother	Helie_of_Semur
Odo_of_France	mother	Ermengarde_of_Auvergne
Henry_I_Count_of_Champagne	mother	Philippa_of_Luxembourg
Louis_Philippe_I	mother	Adelaide_of_Aquitaine
Philip_I_of_France	mother	Joan_of_Ponthieu_Dame_of_Epernon
Henrietta_of_England	mother	Gertrude_of_Hohenberg
Lorenzo_de_Medici_Duke_of_Urbino	mother	Catalina_Micaela_of_Spain
Blanche_of_Navarre_Queen_of_France	mother	Henrietta_Maria
Philip_III_of_Navarre	mother	Gertrude_of_Hohenberg
Sancho_I_of_Portugal	mother	Valentina_Visconti_Duchess_of_Orl_ans
Maria_Josepha_of_Austria	mother	Joanna_of_Bourbon
Ramon_Berenguer_IV_Count_of_Barcelona	mother	Anne_Marie_d_Orl_ans
Ramon_Berenguer_III_Count_of_Barcelona	mother	Joanna_of_Castile
Afonso_V_of_Portugal	mother	Philippa_of_Guelders
Edward_King_of_Portugal	mother	Gisela_of_Swabia
Francis_II_Holy_Roman_Emperor	mother	Eleanor_of_Navarre
Philip_II_Duke_of_Savoy	mother	Jeanne_de_Bourbon_Duchess_of_Bourbon
John_II_of_France	mother	Matilda_of_England_Duchess_of_Saxony
Joan_the_Lame	mother	Blanche_of_Navarre_Countess_of_Champagne
Louis_Dauphin_of_France_son_of_Louis_XIV	mother	Elisabeth_of_Swabia
Princess_Marie_Isabelle_of_Orl_ans	mother	Beatrice_of_Savoy
Antoine_Duke_of_Montpensier	mother	Teresa_Louren_o
Joan_II_of_Navarre	mother	Anne_of_Kiev
Charles_IV_of_France	mother	Isabella_of_Portugal_Queen_of_Castile
Magdalene_Sibylle_of_Prussia	mother	Agatha_wife_of_Edward_the_Exile
Marie_Eleonore_of_Cleves	mother	Agnes_de_Baudemont_Countess_of_Braine
Victor_Amadeus_II_of_Sardinia	mother	Willa_of_Tuscany
Ferdinand_I_of_the_Two_Sicilies	mother	Joan_I_of_Navarre
Alfonso_II_of_Aragon	mother	Blanche_of_Brittany
Charles_Martel	mother	Agnes_of_France_Duchess_of_Burgundy
Marie_Countess_of_Ponthieu	mother	Maria_Theresa
Louis_I_Duke_of_Orl_ans	mother	Elizabeth_of_Portugal
Charles_V_of_France	mother	Alice_Holland_Countess_of_Kent
William_X_Duke_of_Aquitaine	mother	A_nor_de_Ch_tellerault
Eleanor_of_Provence	mother	Eleanor_of_Aquitaine
Charles_Emmanuel_II_Duke_of_Savoy	mother	Matilda_of_France
John_II_of_Aragon	mother	In_s_de_Castro
James_III_of_Scotland	mother	Douce_I_Countess_of_Provence
Philippa_of_Hainault	mother	Waldrada_of_Worms
Joan_of_Valois_Countess_of_Hainaut	mother	Beatrice_of_Burgundy_Lady_of_Bourbon
Liudolf_Margrave_of_Frisia	mother	Anna_Sophia_of_Prussia
Clementia_of_Hungary	mother	Richende_De_Bourges
Charles_the_Simple	mother	Yolanda_Latin_Empress
Countess_Palatine_Dorothea_Sophie_of_Neuburg	mother	Ludmilla_of_Bohemia
Elisabeth_Farnese	mother	Maria_Theresa_of_Savoy
Ermentrude_of_Orl_ans	mother	Ermesinde_of_Carcassonne
Magnus_II_Duke_of_Brunswic_L_neburg	mother	Margaret_of_Artois
Beatrice_of_Portugal_died_1381	mother	Adelaide_of_Paris
Victor_Amadeus_I_Duke_of_Savoy	mother	Maria_Teresa_Cybo_Malaspina_Duchess_of_Massa
Mary_of_Burgundy_Duchess_of_Cleves	mother	Elisabeth_of_Austria_Duchess_of_Lorraine
Dirk_III_Count_of_Holland	mother	Margaret_of_Savoy_Countess_of_Saint_Pol
Alfonso_X_of_Castile	mother	Eleanor_of_Navarre
Louis_Duke_of_Orl_ans_1703_1752	mother	Elisabeth_of_Meissen
Landgravine_Elisabeth_Amalie_of_Hesse_Darmstadt	mother	Gertrude_of_S_pplingenburg
James_II_of_Scotland	mother	Violant_of_Hungary
Willa_of_Tuscany	mother	Douce_I_Countess_of_Provence
Frederick_III_Holy_Roman_Emperor	mother	Maria_Josepha_of_Saxony_Dauphine_of_France
Maria_Luisa_of_Spain	mother	Mary_of_Avesnes
Charles_III_of_Spain	mother	Eleanor_of_Portugal_Holy_Roman_Empress
Maria_Theresa_of_Spain	mother	Duchess_Helene_of_Mecklenburg_Schwerin
Henry_the_Lion	mother	Maria_of_Swabia
Otto_IV_Count_of_Burgundy	mother	Gisela_of_Burgundy_Marchioness_of_Montferrat
Isabel_of_Barcelos	mother	Mahaut_of_Ch_tillon
Ferdinand_II_of_Aragon	mother	Isabella_of_Portugal
Hugh_of_Italy	mother	Alice_of_Normandy
Rudolph_II_of_Burgundy	mother	Catherine_de_Medici
Eug_nie_de_Montijo	mother	Princess_Louise_of_Hesse_Darmstadt_1757_1830
Clemence_of_Austria	mother	Countess_Amalia_Katharina_of_Waldeck
Peter_I_Duke_of_Bourbon	mother	Sibylla_of_Burgundy_Duchess_of_Burgundy
Charles_VI_of_France	mother	Alice_of_Vergy
Henry_V_of_England	mother	Landgravine_Elisabeth_Amalie_of_Hesse_Darmstadt
Joan_of__vreux	mother	Maud_of_Apulia
Louis_Count_of__vreux	mother	Maud_Chaworth
Otto_I_Duke_of_Brunswic_L_neburg	mother	Isabella_of_Portugal
A_nor_de_Ch_tellerault	mother	Beatrice_of_Castile_1242_1303
Claude_of_France	mother	Margaret_of_Baux
Louis_I_Duke_of_Bourbon	mother	Marie_Countess_of_Harcourt
Marie_Antoinette	mother	Ingegerd_Olofsdotter_of_Sweden
Charles_X	mother	Kunigunde_of_Altdorf
Margaret_of_Bourbon_1438_1483	mother	Mary_of_Guise
Maria_Theresa_of_Austria_Este_Queen_of_Sardinia	mother	Helena_of_Denmark
Fulk_King_of_Jerusalem	mother	Emma_of_Blois
Geoffrey_Plantagenet_Count_of_Anjou	mother	Catherine_de_Medici
Catherine_de_Medici	mother	Joan_Beaufort_Queen_of_Scots
Henry_III_of_France	mother	Agnes_of_Burgundy_Duchess_of_Aquitaine
Edward_III_of_England	mother	Amicie_de_Courtenay
Victor_Amadeus_III_of_Sardinia	mother	Philippa_of_Lancaster
Louis_XII	mother	Eleanor_of_Lancaster
Philip_I_of_Castile	mother	Begga
Frederick_II_Count_of_Vaud_mont	mother	Elisabeth_of_France_1602_1644
Alfonso_IX_of_Le_n	mother	Isabella_of_Portugal_Duchess_of_Burgundy
James_I_of_Scotland	mother	Bonne_of_Luxembourg
Louis_XI	mother	Charlotte_Agla__d_Orl_ans
Henry_IV_of_England	mother	Joan_Beaufort_Queen_of_Scots
Mary_de_Bohun	mother	Ermentrude_de_Roucy
Peter_I_of_Portugal	mother	Marie_de_Ch_tillon_1323_1363
Jacquetta_of_Luxembourg	mother	Adela_of_Milan
Ernest_Augustus_Elector_of_Hanover	mother	Gerberga_of_Saxony
Margaret_of_Anjou	mother	Clemence_of_Austria
Charlotte_of_Bourbon_Queen_of_Cyprus	mother	Anne_of_Bohemia_and_Hungary
Anne_of_Bohemia_and_Hungary	mother	Matilda_of_Boulogne_Duchess_of_Brabant
Louis_IV_of_France	mother	Catherine_of_Foix_Countess_of_Candale
Saint_Margaret_of_Scotland	mother	Ermengarde_Countess_of_Maine
Arnulf_I_Count_of_Flanders	mother	Hedwig_of_Bavaria
Charles_the_Bald	mother	Margaret_Countess_of_Anjou
Rudolph_Duke_of_Lorraine	mother	_lisabeth_Charlotte_d_Orl_ans
John_I_of_Portugal	mother	Gerberga_of_Saxony
Odo_IV_Duke_of_Burgundy	mother	Margaret_Tudor
Joan_III_Countess_of_Burgundy	mother	Adela_of_France
Isabeau_of_Bavaria	mother	Philippa_of_Hainault
Elisabeth_of_France_1602_1644	mother	Eleanor_of_Aragon_Queen_of_Portugal
William_I_Count_of_Hainaut	mother	Bonne_of_Luxembourg
Yolanda_of_Courtenay	mother	Eilika_of_Schweinfurt
Baldwin_II_Count_of_Hainaut	mother	Margaret_of_Valois_Duchess_of_Berry
Adelaide_of_Auxerre_born_c._870	mother	Eleanor_of_Alburquerque
Maria_Amalia_of_Naples_and_Sicily	mother	Elizabeth_of_York
Marie_of_Brabant_Queen_of_France	mother	Agnes_of_Burgundy_Duchess_of_Bourbon
Charles_Emmanuel_I_Duke_of_Savoy	mother	Joan_the_Lame
Maria_Amalia_of_Saxony	mother	Anne_Marie_d_Orl_ans
Isabella_of_Hainault	mother	Clarice_Orsini
Margaret_I_Countess_of_Flanders	mother	Gertrude_of_Hohenberg
Maria_Theresa_of_Naples_and_Sicily	mother	Sibylla_of_Anjou
Charles_VII_of_France	mother	Margaret_Douglas
Charles_IX_of_France	mother	Mar_a_de_Molina
Francis_II_of_France	mother	Dorothea_of_Denmark_Duchess_of_Brunswic_L_neburg
Margaret_of_Brabant	mother	Margaret_Countess_of_Anjou
Philip_III_of_France	mother	Osburh
Baldwin_II_Margrave_of_Flanders	mother	Fran_oise_Marie_de_Bourbon
Margaret_of_Bavaria	mother	Judith_of_Bavaria_died_843
Violant_of_Hungary	mother	Joan_of_Valois_Countess_of_Hainaut
Ferdinand_II_of_Le_n	mother	Beatrice_of_Portugal_Duchess_of_Savoy
Isabella_of_Aragon_Queen_of_France	mother	Margaret_Countess_of_Vertus
Reginald_I_Count_of_Burgundy	mother	Anne_Gonzaga
Ferdinand_I_of_Aragon	mother	Ogive_of_Luxembourg
Robert_I_Duke_of_Burgundy	mother	Marie_Ad_la_de_of_Savoy
Frederick_I_Duke_of_Lorraine	mother	Maria_Luisa_of_Spain
Robert_III_of_Scotland	mother	Ansgarde_of_Burgundy
Louis_the_Stammerer	mother	Alix_Duchess_of_Brittany
Rudolph_I_of_Burgundy	mother	Constance_of_Arles
Philippe_I_Duke_of_Orl_ans	mother	Blanca_of_Navarre_Queen_of_Castile
Sophia_of_Minsk	mother	Adelaide_of_Tours
Ferdinand_III_of_Castile	mother	Matilda_of_Brandenburg_Duchess_of_Brunswic_L_neburg
Maria_of_Aragon_Queen_of_Portugal	mother	Margaret_of_the_Palatinate
Adolphus_Frederick_I_Duke_of_Mecklenburg_Schwerin	mother	Catherine_of_Vend_me
Henry_III_Duke_of_Brabant	mother	Rozala_of_Italy
Adelaide_of_Maurienne	mother	Margaret_of_Bar
Madeleine_de_La_Tour_d_Auvergne	mother	Marie_Antoinette
Emmanuel_Philibert_Duke_of_Savoy	mother	Sophia_Eleonore_of_Saxony
Philip_V_of_Spain	mother	Maria_Theresa_of_Austria_Este_Queen_of_Sardinia
Charlotte_of_Mecklenburg_Strelitz	mother	Anna_of_Nassau_Dillenburg
Blanche_of_Castile	mother	Margaret_of_Brieg
Maximilian_I_Holy_Roman_Emperor	mother	Adelaide_of_Auxerre_born_c._870
Theobald_III_Count_of_Champagne	mother	Adelaide_of_Leuven
Louis_XVIII	mother	Marie_de_Medici
Maria_Josepha_of_Saxony_Dauphine_of_France	mother	Alys_of_France_Countess_of_Vexin
Henrietta_Maria	mother	Elisabeth_Christine_of_Brunswic_Wolfenb_ttel
Hugh_the_Great	mother	Margaret_of_Bavaria
Louis_the_German	mother	Margaret_of_Joinville
Charles_the_Fat	mother	Ermengarde_of_Hesbaye
Hugh_Capet	mother	Joan_I_of_Navarre
Theobald_I_of_Navarre	mother	Hedwig_of_Babenberg
Marie_Caroline_of_Bourbo_Two_Sicilies_Duchess_of_Berry	mother	Heilika_of_Lengenfeld
Archduchess_Anna_of_Austria	mother	Catherine_de_Medici
Louis_I_of_Anjou	mother	Christine_of_France
Charlotte_of_Savoy	mother	Eleanor_de_Guzm_n
Eleanor_of_Aquitaine	mother	Matilda_of_Bavaria_Margravine_of_Meissen
Benedicta_Henrietta_of_the_Palatinate	mother	Louise_of_Savoy
Mary_Queen_of_Scots	mother	Luitgarde_of_Vermandois
Anne_of_Brittany	mother	Isabeau_of_Bavaria
Humbert_II_Count_of_Savoy	mother	Mary_of_Burgundy
Pepin_the_Short	mother	Adelaide_Countess_of_Burgundy
Rozala_of_Italy	mother	Louise__lisabeth_of_France
Baldwin_III_Count_of_Flanders	mother	Marie_of_Anjou
Alfred_the_Great	mother	Judith_of_Flanders_died_1095
Baldwin_VI_Count_of_Flanders	mother	Adelaide_of_Maurienne
Isabella_of_France	mother	Charlotte_of_Bourbon_Queen_of_Cyprus
Joan_I_of_Navarre	mother	Maud_FitzJohn_Countess_of_Warwick
Elisabeth_Christine_of_Brunswic_Wolfenb_ttel	mother	Yolande_of_Dreux_Duchess_of_Burgundy
Berengaria_of_Barcelona	mother	Lucrezia_Tornabuoni
Alys_of_France_Countess_of_Vexin	mother	Elisabeth_Farnese
Catherine_of_Vend_me	mother	Gerberga_of_M_con
Charles_Duke_of_Vend_me	mother	Eleanor_of_Aragon_Queen_of_Portugal
Margaret_of_Foix	mother	Adela_of_Champagne
Prince_Philippe_Count_of_Paris	mother	Anne_of_Austria
Robert_II_of_France	mother	Anne_of_Bohemia_and_Hungary
Adelaide_of_Burgundy_Duchess_of_Brabant	mother	Marie_Antoinette
Hugh_IV_Duke_of_Burgundy	mother	Anna_Maria_of_Mecklenburg_Schwerin
Elizabeth_of_Luxembourg	mother	Joan_II_of_Navarre
George_Duke_of_Brunswic_Calenberg	mother	Christina_of_Denmark
Simon_I_Duke_of_Lorraine	mother	Anne_of_Cyprus
Maximilian_II_Holy_Roman_Emperor	mother	Beatrice_of_Vermandois
Baldwin_V_Count_of_Flanders	mother	Maria_Theresa_of_Spain
Anna_of_Holstei_Gottorp	mother	Constance_of_Castile
Anne_Gonzaga	mother	Eadgifu_of_Wessex
Otto_II_Duke_of_Bavaria	mother	Infanta_Luisa_Fernanda_Duchess_of_Montpensier
Anna_Maria_of_Mecklenburg_Schwerin	mother	Countess_Palatine_Dorothea_Sophie_of_Neuburg
Ramon_Berenguer_IV_Count_of_Provence	mother	Eleanor_of_Castile
Stephen_II_Duke_of_Bavaria	mother	Mary_of_Avesnes
Louis_XVI	mother	Juana_Enr_quez
Marie_Th_r_se_of_France	mother	Wilhelmine_Amalie_of_Brunswick
Henry_VI_of_England	mother	Berengaria_of_Castile
Mary_of_Hungary_Queen_of_Naples	mother	Beatrice_Regina_della_Scala
William_VIII_Duke_of_Aquitaine	mother	Maria_Carolina_of_Austria
Richard_Count_of__tampes	mother	Margaret_I_Countess_of_Flanders
John_VII_Duke_of_Mecklenburg_Schwerin	mother	Ermengarde_of_Anjou_Duchess_of_Burgundy
Margaret_of_Valois_Angoul_me	mother	Marie_of_Brabant_Queen_of_France
Countess_Sophia_Albertine_of_Erbach_Erbach	mother	Bonne_of_Luxembourg
Pepin_of_Herstal	mother	Marie_of_Blois_Duchess_of_Anjou
Francesco_I_de_Medici_Grand_Duke_of_Tuscany	mother	Maria_Josepha_of_Saxony_Dauphine_of_France
Joan_Countess_of_Ponthieu	mother	Maria_Luisa_of_Parma
William_V_Duke_of_Aquitaine	mother	Margaret_of_Saxony_Duchess_of_Brunswic_L_neburg
Sophia_Eleonore_of_Saxony	mother	Guilla_of_Provence
John_I_Count_of_Hainaut	mother	Anne_of_Bohemia_and_Hungary
Louis_III_of_France	mother	Barbara_Jagiellon
Albert_I_Duke_of_Brunswic_L_neburg	mother	Maria_Anna_Victoria_of_Bavaria
James_IV_of_Scotland	mother	Gertrude_of_Saxony
Philip_VI_of_France	mother	Princess_Caroline_Louise_of_Saxe_Weimar_Eisenach
Maria_Teresa_Felicitas_d_Este	mother	Isabella_Duchess_of_Lorraine
Louise_Marie_Ad_la_de_de_Bourbon_Duchess_of_Orl_ans	mother	Bertha_of_Swabia
John_the_Fearless	mother	Anabella_Drummond
Eleanor_of_Aragon_Queen_of_Portugal	mother	Princess_Augusta_of_Saxe_Gotha
Afonso_III_of_Portugal	mother	Auguste_of_Bade_Baden
Yolanda_Latin_Empress	mother	Mar_a_Manuela_Kirkpatrick_de_Grevign_e
Nicolas_Duke_of_Merc_ur	mother	Blanche_of_Lancaster
Matthew_Stewart_2nd_Earl_of_Lennox	mother	Anne_of_Cyprus
Blanche_of_Burgundy	mother	Maria_Amalia_of_Saxony
William_IV_Duke_of_Aquitaine	mother	Sophia_of_Holstei_Gottorp
Ferdinand_Duke_of_Viseu	mother	Elizabeth_of_Austria_1436_1505
Margaret_of_Artois	mother	Margaret_of_Provence
Taddea_Visconti	mother	Judith_of_Habsburg
Otto_William_Count_of_Burgundy	mother	Mary_of_Guelders
Maria_Beatrice_of_Savoy	mother	Margaret_Boswell
Henry_IV_of_France	mother	Isabella_of_Angoul_me
Conrad_I_of_Burgundy	mother	Mary_of_Hungary_Queen_of_Naples
Baldwin_III_Count_of_Hainaut	mother	Joanna_of_Castile
Ferdinand_Karl_Archduke_of_Austria_Este	mother	Maria_Antonia_Ferdinanda_of_Spain
Judith_of_Habsburg	mother	Estrid_of_the_Obotrites
Margaret_of_Provence	mother	Maria_of_Swabia
Odo_I_Count_of_Blois	mother	Maria_Josepha_of_Austria
Bertha_of_Burgundy	mother	Catherine_of_Mayenne
Eleanor_of_Austria	mother	Anne_of_Cyprus
Robert_Count_of_Clermont	mother	Elisabeth_of_Nuremberg
Eadgifu_of_Wessex	mother	Isabella_of_Hainault
Elisabeth_of_Austria_Queen_of_France	mother	Ren_e_of_Bourbon
Philip_II_of_France	mother	Juana_Manuel
Ernest_Duke_of_Austria	mother	Matilda_of_Ringelheim
Robert_II_Count_of_Dreux	mother	Elizabeth_the_Cuman
Catherine_of_Foix_Countess_of_Candale	mother	Salomea_of_Berg
Yolande_of_Aragon	mother	Alfonsina_Orsini
John_I_of_Castile	mother	Isabelle_de_Beauvau
Albert_Azzo_II_Margrave_of_Milan	mother	Joanna_of_Bourbon
Henry_III_of_England	mother	Ermengarde_Countess_of_Maine
Elizabeth_of_Austria_1436_1505	mother	Sophia_Dorothea_of_Celle
Anne_of_Kiev	mother	Judith_of_Flanders
Louis_VIII_of_France	mother	Petronilla_of_Aragon
John_King_of_England	mother	Urraca_of_Castile_Queen_of_Portugal
Otto_I_Duke_of_Bavaria	mother	Adelaide_of_Burgundy_Duchess_of_Brabant
Louis_XVII	mother	Isabella_I_of_Castile
Charles_Duke_of_Orl_ans	mother	Marie_Louise_Duchess_of_Parma
Marie_of_Cleves_Duchess_of_Orl_ans	mother	Eleanor_of_Toledo
Eleanor_of_England_Queen_of_Castile	mother	Garsenda_Countess_of_Forcalquier
Maria_Theresa	mother	Maria_Theresa
Isabella_of_Portugal	mother	Anne_of_Foix_Candale
Edward_II_of_England	mother	Marie_Jeanne_Baptiste_of_Savoy_Nemours
George_III	mother	Marie_of_France_Countess_of_Champagne
Elisabeth_of_Nuremberg	mother	Joan_of_Geneva
Galeazzo_Maria_Sforza	mother	Adele_of_Vermandois
Henry_II_Duke_of_Brabant	mother	Mahaut_Countess_of_Artois
Baldwin_V_Count_of_Hainaut	mother	Ermentrude_of_Orl_ans
Maria_of_Austria_Duchess_of_J_lich_Cleves_Berg	mother	Cymburgis_of_Masovia
Louis_II_of_Anjou	mother	Bertha_of_Holland
Christine_of_Saxony	mother	Anna_Eleonore_of_Hesse_Darmstadt
Hugh_Magnus	mother	Mary_of_Burgundy_Duchess_of_Cleves
Princess_Augusta_of_Saxe_Gotha	mother	Gerloc
Francis_I_Duke_of_Lorraine	mother	Joan_of_Navarre_Queen_of_England
Arnulf_II_Count_of_Flanders	mother	Beatrice_of_Silesia
Matilda_of_France	mother	Marie_Eleonore_of_Cleves
Elisabeth_of_Meissen	mother	Isabella_of_France
Louis_VI_of_France	mother	Bertha_daughter_of_Lothair_II
Henry_the_Middle_Duke_of_Brunswic_L_neburg	mother	Anna_Maria_of_Ostfriesland
Henry_IX_Duke_of_Bavaria	mother	Margaret_of_Provence
Afonso_IV_of_Portugal	mother	Margaret_I_Countess_of_Flanders
John_I_Duke_of_Lorraine	mother	Claude_Fran_oise_de_Lorraine
Henry_VII_of_England	mother	Isabeau_of_Bavaria
Mar_a_Isabella_of_Spain	mother	Almodis_de_la_Marche
Welf_I_Duke_of_Bavaria	mother	Maria_Theresa_of_Naples_and_Sicily
Napoleon_II	mother	Elizabeth_of_Luxembourg
William_of_Winchester_Lord_of_Lunenburg	mother	Matilda_of_Carinthia
Jeanne_de_Bourbon_Duchess_of_Bourbon	mother	Mary_de_Bohun
Catherine_of_Valois	mother	Ren_e_of_Bourbon
Margaret_of_the_Palatinate	mother	Maria_of_Austria_Duchess_of_J_lich_Cleves_Berg
Sibylla_of_Anjou	mother	Joanna_of_Pfirt
Sophia_of_Saxe_Weissenfels_Princess_of_Anhalt_Zerbst	mother	Richeza_of_Poland_Queen_of_Sweden
Princess_Louise_of_Hesse_Darmstadt_1757_1830	mother	Clementia_of_Hungary
James_V_of_Scotland	mother	Maria_Amalia_of_Naples_and_Sicily
Mahaut_Countess_of_Artois	mother	Urraca_of_Portugal
Francis_II_Duke_of_Lorraine	mother	Engeltrude_de_F_zensac
Anne_of_Cyprus	mother	_lffl_d_wife_of_Edward_the_Elder
Louis_Duke_of_Savoy	mother	Mary_of_Burgundy_Duchess_of_Savoy
Alfonso_XI_of_Castile	mother	Sophia_of_Brandenburg
Margaret_Holland_Duchess_of_Clarence	mother	Alice_of_Namur
Anne_of_Foix_Candale	mother	Joan_II_Countess_of_Burgundy
Antoine_Count_of_Vaud_mont	mother	Maria_Beatrice_d_Este_Duchess_of_Massa
Maria_Luisa_of_Parma	mother	Eleanor_of_Provence
Maria_Theresa_of_Savoy	mother	Adelaide_of_Maurienne
Elizabeth_of_Bohemia_1292_1330	mother	Hedwig_of_Saxony
Henry_VI_Count_of_Luxembourg	mother	Wierzchoslawa_Ludmilla_of_Greater_Poland
Philip_II_of_Spain	mother	Yolande_Duchess_of_Lorraine
Bertha_of_Holland	mother	Blanche_of_Artois
Ingegerd_Olofsdotter_of_Sweden	mother	Bianca_Maria_Visconti
Marie_of_Luxembourg_Countess_of_Vend_me	mother	Rotrude_of_Hesbaye
Robert_I_Count_of_Dreux	mother	Hedwig_of_Bavaria
Isabella_de_Beauchamp	mother	Barbara_of_Cilli
Princess_Magdalena_Augusta_of_Anhalt_Zerbst	mother	Marie_Countess_of_Ponthieu
Gertrude_of_Saxony	mother	Constance_of_Arles
John_I_Duke_of_Brittany	mother	Christine_of_Saxony
Lothair_of_France	mother	Viridis_Visconti
Marie_of_France_Duchess_of_Bar	mother	Princess_Magdalena_Augusta_of_Anhalt_Zerbst
Adelaide_of_Aquitaine	mother	Catherine_de_Medici
Margaret_Countess_of_Anjou	mother	Isabel_of_Barcelos
Ramon_Berenguer_II_Count_of_Barcelona	mother	Margaret_II_Countess_of_Flanders
Ernest_I_Duke_of_Brunswic_L_neburg	mother	_lfthryth_Countess_of_Flanders
John_I_of_France	mother	Louise_Marie_Ad_la_de_de_Bourbon_Duchess_of_Orl_ans
George_II_of_Great_Britain	mother	Eleanor_of_Alburquerque
Hemma	mother	Jeanne_d_Albret
Judith_of_Bavaria_died_843	mother	Maria_Anna_Victoria_of_Bavaria
Infanta_Luisa_Fernanda_Duchess_of_Montpensier	mother	Polyxena_of_Hesse_Rotenburg
Marie_Louise_Duchess_of_Parma	mother	Matilda_of_Savoy_Queen_of_Portugal
Baldwin_IV_Count_of_Flanders	mother	Lutgardis_of_Luxemburg
Maria_of_Austria_Holy_Roman_Empress	mother	Bertrade_of_Montfort
Princess_Caroline_Louise_of_Saxe_Weimar_Eisenach	mother	Waldrada_of_Worms
Beatrice_of_Savoy	mother	Hedwig_of_Formbach
Charles_III_Duke_of_Lorraine	mother	Beatriz_Pereira_de_Alvim
Louis_I_Duke_of_Bavaria	mother	Gerloc
Isabella_I_of_Castile	mother	Agnes_of_Burgundy_Duchess_of_Bourbon
Ferdinand_IV_of_Castile	mother	Eleanor_of_England_Queen_of_Castile
Charles_V_Holy_Roman_Emperor	mother	Agnes_of_France_Duchess_of_Burgundy
Isabella_of_Portugal_Queen_of_Castile	mother	Anne_of_Bohemia_and_Hungary
Alfonso_VIII_of_Castile	mother	Bertha_Duchess_of_Lorraine
Charlotte_Agla__d_Orl_ans	mother	Fran_oise_Marie_de_Bourbon
Hugh_II_Duke_of_Burgundy	mother	Margaret_of_Foix
Margaret_of_Savoy_Countess_of_Saint_Pol	mother	Maria_Amalia_of_Saxony
Charles_V_Duke_of_Lorraine	mother	Eleanor_of_Aquitaine
Barbara_Jagiellon	mother	Catherine_of_Valois
Peter_II_of_Aragon	mother	Margaret_of_Artois
Piero_the_Unfortunate	mother	Joan_Fitzalan_Countess_of_Hereford
Duchess_Helene_of_Mecklenburg_Schwerin	mother	Jacquetta_of_Luxembourg
Philip_of_France_1116_1131	mother	Isabella_de_Beauchamp
Matilda_of_Brabant_Countess_of_Artois	mother	Margaret_III_Countess_of_Flanders
Francis_II_Duke_of_Brittany	mother	Maria_Josepha_of_Austria
Lorenzo_de_Medici	mother	Philippa_Countess_of_Toulouse
Henry_Stuart_Lord_Darnley	mother	Magdalene_Sibylle_of_Prussia
Joanna_of_Bourbon	mother	Maria_Carolina_of_Austria
Joanna_of_Austria_Grand_Duchess_of_Tuscany	mother	Maria_Teresa_Felicitas_d_Este
Louis_Philippe_I_Duke_of_Orl_ans	mother	Margaret_of_Burgundy_Queen_of_France
Maria_Antonia_Ferdinanda_of_Spain	mother	Archduchess_Maria_Clementina_of_Austria
Christine_of_Hesse	mother	Matilda_of_B_thune
John_of_Gaunt	mother	Caroline_of_Ansbach
Countess_Palatine_Caroline_of_Zweibr_cken	mother	Constance_of_Portugal
Mary_Tudor_Queen_of_France	mother	Sophia_of_Saxe_Weissenfels_Princess_of_Anhalt_Zerbst
Henry_son_of_Robert_I_of_Burgundy	mother	Lady_Margaret_Beaufort
Fulk_IV_Count_of_Anjou	mother	Maria_Josepha_of_Saxony_Dauphine_of_France
James_I_Count_of_La_Marche	mother	Isabella_of_Valois_Duchess_of_Bourbon
Leopold_III_Duke_of_Austria	mother	Margaret_of_Geneva
Charles_Ferdinand_Duke_of_Berry	mother	Beatrice_of_Castile_1293_1359
Theobald_III_Count_of_Blois	mother	Dangereuse_de_l_Isle_Bouchard
Charles_the_Bold	mother	Eleanor_of_Aragon_Queen_of_Castile
Elizabeth_Woodville	mother	Alpaida
Archduchess_Maria_Theresa_of_Austria_Este_1817_1886	mother	Richilde_Countess_of_Hainaut
William_I_Count_of_Burgundy	mother	Berengaria_of_Barcelona
Margaret_of_Flanders_Duchess_of_Brabant	mother	Princess_Elisabeth_Albertine_of_Saxe_Hildburghausen
Denis_of_Portugal	mother	Maria_Christina_of_the_Two_Sicilies
Richeza_of_Poland_Queen_of_Sweden	mother	Anne_of_Brittany
Maria_Christina_of_the_Two_Sicilies	mother	Marie_of_Cleves_Duchess_of_Orl_ans
Isabella_of_Bourbon	mother	Antoinette_of_Bourbon
Margaret_of_Valois	mother	Claude_of_France_1547_1575
Maud_Chaworth	mother	Empress_Matilda
Pierfrancesco_the_Elder	parent	Maria_Anna_Victoria_of_Bavaria
_thelwulf_King_of_Wessex	parent	Joseph_I_Holy_Roman_Emperor
Robert_II_of_Scotland	parent	Matthias_II_Duke_of_Lorraine
Robert_II_of_Scotland	parent	Catherine_of_Foix_Countess_of_Candale
Theobald_I_Count_of_Blois	parent	Archduchess_Maria_Clementina_of_Austria
Theobald_I_Count_of_Blois	parent	Joanna_of_Bourbon
Leopold_Duke_of_Lorraine	parent	Louis_the_Pious
Afonso_II_of_Portugal	parent	Adele_of_Vermandois
Afonso_II_of_Portugal	parent	Margaret_of_Brabant
Amicie_de_Courtenay	parent	Eleanor_of_Aquitaine
Charles_Emmanuel_III_of_Sardinia	parent	Richard_Woodville_1st_Earl_Rivers
Margaret_of_Austria_Queen_of_Spain	parent	Agnes_de_Baudemont_Countess_of_Braine
Margaret_of_Austria_Queen_of_Spain	parent	Hugh_Count_of_Burgundy
Charles_Count_of_Valois	parent	Frederick_V_Burgrave_of_Nuremberg
Charles_Count_of_Valois	parent	Frederick_II_Duke_of_Brunswic_L_neburg
Isabella_of_Valois_Duchess_of_Bourbon	parent	Maria_Theresa
Isabella_of_Valois_Duchess_of_Bourbon	parent	Ermengarde_of_Auvergne
Anne_of_Austria	parent	Bernard_I_Duke_of_Brunswic_L_neburg
Philip_III_of_Spain	parent	Fulk_King_of_Jerusalem
Philip_III_of_Spain	parent	Beatrice_of_Burgundy_Lady_of_Bourbon
Henry_II_of_Castile	parent	Afonso_III_of_Portugal
Henry_II_of_Castile	parent	Casimir_IV_Jagiellon
Stephen_III_Duke_of_Bavaria	parent	Charles_Duke_of_Vend_me
Stephen_III_Duke_of_Bavaria	parent	Gaston_IV_Count_of_Foix
Albert_I_of_Germany	parent	Ernest_Duke_of_Austria
Albert_I_of_Germany	parent	Theobald_III_Count_of_Blois
Igor_of_Kiev	parent	Christian_III_Count_Palatine_of_Zweibr_cken
Matthias_I_Duke_of_Lorraine	parent	Jeanne_de_Bourbon_Duchess_of_Bourbon
Matthias_I_Duke_of_Lorraine	parent	Matilda_of_Bavaria_Margravine_of_Meissen
Wilhelmine_Amalie_of_Brunswick	parent	Isabella_Duchess_of_Lorraine
Wilhelmine_Amalie_of_Brunswick	parent	Charles_X
Philippe_II_Duke_of_Orl_ans	parent	Hedwig_of_Bavaria
Philippe_II_Duke_of_Orl_ans	parent	Karl_August_Grand_Duke_of_Saxe_Weimar_Eisenach
Frederick_II_Duke_of_Lorraine	parent	Adolphus_Frederick_II_Duke_of_Mecklenburg_Strelitz
Frederick_II_Duke_of_Lorraine	parent	Ecgberht_King_of_Wessex
Henry_II_of_England	parent	Francis_I_of_the_Two_Sicilies
Henry_II_of_England	parent	Isambart
John_II_Count_of_Holland	parent	Counts_and_dukes_of_Aumale
John_II_Count_of_Holland	parent	Matilda_of_France
Frederick_Prince_of_Wales	parent	Taddea_Visconti
Frederick_Prince_of_Wales	parent	Isabel_of_Coimbra
Maria_Beatrice_d_Este_Duchess_of_Massa	parent	Bianca_Maria_Visconti
Francis_IV_Duke_of_Modena	parent	Magdalene_Sibylle_of_Prussia
Rudolph_of_France	parent	In_s_de_Castro
Rudolph_of_France	parent	Bertrade_of_Montfort
Ren__II_Duke_of_Lorraine	parent	Nicholas_d_Oisy_Lord_of_Avesnes
Antoine_Duke_of_Lorraine	parent	Louis_I_Duke_of_Bourbon
Antoine_Duke_of_Lorraine	parent	Henry_III_of_England
Magnus_I_Duke_of_Brunswic_L_neburg	parent	Anne_of_Bohemia_and_Hungary
Henry_the_Fowler	parent	Hugh_II_Duke_of_Burgundy
Gerberga_of_Saxony	parent	Eleanor_of_Lancaster
Gerberga_of_Saxony	parent	Liudolf_Margrave_of_Frisia
Ren__of_Anjou	parent	Alfonso_II_of_Aragon
Ren__of_Anjou	parent	Christine_of_Hesse
Mary_of_Guise	parent	Manuel_I_of_Portugal
Joan_of_Ponthieu_Dame_of_Epernon	parent	Bonne_of_Luxembourg
Beatrice_of_England	parent	Joan_of_Geneva
Arthur_II_Duke_of_Brittany	parent	Walter_Stewart_6th_High_Steward_of_Scotland
Arthur_II_Duke_of_Brittany	parent	Francis_Count_of_Vend_me
Isabella_Duchess_of_Lorraine	parent	Antoine_Duke_of_Montpensier
Isabella_Duchess_of_Lorraine	parent	John_Gordon_Lord_Gordon
Louis_XV	parent	Count_of_Montijo
Louis_Duke_of_Burgundy	parent	Henry_II_of_Castile
Louis_Duke_of_Burgundy	parent	Estrid_of_the_Obotrites
Louis_II_Duke_of_Bavaria	parent	Marie_de_Medici
Louis_II_Duke_of_Bavaria	parent	Gaston_IV_Count_of_Foix
Alice_Holland_Countess_of_Kent	parent	Louise_Henriette_de_Bourbon
Eleanor_of_Lancaster	parent	Maria_Teresa_Cybo_Malaspina_Duchess_of_Massa
Eleanor_of_Lancaster	parent	Ferdinand_I_Holy_Roman_Emperor
Blanche_of_Brittany	parent	Blanche_of_Brittany
Berenguer_Ramon_I_Count_of_Barcelona	parent	Otto_V_Duke_of_Brunswic_L_neburg
Margaret_Stewart_Dauphine_of_France	parent	Antoine_Duke_of_Lorraine
Margaret_Stewart_Dauphine_of_France	parent	Philip_IV_of_France
Francis_I_Holy_Roman_Emperor	parent	Baldwin_IV_Count_of_Hainaut
Francis_I_Holy_Roman_Emperor	parent	Louis_VI_of_France
Edward_I_of_England	parent	Enno_III_Count_of_East_Frisia
Edward_I_of_England	parent	Magdalene_of_Brandenburg_1412_1454
Leopold_II_Holy_Roman_Emperor	parent	Joan_II_Countess_of_Burgundy
Leopold_II_Holy_Roman_Emperor	parent	Stephen_III_of_Auxonne
Marie_Ad_la_de_of_Savoy	parent	K_ten
Odo_of_France	parent	Bivin_of_Gorze
Henry_I_Count_of_Champagne	parent	Leonor_de_Alvim
Louis_Philippe_I	parent	Ferdinand_I_Holy_Roman_Emperor
Louis_Philippe_I	parent	Charlotte_Agla__d_Orl_ans
Henry_I_of_France	parent	Louis_X_of_France
Henry_I_of_France	parent	Ernest_Frederick_I_Duke_of_Saxe_Hildburghausen
Philip_I_of_France	parent	Charles_I_Duke_of_Bourbon
Philip_I_of_France	parent	William_I_Count_of_Burgundy
Henry_I_of_Navarre	parent	Philippe_I_Duke_of_Orl_ans
Beatriz_Pereira_de_Alvim	parent	Charles_VI_Holy_Roman_Emperor
Beatriz_Pereira_de_Alvim	parent	Alfonsina_Orsini
Henrietta_of_England	parent	Rudolf_I_of_Germany
Henrietta_of_England	parent	Hugh_the_Great
Lorenzo_de_Medici_Duke_of_Urbino	parent	Catherine_de_Medici
Lorenzo_de_Medici_Duke_of_Urbino	parent	Ferdinand_I_Holy_Roman_Emperor
Blanche_of_Navarre_Queen_of_France	parent	John_Constable_of_Portugal
Blanche_of_Navarre_Queen_of_France	parent	Maria_Amalia_of_Naples_and_Sicily
Philip_III_of_Navarre	parent	Philip_I_of_Castile
Reginar_III_Count_of_Hainaut	parent	Richende_De_Bourges
Reginar_III_Count_of_Hainaut	parent	Charlemagne
Sancho_I_of_Portugal	parent	Margaret_of_Bar
Sancho_I_of_Portugal	parent	Maud_FitzJohn_Countess_of_Warwick
Afonso_I_of_Portugal	parent	Marie_of_Cleves_Duchess_of_Orl_ans
Afonso_I_of_Portugal	parent	Henry_II_Duke_of_Brabant
Maria_Josepha_of_Austria	parent	Canute_Lavard
Maria_Josepha_of_Austria	parent	Marie_of_Luxembourg_Countess_of_Vend_me
Ramon_Berenguer_IV_Count_of_Barcelona	parent	Alfonso_II_of_Aragon
Ramon_Berenguer_III_Count_of_Barcelona	parent	Frederick_II_Count_of_Vaud_mont
Afonso_V_of_Portugal	parent	Robert_II_of_France
Afonso_V_of_Portugal	parent	Beatrice_of_Silesia
Edward_King_of_Portugal	parent	Albert_Azzo_I_Margrave_of_Milan
Francis_II_Holy_Roman_Emperor	parent	Edward_the_Exile
Louise_of_Savoy	parent	Richard_Count_of__tampes
Philip_II_Duke_of_Savoy	parent	Lady_Margaret_Beaufort
Philip_II_Duke_of_Savoy	parent	Sophia_of_Holstei_Gottorp
John_II_of_France	parent	Joan_I_of_Navarre
John_II_of_France	parent	Henry_II_of_Navarre
Joan_the_Lame	parent	Leopold_Duke_of_Lorraine
Baldwin_IV_Count_of_Hainaut	parent	Godfrey_II_Count_of_Louvain
Louis_Dauphin_of_France_son_of_Louis_XIV	parent	Louis_IX_of_France
Louis_Dauphin_of_France_son_of_Louis_XIV	parent	Adelaide_Blanche_of_Anjou
Louis_XIV	parent	Henry_III_Duke_of_Brabant
Louis_XIV	parent	Adela_of_Champagne
Princess_Marie_Isabelle_of_Orl_ans	parent	George_I_of_Great_Britain
Princess_Marie_Isabelle_of_Orl_ans	parent	Adalbert_I_of_Ivrea
Antoine_Duke_of_Montpensier	parent	Hugh_IV_Duke_of_Burgundy
Antoine_Duke_of_Montpensier	parent	Edmund_Tudor_1st_Earl_of_Richmond
John_Stewart_1st_Earl_of_Lennox	parent	Alfonso_XI_of_Castile
Alan_Stewart_of_Darnley	parent	William_V_Duke_of_Aquitaine
Adelaide_of_Tours	parent	Empress_Jos_phine
Joan_II_of_Navarre	parent	Alfonso_VII_of_Le_n_and_Castile
Joan_II_of_Navarre	parent	Eleanor_of_Aragon_Queen_of_Portugal
Charles_IV_of_France	parent	Philip_IV_of_France
Charles_IV_of_France	parent	Bernab__Visconti
Magdalene_Sibylle_of_Prussia	parent	Reginar_II_Count_of_Hainaut
Marie_Eleonore_of_Cleves	parent	Baldwin_III_Count_of_Hainaut
Yaroslav_the_Wise	parent	Philip_V_of_Spain
Yaroslav_the_Wise	parent	Alfred_the_Great
Yaroslav_the_Wise	parent	Hugh_IV_Duke_of_Burgundy
Victor_Amadeus_II_of_Sardinia	parent	Louis_IX_of_France
Victor_Amadeus_II_of_Sardinia	parent	Joanna_of_Bourbon
Odo_II_Duke_of_Burgundy	parent	James_V_of_Scotland
Hugh_III_Duke_of_Burgundy	parent	Margaret_Tudor
Alfonso_II_of_Aragon	parent	Henrietta_Maria
Charles_Martel	parent	Emmanuel_Philibert_Duke_of_Savoy
Charles_Martel	parent	Hedwig_of_Bavaria
Marie_Countess_of_Ponthieu	parent	Charles_III_Duke_of_Savoy
Marie_Countess_of_Ponthieu	parent	Maria_of_Swabia
Louis_I_Duke_of_Orl_ans	parent	Henry_II_of_France
Louis_I_Duke_of_Orl_ans	parent	Berengar_II_of_Neustria
Charles_V_of_France	parent	Charles_the_Simple
William_X_Duke_of_Aquitaine	parent	_thelwulf_King_of_Wessex
William_X_Duke_of_Aquitaine	parent	Gaston_de_Foix_Count_of_Candale
John_VIII_Count_of_Vend_me	parent	Maria_Theresa_of_Naples_and_Sicily
Eleanor_of_Provence	parent	Alfonso_VII_of_Le_n_and_Castile
Eleanor_of_Provence	parent	Robert_II_of_France
Charles_Emmanuel_II_Duke_of_Savoy	parent	Ferdinand_Karl_Archduke_of_Austria_Este
Charles_Emmanuel_II_Duke_of_Savoy	parent	Louis_Bonaparte
Joan_II_Countess_of_Burgundy	parent	John_Stewart_1st_Earl_of_Lennox
Joan_II_Countess_of_Burgundy	parent	Marie_of_Blois_Duchess_of_Anjou
John_II_of_Aragon	parent	Anna_Maria_of_Ostfriesland
James_III_of_Scotland	parent	Anna_of_Austria_Queen_of_Spain
Joan_of_Valois_Countess_of_Hainaut	parent	Kunigunde_of_Altdorf
Joan_of_Valois_Countess_of_Hainaut	parent	Sunyer_Count_of_Barcelona
Matilda_of_Frisia	parent	Muzio_Attendolo_Sforza
Liudolf_Margrave_of_Frisia	parent	Ferdinand_II_of_Le_n
Clementia_of_Hungary	parent	James_III_of_Scotland
Clementia_of_Hungary	parent	Marie_of_Anjou
Louis_X_of_France	parent	Albert_V_Duke_of_Bavaria
Louis_X_of_France	parent	Adolphus_Frederick_I_Duke_of_Mecklenburg_Schwerin
Charles_the_Simple	parent	Gertrude_of_Hohenberg
Charles_the_Simple	parent	Ren_e_of_Bourbon
Countess_Palatine_Dorothea_Sophie_of_Neuburg	parent	Henry_the_Fowler
Elisabeth_Farnese	parent	Joan_II_of_Navarre
Elisabeth_Farnese	parent	Louis_I_of_Brzeg
Ermentrude_of_Orl_ans	parent	Rudolph_Duke_of_Lorraine
Ermentrude_of_Orl_ans	parent	Amadeus_VIII_Duke_of_Savoy
Magnus_II_Duke_of_Brunswic_L_neburg	parent	Matthew_Stewart_2nd_Earl_of_Lennox
Magnus_II_Duke_of_Brunswic_L_neburg	parent	John_I_of_Aragon
Alfonso_II_Count_of_Provence	parent	Baldwin_V_Count_of_Flanders
Alfonso_II_Count_of_Provence	parent	Dedi_III_Margrave_of_Lusatia
Rudolf_I_of_Germany	parent	Richeza_of_Poland_Queen_of_Sweden
Gertrude_of_Hohenberg	parent	Joan_I_of_Navarre
Beatrice_of_Portugal_died_1381	parent	Yolanda_Latin_Empress
Beatrice_of_Portugal_died_1381	parent	Adelaide_of_Italy
Victor_Amadeus_I_Duke_of_Savoy	parent	Helena_of_Denmark
Mary_of_Burgundy_Duchess_of_Cleves	parent	Begga
Mary_of_Burgundy_Duchess_of_Cleves	parent	Albert_IV_Count_of_Habsburg
Nicholas_Francis_Duke_of_Lorraine	parent	Philip_the_Bold
Nicholas_Francis_Duke_of_Lorraine	parent	Rurik
Dirk_III_Count_of_Holland	parent	Ren__II_Duke_of_Lorraine
Dirk_III_Count_of_Holland	parent	Judith_of_Bavaria_died_843
Otto_I_Duke_of_Saxony	parent	John_Constable_of_Portugal
Alfonso_X_of_Castile	parent	Adelaide_of_Burgundy_Duchess_of_Brabant
Louis_Duke_of_Orl_ans_1703_1752	parent	Louis_Dauphin_of_France_son_of_Louis_XV
Louis_Duke_of_Orl_ans_1703_1752	parent	Frederick_II_Margrave_of_Meissen
Landgravine_Elisabeth_Amalie_of_Hesse_Darmstadt	parent	William_I_Count_of_Burgundy
James_II_of_Scotland	parent	Floris_I_Count_of_Holland
Frederick_III_Holy_Roman_Emperor	parent	Louis_Jean_Marie_de_Bourbon_Duke_of_Penthi_vre
Maria_Anna_of_Bavaria_born_1551	parent	Victor_Emmanuel_I_of_Sardinia
Maria_Luisa_of_Spain	parent	Philip_V_of_Spain
Maria_Luisa_of_Spain	parent	Judith_of_Flanders_died_1095
Charles_III_of_Spain	parent	Robert_II_Count_of_Hesbaye
Maria_Theresa_of_Spain	parent	Otto_II_Count_of_Habsburg
Henry_the_Lion	parent	Margaret_II_Countess_of_Flanders
Otto_IV_Count_of_Burgundy	parent	Henry_the_Lion
Otto_IV_Count_of_Burgundy	parent	John_of_Gaunt
Beatriz_of_Portugal_Duchess_of_Viseu	parent	Victor_Amadeus_III_of_Sardinia
Beatriz_of_Portugal_Duchess_of_Viseu	parent	Ramon_Berenguer_I_Count_of_Barcelona
Ferdinand_II_of_Aragon	parent	Cosimo_I_de_Medici_Grand_Duke_of_Tuscany
Ferdinand_II_of_Aragon	parent	Ramon_Berenguer_IV_Count_of_Provence
Willa_of_Burgundy	parent	Mar_a_Manuela_Kirkpatrick_de_Grevign_e
Hugh_of_Italy	parent	Eleanor_of_Provence
Hugh_of_Italy	parent	Dirk_II_Count_of_Holland
Rudolph_II_of_Burgundy	parent	Blanche_of_Artois
Henry_II_of_France	parent	Otto_I_Count_of_Scheyern
Mahaut_of_Ch_tillon	parent	Berthold_II_Count_of_Andechs
Eug_nie_de_Montijo	parent	Beatrice_Regina_della_Scala
Eug_nie_de_Montijo	parent	Margaret_of_Bourbon_Queen_of_Navarre
Eug_nie_de_Montijo	parent	Richilde_Countess_of_Hainaut
Napoleon_III	parent	Philip_III_of_Spain
Napoleon_III	parent	Emma_of_Blois
Clemence_of_Austria	parent	John_IV_Duke_of_Brittany
Clemence_of_Austria	parent	Dulce_of_Aragon
Peter_I_Duke_of_Bourbon	parent	Elizabeth_Charlotte_Madame_Palatine
Peter_I_Duke_of_Bourbon	parent	Francis_I_of_France
Charles_VI_of_France	parent	Catalina_Micaela_of_Spain
Charles_VI_of_France	parent	Mahaut_Countess_of_Artois
Duke_Charles_Louis_Frederick_of_Mecklenburg	parent	Alix_Duchess_of_Brittany
Joan_I_Countess_of_Auvergne	parent	Clementia_of_Hungary
Henry_V_of_England	parent	Judith_of_Flanders
Henry_V_of_England	parent	Reginar_Longneck
Joan_of__vreux	parent	Louis_the_Pious
Louis_Count_of__vreux	parent	Ramon_Berenguer_III_Count_of_Barcelona
Otto_I_Duke_of_Brunswic_L_neburg	parent	Louis_Philippe_II_Duke_of_Orl_ans
Otto_I_Duke_of_Brunswic_L_neburg	parent	Fulk_II_Count_of_Anjou
A_nor_de_Ch_tellerault	parent	Robert_the_Strong
A_nor_de_Ch_tellerault	parent	Margaret_Douglas
Claude_of_France	parent	Joan_Countess_of_Ponthieu
Louis_I_Duke_of_Bourbon	parent	Francis_I_Holy_Roman_Emperor
Louis_I_Duke_of_Bourbon	parent	Guilla_of_Provence
Marie_Antoinette	parent	Arnulf_I_Count_of_Flanders
Marie_Antoinette	parent	Otto_II_Duke_of_Bavaria
Charles_X	parent	Dirk_III_Count_of_Holland
Charles_X	parent	Stephen_II_Duke_of_Bavaria
Charles_III_Duke_of_Savoy	parent	Louis_Count_of__vreux
Margaret_of_Bourbon_1438_1483	parent	Fulk_King_of_Jerusalem
Margaret_of_Bourbon_1438_1483	parent	James_IV_of_Scotland
Maria_Theresa_of_Austria_Este_Queen_of_Sardinia	parent	Alice_of_Normandy
Maria_Theresa_of_Austria_Este_Queen_of_Sardinia	parent	Letizia_Bonaparte
Vladimir_the_Great	parent	March_of_Friuli
Vladimir_the_Great	parent	Joanna_of_Castile
Sviatoslav_I	parent	Averardo_de_Medici
John_of_Montfort	parent	Margaret_of_Brabant
Fulk_King_of_Jerusalem	parent	Berengar_II_of_Italy
Geoffrey_Plantagenet_Count_of_Anjou	parent	Ferdinand_I_of_the_Two_Sicilies
Geoffrey_Plantagenet_Count_of_Anjou	parent	Ermengarde_of_Anjou_Duchess_of_Burgundy
Francis_Duke_of_Anjou	parent	Philip_I_of_France
Francis_Duke_of_Anjou	parent	Charles_III_of_Spain
Catherine_de_Medici	parent	Charles_V_of_France
Henry_III_of_France	parent	Fran_oise_d_Alen_on
Edward_III_of_England	parent	Godfrey_III_Count_of_Louvain
Edward_III_of_England	parent	Gerolf_of_Holland
Louis_Count_of_Vend_me	parent	Charles_Count_of_Valois
Louis_Count_of_Vend_me	parent	Margaret_Holland_Duchess_of_Clarence
Emma_of_Italy	parent	Margaret_of_Valois_Angoul_me
Emma_of_Italy	parent	Brun_I_Count_of_Brunswick
Marie_Jos_phine_of_Savoy	parent	Afonso_II_of_Portugal
Marie_Jos_phine_of_Savoy	parent	John_VII_Duke_of_Mecklenburg_Schwerin
Victor_Amadeus_III_of_Sardinia	parent	John_the_Fearless
Victor_Amadeus_III_of_Sardinia	parent	Marged_ferch_Tomos
Louis_XII	parent	Geoffrey_Plantagenet_Count_of_Anjou
Louis_XII	parent	Alfonso_VIII_of_Castile
Philip_I_of_Castile	parent	Stephen_III_Duke_of_Bavaria
Philip_I_of_Castile	parent	John_VIII_Count_of_Vend_me
Ramon_Borrell_Count_of_Barcelona	parent	Isabel_of_Barcelos
Frederick_II_Count_of_Vaud_mont	parent	John_I_Count_of_La_Marche
Frederick_II_Count_of_Vaud_mont	parent	Sunifred_Count_of_Barcelona
Eleanor_of_Castile	parent	Margaret_Countess_of_Anjou
Alfonso_IX_of_Le_n	parent	Louise_of_Savoy
Alfonso_IX_of_Le_n	parent	Sophia_of_Minsk
James_I_of_Scotland	parent	Louis_X_of_France
James_I_of_Scotland	parent	Louis_Philippe_I_Duke_of_Orl_ans
Charles_VIII_of_France	parent	Agnes_of_Burgundy_Duchess_of_Bourbon
Louis_XI	parent	William_I_of_Geneva
Louis_XI	parent	Maud_Chaworth
Henry_IV_of_England	parent	Ernest_Augustus_Elector_of_Hanover
Henry_IV_of_England	parent	Charles_Count_of_Angoul_me
Mary_de_Bohun	parent	Ferdinand_II_of_Aragon
Mary_de_Bohun	parent	Kingdom_of_Navarre
Stephen_Count_of_Blois	parent	Anne_of_Cyprus
Cosimo_I_de_Medici_Grand_Duke_of_Tuscany	parent	Amadeus_II_Count_of_Savoy
Cosimo_I_de_Medici_Grand_Duke_of_Tuscany	parent	Giovanni_di_Bicci_de_Medici
Peter_I_of_Portugal	parent	Charles_Emmanuel_III_of_Sardinia
Peter_I_of_Portugal	parent	Frederick_I_Count_of_Vaud_mont
Raymond_of_Burgundy	parent	John_II_Duke_of_Brittany
Jacquetta_of_Luxembourg	parent	Philip_of_Swabia
Jacquetta_of_Luxembourg	parent	Maria_Theresa_of_Savoy
George_I_of_Great_Britain	parent	Catherine_of_Vend_me
George_I_of_Great_Britain	parent	William_VIII_Duke_of_Aquitaine
Ernest_Augustus_Elector_of_Hanover	parent	Maximilian_II_Holy_Roman_Emperor
Margaret_of_Anjou	parent	Marie_of_Brabant_Queen_of_France
Margaret_of_Anjou	parent	Louis_Duke_of_Savoy
Charlotte_of_Bourbon_Queen_of_Cyprus	parent	Ermentrude_de_Roucy
Charlotte_of_Bourbon_Queen_of_Cyprus	parent	Louis_IX_Landgrave_of_Hesse_Darmstadt
John_I_Count_of_La_Marche	parent	Elizabeth_of_Luxembourg
Princess_Elisabeth_Albertine_of_Saxe_Hildburghausen	parent	Welf_father_of_Judith
Anne_of_Bohemia_and_Hungary	parent	Stephen_Count_of_Blois
Louis_IV_of_France	parent	Margaret_of_Saxony_Duchess_of_Brunswic_L_neburg
Louis_IV_of_France	parent	Rotrude_of_Hesbaye
William_III_of_M_con	parent	Gerold_of_Vinzgau
Louis_V_of_France	parent	Baldwin_II_Margrave_of_Flanders
Marie_of_Luxembourg_Queen_of_France	parent	Theobald_I_Count_of_Blois
Henry_VII_Holy_Roman_Emperor	parent	Hildegarde_of_Burgundy
Saint_Margaret_of_Scotland	parent	Philip_II_of_France
Arnulf_I_Count_of_Flanders	parent	Maria_Beatrice_of_Savoy
Arnulf_I_Count_of_Flanders	parent	Fran_oise_Marie_de_Bourbon
Louis_XIII	parent	Marjorie_Bruce
Louis_XIII	parent	Margaret_of_Valois_Duchess_of_Berry
Marie_de_Medici	parent	Constance_of_Portugal
Charles_the_Bald	parent	John_VI_of_Vend_me
Charles_the_Bald	parent	Richard_Duke_of_Burgundy
Rudolph_Duke_of_Lorraine	parent	Antoine_Duke_of_Lorraine
Rudolph_Duke_of_Lorraine	parent	Edward_III_of_England
John_I_of_Portugal	parent	Beatrice_of_Portugal_Duchess_of_Savoy
John_I_of_Portugal	parent	John_of_Montfort
Eckhard_I_Count_of_Scheyern	parent	Cosimo_de_Medici
Piero_di_Cosimo_de_Medici	parent	Henry_I_Count_of_Champagne
Piero_di_Cosimo_de_Medici	parent	Nuno__lvares_Pereira
Odo_IV_Duke_of_Burgundy	parent	Louis_the_Stammerer
Joan_III_Countess_of_Burgundy	parent	Beatrice_of_Castile_1293_1359
Isabeau_of_Bavaria	parent	Edward_Count_Palatine_of_Simmern
Isabeau_of_Bavaria	parent	Louise_Marie_Ad_la_de_de_Bourbon_Duchess_of_Orl_ans
Elisabeth_of_France_1602_1644	parent	Louis_XII
Elisabeth_of_France_1602_1644	parent	Frederick_I_Duke_of_Lorraine
William_I_Count_of_Hainaut	parent	Louise_of_Savoy
William_I_Count_of_Hainaut	parent	John_Count_of_Chalon
Yolanda_of_Courtenay	parent	William_I_of_Provence
Yolanda_of_Courtenay	parent	Ansgarde_of_Burgundy
Baldwin_II_Count_of_Hainaut	parent	Henry_the_Fowler
Baldwin_II_Count_of_Hainaut	parent	William_Duke_of_J_lich_Cleves_Berg
Constance_of_Arles	parent	Matilda_of_Saxony_countess_of_Flanders
Constance_of_Arles	parent	Louis_Crato_Count_of_Nassau_Saarbr_cken
Adelaide_of_Auxerre_born_c._870	parent	Guy_Count_of_Flanders
James_I_of_Aragon	parent	Burkhard_V_Count_of_Hohenberg
Fran_oise_d_Aubign__Marquise_de_Maintenon	parent	Eilika_of_Schweinfurt
Maria_Amalia_of_Naples_and_Sicily	parent	Alice_of_Vergy
Maria_Amalia_of_Naples_and_Sicily	parent	Ren_e_of_Bourbon
Maria_Carolina_of_Austria	parent	Ermengarde_of_Hesbaye
Maria_Carolina_of_Austria	parent	Isabella_of_Angoul_me
Marie_of_Brabant_Queen_of_France	parent	Humphrey_de_Bohun_7th_Earl_of_Hereford
Marie_of_Brabant_Queen_of_France	parent	Matilda_of_Brabant_Countess_of_Artois
Matilda_of_Scotland	parent	Adalard_of_Paris
Charles_Emmanuel_I_Duke_of_Savoy	parent	Wilhelmine_Amalie_of_Brunswick
Charles_Emmanuel_I_Duke_of_Savoy	parent	William_the_Younger_Duke_of_Brunswic_L_neburg
Maria_Amalia_of_Saxony	parent	George_Duke_of_Brunswic_Calenberg
Maria_Amalia_of_Saxony	parent	Louis_II_of_Anjou
Hedwig_of_Saxony	parent	Mary_of_Hungary_Queen_of_Naples
Henry_I_Duke_of_Brabant	parent	Maria_of_Aragon_Queen_of_Portugal
Isabella_of_Hainault	parent	Afonso_I_of_Portugal
Isabella_of_Hainault	parent	Elisabeth_of_Austria_Duchess_of_Lorraine
Maria_Theresa_of_Naples_and_Sicily	parent	Joan_Beaufort_Queen_of_Scots
Archduchess_Maria_Clementina_of_Austria	parent	John_II_of_Castile
Charles_VII_of_France	parent	Joan_of_Ponthieu_Dame_of_Epernon
Charles_IX_of_France	parent	Leopold_II_Holy_Roman_Emperor
Charles_IX_of_France	parent	Ramon_Berenguer_IV_Count_of_Provence
Margaret_of_Brabant	parent	Beatrice_of_England
Margaret_of_Brabant	parent	Ermengarde_Countess_of_Maine
Philip_IV_of_France	parent	Francis_I_Holy_Roman_Emperor
Philip_IV_of_France	parent	Arnulf_II_Count_of_Flanders
Philip_III_of_France	parent	Anne_of_Austria
Philip_III_of_France	parent	Mary_of_Burgundy_Duchess_of_Cleves
Baldwin_II_Margrave_of_Flanders	parent	Beatrice_of_Savoy_Lady_of_Villena
Margaret_of_Bavaria	parent	Elisabeth_of_Meissen
Louis_IX_of_France	parent	Anne_of_Cyprus
Violant_of_Hungary	parent	Alfonso_X_of_Castile
Ferdinand_II_of_Le_n	parent	Margaret_I_Countess_of_Flanders
Alfonso_VII_of_Le_n_and_Castile	parent	Philippa_of_Hainault
Alfonso_VII_of_Le_n_and_Castile	parent	Augustus_Duke_of_Saxe_Weissenfels
Reginald_I_Count_of_Burgundy	parent	Borrell_II_Count_of_Barcelona
Reginald_I_Count_of_Burgundy	parent	James_I_Count_of_La_Marche
Ferdinand_I_of_Aragon	parent	Princess_Augusta_of_Saxe_Gotha
Robert_I_Duke_of_Burgundy	parent	Lothair_II_of_Italy
Robert_I_Duke_of_Burgundy	parent	John_Fitzgeoffrey
Frederick_I_Duke_of_Lorraine	parent	Afonso_V_of_Portugal
Robert_III_of_Scotland	parent	Joan_I_of_Navarre
Louis_the_Stammerer	parent	Rogneda_of_Polotsk
Louis_the_Stammerer	parent	Frederick_II_Duke_of_Saxe_Gotha_Altenburg
Rudolph_I_of_Burgundy	parent	Henry_IV_of_France
Rudolph_I_of_Burgundy	parent	Joanna_of_Austria_Grand_Duchess_of_Tuscany
Philippe_I_Duke_of_Orl_ans	parent	Elisabeth_Farnese
Sophia_of_Minsk	parent	Maria_Josepha_of_Austria
Ferdinand_III_of_Castile	parent	_thelhelm
Maria_of_Aragon_Queen_of_Portugal	parent	Baldwin_III_Count_of_Flanders
Adolphus_Frederick_I_Duke_of_Mecklenburg_Schwerin	parent	Henry_I_of_Navarre
Adolphus_Frederick_I_Duke_of_Mecklenburg_Schwerin	parent	Malusha
Fran_oise_Ath_na_s_de_Rochechouart_Marquise_de_Montespan	parent	Charles_Duke_of_Orl_ans
Henry_III_Duke_of_Brabant	parent	Adelaide_of_Auxerre_born_c._870
Henry_III_Duke_of_Brabant	parent	Lorenzo_de_Medici
Elizabeth_of_York	parent	Louis_I_Duke_of_Bavaria
Adelaide_of_Maurienne	parent	Ramon_Berenguer_III_Count_of_Barcelona
Adelaide_of_Maurienne	parent	Margaret_of_Denmark_Queen_of_Scotland
Madeleine_de_La_Tour_d_Auvergne	parent	Robert_Count_of_Clermont
Emmanuel_Philibert_Duke_of_Savoy	parent	Philip_of_Artois
Emmanuel_Philibert_Duke_of_Savoy	parent	Joan_of_Navarre_Queen_of_England
Owen_Tudor	parent	Maria_Josepha_of_Saxony_Dauphine_of_France
Owen_Tudor	parent	Louis_VII_of_France
Philip_V_of_Spain	parent	Helie_of_Semur
Philip_V_of_Spain	parent	Mar_a_Isabella_of_Spain
Charlotte_of_Mecklenburg_Strelitz	parent	Maria_Theresa
Charlotte_of_Mecklenburg_Strelitz	parent	Gerard_Duke_of_Lorraine
Blanche_of_Castile	parent	Philip_I_Landgrave_of_Hesse
Maximilian_I_Holy_Roman_Emperor	parent	Contessina_de_Bardi
Maximilian_I_Holy_Roman_Emperor	parent	Robert_II_of_France
Eleanor_of_Viseu	parent	Eleanor_of_Castile
Eleanor_of_Viseu	parent	Ferdinand_Duke_of_Viseu
John_II_of_Portugal	parent	Mary_of_Avesnes
John_II_of_Portugal	parent	Victor_Amadeus_III_of_Sardinia
Theobald_III_Count_of_Champagne	parent	Luitgarde_of_Vermandois
Theobald_III_Count_of_Champagne	parent	Henry_the_Middle_Duke_of_Brunswic_L_neburg
Antoinette_of_Bourbon	parent	Charles_I_Duke_of_Bourbon
John_Count_of_Angoul_me	parent	Robert_II_Duke_of_Burgundy
Louis_XVIII	parent	William_III_Duke_of_Aquitaine
Maria_Josepha_of_Saxony_Dauphine_of_France	parent	Igor_of_Kiev
Joan_Beaufort_Queen_of_Scots	parent	Louis_I_of_Anjou
Joan_Beaufort_Queen_of_Scots	parent	Joan_Fitzalan_Countess_of_Hereford
Henrietta_Maria	parent	Albert_I_of_Germany
Henrietta_Maria	parent	Berthold_I_of_Istria
Hugh_the_Great	parent	Louis_XV
Louis_the_German	parent	Francis_I_Holy_Roman_Emperor
Louis_the_German	parent	Adelaide_of_Maurienne
Charles_the_Fat	parent	Philippa_Countess_of_Toulouse
Charles_the_Fat	parent	Charles_VII_of_France
Hugh_Capet	parent	Juana_Manuel
Theodoric_II_Duke_of_Lorraine	parent	Beatrice_of_Brandenburg
Carloman_II	parent	Henry_VII_of_England
Ferdinand_I_Holy_Roman_Emperor	parent	John_Count_of_Angoul_me
Ferdinand_I_Holy_Roman_Emperor	parent	Fulk_I_Count_of_Anjou
Louis_Dauphin_of_France_son_of_Louis_XV	parent	Peter_I_of_Portugal
Theobald_I_of_Navarre	parent	Fran_oise_Ath_na_s_de_Rochechouart_Marquise_de_Montespan
Marie_Caroline_of_Bourbo_Two_Sicilies_Duchess_of_Berry	parent	Maria_Theresa_of_Austria_Este_Queen_of_Sardinia
Agnes_of_Burgundy_Duchess_of_Bourbon	parent	Gerberga_of_Saxony
Francesco_I_Sforza	parent	Berengaria_of_Barcelona
Francesco_I_Sforza	parent	Bolko_I_the_Strict
Archduchess_Anna_of_Austria	parent	Eadgifu_of_Wessex
Archduchess_Anna_of_Austria	parent	Eleanor_of_Portugal_Holy_Roman_Empress
Charlotte_of_Savoy	parent	Charles_Emmanuel_II_Duke_of_Savoy
Charlotte_of_Savoy	parent	Marie_Jeanne_Baptiste_of_Savoy_Nemours
Eleanor_of_Aquitaine	parent	Tribal_chief
Benedicta_Henrietta_of_the_Palatinate	parent	Judith_of_Habsburg
Benedicta_Henrietta_of_the_Palatinate	parent	Eleanor_of_Aragon_Queen_of_Castile
Mary_Queen_of_Scots	parent	Matilda_of_Habsburg
Hildegard_of_the_Vinzgau	parent	Matthias_I_Duke_of_Lorraine
_lffl_d_wife_of_Edward_the_Elder	parent	Albert_Azzo_II_Margrave_of_Milan
Humbert_II_Count_of_Savoy	parent	Anabella_Drummond
Humbert_II_Count_of_Savoy	parent	Charles_II_Duke_of_Lorraine
Pepin_the_Short	parent	Teresa_Louren_o
Pepin_the_Short	parent	Yolande_of_Dreux_Duchess_of_Burgundy
Berengar_II_of_Italy	parent	Henry_Count_of_Portugal
Berengar_II_of_Italy	parent	Elizabeth_of_Bohemia_1292_1330
Rozala_of_Italy	parent	Theresa_Countess_of_Portugal
Rozala_of_Italy	parent	Odo_I_Count_of_Orl_ans
Matilda_of_Saxony_countess_of_Flanders	parent	Isabeau_of_Bavaria
Baldwin_III_Count_of_Flanders	parent	Beatrice_of_Avesnes
Baldwin_III_Count_of_Flanders	parent	Ranulf_II_of_Aquitaine
Alfred_the_Great	parent	Philip_III_of_Navarre
Alfred_the_Great	parent	Yolande_of_Dreux_Duchess_of_Burgundy
William_the_Younger_Duke_of_Brunswic_L_neburg	parent	Ferdinand_VII_of_Spain
Baldwin_VI_Count_of_Flanders	parent	James_I_of_Scotland
Baldwin_VI_Count_of_Flanders	parent	Henry_III_of_England
Godfrey_I_Count_of_Louvain	parent	Gerberga_of_Saxony
Godfrey_I_Count_of_Louvain	parent	Alexander_Stewart_4th_High_Steward_of_Scotland
Isabella_of_France	parent	Ermentrude_of_Orl_ans
Isabella_of_France	parent	Maria_of_Swabia
Joan_I_of_Navarre	parent	Louis_Dauphin_of_France_son_of_Louis_XIV
Joan_I_of_Navarre	parent	Gisela_of_Burgundy_Marchioness_of_Montferrat
Sancho_III_of_Castile	parent	Peter_I_Duke_of_Bourbon
Sancho_III_of_Castile	parent	Louis_the_German
Berengaria_of_Barcelona	parent	Bonne_of_Luxembourg
Berengaria_of_Barcelona	parent	Matilda_of_Savoy_Queen_of_Portugal
Alys_of_France_Countess_of_Vexin	parent	Sancha_of_Castile_Queen_of_Aragon
Alys_of_France_Countess_of_Vexin	parent	Agnes_of_France_Duchess_of_Burgundy
Catherine_of_Vend_me	parent	Bertha_of_Burgundy
Catherine_of_Vend_me	parent	Charles_II_of_Naples
James_Stewart_5th_High_Steward_of_Scotland	parent	Elisabeth_of_Swabia
Charles_Duke_of_Vend_me	parent	Radbot_of_Klettgau
Charles_Duke_of_Vend_me	parent	Philip_Duke_of_Parma
Rudolf_II_Count_of_Habsburg	parent	Marie_de_Ch_tillon_1323_1363
Margaret_of_Foix	parent	Anne_Marie_d_Orl_ans
Margaret_of_Foix	parent	Mary_of_Burgundy_Duchess_of_Savoy
Prince_Philippe_Count_of_Paris	parent	_lisabeth_Charlotte_d_Orl_ans
George_Gordon_4th_Earl_of_Huntly	parent	Theobald_III_Count_of_Champagne
George_Gordon_4th_Earl_of_Huntly	parent	Boso_II_of_Italy
Robert_II_of_France	parent	Marie_Antoinette
Adelaide_of_Burgundy_Duchess_of_Brabant	parent	Sancha_of_Castile_Queen_of_Aragon
Adelaide_of_Burgundy_Duchess_of_Brabant	parent	Henry_3rd_Earl_of_Lancaster
Hugh_IV_Duke_of_Burgundy	parent	Robert_I_of_France
Hugh_IV_Duke_of_Burgundy	parent	Louis_II_of_Anjou
Elizabeth_of_Luxembourg	parent	Matthew_Stewart_4th_Earl_of_Lennox
George_Duke_of_Brunswic_Calenberg	parent	Constance_of_Arles
George_Duke_of_Brunswic_Calenberg	parent	Ida_Countess_of_Hainaut
Simon_I_Duke_of_Lorraine	parent	Juana_Enr_quez
Maximilian_II_Holy_Roman_Emperor	parent	Osburh
Maximilian_II_Holy_Roman_Emperor	parent	Alexandre_de_Beauharnais
Baldwin_V_Count_of_Flanders	parent	Duchess_Helene_of_Mecklenburg_Schwerin
James_Hepburn_4th_Earl_of_Bothwell	parent	Giovanni_delle_Bande_Nere
Anna_of_Holstei_Gottorp	parent	Pepin_of_Herstal
Anna_of_Holstei_Gottorp	parent	Infanta_Luisa_Fernanda_Duchess_of_Montpensier
Anne_Gonzaga	parent	Margaret_Countess_of_Vertus
Otto_II_Duke_of_Bavaria	parent	Louis_XVI
Maud_FitzJohn_Countess_of_Warwick	parent	Thomas_Holland_2nd_Earl_of_Kent
Anna_Maria_of_Mecklenburg_Schwerin	parent	Wenceslaus_II_of_Bohemia
Anna_Maria_of_Mecklenburg_Schwerin	parent	Petronilla_of_Aragon
Ramon_Berenguer_IV_Count_of_Provence	parent	Elizabeth_of_Portugal
Ramon_Berenguer_IV_Count_of_Provence	parent	Philip_II_of_Spain
Stephen_II_Duke_of_Bavaria	parent	Ramon_Berenguer_II_Count_of_Barcelona
Stephen_II_Duke_of_Bavaria	parent	Matilda_of_Carinthia
Agnes_of_France_Duchess_of_Burgundy	parent	_lfthryth_Countess_of_Flanders
Agnes_of_France_Duchess_of_Burgundy	parent	Agnes_of_Burgundy_Duchess_of_Bourbon
Stephen_I_Count_of_Burgundy	parent	Vladislaus_II_of_Hungary
Louis_XVI	parent	Charles_I_Gonzaga_Duke_of_Mantua
Marie_Th_r_se_of_France	parent	Clemence_of_Austria
Marie_Th_r_se_of_France	parent	Sancho_Alfonso
Henry_VI_of_England	parent	Philippe_II_Duke_of_Orl_ans
Henry_VI_of_England	parent	Catherine_of_Valois
William_VIII_Duke_of_Aquitaine	parent	Empress_Matilda
William_VIII_Duke_of_Aquitaine	parent	Ramon_Borrell_Count_of_Barcelona
Richard_Count_of__tampes	parent	Gertrude_of_Hohenberg
Richard_Count_of__tampes	parent	Antoinette_of_Bourbon
John_VII_Duke_of_Mecklenburg_Schwerin	parent	Sancho_I_of_Portugal
John_VII_Duke_of_Mecklenburg_Schwerin	parent	Theobald_I_of_Navarre
John_Count_of_Chalon	parent	Edward_II_of_England
John_Count_of_Chalon	parent	Antoine_Count_of_Vaud_mont
Robert_III_of_Worms	parent	Magnus_I_Duke_of_Brunswic_L_neburg
Margaret_of_Valois_Angoul_me	parent	Hortense_de_Beauharnais
Margaret_of_Valois_Angoul_me	parent	Christina_of_Salm
Charles_Count_of_Angoul_me	parent	Henry_I_Count_of_Berg
William_IX_Duke_of_Aquitaine	parent	Rupert_King_of_the_Romans
William_IX_Duke_of_Aquitaine	parent	Henry_son_of_Robert_I_of_Burgundy
Countess_Sophia_Albertine_of_Erbach_Erbach	parent	Anne_Marie_d_Orl_ans
Pepin_of_Herstal	parent	Engeltrude_de_F_zensac
Pepin_of_Herstal	parent	Margaret_ferch_Dafydd
Francesco_I_de_Medici_Grand_Duke_of_Tuscany	parent	Maria_Theresa
Joan_Countess_of_Ponthieu	parent	Anna_Sophia_of_Prussia
William_V_Duke_of_Aquitaine	parent	John_Stewart_of_Darnley
John_Stewart_3rd_Earl_of_Lennox	parent	Welf_father_of_Judith
Sophia_Eleonore_of_Saxony	parent	Anne_of_Austria
Sophia_Eleonore_of_Saxony	parent	Gisela_of_Friuli
John_I_Count_of_Hainaut	parent	Frederick_IV_Duke_of_Lorraine
John_I_Count_of_Hainaut	parent	Robert_of_Courtenay_Lord_of_Champignelles
Louis_IV_Holy_Roman_Emperor	parent	Anne_of_Bohemia_and_Hungary
Louis_IV_Holy_Roman_Emperor	parent	Elisabeth_of_Nuremberg
Louis_III_of_France	parent	Agnes_of_France_Duchess_of_Burgundy
Louis_III_of_France	parent	Charles_V_Holy_Roman_Emperor
Albert_II_Duke_of_Brunswic_L_neburg	parent	Lorenzo_the_Elder
Albert_I_Duke_of_Brunswic_L_neburg	parent	Yolande_of_Aragon
James_of_Avesnes	parent	John_I_Count_of_La_Marche
Nicholas_d_Oisy_Lord_of_Avesnes	parent	Baldwin_VI_Count_of_Flanders
Henry_Count_of_Portugal	parent	Fulk_III_Count_of_Anjou
James_IV_of_Scotland	parent	Louise__lisabeth_of_France
James_IV_of_Scotland	parent	Mastino_II_della_Scala
Philip_VI_of_France	parent	Charlotte_of_Bourbon_Queen_of_Cyprus
Ermengarde_of_Hesbaye	parent	Margaret_of_Artois
Maria_Teresa_Felicitas_d_Este	parent	Charles_Count_of_Valois
Maria_Teresa_Felicitas_d_Este	parent	Viridis_Visconti
Louise_Marie_Ad_la_de_de_Bourbon_Duchess_of_Orl_ans	parent	Cumans
Anna_Maria_of_Ostfriesland	parent	Maria_Beatrice_d_Este_Duchess_of_Massa
Anna_Maria_of_Ostfriesland	parent	John_II_Duke_of_Brittany
John_the_Fearless	parent	Louis_I_Duke_of_Orl_ans
Eleanor_of_Aragon_Queen_of_Portugal	parent	Urraca_of_Le_n
Afonso_III_of_Portugal	parent	Theodoric_II_Duke_of_Lorraine
Yolanda_Latin_Empress	parent	Eleanor_of_Navarre
Nicolas_Duke_of_Merc_ur	parent	Edward_King_of_Portugal
Nicolas_Duke_of_Merc_ur	parent	Robert_I_Duke_of_Burgundy
Bertrade_of_Montfort	parent	Reginar_III_Count_of_Hainaut
Simon_I_de_Montfort	parent	Benedicta_Henrietta_of_the_Palatinate
Beatrice_of_Silesia	parent	Marie_Countess_of_Harcourt
Beatrice_of_Silesia	parent	Philip_III_of_France
Matthew_Stewart_2nd_Earl_of_Lennox	parent	Charlotte_of_Savoy
Blanche_of_Burgundy	parent	Mahaut_of_Ch_tillon
Blanche_of_Burgundy	parent	William_XII_Count_of_Auvergne
William_IV_Duke_of_Aquitaine	parent	Charles_Prince_of_Anhalt_Zerbst
William_IV_Duke_of_Aquitaine	parent	Afonso_IV_of_Portugal
Ferdinand_Duke_of_Viseu	parent	Louis_XIV
Ferdinand_Duke_of_Viseu	parent	Anne_Gonzaga
Margaret_of_Artois	parent	Dangereuse_de_l_Isle_Bouchard
Margaret_of_Artois	parent	Bouchard_IV_of_Avesnes
Taddea_Visconti	parent	Louis_Duke_of_Savoy
Taddea_Visconti	parent	Gerloc
Beatrice_Regina_della_Scala	parent	Giovanni_il_Popolano
Otto_William_Count_of_Burgundy	parent	Schwerin
Otto_William_Count_of_Burgundy	parent	Otto_I_Duke_of_Bavaria
Antoine_of_Navarre	parent	Lucrezia_Tornabuoni
Antoine_of_Navarre	parent	Agnes_of_Rochlitz
Maria_Beatrice_of_Savoy	parent	Charles_the_Bald
Maria_Beatrice_of_Savoy	parent	Oberto_II_Margrave_of_Milan
Henry_IV_of_France	parent	Countess_Caroline_of_Nassau_Saarbr_cken
Conrad_I_of_Burgundy	parent	Anne_of_Cyprus
Baldwin_III_Count_of_Hainaut	parent	Adelaide_of_Burgundy_born_c._896
Baldwin_III_Count_of_Hainaut	parent	Theobald_of_Arles
Ferdinand_Karl_Archduke_of_Austria_Este	parent	Gertrude_of_S_pplingenburg
Ferdinand_Karl_Archduke_of_Austria_Este	parent	Mahaut_Countess_of_Artois
Judith_of_Habsburg	parent	Agnes_of_the_Palatinate
Margaret_of_Provence	parent	Maria_Theresa_of_Spain
Margaret_of_Provence	parent	Margaret_of_Provence
Odo_I_Count_of_Blois	parent	Albert_III_Count_of_Habsburg
Odo_I_Count_of_Blois	parent	Constance_of_Castile
Bertha_of_Burgundy	parent	Odo_II_Duke_of_Burgundy
Bertha_of_Burgundy	parent	Arnulf_Count_of_Holland
Eleanor_of_Austria	parent	_lffl_d_wife_of_Edward_the_Elder
Robert_Count_of_Clermont	parent	Beatriz_of_Portugal_Duchess_of_Viseu
Eadgifu_of_Wessex	parent	Marie_de_Medici
Eadgifu_of_Wessex	parent	Margaret_Countess_of_Anjou
Elisabeth_of_Austria_Queen_of_France	parent	Francesco_I_Sforza
Francis_I_of_France	parent	Louis_Philippe_I
Francis_I_of_France	parent	Peter_of_Courtenay_Lord_of_Conches
Philip_II_of_France	parent	Margaret_of_the_Palatinate
Philip_II_of_France	parent	Robert_I_Count_of_Dreux
Charlemagne	parent	Adelaide_of_Leuven
Louis_the_Pious	parent	Rudolf_I_of_Germany
Ernest_Duke_of_Austria	parent	Nicholas_Francis_Duke_of_Lorraine
Ernest_Duke_of_Austria	parent	Bonne_of_Berry
Robert_II_Count_of_Dreux	parent	Beatrice_of_Portugal_died_1381
Robert_II_Count_of_Dreux	parent	Ingegerd_Olofsdotter_of_Sweden
Louis_Philippe_II_Duke_of_Orl_ans	parent	Francis_IV_Duke_of_Modena
Louis_Philippe_II_Duke_of_Orl_ans	parent	Sviatoslav_I
Jeanne_d_Albret	parent	Christina_of_Denmark
Jeanne_d_Albret	parent	Ogive_of_Luxembourg
Elizabeth_the_Cuman	parent	Catherine_de_Medici
Elizabeth_the_Cuman	parent	Waldrada_of_Worms
Catherine_of_Foix_Countess_of_Candale	parent	Otto_IV_Count_of_Scheyern
Philip_V_of_France	parent	Louis_Duke_of_Orl_ans_1703_1752
Philip_V_of_France	parent	Joan_I_of_Navarre
Salomea_of_Berg	parent	Bertha_daughter_of_Lothair_II
Marie_of_Brittany_Countess_of_Saint_Pol	parent	Otto_I_Duke_of_Brunswic_L_neburg
Marie_of_Brittany_Countess_of_Saint_Pol	parent	Raymond_of_Burgundy
Marie_of_Anjou	parent	Henry_V_of_England
Marie_of_Anjou	parent	Maria_Christina_of_the_Two_Sicilies
Yolande_of_Aragon	parent	Ernest_I_Duke_of_Brunswic_L_neburg
Joan_Fitzalan_Countess_of_Hereford	parent	Piccarda_Bueri
John_I_of_Castile	parent	Lucia_da_Torsano
John_I_of_Castile	parent	Richard_Fitzalan_3rd_Earl_of_Arundel
Albert_Azzo_II_Margrave_of_Milan	parent	Maria_Josepha_of_Austria
Henry_III_of_England	parent	Isabella_of_Portugal
Elizabeth_of_Austria_1436_1505	parent	Dorothea_of_Denmark_Duchess_of_Brunswic_L_neburg
Elizabeth_of_Austria_1436_1505	parent	Odoardo_Farnese_Hereditary_Prince_of_Parma
Hortense_de_Beauharnais	parent	Adelaide_of_Aquitaine
Hortense_de_Beauharnais	parent	Adolf_Duke_of_Holstei_Gottorp
Anne_of_Kiev	parent	Amaury_I_de_Montfort
Anne_of_Kiev	parent	Theobald_the_Elder
Louis_VIII_of_France	parent	Verdun
Louis_VIII_of_France	parent	Louis_IV_Holy_Roman_Emperor
John_King_of_England	parent	Charles_I_of_England
Otto_I_Duke_of_Bavaria	parent	Mary_of_Avesnes
Louis_XVII	parent	Margaret_of_Brieg
Charles_Duke_of_Orl_ans	parent	William_of_Winchester_Lord_of_Lunenburg
Marie_of_Cleves_Duchess_of_Orl_ans	parent	Gertrude_of_Hohenberg
Marie_of_Cleves_Duchess_of_Orl_ans	parent	Philip_VI_of_France
Eleanor_of_England_Queen_of_Castile	parent	Saint_Margaret_of_Scotland
Edward_the_Elder	parent	Louis_Philippe_I
Edward_the_Elder	parent	Margaret_of_Bavaria
Maria_Theresa	parent	Eleanor_of_Aragon_Queen_of_Portugal
Maria_Theresa	parent	Anna_of_Nassau_Dillenburg
Louis_Bonaparte	parent	Arthur_II_Duke_of_Brittany
Louis_Bonaparte	parent	Mary_de_Bohun
Amaury_I_de_Montfort	parent	Anna_of_Holstei_Gottorp
Isabella_of_Portugal	parent	Charles_Martel_of_Anjou
Isabella_of_Portugal	parent	Blanche_of_Lancaster
Edward_II_of_England	parent	Beatrice_of_Savoy
Cosimo_de_Medici	parent	Berthold_Duke_of_Merania
George_III	parent	Adelaide_of_Holland
George_III	parent	Olof_Sk_tkonung
Elisabeth_of_Nuremberg	parent	Augustus_III_of_Poland
Elisabeth_of_Nuremberg	parent	Eleanor_of_Aragon_Queen_of_Portugal
Reginar_II_Count_of_Hainaut	parent	Albert_I_Duke_of_Brunswic_L_neburg
Galeazzo_Maria_Sforza	parent	Isabella_of_France
Galeazzo_Maria_Sforza	parent	Polyxena_of_Hesse_Rotenburg
Henry_II_Duke_of_Brabant	parent	Hugh_of_Tours
Ramon_Berenguer_I_Count_of_Barcelona	parent	Gabriel_de_Rochechouart_de_Mortemart
Godfrey_III_Count_of_Louvain	parent	Maria_Anna_Victoria_of_Bavaria
Baldwin_V_Count_of_Hainaut	parent	Philip_III_of_France
Gisela_of_Burgundy_Marchioness_of_Montferrat	parent	Garsenda_Countess_of_Forcalquier
Maria_of_Austria_Duchess_of_J_lich_Cleves_Berg	parent	Alfonso_VII_of_Le_n_and_Castile
Maria_of_Austria_Duchess_of_J_lich_Cleves_Berg	parent	Ferdinand_I_Holy_Roman_Emperor
Louis_II_of_Anjou	parent	Margaret_of_Bavaria
Louis_II_of_Anjou	parent	Peter_I_Duke_of_Brittany
Christine_of_Saxony	parent	George_Louis_I_Count_of_Erbach_Erbach
Hugh_Magnus	parent	Marie_Countess_of_Ponthieu
Princess_Augusta_of_Saxe_Gotha	parent	Lorenzo_de_Medici_Duke_of_Urbino
Princess_Augusta_of_Saxe_Gotha	parent	George_Duke_of_Saxony
Francis_I_Duke_of_Lorraine	parent	Elias_I_Count_of_Maine
Francis_I_Duke_of_Lorraine	parent	Odo_III_Duke_of_Burgundy
Arnulf_II_Count_of_Flanders	parent	John_Beaufort_1st_Earl_of_Somerset
Arnulf_II_Count_of_Flanders	parent	Philippa_of_Guelders
Louis_VII_of_France	parent	Alfonso_II_Count_of_Provence
Louis_VII_of_France	parent	Leopold_III_Duke_of_Austria
Lambert_I_Count_of_Louvain	parent	Humbert_II_Count_of_Savoy
Matilda_of_France	parent	Rudolph_II_of_Burgundy
Matilda_of_France	parent	Louis_the_Stammerer
Elisabeth_of_Meissen	parent	Margaret_I_Countess_of_Flanders
Elisabeth_of_Meissen	parent	Ingerman_Count_of_Hesbaye
Odo_II_Count_of_Blois	parent	Catherine_de_Medici
Odo_II_Count_of_Blois	parent	John_of_Bohemia
Louis_VI_of_France	parent	Francesco_III_d_Este_Duke_of_Modena
Bertrada_of_Laon	parent	Urraca_of_Portugal
Philip_the_Good	parent	Peter_II_of_Courtenay
Philip_the_Good	parent	Margaret_of_Savoy_Countess_of_Saint_Pol
Henry_the_Middle_Duke_of_Brunswic_L_neburg	parent	Rixa_of_Werle
Henry_the_Middle_Duke_of_Brunswic_L_neburg	parent	Maria_Theresa
Henry_IX_Duke_of_Bavaria	parent	Louis_XIV
Henry_IX_Duke_of_Bavaria	parent	Pepin_the_Short
Afonso_IV_of_Portugal	parent	Francis_I_Holy_Roman_Emperor
Afonso_IV_of_Portugal	parent	Elisabeth_of_Sicily_Duchess_of_Bavaria
John_I_Duke_of_Lorraine	parent	Sancho_III_of_Castile
John_I_Duke_of_Lorraine	parent	Henry_IV_of_France
Poppa_of_Bayeux	parent	Hemma
Theobald_II_Duke_of_Lorraine	parent	Otto_IV_Count_of_Burgundy
Theobald_II_Duke_of_Lorraine	parent	Adelaide_of_Maurienne
Agnes_of_Merania	parent	Ingelger
Agnes_of_Merania	parent	Agnes_of_Loon
Berthold_Duke_of_Merania	parent	Louis_II_Duke_of_Bavaria
John_IV_Duke_of_Brittany	parent	Alys_of_France_Countess_of_Vexin
John_IV_Duke_of_Brittany	parent	Conrad_II_Duke_of_Transjurane_Burgundy
Henry_VII_of_England	parent	Francis_II_Duke_of_Lorraine
Henry_VII_of_England	parent	Gerberga_of_M_con
Frederick_II_Duke_of_Brunswic_L_neburg	parent	William_X_Duke_of_Aquitaine
Welf_I_Duke_of_Bavaria	parent	John_II_of_Aragon
Welf_I_Duke_of_Bavaria	parent	Anne_of_Kiev
Philip_the_Bold	parent	Adela_of_France
Napoleon_II	parent	Patrick_Hepburn_3rd_Earl_of_Bothwell
Napoleon_II	parent	Matilda_of_Ringelheim
Hugh_Count_of_Burgundy	parent	Gertrude_of_Saxony
William_of_Winchester_Lord_of_Lunenburg	parent	John_George_I_Elector_of_Saxony
Jeanne_de_Bourbon_Duchess_of_Bourbon	parent	Louis_XV
Jeanne_de_Bourbon_Duchess_of_Bourbon	parent	Louis_Dauphin_of_France_son_of_Louis_XV
Margaret_of_the_Palatinate	parent	Caroline_of_Ansbach
Margaret_of_the_Palatinate	parent	Sibylla_of_Burgundy_Duchess_of_Burgundy
Lorenzo_the_Elder	parent	Blanche_of_Castile
Lorenzo_the_Elder	parent	Henry_II_Count_of_Louvain
Margaret_of_Brieg	parent	Frederick_Prince_of_Wales
Sibylla_of_Anjou	parent	Isabella_of_Portugal
Sibylla_of_Anjou	parent	Sigismund_Holy_Roman_Emperor
Sophia_of_Saxe_Weissenfels_Princess_of_Anhalt_Zerbst	parent	Henry_II_of_France
Princess_Louise_of_Hesse_Darmstadt_1757_1830	parent	Rozala_of_Italy
James_V_of_Scotland	parent	Anne_of_Cyprus
James_V_of_Scotland	parent	Peter_II_of_Aragon
Mahaut_Countess_of_Artois	parent	Conrad_I_of_Burgundy
Mahaut_Countess_of_Artois	parent	Denis_of_Portugal
Anne_of_Cyprus	parent	Odo_I_Count_of_Blois
Anne_of_Cyprus	parent	John_I_Duke_of_Lorraine
Louis_Duke_of_Savoy	parent	Louis_XIII
Louis_Duke_of_Savoy	parent	Charles_II_Archduke_of_Austria
Alfonso_XI_of_Castile	parent	Ferdinand_I_of_Aragon
Margaret_Holland_Duchess_of_Clarence	parent	Berengaria_of_Castile
Adolphus_Frederick_II_Duke_of_Mecklenburg_Strelitz	parent	Beatrice_of_Silesia
Bonne_of_Luxembourg	parent	Henry_I_of_France
Bonne_of_Luxembourg	parent	Philip_IV_of_France
Anne_of_Foix_Candale	parent	Sophia_of_Brandenburg
Anne_of_Foix_Candale	parent	Ansegisel
Antoine_Count_of_Vaud_mont	parent	Maria_Carolina_of_Austria
Antoine_Count_of_Vaud_mont	parent	Margaret_of_Baux
Fran_oise_Marie_de_Bourbon	parent	Peter_I_of_Portugal
Fran_oise_Marie_de_Bourbon	parent	Maria_Salviati
Maria_Luisa_of_Parma	parent	Isabella_de_Beauchamp
Maria_Luisa_of_Parma	parent	Elizabeth_Woodville
Maria_Theresa_of_Savoy	parent	Carlo_Buonaparte
Elizabeth_of_Bohemia_1292_1330	parent	Elisabeth_Christine_of_Brunswic_Wolfenb_ttel
Elizabeth_of_Bohemia_1292_1330	parent	Beatrice_of_Savoy
Henry_VI_Count_of_Luxembourg	parent	Baldwin_V_Count_of_Hainaut
Matilda_of_Bavaria_Margravine_of_Meissen	parent	Margaret_of_Bavaria
Philip_II_of_Spain	parent	Louis_Dauphin_of_France_son_of_Louis_XIV
Philip_II_of_Spain	parent	Henry_IV_of_England
Werner_II_Count_of_Habsburg	parent	Francis_of_Baux
Bertha_of_Holland	parent	Countess_Palatine_Dorothea_Sophie_of_Neuburg
Bertha_of_Holland	parent	Ermengarde_Countess_of_Maine
Margaret_of_Burgundy_Queen_of_France	parent	Charles_Martel
Valdemar_I_of_Denmark	parent	George_II_of_Great_Britain
Valdemar_I_of_Denmark	parent	Marie_Louise_Duchess_of_Parma
Ingegerd_Olofsdotter_of_Sweden	parent	Claude_Fran_oise_de_Lorraine
Ingegerd_Olofsdotter_of_Sweden	parent	Cipriano_de_Palafox_8th_Count_of_Montijo
Marie_of_Luxembourg_Countess_of_Vend_me	parent	Eleanor_de_Guzm_n
Napoleon	parent	Catherine_de_Medici
Napoleon	parent	Adalbert_of_Italy
Arnulf_Count_of_Holland	parent	Waldrada_of_Worms
Robert_I_Count_of_Dreux	parent	Alpaida
Dirk_I_Count_of_Holland	parent	Mary_of_Guelders
Isabella_de_Beauchamp	parent	Margaret_of_Flanders_Duchess_of_Brabant
Princess_Magdalena_Augusta_of_Anhalt_Zerbst	parent	Otto_I_Duke_of_Saxony
Gertrude_of_Saxony	parent	Adelaide_Countess_of_Burgundy
John_I_Duke_of_Brittany	parent	Louis_IV_of_France
John_I_Duke_of_Brittany	parent	Philip_William_Elector_Palatine
Lothair_of_France	parent	Nicolas_Duke_of_Merc_ur
Lothair_of_France	parent	Margaret_of_Joinville
Marie_of_France_Duchess_of_Bar	parent	Princess_Magdalena_Augusta_of_Anhalt_Zerbst
Adelaide_of_Aquitaine	parent	Princess_Caroline_Louise_of_Saxe_Weimar_Eisenach
Gerloc	parent	Marie_of_Luxembourg_Countess_of_Vend_me
Albert_II_Duke_of_Austria	parent	Marie_Eleonore_of_Cleves
Albert_II_Duke_of_Austria	parent	Anne_of_Bohemia_and_Hungary
Margaret_Countess_of_Anjou	parent	Elisabeth_of_France_1602_1644
Margaret_Countess_of_Anjou	parent	Isabella_of_Aragon_Queen_of_France
Ramon_Berenguer_II_Count_of_Barcelona	parent	Maria_Luisa_of_Spain
Stephen_II_of_Auxonne	parent	Philip_I_of_Castile
Joanna_of_Castile	parent	Joan_the_Lame
Ernest_I_Duke_of_Brunswic_L_neburg	parent	Charibert_of_Laon
Ernest_I_Duke_of_Brunswic_L_neburg	parent	Joanna_of_Flanders
Albert_Azzo_I_Margrave_of_Milan	parent	Gerard_de_Bouzonville
John_I_of_France	parent	Marie_de_Medici
John_I_of_France	parent	Isabella_I_of_Castile
George_II_of_Great_Britain	parent	Louis_VII_of_France
Hemma	parent	Ren__of_Anjou
Hemma	parent	Valdemar_I_of_Denmark
Judith_of_Bavaria_died_843	parent	Adela_of_Normandy
Judith_of_Bavaria_died_843	parent	Louis_IX_of_France
Adelaide_Blanche_of_Anjou	parent	Claudine_de_Brosse
Fulk_II_Count_of_Anjou	parent	William_III_of_M_con
Infanta_Luisa_Fernanda_Duchess_of_Montpensier	parent	Otto_IV_Count_of_Burgundy
Infanta_Luisa_Fernanda_Duchess_of_Montpensier	parent	Isabella_of_Aragon_Queen_of_France
Marie_Louise_Duchess_of_Parma	parent	Louis_the_Stammerer
Sancho_IV_of_Castile	parent	Elizabeth_of_Austria_1436_1505
Sancho_IV_of_Castile	parent	Eleonore_of_Austria_Queen_of_Poland
Margaret_of_Baux	parent	Louis_I_Duke_of_Bourbon
Ecgberht_King_of_Wessex	parent	John_I_Duke_of_Brabant
Henry_II_Count_of_Louvain	parent	Catherine_of_Vend_me
Wilfred_the_Hairy	parent	Ingeborg_of_Kiev
John_of_Bohemia	parent	Jeanne_d_Albret
Baldwin_IV_Count_of_Flanders	parent	Margaret_of_Bourbon_1438_1483
Baldwin_IV_Count_of_Flanders	parent	Giovanni_di_Bicci_de_Medici
Maria_of_Austria_Holy_Roman_Empress	parent	Philip_IV_of_France
Giovanni_delle_Bande_Nere	parent	Frederick_III_Holy_Roman_Emperor
Princess_Caroline_Louise_of_Saxe_Weimar_Eisenach	parent	Eleanor_of_Alburquerque
Boso_the_Elder	parent	Henry_II_Duke_of_Brabant
Beatrice_of_Savoy	parent	Louis_VI_of_France
Beatrice_of_Savoy	parent	Elizabeth_Mure
Margaret_of_Geneva	parent	Guillaume_de_Montfort_of_Hainaut
Charles_III_Duke_of_Lorraine	parent	Maria_Antonia_Ferdinanda_of_Spain
Richard_Duke_of_Burgundy	parent	Elisabeth_of_Carinthia_Queen_of_the_Romans
Louis_I_Duke_of_Bavaria	parent	Henry_II_of_England
Louis_I_Duke_of_Bavaria	parent	Maria_Amalia_of_Naples_and_Sicily
Theobald_II_Count_of_Champagne	parent	Stephen_I_Count_of_Burgundy
Theobald_II_Count_of_Champagne	parent	Margaret_of_Provence
Countess_Caroline_of_Nassau_Saarbr_cken	parent	Anna_Porphyrogenita
Isabella_I_of_Castile	parent	Marie_of_Brittany_Countess_of_Saint_Pol
Ermengarde_of_Anjou_Duchess_of_Burgundy	parent	Aimery_I_Viscount_of_Ch_tellerault
Ferdinand_IV_of_Castile	parent	Yolande_of_Aragon
Frederick_III_Duke_of_Lorraine	parent	Philippa_of_Luxembourg
Charles_V_Holy_Roman_Emperor	parent	Marie_of_France_Countess_of_Champagne
Isabella_of_Portugal_Queen_of_Castile	parent	Odo_I_Duke_of_Burgundy
Isabella_of_Portugal_Queen_of_Castile	parent	Janus_of_Cyprus
Constance_of_Castile	parent	Mar_a_de_Molina
Alfonso_VIII_of_Castile	parent	Louis_IV_of_France
Charlotte_Agla__d_Orl_ans	parent	Otto_William_Count_of_Burgundy
Hugh_II_Duke_of_Burgundy	parent	Maximilian_I_Holy_Roman_Emperor
Hugh_II_Duke_of_Burgundy	parent	Edward_the_Elder
Borrell_II_Count_of_Barcelona	parent	Henry_IV_of_France
Blanche_of_Artois	parent	Rudolf_II_Count_of_Habsburg
Margaret_of_Savoy_Countess_of_Saint_Pol	parent	Lambert_II_Count_of_Louvain
Charles_V_Duke_of_Lorraine	parent	Victor_Amadeus_I_Duke_of_Savoy
Charles_V_Duke_of_Lorraine	parent	Maredudd_ap_Tudur
Barbara_Jagiellon	parent	Joan_Beaufort_Queen_of_Scots
Barbara_Jagiellon	parent	Margaret_Stewart_Lady_Gordon
Frederick_I_Count_of_Vaud_mont	parent	Philippa_of_Lancaster
Peter_II_of_Aragon	parent	Ferdinand_I_of_the_Two_Sicilies
Peter_II_of_Aragon	parent	Henry_II_of_France
Piero_the_Unfortunate	parent	Walter_I_Lord_of_Avesnes
Bona_of_Savoy	parent	Princess_Elisabeth_Albertine_of_Saxe_Hildburghausen
Duchess_Helene_of_Mecklenburg_Schwerin	parent	John_II_Duke_of_Brittany
Ferdinand_Philippe_Duke_of_Orl_ans	parent	Alan_Stewart_of_Darnley
Ferdinand_Philippe_Duke_of_Orl_ans	parent	Albert_II_of_Germany
Philip_of_France_1116_1131	parent	William_I_Count_of_Burgundy
Bouchard_IV_of_Avesnes	parent	Louis_Duke_of_Burgundy
Floris_I_Count_of_Holland	parent	Baldwin_II_Count_of_Hainaut
Matilda_of_Brabant_Countess_of_Artois	parent	Maria_Beatrice_d_Este_Duchess_of_Massa
Matilda_of_Brabant_Countess_of_Artois	parent	Robert_II_Count_of_Artois
Francis_II_Duke_of_Brittany	parent	John_Frederick_Duke_of_Brunswic_Calenberg
Francis_II_Duke_of_Brittany	parent	Hermann_Billung
Lorenzo_de_Medici	parent	Philippe_II_Duke_of_Orl_ans
Lorenzo_de_Medici	parent	John_the_Fearless
Henry_Stuart_Lord_Darnley	parent	Simon_I_Duke_of_Lorraine
Henry_Stuart_Lord_Darnley	parent	Bonne_of_Luxembourg
Joanna_of_Bourbon	parent	William_IV_Count_of_Ponthieu
Joanna_of_Austria_Grand_Duchess_of_Tuscany	parent	Yaroslav_the_Wise
Louis_Philippe_I_Duke_of_Orl_ans	parent	Constant_d_Aubign_
Maria_Antonia_Ferdinanda_of_Spain	parent	Charles_V_of_France
Maria_Antonia_Ferdinanda_of_Spain	parent	Philip_I_of_Castile
Christine_of_Hesse	parent	Henry_I_Duke_of_Brabant
Christine_of_Hesse	parent	Adolph_I_Duke_of_Cleves
John_of_Gaunt	parent	Jacquetta_of_Luxembourg
John_of_Gaunt	parent	William_III_Duke_of_Aquitaine
Agnes_of_Rochlitz	parent	Letizia_Bonaparte
Louise_of_Lorraine	parent	Amicie_de_Courtenay
Adelaide_of_Paris	parent	Robert_III_of_Scotland
Adelaide_of_Paris	parent	Frederick_III_Duke_of_Lorraine
Countess_Palatine_Caroline_of_Zweibr_cken	parent	Piero_di_Cosimo_de_Medici
Countess_Palatine_Caroline_of_Zweibr_cken	parent	Peter_I_Count_of_Saint_Pol
Matilda_of_Carinthia	parent	Beatrice_of_Castile_1242_1303
Mary_Tudor_Queen_of_France	parent	Valentina_Visconti_Duchess_of_Orl_ans
Henry_son_of_Robert_I_of_Burgundy	parent	Edward_King_of_Portugal
Henry_son_of_Robert_I_of_Burgundy	parent	Carlo_Buonaparte
Ermengarde_Countess_of_Maine	parent	Wilfred_the_Hairy
Fulk_IV_Count_of_Anjou	parent	Maria_Josepha_of_Saxony_Dauphine_of_France
Robert_II_Duke_of_Burgundy	parent	John_II_Count_of_Holland
Robert_II_Duke_of_Burgundy	parent	Vladimir_the_Great
Amadeus_VIII_Duke_of_Savoy	parent	Willa_of_Tuscany
James_I_Count_of_La_Marche	parent	James_of_Avesnes
James_I_Count_of_La_Marche	parent	Thomas_Count_of_Savoy
Eleanor_of_Portugal_Holy_Roman_Empress	parent	Matilda_of_B_thune
Charles_Ferdinand_Duke_of_Berry	parent	Poppa_of_Bayeux
Charles_Ferdinand_Duke_of_Berry	parent	Ealhmund_of_Kent
Theobald_III_Count_of_Blois	parent	Louis_XVI
Elizabeth_Woodville	parent	Berenguer_Ramon_I_Count_of_Barcelona
Elizabeth_Woodville	parent	Violant_of_Aragon
Archduchess_Maria_Theresa_of_Austria_Este_1817_1886	parent	Margaret_of_Geneva
Archduchess_Maria_Theresa_of_Austria_Este_1817_1886	parent	Piero_the_Unfortunate
William_I_Count_of_Burgundy	parent	Wierzchoslawa_Ludmilla_of_Greater_Poland
Margaret_of_Flanders_Duchess_of_Brabant	parent	Maria_Amalia_of_Saxony
Margaret_of_Flanders_Duchess_of_Brabant	parent	Napoleon
Denis_of_Portugal	parent	Mary_of_Burgundy
Denis_of_Portugal	parent	Agnes_of_Burgundy_Duchess_of_Aquitaine
Maria_of_Swabia	parent	Rudolph_I_of_Burgundy
Maredudd_ap_Tudur	parent	Isabella_of_Hainault
Berthold_I_of_Istria	parent	Engelbert_Duke_of_Carinthia
Peter_of_Courtenay_Lord_of_Conches	parent	Charles_Count_of_Angoul_me
Louise__lisabeth_of_France	parent	Douce_I_Countess_of_Provence
Eleanor_of_Alburquerque	parent	John_I_Count_of_Hainaut
Eleanor_of_Alburquerque	parent	Simon_I_de_Montfort
Gerard_Duke_of_Lorraine	parent	Sophia_Eleonore_of_Saxony
Giovanni_di_Bicci_de_Medici	parent	Christine_of_Saxony
Albert_IV_Count_of_Habsburg	parent	Constance_of_Arles
Ebalus_Duke_of_Aquitaine	parent	William_IX_Duke_of_Aquitaine
Estrid_of_the_Obotrites	parent	Adolphus_Frederick_I_Duke_of_Mecklenburg_Schwerin
Maria_Christina_of_the_Two_Sicilies	parent	Yolanda_of_Courtenay
Maria_Christina_of_the_Two_Sicilies	parent	Liudolf_Duke_of_Saxony
Isabella_of_Bourbon	parent	Louis_Count_of_Vend_me
Isabella_of_Bourbon	parent	Sophia_of_Hanover
Hedwig_of_Bavaria	parent	Ealhswith
Fulk_I_Count_of_Anjou	parent	Adelaide_of_Paris
Margaret_of_Valois	parent	Beatrice_of_England
Margaret_of_Valois	parent	Maria_Anna_of_Bavaria_born_1551
Otto_V_Duke_of_Brunswic_L_neburg	parent	Lutgardis_of_Luxemburg
Otto_V_Duke_of_Brunswic_L_neburg	parent	Christine_of_France
Sunyer_Count_of_Barcelona	parent	Welf_I_Duke_of_Bavaria
Werner_I_Count_of_Klettgau	parent	Emma_of_Italy
Maud_Chaworth	parent	Patrick_de_Chaworth_Lord_of_Kidwelly
Maud_Chaworth	parent	Isabelle_de_Beauvau
Ingeborg_of_Denmark_Queen_of_France	parent	Isabel_of_Barcelos
Ingeborg_of_Denmark_Queen_of_France	parent	Duke_Charles_Louis_Frederick_of_Mecklenburg
Matthias_I_Duke_of_Lorraine	predecessor	Maria_Theresa
Frederick_II_Duke_of_Lorraine	predecessor	Hemma
Victor_Amadeus_II_of_Sardinia	predecessor	Willa_of_Tuscany
