Afonso_II_of_Portugal	father	Louis_XV
Matthias_II_Duke_of_Lorraine	father	Philip_II_of_France
Henry_II_of_England	father	Francis_I_Holy_Roman_Emperor
Maria_Beatrice_d_Este_Duchess_of_Massa	father	John_II_of_Aragon
Ren__of_Anjou	father	John_II_of_France
John_II_Duke_of_Lorraine	father	Louis_I_of_Anjou
Francis_I_Holy_Roman_Emperor	father	Charles_V_of_France
Joseph_II_Holy_Roman_Emperor	father	Louis_IV_Holy_Roman_Emperor
Leopold_II_Holy_Roman_Emperor	father	Sancho_IV_of_Castile
Louis_Philippe_I	father	Joan_I_of_Navarre
Henry_I_of_France	father	Arnulf_Count_of_Holland
Henry_I_of_France	father	Francis_II_Duke_of_Brittany
Philip_III_of_Navarre	father	Philip_IV_of_Spain
Afonso_I_of_Portugal	father	Ferdinand_I_Holy_Roman_Emperor
Afonso_V_of_Portugal	father	Hugh_III_Duke_of_Burgundy
Edward_King_of_Portugal	father	Pepin_of_Herstal
Henry_I_of_Castile	father	Vladimir_the_Great
Charles_Martel	father	Dirk_I_Count_of_Holland
Charles_Emmanuel_II_Duke_of_Savoy	father	Louis_the_German
John_II_of_Aragon	father	Ferdinand_I_Holy_Roman_Emperor
Alfonso_V_of_Aragon	father	Pepin_of_Herstal
Alfonso_V_of_Aragon	father	Robert_II_Count_of_Dreux
Charles_the_Simple	father	Leopold_Duke_of_Lorraine
Dirk_II_Count_of_Holland	father	Philip_I_of_Castile
Louis_Duke_of_Orl_ans_1703_1752	father	Maximilian_I_Holy_Roman_Emperor
Louis_Duke_of_Orl_ans_1703_1752	father	Rurik
Grimoald_the_Younger	father	Louis_I_Duke_of_Orl_ans
Willa_of_Burgundy	father	John_I_of_Castile
Rudolph_II_of_Burgundy	father	Berengar_II_of_Italy
Napoleon_III	father	Charles_Duke_of_Orl_ans
Charles_X	father	Lothair_II_of_Italy
Sviatoslav_I	father	Charles_III_Duke_of_Lorraine
Fulk_King_of_Jerusalem	father	Philip_III_of_Spain
Geoffrey_Plantagenet_Count_of_Anjou	father	Isabella_I_of_Castile
Henry_III_of_France	father	Lothair_of_France
Edward_III_of_England	father	Louis_Bonaparte
Victor_Amadeus_III_of_Sardinia	father	Louis_the_Pious
Louis_XII	father	Henry_Count_of_Portugal
Louis_XII	father	Afonso_III_of_Portugal
Eleanor_of_Castile	father	Charles_VII_of_France
Charles_VIII_of_France	father	Charles_the_Simple
Lothair_II_of_Italy	father	Henry_V_of_England
Henry_VII_Holy_Roman_Emperor	father	Claude_of_France
Louis_XIII	father	Francis_I_Duke_of_Lorraine
Charles_the_Bald	father	Ferdinand_I_Holy_Roman_Emperor
Rudolph_III_of_Burgundy	father	Joanna_of_Castile
Louis_IX_of_France	father	Henry_VII_of_England
Ferdinand_II_of_Le_n	father	Louis_the_Pious
Frederick_I_Duke_of_Lorraine	father	Louis_XIV
Ferdinand_III_of_Castile	father	Victor_Amadeus_II_of_Sardinia
Louis_XVIII	father	Philip_II_of_Spain
Ferdinand_I_Holy_Roman_Emperor	father	Alfonso_XI_of_Castile
Anne_of_Brittany	father	John_I_Duke_of_Brittany
Theobald_I_Duke_of_Lorraine	father	James_V_of_Scotland
Prince_Philippe_Count_of_Paris	father	Maria_Theresa
Prince_Ferdinand_Duke_of_Montpensier	father	Rudolf_I_of_Germany
Hugh_V_Duke_of_Burgundy	father	Charles_X
Hugh_IV_Duke_of_Burgundy	father	Alfonso_VIII_of_Castile
Louis_XVI	father	Joan_Countess_of_Ponthieu
Henry_VI_of_England	father	Philip_III_of_Navarre
Francesco_I_de_Medici_Grand_Duke_of_Tuscany	father	Charles_the_Bald
Henri_Count_of_Chambord	father	Philip_I_of_France
Henri_Count_of_Chambord	father	John_of_Montfort
Louis_Philippe_II_Duke_of_Orl_ans	father	Leopold_II_Holy_Roman_Emperor
Philip_V_of_France	father	Geoffrey_Plantagenet_Count_of_Anjou
Henry_III_of_England	father	Louis_Philippe_I_Duke_of_Orl_ans
Louis_VIII_of_France	father	Francis_I_Holy_Roman_Emperor
Louis_VIII_of_France	father	Jeanne_d_Albret
John_King_of_England	father	Louis_the_German
Charles_Duke_of_Orl_ans	father	Ferdinand_II_of_Aragon
Manuel_I_of_Portugal	father	Napoleon
Pepin_I_of_Aquitaine	father	Valdemar_I_of_Denmark
George_III	father	George_II_of_Great_Britain
Carloman_of_Bavaria	father	James_IV_of_Scotland
Louis_VII_of_France	father	John_of_Gaunt
Louis_VI_of_France	father	Dirk_II_Count_of_Holland
Ernest_II_Duke_of_Brunswic_L_neburg	father	Ernest_Augustus_Elector_of_Hanover
Eleanor_of_Navarre	father	Louis_XII
John_IV_Duke_of_Brittany	father	Charles_the_Bold
Charles_II_Archduke_of_Austria	father	John_II_of_France
Philip_the_Bold	father	Frederick_I_Duke_of_Lorraine
James_V_of_Scotland	father	John_II_Duke_of_Brittany
Napol_on_Louis_Bonaparte	father	Cosimo_I_de_Medici_Grand_Duke_of_Tuscany
Ferdinand_II_Archduke_of_Austria	father	Antoine_of_Navarre
John_I_Duke_of_Brittany	father	Francesco_I_de_Medici_Grand_Duke_of_Tuscany
Margaret_Countess_of_Anjou	father	Rudolph_II_of_Burgundy
Sancho_IV_of_Castile	father	Louis_XI
John_of_Bohemia	father	Louis_XIII
Theobald_II_of_Navarre	father	Sancho_I_of_Portugal
Lothair_I	father	Ren__II_Duke_of_Lorraine
Charles_IV_Holy_Roman_Emperor	father	Prince_Philippe_Count_of_Paris
Charles_IV_Holy_Roman_Emperor	father	Louis_Philippe_II_Duke_of_Orl_ans
Ferdinand_Philippe_Duke_of_Orl_ans	father	Alfonso_VII_of_Le_n_and_Castile
Richard_I_of_England	father	Conrad_I_of_Burgundy
Francis_I_of_the_Two_Sicilies	father	Charlemagne
Francis_Hyacinth_Duke_of_Savoy	father	Louis_VIII_of_France
Beatrice_of_Provence	father	Henry_II_of_England
Adolphus_Frederick_III_Duke_of_Mecklenburg_Strelitz	father	Eleanor_of_Aquitaine
Ferdinando_I_de_Medici_Grand_Duke_of_Tuscany	father	Vladimir_the_Great
Leopold_Duke_of_Lorraine	spouse	Bertha_daughter_of_Lothair_II
Philip_IV_of_Spain	spouse	Beatrice_of_Savoy
Philip_III_of_Spain	spouse	Joan_of_Valois_Countess_of_Hainaut
Louis_XV	spouse	_lisabeth_Charlotte_d_Orl_ans
Francis_I_Holy_Roman_Emperor	spouse	Adelaide_of_Burgundy_Duchess_of_Brabant
Francis_I_Holy_Roman_Emperor	spouse	Gisela_of_Burgundy_Marchioness_of_Montferrat
Philip_III_of_Navarre	spouse	Juana_Manuel
Louis_XIV	spouse	Barbara_Jagiellon
Victor_Amadeus_II_of_Sardinia	spouse	Maud_Chaworth
Hugh_III_Duke_of_Burgundy	spouse	Matilda_of_England_Duchess_of_Saxony
Charles_V_of_France	spouse	Constance_of_Portugal
Philippa_Countess_of_Toulouse	spouse	John_I_Duke_of_Brittany
John_II_of_Aragon	spouse	Blanche_of_Lancaster
Joan_of_Valois_Countess_of_Hainaut	spouse	Philip_III_of_Spain
Countess_Palatine_Dorothea_Sophie_of_Neuburg	spouse	Henry_Count_of_Portugal
Countess_Palatine_Dorothea_Sophie_of_Neuburg	spouse	Afonso_III_of_Portugal
Gertrude_of_Hohenberg	spouse	Joan_Countess_of_Ponthieu
Dirk_II_Count_of_Holland	spouse	Eleanor_of_Aquitaine
Ferdinand_II_of_Aragon	spouse	Berengaria_of_Castile
Rudolph_II_of_Burgundy	spouse	Maria_of_Austria_Duchess_of_J_lich_Cleves_Berg
Anabella_Drummond	spouse	Louis_the_German
Lothair_II_of_Italy	spouse	Margaret_of_Foix
Anne_of_Bohemia_and_Hungary	spouse	Louis_Philippe_I_Duke_of_Orl_ans
Charles_the_Bald	spouse	Mary_of_Hungary_Queen_of_Naples
Maria_of_Aragon_Queen_of_Portugal	spouse	Alfonso_VIII_of_Castile
Agnes_de_Baudemont_Countess_of_Braine	spouse	Louis_the_Pious
Maximilian_I_Holy_Roman_Emperor	spouse	Sibylla_of_Anjou
Louis_the_German	spouse	Anabella_Drummond
Louis_the_German	spouse	Maria_Anna_Victoria_of_Bavaria
Ferdinand_I_Holy_Roman_Emperor	spouse	Viridis_Visconti
Ferdinand_I_Holy_Roman_Emperor	spouse	Blanca_of_Navarre_Queen_of_Castile
Blanche_of_Navarre_Countess_of_Champagne	spouse	Maria_Theresa
Eleanor_of_Aquitaine	spouse	Dirk_II_Count_of_Holland
Berengar_II_of_Italy	spouse	Isabella_I_of_Castile
Matilda_of_Saxony_countess_of_Flanders	spouse	Isabella_I_of_Castile
Philippa_of_Guelders	spouse	Louis_the_Pious
Joan_I_of_Navarre	spouse	Dirk_I_Count_of_Holland
Joan_I_of_Navarre	spouse	Petronilla_of_Aragon
Margaret_of_Foix	spouse	Lothair_II_of_Italy
Adelaide_of_Burgundy_Duchess_of_Brabant	spouse	Francis_I_Holy_Roman_Emperor
Adelaide_of_Burgundy_Duchess_of_Brabant	spouse	Jeanne_d_Albret
Ludmilla_of_Bohemia	spouse	Pepin_of_Herstal
Mary_of_Hungary_Queen_of_Naples	spouse	Charles_the_Bald
Pepin_of_Herstal	spouse	Ludmilla_of_Bohemia
Francesco_I_de_Medici_Grand_Duke_of_Tuscany	spouse	Margaret_of_Baux
Joan_Countess_of_Ponthieu	spouse	Gertrude_of_Hohenberg
Sophia_Eleonore_of_Saxony	spouse	John_II_Duke_of_Brittany
Henry_Count_of_Portugal	spouse	Countess_Palatine_Dorothea_Sophie_of_Neuburg
Afonso_III_of_Portugal	spouse	Countess_Palatine_Dorothea_Sophie_of_Neuburg
Berengaria_of_Castile	spouse	Ferdinand_II_of_Aragon
Bertha_daughter_of_Lothair_II	spouse	Leopold_Duke_of_Lorraine
_lisabeth_Charlotte_d_Orl_ans	spouse	Louis_XV
Louis_the_Pious	spouse	Agnes_de_Baudemont_Countess_of_Braine
Louis_the_Pious	spouse	Philippa_of_Guelders
Jeanne_d_Albret	spouse	Adelaide_of_Burgundy_Duchess_of_Brabant
Philippa_of_Lancaster	spouse	George_II_of_Great_Britain
Maria_Theresa	spouse	Blanche_of_Navarre_Countess_of_Champagne
Louis_Bonaparte	spouse	Eleanor_of_Alburquerque
Gisela_of_Burgundy_Marchioness_of_Montferrat	spouse	Francis_I_Holy_Roman_Emperor
Maria_of_Austria_Duchess_of_J_lich_Cleves_Berg	spouse	Rudolph_II_of_Burgundy
Sibylla_of_Anjou	spouse	Maximilian_I_Holy_Roman_Emperor
Sibylla_of_Anjou	spouse	Rurik
Maria_Anna_Victoria_of_Bavaria	spouse	Louis_the_German
Philip_II_of_Spain	spouse	Countess_Palatine_Caroline_of_Zweibr_cken
John_II_Duke_of_Brittany	spouse	Sophia_Eleonore_of_Saxony
Bertha_of_Holland	spouse	Lothair_of_France
Dirk_I_Count_of_Holland	spouse	Joan_I_of_Navarre
John_I_Duke_of_Brittany	spouse	Philippa_Countess_of_Toulouse
Lothair_of_France	spouse	Bertha_of_Holland
George_II_of_Great_Britain	spouse	Philippa_of_Lancaster
Matilda_of_England_Duchess_of_Saxony	spouse	Hugh_III_Duke_of_Burgundy
Sancho_IV_of_Castile	spouse	Matilda_of_Savoy_Queen_of_Portugal
Margaret_of_Baux	spouse	Francesco_I_de_Medici_Grand_Duke_of_Tuscany
Rurik	spouse	Sibylla_of_Anjou
Beatrice_of_Savoy	spouse	Philip_IV_of_Spain
Constance_of_Portugal	spouse	Charles_V_of_France
Isabella_I_of_Castile	spouse	Berengar_II_of_Italy
Isabella_I_of_Castile	spouse	Matilda_of_Saxony_countess_of_Flanders
Alfonso_VIII_of_Castile	spouse	Maria_of_Aragon_Queen_of_Portugal
Viridis_Visconti	spouse	Ferdinand_I_Holy_Roman_Emperor
Juana_Manuel	spouse	Philip_III_of_Navarre
Petronilla_of_Aragon	spouse	Joan_I_of_Navarre
Barbara_Jagiellon	spouse	Louis_XIV
Louis_Philippe_I_Duke_of_Orl_ans	spouse	Anne_of_Bohemia_and_Hungary
Countess_Palatine_Caroline_of_Zweibr_cken	spouse	Philip_II_of_Spain
Matilda_of_Savoy_Queen_of_Portugal	spouse	Sancho_IV_of_Castile
Blanca_of_Navarre_Queen_of_Castile	spouse	Ferdinand_I_Holy_Roman_Emperor
Eleanor_of_Alburquerque	spouse	Louis_Bonaparte
Blanche_of_Lancaster	spouse	John_II_of_Aragon
Maud_Chaworth	spouse	Victor_Amadeus_II_of_Sardinia
_thelwulf_King_of_Wessex	successor	Joan_I_Countess_of_Auvergne
Leopold_Duke_of_Lorraine	successor	Charles_the_Simple
Sancho_II_of_Portugal	successor	Sancho_III_of_Castile
Charles_Emmanuel_III_of_Sardinia	successor	Henry_II_Duke_of_Lorraine
Philip_IV_of_Spain	successor	Philip_III_of_Navarre
Philip_IV_of_Spain	successor	Charles_VI_of_France
Charles_Count_of_Valois	successor	Charles_III_Duke_of_Lorraine
Philip_III_of_Spain	successor	Fulk_King_of_Jerusalem
Henry_II_of_Castile	successor	Robert_I_of_France
Igor_of_Kiev	successor	Joanna_of_Castile
Olga_of_Kiev	successor	Alfonso_II_of_Aragon
John_Frederick_Duke_of_Brunswic_Calenberg	successor	Ecgberht_King_of_Wessex
Philippe_II_Duke_of_Orl_ans	successor	Canute_VI_of_Denmark
Frederick_II_Duke_of_Lorraine	successor	Philip_II_Duke_of_Savoy
Henry_II_of_England	successor	Beatrice_of_Provence
Ren__II_Duke_of_Lorraine	successor	Lothair_I
Ren__of_Anjou	successor	George_I_of_Great_Britain
Ren__of_Anjou	successor	Yolanda_Latin_Empress
Arthur_II_Duke_of_Brittany	successor	Charles_V_Holy_Roman_Emperor
Isabella_Duchess_of_Lorraine	successor	Joanna_of_Castile
Louis_XV	successor	Afonso_II_of_Portugal
Nuno_Mendes_count	successor	Carloman_II
Francis_I_Holy_Roman_Emperor	successor	Henry_II_of_England
Francis_I_Holy_Roman_Emperor	successor	Louis_VIII_of_France
Joseph_II_Holy_Roman_Emperor	successor	Philip_I_Duke_of_Burgundy
Maria_Teresa_Cybo_Malaspina_Duchess_of_Massa	successor	Henry_VI_of_England
Leopold_II_Holy_Roman_Emperor	successor	Louis_Philippe_II_Duke_of_Orl_ans
_thelred_I_King_of_Wessex	successor	John_of_Bohemia
Odo_of_France	successor	Afonso_I_of_Portugal
Louis_Philippe_I	successor	Louis_V_of_France
Louis_Philippe_I	successor	Charles_the_Fat
Louis_Philippe_I	successor	Adolf_King_of_the_Romans
Louis_Philippe_I	successor	Louis_III_of_France
Henry_I_of_France	successor	Agnes_of_Burgundy_Duchess_of_Bourbon
Henry_I_of_France	successor	James_Stewart_5th_High_Steward_of_Scotland
Philip_I_of_France	successor	Henri_Count_of_Chambord
Henry_I_of_Navarre	successor	Edward_the_Elder
Lorenzo_de_Medici_Duke_of_Urbino	successor	Joan_II_of_Navarre
Philip_III_of_Navarre	successor	Henry_VI_of_England
Sancho_I_of_Portugal	successor	Theobald_II_of_Navarre
Afonso_I_of_Portugal	successor	Henry_III_of_England
Ramon_Berenguer_IV_Count_of_Barcelona	successor	Louis_Philippe_I_Duke_of_Orl_ans
Ramon_Berenguer_III_Count_of_Barcelona	successor	Charles_IV_of_Anjou
Edward_King_of_Portugal	successor	Francis_I_Holy_Roman_Emperor
Francis_II_Holy_Roman_Emperor	successor	Otto_I_Holy_Roman_Emperor
John_II_of_France	successor	Ren__of_Anjou
John_II_of_France	successor	Charles_II_Archduke_of_Austria
Louis_XIV	successor	Frederick_I_Duke_of_Lorraine
Princess_Marie_Isabelle_of_Orl_ans	successor	Rudolf_II_Holy_Roman_Emperor
Antoine_Duke_of_Montpensier	successor	Charles_Emmanuel_I_Duke_of_Savoy
Ladislaus_of_Naples	successor	Louis_the_German
Sweyn_III_of_Denmark	successor	Philip_II_of_France
Joan_II_of_Navarre	successor	Amadeus_III_Count_of_Savoy
Charles_IV_of_France	successor	Louis_XII
Charles_IV_of_France	successor	Odo_IV_Duke_of_Burgundy
Sviatopolk_I_of_Kiev	successor	Pepin_the_Short
Charles_VI_Holy_Roman_Emperor	successor	Anne_of_Austria
Charles_VI_Holy_Roman_Emperor	successor	Pepin_of_Herstal
Victor_Amadeus_II_of_Sardinia	successor	Ferdinand_III_of_Castile
Ferdinand_I_of_the_Two_Sicilies	successor	Henry_VI_Count_of_Luxembourg
Odo_II_Duke_of_Burgundy	successor	Eleanor_of_Aquitaine
Hugh_III_Duke_of_Burgundy	successor	Afonso_V_of_Portugal
Charles_Martel	successor	Francis_I_Holy_Roman_Emperor
Marie_Countess_of_Ponthieu	successor	Louis_I_of_Spain
Louis_I_Duke_of_Orl_ans	successor	Grimoald_the_Younger
Charles_V_of_France	successor	Francis_I_Holy_Roman_Emperor
William_X_Duke_of_Aquitaine	successor	Sviatopolk_I_of_Kiev
Charles_Emmanuel_II_Duke_of_Savoy	successor	Willa_of_Tuscany
Joan_II_Countess_of_Burgundy	successor	Alfonso_VIII_of_Castile
John_II_of_Aragon	successor	Maria_Beatrice_d_Este_Duchess_of_Massa
John_II_of_Aragon	successor	Ferdinand_VI_of_Spain
Louis_X_of_France	successor	Berengar_II_of_Italy
Charles_the_Simple	successor	Charles_VIII_of_France
Alfonso_II_Count_of_Provence	successor	Fulk_IV_Count_of_Anjou
Rudolf_I_of_Germany	successor	Prince_Ferdinand_Duke_of_Montpensier
Dirk_II_Count_of_Holland	successor	Louis_VI_of_France
Victor_Amadeus_I_Duke_of_Savoy	successor	Simon_I_Duke_of_Lorraine
Dirk_III_Count_of_Holland	successor	Philip_VI_of_France
Otto_I_Duke_of_Saxony	successor	French_Revolution_of_1848
Alfonso_X_of_Castile	successor	Albert_I_of_Germany
Baldwin_II_of_Jerusalem	successor	Philip_V_of_Spain
Louis_Duke_of_Orl_ans_1703_1752	successor	Francesco_I_Sforza
Willa_of_Tuscany	successor	Louis_XVIII
Frederick_III_Holy_Roman_Emperor	successor	Henry_the_Lion
Conrad_IV_of_Germany	successor	Louis_II_of_Anjou
Charles_III_of_Spain	successor	Louis_II_of_Anjou
Henry_the_Lion	successor	Ferdinand_II_of_Aragon
Henry_the_Lion	successor	Henry_IV_of_England
Otto_IV_Count_of_Burgundy	successor	Drogo_of_Champagne
Ferdinand_II_of_Aragon	successor	Charles_Duke_of_Orl_ans
Hugh_of_Italy	successor	Arnulf_Count_of_Holland
Rudolph_II_of_Burgundy	successor	Margaret_Countess_of_Anjou
Henry_II_of_France	successor	Willa_of_Tuscany
Joan_I_Countess_of_Auvergne	successor	_thelbald_King_of_Wessex
Henry_V_of_England	successor	Lothair_II_of_Italy
Albert_II_of_Germany	successor	Robert_II_Count_of_Dreux
Otto_I_Duke_of_Brunswic_L_neburg	successor	James_I_of_Scotland
Otto_I_Duke_of_Brunswic_L_neburg	successor	Napoleon_II
Claude_of_France	successor	Henry_VII_Holy_Roman_Emperor
Charles_X	successor	John_III_Duke_of_Brittany
Charles_X	successor	Hugh_V_Duke_of_Burgundy
Vladimir_the_Great	successor	Henry_I_of_Castile
Vladimir_the_Great	successor	Ferdinando_I_de_Medici_Grand_Duke_of_Tuscany
Sviatoslav_I	successor	Henry_IV_of_England
John_of_Montfort	successor	Henri_Count_of_Chambord
Fulk_King_of_Jerusalem	successor	Berengar_I_of_Italy
Geoffrey_Plantagenet_Count_of_Anjou	successor	Philip_V_of_France
Henry_III_of_France	successor	Ferdinand_I_of_Aragon
Louis_Count_of_Vend_me	successor	Victor_Amadeus_II_of_Sardinia
Louis_XII	successor	Yaroslav_the_Wise
Louis_XII	successor	Eleanor_of_Navarre
Philip_I_of_Castile	successor	Dirk_II_Count_of_Holland
Alfonso_IX_of_Le_n	successor	French_Revolution_of_1848
Charles_VIII_of_France	successor	Pepin_the_Short
Louis_XI	successor	Sancho_IV_of_Castile
Henry_IV_of_England	successor	Maria_Teresa_Cybo_Malaspina_Duchess_of_Massa
Agnes_de_Baudemont	successor	John_Duke_of_Brunswic_L_neburg
Cosimo_I_de_Medici_Grand_Duke_of_Tuscany	successor	Napol_on_Louis_Bonaparte
Peter_I_of_Portugal	successor	Philip_III_of_France
Lothair_II_of_Italy	successor	Charles_X
George_I_of_Great_Britain	successor	Charles_Emmanuel_III_of_Sardinia
Ernest_Augustus_Elector_of_Hanover	successor	Ernest_II_Duke_of_Brunswic_L_neburg
Louis_V_of_France	successor	Ferdinand_II_of_Aragon
Henry_VII_Holy_Roman_Emperor	successor	Henry_IV_of_France
Henry_VII_Holy_Roman_Emperor	successor	Philip_I_Duke_of_Burgundy
Louis_XIII	successor	John_of_Bohemia
Charles_the_Bald	successor	Francesco_I_de_Medici_Grand_Duke_of_Tuscany
Amadeus_II_Count_of_Savoy	successor	Charles_V_Holy_Roman_Emperor
John_I_of_Portugal	successor	Piero_the_Unfortunate
Odo_IV_Duke_of_Burgundy	successor	Joan_II_Countess_of_Burgundy
Joan_III_Countess_of_Burgundy	successor	Ecgberht_King_of_Wessex
James_I_of_Aragon	successor	Prince_Philippe_Duke_of_Orl_ans_1869_1926
Maria_Amalia_of_Naples_and_Sicily	successor	Philip_VI_of_France
John_III_Duke_of_Brittany	successor	Frederick_III_Holy_Roman_Emperor
Charles_VII_of_France	successor	Eleanor_of_Castile
Charles_IX_of_France	successor	Theudoald
Francis_II_of_France	successor	Louis_X_of_France
Philip_IV_of_France	successor	Simon_I_de_Montfort
Louis_IX_of_France	successor	Henry_the_Fowler
Alfonso_VII_of_Le_n_and_Castile	successor	Louis_IV_Holy_Roman_Emperor
Alfonso_VII_of_Le_n_and_Castile	successor	Ferdinand_Philippe_Duke_of_Orl_ans
Martin_of_Aragon	successor	Charlemagne
Ferdinand_I_of_Aragon	successor	Louis_Philippe_I
Robert_I_Duke_of_Burgundy	successor	Olga_of_Kiev
Hugh_I_Duke_of_Burgundy	successor	Cosimo_I_de_Medici_Grand_Duke_of_Tuscany
Simon_II_Duke_of_Lorraine	successor	Joan_Countess_of_Ponthieu
Frederick_I_Duke_of_Lorraine	successor	Philip_the_Bold
Robert_III_of_Scotland	successor	Charles_II_of_Navarre
Louis_the_Stammerer	successor	Philip_I_of_Castile
Louis_the_Stammerer	successor	Amaury_II_de_Montfort
Rudolph_I_of_Burgundy	successor	John_II_Duke_of_Brittany
Emmanuel_Philibert_Duke_of_Savoy	successor	Dirk_III_Count_of_Holland
Philip_V_of_Spain	successor	Charles_IV_of_France
Philip_V_of_Spain	successor	Ferdinand_IV_of_Castile
Charles_II_of_Spain	successor	Charles_IX_of_France
Maximilian_I_Holy_Roman_Emperor	successor	Louis_Duke_of_Orl_ans_1703_1752
John_II_of_Portugal	successor	Philip_IV_of_France
Louis_XVIII	successor	Philip_IV_of_Spain
Louis_the_German	successor	Charles_Emmanuel_II_Duke_of_Savoy
Louis_the_German	successor	John_King_of_England
Louis_the_German	successor	John_I_of_France
Charles_the_Fat	successor	Dirk_V_Count_of_Holland
Theodoric_II_Duke_of_Lorraine	successor	Ferdinand_I_of_Austria
Ferdinand_I_Holy_Roman_Emperor	successor	Afonso_I_of_Portugal
Ferdinand_I_Holy_Roman_Emperor	successor	John_II_of_Aragon
Ferdinand_I_Holy_Roman_Emperor	successor	Charles_the_Bald
Theobald_I_of_Navarre	successor	Peter_III_of_Aragon
Louis_I_of_Anjou	successor	John_II_Duke_of_Lorraine
Eleanor_of_Aquitaine	successor	Adolphus_Frederick_III_Duke_of_Mecklenburg_Strelitz
Mary_Queen_of_Scots	successor	Mahaut_Countess_of_Artois
Adolf_King_of_the_Romans	successor	John_II_of_France
Anne_of_Brittany	successor	Geoffrey_Plantagenet_Count_of_Anjou
Theobald_I_Duke_of_Lorraine	successor	Joan_I_of_Navarre
Humbert_II_Count_of_Savoy	successor	Louis_IV_Holy_Roman_Emperor
Carloman_mayor_of_the_palace	successor	Afonso_III_of_Portugal
Berengar_II_of_Italy	successor	Rudolph_II_of_Burgundy
Alfred_the_Great	successor	John_King_of_England
William_the_Younger_Duke_of_Brunswic_L_neburg	successor	Charles_V_Holy_Roman_Emperor
Rudolf_I_Duke_of_Bavaria	successor	John_I_Count_of_Aumale
Joan_I_of_Navarre	successor	Louis_Philippe_I
Joan_I_of_Navarre	successor	Charles_Martel
Sancho_III_of_Castile	successor	Odo_III_Duke_of_Burgundy
Prince_Philippe_Count_of_Paris	successor	Leopold_II_Holy_Roman_Emperor
Prince_Philippe_Count_of_Paris	successor	Charles_IV_Holy_Roman_Emperor
Hugh_V_Duke_of_Burgundy	successor	Mary_of_Burgundy
Robert_II_of_France	successor	Henry_III_of_Castile
Hugh_IV_Duke_of_Burgundy	successor	Joan_Countess_of_Ponthieu
Maximilian_II_Holy_Roman_Emperor	successor	Maximilian_II_Holy_Roman_Emperor
Ramon_Berenguer_IV_Count_of_Provence	successor	Jeanne_d_Albret
Berenguer_Ramon_II_Count_of_Barcelona	successor	Raymond_of_Burgundy
Pepin_of_Herstal	successor	Edward_King_of_Portugal
Pepin_of_Herstal	successor	Alfonso_V_of_Aragon
Pepin_of_Herstal	successor	Louis_XII
Pepin_of_Herstal	successor	Oleg_of_Novgorod
Francesco_I_de_Medici_Grand_Duke_of_Tuscany	successor	John_I_Duke_of_Brittany
Joan_Countess_of_Ponthieu	successor	Ferdinand_II_of_Aragon
Joan_Countess_of_Ponthieu	successor	Louis_XVI
Henri_Count_of_Chambord	successor	Albert_I_Duke_of_Brunswic_L_neburg
Henri_Count_of_Chambord	successor	Henry_VIII
Louis_IV_Holy_Roman_Emperor	successor	Joseph_II_Holy_Roman_Emperor
Henry_Count_of_Portugal	successor	Louis_XII
James_IV_of_Scotland	successor	Carloman_of_Bavaria
Philip_VI_of_France	successor	Joseph_II_Holy_Roman_Emperor
Marie_Duchess_of_Auvergne	successor	Floris_I_Count_of_Holland
Yaropolk_I_of_Kiev	successor	Peter_of_Castile
Afonso_III_of_Portugal	successor	Louis_XII
Yolanda_Latin_Empress	successor	Hugh_Capet
Dirk_IV_Count_of_Holland	successor	Henry_IV_of_France
Simon_I_de_Montfort	successor	William_the_Younger_Duke_of_Brunswic_L_neburg
Louis_Antoine_Duke_of_Angoul_me	successor	Charles_III_of_Spain
Antoine_of_Navarre	successor	Ferdinand_II_Archduke_of_Austria
Henry_IV_of_France	successor	Valdemar_I_of_Denmark
Conrad_I_of_Burgundy	successor	Richard_I_of_England
Philip_II_of_France	successor	Matthias_II_Duke_of_Lorraine
Charlemagne	successor	Francis_I_of_the_Two_Sicilies
Louis_the_Pious	successor	Gian_Galeazzo_Sforza
Louis_the_Pious	successor	Victor_Amadeus_III_of_Sardinia
Louis_the_Pious	successor	Ferdinand_II_of_Le_n
Ernest_Duke_of_Austria	successor	Ramon_Berenguer_IV_Count_of_Barcelona
Robert_II_Count_of_Dreux	successor	Alfonso_V_of_Aragon
William_XII_Count_of_Auvergne	successor	Charles_VII_Holy_Roman_Emperor
Louis_Philippe_II_Duke_of_Orl_ans	successor	Charles_IV_Holy_Roman_Emperor
Jeanne_d_Albret	successor	Louis_VIII_of_France
Philip_V_of_France	successor	Henry_V_of_England
Richard_II_of_England	successor	Francis_II_Duke_of_Brittany
Robert_I_of_France	successor	Henry_II_of_Castile
John_I_of_Castile	successor	Willa_of_Burgundy
Gaston_Duke_of_Orl_ans	successor	Vladimir_the_Great
Louis_VIII_of_France	successor	John_the_Fearless
Louis_VIII_of_France	successor	Francis_Hyacinth_Duke_of_Savoy
John_King_of_England	successor	Charles_II_of_Spain
John_King_of_England	successor	Alfred_the_Great
Louis_XVII	successor	Philip_III_of_Spain
Charles_Duke_of_Orl_ans	successor	Napoleon_III
Maria_Theresa	successor	Bernhard_Count_of_Anhalt
Maria_Theresa	successor	Charles_III_of_Spain
Maria_Theresa	successor	Prince_Philippe_Count_of_Paris
Louis_Bonaparte	successor	Edward_III_of_England
Amaury_I_de_Montfort	successor	Ramon_Berenguer_IV_Count_of_Provence
Edward_II_of_England	successor	John_I_of_Portugal
Cosimo_de_Medici	successor	John_V_Duke_of_Brittany
Galeazzo_Maria_Sforza	successor	Yaropolk_I_of_Kiev
Theresa_Countess_of_Portugal	successor	Charles_IV_of_Spain
Hugh_Magnus	successor	George_I_of_Great_Britain
Francis_I_Duke_of_Lorraine	successor	Louis_XIII
Carloman_of_Bavaria	successor	John_IV_of_Portugal
Louis_VII_of_France	successor	Charles_V_of_France
Stephen_King_of_England	successor	Albert_II_Duke_of_Austria
Stephen_King_of_England	successor	Ferdinand_III_Grand_Duke_of_Tuscany
Louis_VI_of_France	successor	John_of_Montfort
Peter_I_Duke_of_Brittany	successor	Victor_Amadeus_II_of_Sardinia
John_IV_Duke_of_Brittany	successor	Louis_the_Younger
Henry_VII_of_England	successor	Louis_IX_of_France
Philip_the_Bold	successor	Robert_II_Duke_of_Burgundy
Childeric_III	successor	Girolamo_Savonarola
James_V_of_Scotland	successor	Theobald_I_Duke_of_Lorraine
Mahaut_Countess_of_Artois	successor	Mary_Queen_of_Scots
Alfonso_XI_of_Castile	successor	Ferdinand_I_Holy_Roman_Emperor
Adolphus_Frederick_II_Duke_of_Mecklenburg_Strelitz	successor	Philip_II_of_Spain
Frederick_William_Duke_of_Mecklenburg_Schwerin	successor	Otto_IV_Count_of_Burgundy
Henry_VI_Count_of_Luxembourg	successor	Jeanne_d_Albret
Henry_V_Count_of_Luxembourg	successor	Louis_the_Pious
Mary_I_of_England	successor	Hugh_of_Italy
Philip_II_of_Spain	successor	Louis_XVIII
John_II_Duke_of_Brittany	successor	James_V_of_Scotland
Wulfoald	successor	Henry_VII_Holy_Roman_Emperor
Valdemar_I_of_Denmark	successor	Pepin_I_of_Aquitaine
Napoleon	successor	Manuel_I_of_Portugal
Napoleon	successor	Denis_of_Portugal
Arnulf_Count_of_Holland	successor	Henry_I_of_France
Robert_I_Count_of_Dreux	successor	Odo_I_Duke_of_Burgundy
Dirk_I_Count_of_Holland	successor	Charles_Martel
Adelaide_of_Italy	successor	Maximilian_I_Holy_Roman_Emperor
John_I_Duke_of_Brittany	successor	Anne_of_Brittany
Lothair_of_France	successor	Henry_III_of_France
Charles_II_of_Naples	successor	Philip_I_Duke_of_Burgundy
Margaret_Countess_of_Anjou	successor	Humbert_II_Count_of_Savoy
Charles_VII_Holy_Roman_Emperor	successor	Otto_I_Duke_of_Bavaria
Charles_VII_Holy_Roman_Emperor	successor	Louis_Duke_of_Savoy
Joanna_of_Castile	successor	Claude_of_France
Joanna_of_Castile	successor	Rudolph_III_of_Burgundy
Ernest_I_Duke_of_Brunswic_L_neburg	successor	Maximilian_Sforza
John_I_of_France	successor	Robert_III_Count_of_Dreux
George_II_of_Great_Britain	successor	George_III
Arthur_III_Duke_of_Brittany	successor	Gerberga_of_M_con
Sancho_IV_of_Castile	successor	Leopold_II_Holy_Roman_Emperor
Conrad_I_of_Germany	successor	Adolphus_Frederick_II_Duke_of_Mecklenburg_Strelitz
Ecgberht_King_of_Wessex	successor	James_VI_and_I
Henri_Jules_Prince_of_Cond_	successor	Hugh_I_Duke_of_Burgundy
Philibert_II_Duke_of_Savoy	successor	Alfonso_II_of_Aragon
Henry_II_of_Navarre	successor	Robert_I_Latin_Emperor
John_of_Bohemia	successor	Hugh_III_Duke_of_Burgundy
Henry_of_Bohemia	successor	Sancho_I_of_Portugal
Henry_of_Bohemia	successor	Charles_the_Fat
Rurik	successor	Louis_Duke_of_Orl_ans_1703_1752
Louis_II_of_Italy	successor	George_II_of_Great_Britain
Theobald_II_of_Navarre	successor	Rudolph_of_France
Charles_III_Duke_of_Lorraine	successor	Sviatoslav_I
Isabella_I_of_Castile	successor	Rudolph_II_of_Burgundy
Isabella_I_of_Castile	successor	Geoffrey_Plantagenet_Count_of_Anjou
Gian_Gastone_de_Medici_Grand_Duke_of_Tuscany	successor	Henry_I_of_Navarre
Ermengarde_of_Tuscany	successor	Joan_III_Countess_of_Burgundy
Peter_of_Castile	successor	John_I_of_Castile
Charles_V_Holy_Roman_Emperor	successor	Wilfred_the_Hairy
Alderano_I_Cybo_Malaspina	successor	Amaury_I_de_Montfort
Guillaume_de_Montfort_of_Hainaut	successor	Louis_XIV
Alfonso_VIII_of_Castile	successor	Hugh_IV_Duke_of_Burgundy
Peter_II_of_Courtenay	successor	Joan_II_Countess_of_Burgundy
Alix_Duchess_of_Brittany	successor	Louis_XI
Petronilla_of_Aragon	successor	Louis_Philippe_I
Piero_the_Unfortunate	successor	Henry_the_Fowler
John_Stewart_of_Darnley	successor	Philip_II_of_Spain
Floris_I_Count_of_Holland	successor	Vladimir_the_Great
Francis_II_Duke_of_Brittany	successor	Henry_I_of_France
Richard_I_of_England	successor	Philippe_I_Duke_of_Orl_ans
Lorenzo_de_Medici	successor	Dirk_IV_Count_of_Holland
Charles_II_Duke_of_Savoy	successor	Antoine_Duke_of_Lorraine
Robert_II_Count_of_Artois	successor	Henry_II_of_England
Simon_Count_of_Ponthieu	successor	Charles_the_Fat
Louis_Philippe_I_Duke_of_Orl_ans	successor	Henry_III_of_England
John_of_Gaunt	successor	Louis_VII_of_France
Beorhtric_of_Wessex	successor	Philip_I_of_France
Odo_III_Duke_of_Burgundy	successor	Robert_II_Count_of_Dreux
Fulk_IV_Count_of_Anjou	successor	Pope_Clement_VII
Geoffrey_III_Count_of_Anjou	successor	Charles_Martel
Edward_IV_of_England	successor	Joan_II_of_Navarre
Robert_II_Duke_of_Burgundy	successor	Charles_III_Duke_of_Savoy
Amadeus_VIII_Duke_of_Savoy	successor	Francis_III_Duke_of_Brittany
Blanche_I_of_Navarre	successor	Albert_II_Duke_of_Austria
Charles_the_Bold	successor	John_IV_Duke_of_Brittany
Anne_Queen_of_Great_Britain	successor	John_Stewart_3rd_Lord_of_Aubigny
Francis_Hyacinth_Duke_of_Savoy	successor	John_I_Duke_of_Brittany
Berengar_I_of_Italy	successor	Fulk_King_of_Jerusalem
1383_1385_Portuguese_interregnum	successor	Francis_I_Holy_Roman_Emperor
Ragenfrid	successor	Maria_Theresa
Desiderius	successor	Robert_II_of_Scotland
Bernard_of_Gothia	successor	Ernest_Augustus_Elector_of_Hanover
Baldred_of_Kent	successor	Frederick_II_Duke_of_Lorraine
Golden_Ambrosian_Republic	successor	Pepin_the_Short
Henry_II_Duke_of_Austria	successor	Louis_X_of_France
Henry_IV_of_Castile	successor	_thelwulf_King_of_Wessex
Louis_II_of_Hungary	successor	Jacques_Charles_Dupont_de_l_Eure
Ludovico_Sforza	successor	Princess_Marie_Isabelle_of_Orl_ans
Marozia	successor	Robert_I_Duke_of_Burgundy
Theudoald	successor	Ramon_Berenguer_III_Count_of_Barcelona
Alexander_Stewart_4th_High_Steward_of_Scotland	successor	Archduchess_Maria_Dorothea_of_Austria
Frederick_the_Fair	successor	Francis_II_of_France
Adelaide_Countess_of_Burgundy	successor	Isabella_I_of_Castile
David_II_of_Scotland	successor	Piero_di_Cosimo_de_Medici
Frederick_of_Naples	successor	John_I_Duke_of_Brittany
Peter_II_Count_of_Savoy	successor	Ferdinand_I_of_Portugal
Antonio_Farnese_Duke_of_Parma	successor	John_VIII_Count_of_Vend_me
Alessandro_de_Medici_Duke_of_Florence	successor	Frederick_III_Holy_Roman_Emperor
Joanna_II_of_Naples	successor	Arthur_II_Duke_of_Brittany
_thelwulf_King_of_Wessex	child	Charles_the_Younger
_thelwulf_King_of_Wessex	child	Sanchia_of_Provence
_thelwulf_King_of_Wessex	child	Peter_I_of_Courtenay
_thelwulf_King_of_Wessex	child	Philip_of_Castile
_thelwulf_King_of_Wessex	child	Henry_the_Young_King
Robert_II_of_Scotland	child	Emmanuel_Philibert_Duke_of_Savoy
Robert_II_of_Scotland	child	Isabelle_Duchess_of_Brittany
Robert_II_of_Scotland	child	Gisela_of_France_Countess_of_Ponthieu
Robert_II_of_Scotland	child	Joan_of_France_1351_1371
Leopold_Duke_of_Lorraine	child	Margaret_II_Countess_of_Hainaut
Leopold_Duke_of_Lorraine	child	Charles_the_Simple
Leopold_Duke_of_Lorraine	child	Eleanor_of_Brittany_abbess
Leopold_Duke_of_Lorraine	child	Ferdinand_of_Bavaria_soldier
Leopold_Duke_of_Lorraine	child	Duchess_Christiane_of_Mecklenburg
Afonso_II_of_Portugal	child	Marie_Caroline_of_Bourbo_Two_Sicilies_Duchess_of_Berry
Afonso_II_of_Portugal	child	Archduchess_Maria_Leopoldine_of_Austria_Este
Afonso_II_of_Portugal	child	Archduke_Joseph_of_Austria_Palatine_of_Hungary
Charles_Emmanuel_III_of_Sardinia	child	Margaret_of_Bavaria
Charles_Emmanuel_III_of_Sardinia	child	John_Prince_of_Asturias
Charles_Emmanuel_III_of_Sardinia	child	Albert_II_Duke_of_Bavaria
Charles_Emmanuel_III_of_Sardinia	child	Maria_Christina_of_the_Two_Sicilies
Charles_Emmanuel_III_of_Sardinia	child	Yolande_of_Valois
Charles_Emmanuel_III_of_Sardinia	child	William_I_Duke_of_Bavaria
Philip_IV_of_Spain	child	Philip_III_of_Navarre
Philip_IV_of_Spain	child	Sancha_of_Aragon_Countess_of_Toulouse
Philip_IV_of_Spain	child	Philip_of_Castile_Lord_of_Cabrera_and_Ribera
Philip_IV_of_Spain	child	Elizabeth_of_Hungary_Queen_of_Serbia
Philip_IV_of_Spain	child	Princess_Mary_of_Great_Britain
Margaret_of_Austria_Queen_of_Spain	child	Cecile_of_France
Margaret_of_Austria_Queen_of_Spain	child	Hedwig_Jagiellon_Duchess_of_Bavaria
Margaret_of_Austria_Queen_of_Spain	child	Sancho_Alfonso
Margaret_of_Austria_Queen_of_Spain	child	Joan_of_England_Queen_of_Scotland
Charles_Count_of_Valois	child	Charles_IX_of_France
Charles_Count_of_Valois	child	Bonne_of_Luxembourg
Charles_Count_of_Valois	child	Archduke_Wenceslaus_of_Austria
Charles_Count_of_Valois	child	Blanche_of_France_Infanta_of_Castile
Isabella_of_Valois_Duchess_of_Bourbon	child	Conrad_I_of_Burgundy
Isabella_of_Valois_Duchess_of_Bourbon	child	Napoleon_II
Isabella_of_Valois_Duchess_of_Bourbon	child	Victor_Emmanuel_I_of_Sardinia
Isabella_of_Valois_Duchess_of_Bourbon	child	Philippa_of_Dreux
Philip_III_of_Spain	child	Fulk_King_of_Jerusalem
Philip_III_of_Spain	child	Princess_Elizabeth_of_Great_Britain
Philip_III_of_Spain	child	Elisabeth_Christine_of_Brunswic_Wolfenb_ttel
Philip_III_of_Spain	child	Richard_Count_of__tampes
Philip_III_of_Spain	child	Elisa_Bonaparte
Henry_II_of_Castile	child	Geoffrey_archbishop_of_York
Albert_I_of_Germany	child	Edward_I_of_England
Albert_I_of_Germany	child	Catherine_of_Foix_Countess_of_Candale
Albert_I_of_Germany	child	Joanna_of_Austria_Grand_Duchess_of_Tuscany
Albert_I_of_Germany	child	Dorothea_of_Brunswic_L_neburg
Albert_I_of_Germany	child	Archduchess_Maria_Anna_of_Austria_born_1738
Albert_I_of_Germany	child	Rothilde
Albert_I_of_Germany	child	Joan_of_Valois_Queen_of_Navarre
Albert_I_of_Germany	child	Prince_William_Duke_of_Cumberland
Albert_I_of_Germany	child	Emma_of_Anjou
Igor_of_Kiev	child	Eadburh_of_Winchester
Matthias_I_Duke_of_Lorraine	child	Albert_VII_Archduke_of_Austria
Matthias_I_Duke_of_Lorraine	child	Marie_of_Prussia_Margravine_of_Brandenburg_Bayreuth
Wilhelmine_Amalie_of_Brunswick	child	Agatha_wife_of_Edward_the_Exile
Wilhelmine_Amalie_of_Brunswick	child	Nicolaus_of_Luxemburg
Philippe_II_Duke_of_Orl_ans	child	Joan_the_Lame
Philippe_II_Duke_of_Orl_ans	child	Prince_Louis_Duke_of_Nemours
Philippe_II_Duke_of_Orl_ans	child	Catherine_de_Bourbon
Philippe_II_Duke_of_Orl_ans	child	Christine_of_Saxony
Philippe_II_Duke_of_Orl_ans	child	Welf_I
Philippe_II_Duke_of_Orl_ans	child	Archduchess_Eleanor_of_Austria_1582_1620
Philippe_II_Duke_of_Orl_ans	child	Princess_H_l_ne_of_Orl_ans
Matthias_II_Duke_of_Lorraine	child	Alfonso_de_Arag_n_y_Escobar
Frederick_II_Duke_of_Lorraine	child	Albert_III_Duke_of_Austria
Frederick_II_Duke_of_Lorraine	child	Walter_Stewart_Lord_of_Fife
Empress_Matilda	child	Bianca_Maria_Sforza
Empress_Matilda	child	Charles_de_Bourbon_cardinal
Empress_Matilda	child	Agnes_of_Navarre
Henry_II_of_England	child	Claude_Duke_of_Aumale
Henry_II_of_England	child	Louise_Marie_Ad_la_de_de_Bourbon_Duchess_of_Orl_ans
Henry_II_of_England	child	Henry_III_of_Castile
Henry_II_of_England	child	_thelstan
Henry_II_of_England	child	Beatrice_of_Bavaria
Henry_II_of_England	child	Princess_Augusta_of_Great_Britain
Henry_II_of_England	child	Alonso_de_Arag_n
Henry_II_of_England	child	Beatrice_of_Provence
Frederick_Prince_of_Wales	child	Ramon_Berenguer_IV_Count_of_Provence
Frederick_Prince_of_Wales	child	Princess_Louise_d_Artois
Frederick_Prince_of_Wales	child	Charles_of_Austria_Bishop_of_Wroclaw
Frederick_Prince_of_Wales	child	Madame_Ad_la_de
Frederick_Prince_of_Wales	child	Princess_Maria_Carolina_of_Bourbo_Two_Sicilies_1820_1861
Frederick_Prince_of_Wales	child	Charles_Emmanuel_IV_of_Sardinia
Maria_Beatrice_d_Este_Duchess_of_Massa	child	Pepin_the_Hunchback
Maria_Beatrice_d_Este_Duchess_of_Massa	child	Louis_the_German
Maria_Beatrice_d_Este_Duchess_of_Massa	child	Maria_Amalia_Holy_Roman_Empress
Maria_Beatrice_d_Este_Duchess_of_Massa	child	Archduke_Franz_Karl_of_Austria
Maria_Beatrice_d_Este_Duchess_of_Massa	child	Childebrand_I
Francis_IV_Duke_of_Modena	child	Maria_Theresa_of_Spain
Francis_IV_Duke_of_Modena	child	Marie_of_France_Duchess_of_Bar
Ren__II_Duke_of_Lorraine	child	Philip_VI_of_France
Ren__II_Duke_of_Lorraine	child	Anna_of_Lorraine
Ren__II_Duke_of_Lorraine	child	Lothair_I
Ren__II_Duke_of_Lorraine	child	Bathilde_d_Orl_ans
Antoine_Duke_of_Lorraine	child	Alfonso_XI_of_Castile
Antoine_Duke_of_Lorraine	child	Marie_of_Luxembourg_Countess_of_Vend_me
Antoine_Duke_of_Lorraine	child	Henry_Duke_of_Villena
Henry_the_Fowler	child	Anne_of_Bohemia_and_Hungary
Henry_the_Fowler	child	Francis_II_of_France
Henry_the_Fowler	child	Philip_I_Count_of_Flanders
Henry_the_Fowler	child	Helie_of_Burgundy
Henry_the_Fowler	child	Joanna_of_Austria_Princess_of_Portugal
Henry_the_Fowler	child	Archduchess_Maria_Carolina_of_Austria_born_1740
Gerberga_of_Saxony	child	Rozala_of_Italy
Gerberga_of_Saxony	child	Anna_Jagiellon_Duchess_of_Pomerania
Gerberga_of_Saxony	child	Marie_of_Savoy_Countess_of_Saint_Pol
Ren__of_Anjou	child	Antoine_Duke_of_Montpensier
Ren__of_Anjou	child	Archduchess_Anna_of_Austria
Ren__of_Anjou	child	Agatha_wife_of_Edward_the_Exile
Mary_of_Guise	child	Robert_I_Duke_of_Burgundy
Mary_of_Guise	child	Princess_Maria_Christina_of_Saxony_1735_1782
Beatrice_of_England	child	Maria_Kunigunde_of_Saxony
Beatrice_of_England	child	John_Woodville
Arthur_II_Duke_of_Brittany	child	Agnes_of_Austria_1281_1364
Isabella_Duchess_of_Lorraine	child	John_I_Count_of_La_Marche
Isabella_Duchess_of_Lorraine	child	Louis_Dauphin_of_France_son_of_Louis_XV
Isabella_Duchess_of_Lorraine	child	Beatrice_of_Luxembourg
Louis_XV	child	Afonso_II_of_Portugal
Louis_XV	child	Maria_Anna_of_Bavaria_born_1551
Louis_XV	child	Theobald_II_Duke_of_Lorraine
Louis_XV	child	Alfonso_de_Castilla_y_Molina
Louis_XV	child	Victoire_of_France_1733_1799
Louis_XV	child	Edward_of_Westminster_Prince_of_Wales
Louis_XV	child	Albert_I_Duke_of_Bavaria
Louis_XV	child	Anne_Henriette_of_Bavaria
Louis_XV	child	Louis_II_Duke_of_Bourbon
Louis_Duke_of_Burgundy	child	Maria_Amalia_Duchess_of_Parma
Eleanor_of_Lancaster	child	Archduchess_Magdalena_of_Austria
Eleanor_of_Lancaster	child	Duke_George_Augustus_of_Mecklenburg
Eleanor_of_Lancaster	child	Margaret_Marchioness_of_Namur
Eleanor_of_Lancaster	child	Louis_Duke_of_Burgundy_1751_1761
Eleanor_of_Lancaster	child	Charles_Cardinal_of_Lorraine
Francis_I_Holy_Roman_Emperor	child	Henry_II_of_England
Francis_I_Holy_Roman_Emperor	child	Francis_Duke_of_Anjou
Francis_I_Holy_Roman_Emperor	child	William_FitzEmpress
Francis_I_Holy_Roman_Emperor	child	Canute_VI_of_Denmark
Francis_I_Holy_Roman_Emperor	child	Louis_VIII_of_France
Francis_I_Holy_Roman_Emperor	child	Louis_Charles_Count_of_Beaujolais
Francis_I_Holy_Roman_Emperor	child	Beatrice_Countess_of_Arundel
Francis_I_Holy_Roman_Emperor	child	Philibert_II_Duke_of_Savoy
Francis_I_Holy_Roman_Emperor	child	Princess_Maria_Fortunata_d_Este
Francis_I_Holy_Roman_Emperor	child	Margaret_of_Valois_Countess_of_Blois
Francis_I_Holy_Roman_Emperor	child	Prince_Alberto_of_Naples_and_Sicily
Francis_I_Holy_Roman_Emperor	child	Eleanor_Clifford_Countess_of_Cumberland
Francis_I_Holy_Roman_Emperor	child	Charlotte_Princess_Royal
Edward_I_of_England	child	Alfonso_X_of_Castile
Edward_I_of_England	child	Alys_of_France_Countess_of_Vexin
Edward_I_of_England	child	Otto_V_Duke_of_Bavaria
Edward_I_of_England	child	Louise_of_Great_Britain
Edward_I_of_England	child	Louise_Ad_la_de_d_Orl_ans
Edward_I_of_England	child	Maria_Teresa_of_Savoy_1803_1879
Maria_Teresa_Cybo_Malaspina_Duchess_of_Massa	child	Margaret_of_Brunswic_L_neburg
Leopold_II_Holy_Roman_Emperor	child	Louis_Count_of__vreux
Leopold_II_Holy_Roman_Emperor	child	Archduchess_Maria_Elisabeth_of_Austria_born_1743
Leopold_II_Holy_Roman_Emperor	child	Louis_Philippe_II_Duke_of_Orl_ans
Leopold_II_Holy_Roman_Emperor	child	Blanche_of_France_Duchess_of_Austria
Leopold_II_Holy_Roman_Emperor	child	Thomas_Francis_Prince_of_Carignano
Leopold_II_Holy_Roman_Emperor	child	John_I_of_France
Leopold_II_Holy_Roman_Emperor	child	Princess_Caroline_Louise_of_Saxe_Weimar_Eisenach
Leopold_II_Holy_Roman_Emperor	child	Hedwig_of_Habsburg
Leopold_II_Holy_Roman_Emperor	child	Manuel_of_Castile
Leopold_II_Holy_Roman_Emperor	child	Mar_a_Cristina_Mu_oz_y_Borb_n_Marquise_of_la_Isabela
Leopold_II_Holy_Roman_Emperor	child	Pepin_of_Italy
Marie_Ad_la_de_of_Savoy	child	Margaret_Stewart_Dauphine_of_France
Princess_Christine_Louise_of_Oettinge_Oettingen	child	Carlo_Duke_of_Calabria
Princess_Christine_Louise_of_Oettinge_Oettingen	child	Francis_II_Duke_of_Brittany
Princess_Christine_Louise_of_Oettinge_Oettingen	child	Joan_of_England_Queen_of_Sicily
Henry_I_of_France	child	Joan_of_Valois_Duchess_of_Alen_on
Philip_I_of_France	child	Virginia_de_Medici
Philip_I_of_France	child	Henri_Count_of_Chambord
Giuseppe_Maria_Buonaparte	child	Archduke_Rudolf_of_Austria
Henry_I_of_Navarre	child	Fadrique_Alfonso
Anne_Marie_d_Orl_ans	child	Anne_of_Kiev
Anne_Marie_d_Orl_ans	child	Napol_on_Charles_Bonaparte
Anne_Marie_d_Orl_ans	child	Urraca_Afonso
Henrietta_of_England	child	Nicolas_Duke_of_Merc_ur
Henrietta_of_England	child	Albert_Casimir_Duke_of_Teschen
Blanche_of_Navarre_Queen_of_France	child	Violant_of_Castile
Philip_III_of_Navarre	child	Henry_VI_of_England
Philip_III_of_Navarre	child	Napoleon
Philip_III_of_Navarre	child	Louis_Count_of_Vaud_mont
Sancho_I_of_Portugal	child	Isabella_Duchess_of_Lorraine
Sancho_I_of_Portugal	child	Theobald_II_of_Navarre
Sancho_I_of_Portugal	child	Princess_Amelia_of_the_United_Kingdom
Sancho_I_of_Portugal	child	Casimir_II_the_Just
Sancho_I_of_Portugal	child	Adolph_of_Cleves_Lord_of_Ravenstein
Sancho_I_of_Portugal	child	Joan_of_Acre
Sancho_I_of_Portugal	child	Prince_Louis_Count_of_Aquila
Maria_Josepha_of_Austria	child	Ernest_Augustus_King_of_Hanover
Maria_Josepha_of_Austria	child	Henry_III_of_France
Maria_Josepha_of_Austria	child	Duchess_Helene_of_Mecklenburg_Schwerin
Maria_Josepha_of_Austria	child	Henry_II_of_Namur
Maria_Josepha_of_Austria	child	Archduchess_Maria_Theresa_of_Austria_Este_1817_1886
Maria_Josepha_of_Austria	child	Archduchess_Maria_Carolina_of_Austria_stillborn_1748
Maria_Josepha_of_Austria	child	Princess_Caroline_of_Hesse_Darmstadt
Edward_King_of_Portugal	child	Odo_II_Duke_of_Burgundy
Edward_King_of_Portugal	child	Duchess_Sophie_of_Prussia
Edward_King_of_Portugal	child	Matilda_of_Flanders
Edward_King_of_Portugal	child	Henry_Beaufort
Francis_II_Holy_Roman_Emperor	child	Louis_II_Elector_of_Brandenburg
Francis_II_Holy_Roman_Emperor	child	Arthur_II_Duke_of_Brittany
Francis_II_Holy_Roman_Emperor	child	Charles_III_Duke_of_Savoy
Francis_II_Holy_Roman_Emperor	child	Johann_Adolf_I_Duke_of_Saxe_Weissenfels
Francis_II_Holy_Roman_Emperor	child	Albert_VII_Archduke_of_Austria
Francis_II_Holy_Roman_Emperor	child	Peter_Duke_of_Coimbra
Louise_of_Savoy	child	Louis_XV
Louise_of_Savoy	child	Sophie_of_France_1734_1782
Philip_II_Duke_of_Savoy	child	Charles_X
Philip_II_Duke_of_Savoy	child	Otto_III_Duke_of_Bavaria
Philip_II_Duke_of_Savoy	child	Henrietta_Maria
Philip_II_Duke_of_Savoy	child	Henri_de_Dreux
John_II_of_France	child	Ren__of_Anjou
John_II_of_France	child	Infante_Antonio_Duke_of_Galliera
John_II_of_France	child	Princess_Antoinette_of_Brunswic_Wolfenb_ttel
John_II_of_France	child	Charles_II_Archduke_of_Austria
John_II_of_France	child	Infante_Carlos_of_Spain_1607_1632
Joan_the_Lame	child	Marie_of_Orl_ans_Viscountess_of_Narbonne
Joan_the_Lame	child	William_IV_Landgrave_of_Hesse_Kassel
Louis_Dauphin_of_France_son_of_Louis_XIV	child	Bonne_of_Luxembourg
Louis_Dauphin_of_France_son_of_Louis_XIV	child	George_I_Landgrave_of_Hesse_Darmstadt
Louis_Dauphin_of_France_son_of_Louis_XIV	child	Maria_Leopoldina_of_Austria
Louis_XIV	child	Charles_IV_Duke_of_Lorraine
Louis_XIV	child	Richard_of_Shrewsbury_Duke_of_York
Louis_XIV	child	Frederick_I_Duke_of_Lorraine
Louis_XIV	child	Alys_of_France_Countess_of_Vexin
Louis_XIV	child	Giovanni_de_Medici_cardinal
Louis_XIV	child	Philip_I_Count_of_Auvergne
Louis_XIV	child	Christine_of_France
Princess_Marie_Isabelle_of_Orl_ans	child	Charles_Martel
Princess_Marie_Isabelle_of_Orl_ans	child	William_IX_Count_of_Poitiers
Princess_Marie_Isabelle_of_Orl_ans	child	Princess_Caroline_Elizabeth_of_Great_Britain
Princess_Marie_Isabelle_of_Orl_ans	child	Bonne_of_Bourbon
Antoine_Duke_of_Montpensier	child	Valdemar_II_of_Denmark
Antoine_Duke_of_Montpensier	child	Margaret_of_France_Queen_of_England_and_Hungary
Antoine_Duke_of_Montpensier	child	Blanche_of_Bourbon
Antoine_Duke_of_Montpensier	child	Philip_Duke_of_Orl_ans
Adelaide_of_Tours	child	Isabella_of_Valois_Duchess_of_Bourbon
Adelaide_of_Tours	child	Sancha_Raim_ndez
Adelaide_of_Tours	child	Charlotte_of_Mecklenburg_Strelitz
Adelaide_of_Tours	child	Ren__Marquis_of_Elbeuf
Adelaide_of_Tours	child	Marie_Th_r_se_of_France_1667_1672
Joan_II_of_Navarre	child	Alfonso_IX_of_Le_n
Joan_II_of_Navarre	child	Eleanor_of_Viseu
Joan_II_of_Navarre	child	Beatrice_of_Bourbon_Queen_of_Bohemia
Joan_II_of_Navarre	child	David_Stewart_Duke_of_Rothesay
Charles_IV_of_France	child	Berengaria_of_Castile
Marie_Eleonore_of_Cleves	child	John_I_of_Portugal
Marie_Eleonore_of_Cleves	child	Louis_Bonaparte
Marie_Eleonore_of_Cleves	child	Margaret_of_Savoy_Countess_of_Saint_Pol
Marie_Eleonore_of_Cleves	child	Joan_of_France_Duchess_of_Bourbon
Yaroslav_the_Wise	child	Clemence_of_Austria
Yaroslav_the_Wise	child	Maria_Beatrice_of_Savoy
Yaroslav_the_Wise	child	Charles_de_Valois_Duke_of_Angoul_me
Yaroslav_the_Wise	child	Maria_de_Medici_1540_1557
Yaroslav_the_Wise	child	Countess_of_Pembroke
Yaroslav_the_Wise	child	Louis_II_of_Hungary
Yaroslav_the_Wise	child	Archduke_Ernest_of_Austria
Yaroslav_the_Wise	child	Prince_Leopold_Count_of_Syracuse
Victor_Amadeus_II_of_Sardinia	child	Isabella_of_Aragon_Queen_of_France
Victor_Amadeus_II_of_Sardinia	child	Ferdinand_III_of_Castile
Victor_Amadeus_II_of_Sardinia	child	Charles_the_Child
Victor_Amadeus_II_of_Sardinia	child	Margaret_of_Hohenzoller_Nuremberg
Victor_Amadeus_II_of_Sardinia	child	Frederick_Hereditary_Prince_of_Saxony
Ferdinand_I_of_the_Two_Sicilies	child	Charles_V_of_France
Ferdinand_I_of_the_Two_Sicilies	child	Isabella_of_Aragon_Queen_of_France
Ferdinand_I_of_the_Two_Sicilies	child	Charles_the_Fat
Ferdinand_I_of_the_Two_Sicilies	child	Infante_Antonio_Pascual_of_Spain
Ferdinand_I_of_the_Two_Sicilies	child	Alexander_Stewart_Duke_of_Albany
Ferdinand_I_of_the_Two_Sicilies	child	Eleanor_of_Scotland
Ferdinand_I_of_the_Two_Sicilies	child	Prince_Edward_Duke_of_Kent_and_Strathearn
Ferdinand_I_of_the_Two_Sicilies	child	Maria_Ludovika_of_Austria_Este
Ferdinand_I_of_the_Two_Sicilies	child	Catherine_Henriette_de_Bourbon
Ferdinand_I_of_the_Two_Sicilies	child	Bernard_son_of_Charles_the_Fat
Ferdinand_I_of_the_Two_Sicilies	child	Beatrice_of_Hungary_Dauphine_of_Viennois
Odo_II_Duke_of_Burgundy	child	Louis_Dauphin_of_France_son_of_Louis_XIV
Hugh_III_Duke_of_Burgundy	child	Afonso_V_of_Portugal
Alfonso_II_of_Aragon	child	Marie_Ad_la_de_of_Savoy
Alfonso_II_of_Aragon	child	Joan_of__vreux
Alfonso_II_of_Aragon	child	Joseph_I_Holy_Roman_Emperor
Alfonso_II_of_Aragon	child	Henry_IV_of_France
Charles_Martel	child	Elisiv_of_Kiev
Charles_Martel	child	Princess_Elizabeth_of_the_United_Kingdom
Charles_Martel	child	Louis_Philippe_I_Duke_of_Orl_ans
Charles_Martel	child	Beatrice_of_Provence
Charles_Martel	child	Princess_H_l_ne_of_Orl_ans
Louis_I_Duke_of_Orl_ans	child	Archduchess_Eleanor_of_Austria
Louis_I_Duke_of_Orl_ans	child	Grimoald_the_Younger
Louis_I_Duke_of_Orl_ans	child	Hedwig_of_Habsburg
Charles_V_of_France	child	Francis_I_Holy_Roman_Emperor
Charles_V_of_France	child	Mariana_Victoria_of_Spain
Charles_V_of_France	child	Denis_of_Portugal
Charles_V_of_France	child	Charles_de_Morny_Duke_of_Morny
Eleanor_of_Provence	child	Richard_Woodville_3rd_Earl_Rivers
Eleanor_of_Provence	child	Charles_Felix_of_Sardinia
Eleanor_of_Provence	child	Charles_II_Count_of_Alen_on
Eleanor_of_Provence	child	Anne_Stuart_born_1637
Charles_Emmanuel_II_Duke_of_Savoy	child	Iziaslav_I_of_Kiev
Joan_II_Countess_of_Burgundy	child	Balthasar_Charles_Prince_of_Asturias
Joan_II_Countess_of_Burgundy	child	Jean_de_Montagu
Joan_II_Countess_of_Burgundy	child	Edith_of_Polesworth
John_II_of_Aragon	child	Maria_Beatrice_d_Este_Duchess_of_Massa
John_II_of_Aragon	child	Marie_of_Luxembourg_Queen_of_France
John_II_of_Aragon	child	Robert_Count_of_Clermont
John_II_of_Aragon	child	Charles_Duke_of_Berry_1686_1714
John_II_of_Aragon	child	Joanna_of_Bavaria
John_II_of_Aragon	child	Hiltrud
James_III_of_Scotland	child	Louis_de_Bourbon_Bishop_of_Li_ge
James_III_of_Scotland	child	Albrecht_of_Saxe_Weissenfels
Joan_of_Valois_Countess_of_Hainaut	child	Margaret_of_Provence
Joan_of_Valois_Countess_of_Hainaut	child	Archduchess_Maria_Carolina_of_Austria_born_1740
Joan_of_Valois_Countess_of_Hainaut	child	Louise_Diane_Princess_of_Conti
Clementia_of_Hungary	child	Dirk_IV_Count_of_Holland
Charles_the_Simple	child	Charles_VIII_of_France
Countess_Palatine_Dorothea_Sophie_of_Neuburg	child	Mary_Tudor_Queen_of_France
Elisabeth_Farnese	child	Princess_Eleonora_of_Savoy
Elisabeth_Farnese	child	Princess_Maria_Antonia_of_Naples_and_Sicily
Elisabeth_Farnese	child	Margaret_of_Austria_Duchess_of_Savoy
Elisabeth_Farnese	child	Sibylla_of_Burgundy
Elisabeth_Farnese	child	Geoffrey_II_Duke_of_Brittany
Ermentrude_of_Orl_ans	child	Margaret_of_Bourbon_Lady_of_Albret
Ermentrude_of_Orl_ans	child	Conrad_of_Ivrea
Ermentrude_of_Orl_ans	child	Anastasia_of_Kiev
Ermentrude_of_Orl_ans	child	Infanta_Branca_Lady_of_Guadalajara
Alfonso_II_Count_of_Provence	child	Margaret_of_Burgundy_Queen_of_France
Rudolf_I_of_Germany	child	Arthur_II_Duke_of_Brittany
Rudolf_I_of_Germany	child	Emanuel_Filibert_of_Savoy
Rudolf_I_of_Germany	child	Prince_Ferdinand_Duke_of_Montpensier
Rudolf_I_of_Germany	child	Charles_I_of_Anjou
Rudolf_I_of_Germany	child	Anna_de_Medici
Rudolf_I_of_Germany	child	Catherine_of_Lorraine_Margravine_of_Bade_Baden
Rudolf_I_of_Germany	child	Archduke_John_of_Austria
Gertrude_of_Hohenberg	child	Archduke_Karl_Ambrosius_of_Austria_Este
Gertrude_of_Hohenberg	child	Barbara_Jagiellon
Gertrude_of_Hohenberg	child	Louis_of_Anjou_Marquis_of_Pont___Mousson
Gertrude_of_Hohenberg	child	Anne_of_Bohemia_1290_1313
Gertrude_of_Hohenberg	child	Gertrude_of_Flanders_Countess_of_Savoy
Gertrude_of_Hohenberg	child	Joseph_Bonaparte
Dirk_II_Count_of_Holland	child	Louis_VI_of_France
Dirk_II_Count_of_Holland	child	Princess_Louise_of_Hesse_Darmstadt_1757_1830
Beatrice_of_Portugal_died_1381	child	James_VI_and_I
Victor_Amadeus_I_Duke_of_Savoy	child	Radegonde_of_Valois
Victor_Amadeus_I_Duke_of_Savoy	child	Fran_ois_d_Orl_ans_Prince_of_Joinville
Victor_Amadeus_I_Duke_of_Savoy	child	Catherine_of_Aragon
Victor_Amadeus_I_Duke_of_Savoy	child	Ferdinand_Count_of_Flanders
Victor_Amadeus_I_Duke_of_Savoy	child	Charles_Orlando_Dauphin_of_France
Mary_of_Burgundy_Duchess_of_Cleves	child	Katherine_of_Bavaria
Mary_of_Burgundy_Duchess_of_Cleves	child	Rudolf_II_Holy_Roman_Emperor
Mary_of_Burgundy_Duchess_of_Cleves	child	Johann_Wilhelm_Elector_Palatine
Mary_of_Burgundy_Duchess_of_Cleves	child	Elisabeth_of_Valois
Mary_of_Burgundy_Duchess_of_Cleves	child	John_I_Duke_of_Cleves
Nicholas_Francis_Duke_of_Lorraine	child	Frederick_III_Duke_of_Lorraine
Nicholas_Francis_Duke_of_Lorraine	child	Louis_of_Valois
Dirk_III_Count_of_Holland	child	Princess_Marie_of_Orl_ans_1813_1839
Alfonso_X_of_Castile	child	Blanche_of_Burgundy_Countess_of_Savoy
Alfonso_X_of_Castile	child	Berengaria_of_Castile
Alfonso_X_of_Castile	child	Prince_Francis_Count_of_Trapani
Alfonso_X_of_Castile	child	Catherine_of_Lorraine_1573_1648
Alfonso_X_of_Castile	child	Catherine_of_Hungary_Queen_of_Serbia
Alfonso_X_of_Castile	child	David_I_of_Scotland
Louis_Duke_of_Orl_ans_1703_1752	child	John_Count_Palatine_of_Neumarkt
Landgravine_Elisabeth_Amalie_of_Hesse_Darmstadt	child	Eleanor_de_Medici
Landgravine_Elisabeth_Amalie_of_Hesse_Darmstadt	child	Louis_Dauphin_of_France_son_of_Louis_XIV
Landgravine_Elisabeth_Amalie_of_Hesse_Darmstadt	child	Hugh_the_Great
Landgravine_Elisabeth_Amalie_of_Hesse_Darmstadt	child	Joanna_of_Hainaut
Landgravine_Elisabeth_Amalie_of_Hesse_Darmstadt	child	Rudolf_IV_Duke_of_Austria
Landgravine_Elisabeth_Amalie_of_Hesse_Darmstadt	child	Matthew_Count_of_Boulogne
Landgravine_Elisabeth_Amalie_of_Hesse_Darmstadt	child	Blanche_of_France_Infanta_of_Castile
Landgravine_Elisabeth_Amalie_of_Hesse_Darmstadt	child	Lucien_Bonaparte
Landgravine_Elisabeth_Amalie_of_Hesse_Darmstadt	child	Anna_of_Hesse
James_II_of_Scotland	child	Elisabeth_of_Austria_Duchess_of_Lorraine
James_II_of_Scotland	child	Edmund_Tudor_Duke_of_Somerset
James_II_of_Scotland	child	Philip_I_Count_of_Boulogne
Willa_of_Tuscany	child	Claude_of_France
Willa_of_Tuscany	child	Prince_John_August_of_Saxe_Gotha_Altenburg
Willa_of_Tuscany	child	Adam_FitzRoy
Willa_of_Tuscany	child	Anne_of_York_daughter_of_Edward_IV
Maria_Anna_of_Bavaria_born_1551	child	Maria_Luisa_of_Spain
Maria_Anna_of_Bavaria_born_1551	child	Carloman_II
Maria_Anna_of_Bavaria_born_1551	child	Carloman_of_Bavaria
Maria_Anna_of_Bavaria_born_1551	child	Irmgard_of_Chiemsee
Maria_Anna_of_Bavaria_born_1551	child	Henry_Beaumont_3rd_Baron_Beaumont
Maria_Anna_of_Bavaria_born_1551	child	Count_of_Boulogne
Maria_Anna_of_Bavaria_born_1551	child	Adela_of_France
Maria_Anna_of_Bavaria_born_1551	child	Peter_of_Castile_Lord_of_Cameros
Maria_Luisa_of_Spain	child	Charles_Emmanuel_III_of_Sardinia
Maria_Luisa_of_Spain	child	Prince_Octavius_of_Great_Britain
Maria_Luisa_of_Spain	child	Eadhild
Maria_Luisa_of_Spain	child	Robert_II_of_France
Maria_Luisa_of_Spain	child	Louis_Antoine_Duke_of_Angoul_me
Maria_Luisa_of_Spain	child	Marie_Z_phyrine_of_France
Maria_Luisa_of_Spain	child	Nicolas_Henri_Duke_of_Orl_ans
Maria_Luisa_of_Spain	child	Christine_of_Hesse
Maria_Luisa_of_Spain	child	August_of_Saxe_Weissenfels_1650_1674
Maria_Luisa_of_Spain	child	Constance_of_France_Countess_of_Toulouse
Maria_Theresa_of_Spain	child	Arthur_III_Duke_of_Brittany
Maria_Theresa_of_Spain	child	Archduchess_Gregoria_Maximiliana_of_Austria
Henry_the_Lion	child	Maria_of_Aragon_Queen_of_Portugal
Henry_the_Lion	child	Isabelle_de_Bourbon
Henry_the_Lion	child	Prince_Adolphus_Duke_of_Cambridge
Beatriz_of_Portugal_Duchess_of_Viseu	child	Stephen_III_Duke_of_Bavaria
Beatriz_of_Portugal_Duchess_of_Viseu	child	Blanche_of_France_Duchess_of_Orl_ans
Beatriz_of_Portugal_Duchess_of_Viseu	child	Archduke_John_of_Austria
Ferdinand_II_of_Aragon	child	Charles_Emmanuel_I_Duke_of_Savoy
Ferdinand_II_of_Aragon	child	Charles_Duke_of_Orl_ans
Ferdinand_II_of_Aragon	child	Anne_Marie_Th_r_se_de_Lorraine
Ferdinand_II_of_Aragon	child	Cardinal_Infante_Afonso_of_Portugal
Ferdinand_II_of_Aragon	child	John_of_Burgundy_1231_68
Ferdinand_II_of_Aragon	child	Anne_Princess_Royal_and_Princess_of_Orange
Willa_of_Burgundy	child	Isabella_of_Portugal
Hugh_of_Italy	child	Maria_Cristina_of_Savoy
Rudolph_II_of_Burgundy	child	Margaret_Countess_of_Anjou
Rudolph_II_of_Burgundy	child	Sudislav
Henry_II_of_France	child	Charles_VI_of_France
Henry_II_of_France	child	Maria_Theresa_of_Austria_Este_Queen_of_Sardinia
Henry_II_of_France	child	Ferdinand_II_Holy_Roman_Emperor
Henry_II_of_France	child	Charles_of_Valois_Duke_of_Berry
Henry_II_of_France	child	Rudolf_II_Holy_Roman_Emperor
Henry_II_of_France	child	Agatha_of_Lorraine
Henry_II_of_France	child	Adam_Gordon_of_Auchindoun
Eug_nie_de_Montijo	child	Infanta_Luisa_Fernanda_Duchess_of_Montpensier
Napoleon_III	child	Francis_II_Holy_Roman_Emperor
Clemence_of_Austria	child	Henry_3rd_Earl_of_Lancaster
Clemence_of_Austria	child	Infante_Gabriel_of_Spain
Charles_VI_of_France	child	Marie_Countess_of_Ponthieu
Charles_VI_of_France	child	Marie_of_Cleves_Duchess_of_Orl_ans
Charles_VI_of_France	child	Prince_Carlo_Francesco_Duke_of_Aosta
Charles_VI_of_France	child	Maximiliana_Maria_of_Bavaria
Charles_VI_of_France	child	Albert_II_Duke_of_Saxony
Charles_VI_of_France	child	Catherine_of_France_Countess_of_Montpensier
Duke_Charles_Louis_Frederick_of_Mecklenburg	child	Izyaslav_of_Polotsk
Duke_Charles_Louis_Frederick_of_Mecklenburg	child	James_Stewart_1st_Earl_of_Moray
Duke_Charles_Louis_Frederick_of_Mecklenburg	child	_lfweard_of_Wessex
Duke_Charles_Louis_Frederick_of_Mecklenburg	child	James_Duke_of_Rothesay_born_1540
Duke_Charles_Louis_Frederick_of_Mecklenburg	child	Afonso_Prince_of_Portugal
Joan_I_Countess_of_Auvergne	child	Saint_Margaret_of_Scotland
Henry_V_of_England	child	Lothair_II_of_Italy
Joan_of__vreux	child	John_III_Duke_of_Bavaria
Louis_Count_of__vreux	child	Odo_IV_Duke_of_Burgundy
Louis_Count_of__vreux	child	Princess_Augusta_of_Great_Britain
Louis_Count_of__vreux	child	Louis_Duke_of_Guyenne
Claude_of_France	child	Henry_VII_Holy_Roman_Emperor
Claude_of_France	child	Baldwin_of_Luxembourg
Claude_of_France	child	Fran_ois_de_Lorraine
Claude_of_France	child	Isabella_of_France_Dauphine_of_Viennois
Claude_of_France	child	Robert_III_Count_of_Dreux
Louis_I_Duke_of_Bourbon	child	Maria_Josepha_of_Saxony_Dauphine_of_France
Louis_I_Duke_of_Bourbon	child	Infante_Carlos_of_Spain_1607_1632
Marie_Antoinette	child	Agnes_of_Burgundy_Duchess_of_Bourbon
Marie_Antoinette	child	Mary_of_Hungary_Queen_of_Naples
Marie_Antoinette	child	Maria_Elisabetta_Carlotta_of_Savoy
Charles_X	child	Hugh_V_Duke_of_Burgundy
Charles_X	child	Luisa_of_Naples_and_Sicily
Charles_X	child	Catherine_of_Cleves_1417_1479
Charles_III_Duke_of_Savoy	child	Rudolf_II_Duke_of_Austria
Margaret_of_Bourbon_1438_1483	child	Marie_of_Orl_ans_Viscountess_of_Narbonne
Margaret_of_Bourbon_1438_1483	child	Adalbert_of_Italy
Maria_Theresa_of_Austria_Este_Queen_of_Sardinia	child	Blanche_of_Navarre_Queen_of_France
Maria_Theresa_of_Austria_Este_Queen_of_Sardinia	child	Catherine_of_Valois_Courtenay
Maria_Theresa_of_Austria_Este_Queen_of_Sardinia	child	Princess_Elizabeth_of_the_United_Kingdom
Maria_Theresa_of_Austria_Este_Queen_of_Sardinia	child	Prince_George_William_of_Great_Britain
Vladimir_the_Great	child	Henry_I_of_Castile
Vladimir_the_Great	child	Antoine_of_Navarre
Vladimir_the_Great	child	Marie_Louise_Duchess_of_Parma
Vladimir_the_Great	child	Philip_of_France_Archdeacon_of_Paris
Vladimir_the_Great	child	Ferdinando_I_de_Medici_Grand_Duke_of_Tuscany
Sviatoslav_I	child	Prince_Maurizio_Duke_of_Montferrat
Sviatoslav_I	child	Peter_Tempesta
Sviatoslav_I	child	Louise__lisabeth_d_Orl_ans
John_of_Montfort	child	Henri_Count_of_Chambord
John_of_Montfort	child	Elizabeth_Stuart_daughter_of_Charles_I
Fulk_King_of_Jerusalem	child	Prince_Henry_the_Navigator
Fulk_King_of_Jerusalem	child	Beatrice_of_Luxembourg
Fulk_King_of_Jerusalem	child	_thelbald_King_of_Wessex
Fulk_King_of_Jerusalem	child	Maria_Amalia_Duchess_of_Parma
Fulk_King_of_Jerusalem	child	Robert_I_Count_of_Artois
Geoffrey_Plantagenet_Count_of_Anjou	child	Philip_V_of_France
Geoffrey_Plantagenet_Count_of_Anjou	child	Isabella_of_France_Queen_of_Navarre
Geoffrey_Plantagenet_Count_of_Anjou	child	Charles_II_Grand_Duke_of_Mecklenburg_Strelitz
Catherine_de_Medici	child	Gerberga_of_Saxony
Catherine_de_Medici	child	Peter_I_of_Portugal
Catherine_de_Medici	child	Charles_the_Child
Catherine_de_Medici	child	Sviatoslav_II_of_Kiev
Catherine_de_Medici	child	Princess_Maria_Vittoria_Margherita_of_Savoy
Catherine_de_Medici	child	Maria_of_Aragon_Queen_of_Castile
Emma_of_Italy	child	Anne_of_Bohemia_Duchess_of_Austria
Victor_Amadeus_III_of_Sardinia	child	James_II_of_Scotland
Victor_Amadeus_III_of_Sardinia	child	Marie_of_Luxembourg_Queen_of_France
Victor_Amadeus_III_of_Sardinia	child	Charlotte_of_Savoy
Victor_Amadeus_III_of_Sardinia	child	Boris_and_Gleb
Victor_Amadeus_III_of_Sardinia	child	Maria_Luisa_Gabriella_of_Savoy
Victor_Amadeus_III_of_Sardinia	child	Thomas_Beaufort_Duke_of_Exeter
Victor_Amadeus_III_of_Sardinia	child	Louis_of_France_1264_1276
Victor_Amadeus_III_of_Sardinia	child	Gertrude_of_Bavaria
Louis_XII	child	Eleanor_of_Navarre
Louis_XII	child	Charles_de_Lorraine_de_Vaud_mont
Philip_I_of_Castile	child	Dirk_II_Count_of_Holland
Philip_I_of_Castile	child	Eleanor_of_England_Queen_of_Castile
Philip_I_of_Castile	child	Louis_the_Younger
Philip_I_of_Castile	child	Urraca_of_Castile_Queen_of_Navarre
Philip_I_of_Castile	child	Joan_of_Acre
Eleanor_of_Castile	child	Francis_II_of_France
Eleanor_of_Castile	child	Richard_FitzRoy
Eleanor_of_Castile	child	Sanchia_of_Provence
Eleanor_of_Castile	child	Sviatoslav_II_of_Kiev
Alfonso_IX_of_Le_n	child	Charlotte_of_Mecklenburg_Strelitz
Alfonso_IX_of_Le_n	child	Maria_Ludovika_of_Austria_Este
Alfonso_IX_of_Le_n	child	Peter_I_Count_of_Alen_on
James_I_of_Scotland	child	Rozala_of_Italy
James_I_of_Scotland	child	Catherine_of_Valois
James_I_of_Scotland	child	Margaret_of_the_Palatinate
James_I_of_Scotland	child	Maria_of_Portugal_Duchess_of_Viseu
James_I_of_Scotland	child	Vladimir_of_Novgorod
James_I_of_Scotland	child	Maximilian_William_of_Brunswic_L_neburg
Charles_VIII_of_France	child	Charles_II_de_Valois_Duke_of_Orl_ans
Louis_XI	child	Marie_of_France_Countess_of_Champagne
Louis_XI	child	Sancho_IV_of_Castile
Louis_XI	child	Margaret_of_Savoy_Countess_of_Saint_Pol
Cosimo_I_de_Medici_Grand_Duke_of_Tuscany	child	Charles_II_Archduke_of_Austria
Cosimo_I_de_Medici_Grand_Duke_of_Tuscany	child	Napol_on_Louis_Bonaparte
Cosimo_I_de_Medici_Grand_Duke_of_Tuscany	child	Archduchess_Maria_Amalia_of_Austria_1780_1798
Cosimo_I_de_Medici_Grand_Duke_of_Tuscany	child	Anna_de_Medici
Cosimo_I_de_Medici_Grand_Duke_of_Tuscany	child	Maria_Anna_of_Savoy_Duchess_of_Chablais
Cosimo_I_de_Medici_Grand_Duke_of_Tuscany	child	Joanna_Sophia_of_Bavaria
Cosimo_I_de_Medici_Grand_Duke_of_Tuscany	child	Archduke_Louis_of_Austria
Cosimo_I_de_Medici_Grand_Duke_of_Tuscany	child	Archduke_Anton_Victor_of_Austria
Peter_I_of_Portugal	child	Charles_Frederick_Grand_Duke_of_Saxe_Weimar_Eisenach
Peter_I_of_Portugal	child	Philip_IV_of_France
Peter_I_of_Portugal	child	Malusha
Peter_I_of_Portugal	child	Isabelle_of_France_saint
Peter_I_of_Portugal	child	Ferdinand_I_of_Austria
Peter_I_of_Portugal	child	Archduchess_Clementina_of_Austria
Raymond_of_Burgundy	child	Empress_Matilda
Raymond_of_Burgundy	child	Adalbert_of_Italy
Lothair_II_of_Italy	child	Charles_X
Jacquetta_of_Luxembourg	child	Eleanor_of_Castile_Queen_of_Navarre
Jacquetta_of_Luxembourg	child	William_Adelin
Jacquetta_of_Luxembourg	child	Louis_I_of_Anjou
Jacquetta_of_Luxembourg	child	John_King_of_England
Jacquetta_of_Luxembourg	child	Jacques_of_Savoy_Count_of_Romont
Jacquetta_of_Luxembourg	child	Philip_Count_of_Longueville
Jacquetta_of_Luxembourg	child	Archduchess_Maria_Anna_of_Austria_born_1738
Jacquetta_of_Luxembourg	child	Margaret_I_Countess_of_Burgundy
George_I_of_Great_Britain	child	Archduchess_Maria_Amalia_of_Austria_1780_1798
Ernest_Augustus_Elector_of_Hanover	child	Ernest_II_Duke_of_Brunswic_L_neburg
Ernest_Augustus_Elector_of_Hanover	child	Marie_Z_phyrine_of_France
Ernest_Augustus_Elector_of_Hanover	child	Maria_Antonia_Ferdinanda_of_Spain
Ernest_Augustus_Elector_of_Hanover	child	Caroline_Bonaparte
Margaret_of_Anjou	child	Princess_Anne_Charlotte_of_Lorraine
Charlotte_of_Bourbon_Queen_of_Cyprus	child	Maria_Leopoldina_of_Austria
Princess_Elisabeth_Albertine_of_Saxe_Hildburghausen	child	Antoine_Duke_of_Lorraine
Princess_Elisabeth_Albertine_of_Saxe_Hildburghausen	child	Beatrice_of_Portugal_Duchess_of_Savoy
Princess_Elisabeth_Albertine_of_Saxe_Hildburghausen	child	Vsevolod_I_of_Kiev
Princess_Elisabeth_Albertine_of_Saxe_Hildburghausen	child	Marie_of_France_Duchess_of_Brabant
Anne_of_Bohemia_and_Hungary	child	Joan_of_Valois_Countess_of_Hainaut
Anne_of_Bohemia_and_Hungary	child	Maria_Amalia_of_Naples_and_Sicily
Anne_of_Bohemia_and_Hungary	child	Prince_Frederick_of_Great_Britain
Anne_of_Bohemia_and_Hungary	child	Carlo_Duke_of_Calabria
Anne_of_Bohemia_and_Hungary	child	Albert_II_Duke_of_Austria
Anne_of_Bohemia_and_Hungary	child	Thankmar
Anne_of_Bohemia_and_Hungary	child	Augustus_the_Elder_Duke_of_Brunswic_L_neburg
Louis_IV_of_France	child	Ernest_Augustus_Duke_of_York_and_Albany
Louis_IV_of_France	child	John_Duke_of_Berry
Henry_VII_Holy_Roman_Emperor	child	Anne_Marie_d_Orl_ans
Henry_VII_Holy_Roman_Emperor	child	Alphonse_Count_of_Poitiers
Henry_VII_Holy_Roman_Emperor	child	Archduchess_Maria_Josepha_of_Austria
Saint_Margaret_of_Scotland	child	John_II_of_France
Saint_Margaret_of_Scotland	child	Igor_Yaroslavich
Saint_Margaret_of_Scotland	child	John_Tristan_Count_of_Valois
Saint_Margaret_of_Scotland	child	Jehan_de_Braine
Louis_XIII	child	John_of_Bohemia
Marie_de_Medici	child	Charles_the_Simple
Marie_de_Medici	child	Gian_Galeazzo_Sforza
Marie_de_Medici	child	Louis_IV_of_France
Marie_de_Medici	child	Egbert_archbishop_of_Trier
Marie_de_Medici	child	Louis_the_Younger
Marie_de_Medici	child	Catherine_of_Aragon
Charles_the_Bald	child	Elisabeth_Therese_of_Lorraine
Charles_the_Bald	child	Francesco_I_de_Medici_Grand_Duke_of_Tuscany
Charles_the_Bald	child	Duchess_Charlotte_Felicitas_of_Brunswic_L_neburg
Charles_the_Bald	child	Lionel_Woodville
Rudolph_Duke_of_Lorraine	child	Judith_of_Habsburg
John_I_of_Portugal	child	Albert_I_of_Germany
John_I_of_Portugal	child	Louise_of_Savoy
John_I_of_Portugal	child	Hugh_Capet
John_I_of_Portugal	child	Radegonde_of_Valois
John_I_of_Portugal	child	Ferdinand_Karl_Archduke_of_Austria_Este
John_I_of_Portugal	child	Conrad_II_Duke_of_Transjurane_Burgundy
John_I_of_Portugal	child	Napol_on_Charles_Bonaparte
John_I_of_Portugal	child	Louis_of_France_1244_1260
Odo_IV_Duke_of_Burgundy	child	Eleanor_of_Portugal_Holy_Roman_Empress
Joan_III_Countess_of_Burgundy	child	Prince_Adolphus_Duke_of_Cambridge
Elisabeth_of_France_1602_1644	child	Theresa_of_Portugal_Queen_of_Le_n
Elisabeth_of_France_1602_1644	child	Catherine_of_Austria_Queen_of_Portugal
Yolanda_of_Courtenay	child	Robert_King_of_Naples
Constance_of_Arles	child	Anne_of_Austria
Constance_of_Arles	child	Louis_XIII
Constance_of_Arles	child	Gisela_of_France_Countess_of_Ponthieu
Constance_of_Arles	child	Hucbert
James_I_of_Aragon	child	Charlotte_de_Br_z_
James_I_of_Aragon	child	Archduke_Alexander_Leopold_of_Austria
James_I_of_Aragon	child	Hugh_II_Duke_of_Burgundy
James_I_of_Aragon	child	Anne_of_Austria_Landgravine_of_Thuringia
James_I_of_Aragon	child	Joan_of_France_Duchess_of_Bourbon
Maria_Amalia_of_Naples_and_Sicily	child	Henry_II_of_France
Maria_Amalia_of_Naples_and_Sicily	child	Napoleon_III
Maria_Amalia_of_Naples_and_Sicily	child	Archduke_Joseph_Franz_of_Austria
Maria_Amalia_of_Naples_and_Sicily	child	Henrietta_Maria
Maria_Amalia_of_Naples_and_Sicily	child	Archduchess_Maria_Theresa_of_Austria_Este_1817_1886
Maria_Amalia_of_Naples_and_Sicily	child	Agnes_of_France_Byzantine_Empress
Maria_Amalia_of_Naples_and_Sicily	child	Vladimir_of_Novgorod
Maria_Amalia_of_Naples_and_Sicily	child	Maria_Elisabeth_of_Saxony_1736_1818
Maria_Carolina_of_Austria	child	Joan_of_Portugal
Maria_Carolina_of_Austria	child	John_of_Castile_Lord_of_Valencia_de_Campos
Maria_Carolina_of_Austria	child	Matilda_of_England_Duchess_of_Saxony
Maria_Carolina_of_Austria	child	Prince_Robert_Duke_of_Chartres
Maria_Carolina_of_Austria	child	Dobroniega_Ludgarda_of_Poland
Maria_Carolina_of_Austria	child	Philip_Count_of_Vertus
Maria_Carolina_of_Austria	child	Charles_II_Duke_of_Lorraine
Maria_Carolina_of_Austria	child	Infante_Philip_Duke_of_Calabria
Maria_Carolina_of_Austria	child	Guy_of_Ivrea
Maria_Carolina_of_Austria	child	_lisabeth_of_France
Marie_of_Brabant_Queen_of_France	child	Francis_IV_Duke_of_Modena
Marie_of_Brabant_Queen_of_France	child	Magdalene_Sibylle_of_Prussia
Marie_of_Brabant_Queen_of_France	child	Sophie_of_Brunswic_L_neburg
Matilda_of_Scotland	child	J_r_me_Bonaparte
Matilda_of_Scotland	child	Louis_of_France_1244_1260
Charles_Emmanuel_I_Duke_of_Savoy	child	Francis_Louis_of_Palatinate_Neuburg
Charles_Emmanuel_I_Duke_of_Savoy	child	Matilda_of_Habsburg
Charles_Emmanuel_I_Duke_of_Savoy	child	Louis_Prince_of_Cond__1530_1569
Charles_Emmanuel_I_Duke_of_Savoy	child	Charles_V_Duke_of_Lorraine
Charles_Emmanuel_I_Duke_of_Savoy	child	Isabella_of_Castile_Queen_of_Aragon
Maria_Amalia_of_Saxony	child	Sancho_II_of_Portugal
Maria_Amalia_of_Saxony	child	Igor_of_Kiev
Maria_Amalia_of_Saxony	child	Louis_of_Cyprus
Maria_Amalia_of_Saxony	child	Marie_of_Brittany_Countess_of_Saint_Pol
Maria_Amalia_of_Saxony	child	Caroline_Matilda_of_Great_Britain
Maria_Amalia_of_Saxony	child	Princess_Margaret_Yolande_of_Savoy
Maria_Amalia_of_Saxony	child	Leopold_Prince_of_Salerno
Maria_Amalia_of_Saxony	child	Alexander_Stewart_Earl_of_Buchan
Hedwig_of_Saxony	child	Princess_Isabelle_of_Orl_ans_1878_1961
Hedwig_of_Saxony	child	John_Duke_of_Touraine
Hedwig_of_Saxony	child	Ermengarde_of_Anjou_d._1146
Isabella_of_Hainault	child	Albert_I_of_Germany
Maria_Theresa_of_Naples_and_Sicily	child	Alphonso_Earl_of_Chester
Maria_Theresa_of_Naples_and_Sicily	child	Maria_Amalia_of_Saxony
Maria_Theresa_of_Naples_and_Sicily	child	Adelaide_of_Italy
Maria_Theresa_of_Naples_and_Sicily	child	Geoffrey_IV_Count_of_Anjou
Maria_Theresa_of_Naples_and_Sicily	child	Catherine_of_France_Countess_of_Charolais
Maria_Theresa_of_Naples_and_Sicily	child	Anne_of_Austria_Queen_of_Poland
Maria_Theresa_of_Naples_and_Sicily	child	Louise_Diane_Princess_of_Conti
Maria_Theresa_of_Naples_and_Sicily	child	Louis_of_Toulouse
Archduchess_Maria_Clementina_of_Austria	child	Maria_Cristina_of_Naples_and_Sicily
Charles_VII_of_France	child	Eleanor_of_Castile
Charles_VII_of_France	child	Louis_the_Stammerer
Charles_VII_of_France	child	Patrick_Gordon_of_Auchindoun
Charles_VII_of_France	child	John_II_Duke_of_Bourbon
Charles_VII_of_France	child	Garzia_de_Medici
Charles_VII_of_France	child	Isabelle_of_France_saint
Charles_VII_of_France	child	Thomas_Grey_1st_Marquess_of_Dorset
Charles_IX_of_France	child	Prince_Philippe_Duke_of_Orl_ans_1869_1926
Charles_IX_of_France	child	John_III_of_Portugal
Margaret_of_Brabant	child	Charles_I_of_Anjou
Margaret_of_Brabant	child	Charlotte_Princess_Royal
Philip_III_of_France	child	Marie_of_Brittany_Countess_of_Saint_Pol
Philip_III_of_France	child	Margaret_Tudor
Philip_III_of_France	child	Eleanor_of_England_Countess_of_Bar
Philip_III_of_France	child	Maria_of_Portugal_Queen_of_Castile
Philip_III_of_France	child	Adela_of_France
Margaret_of_Bavaria	child	Rudolph_III_of_Burgundy
Margaret_of_Bavaria	child	Alexander_Sigismund_von_der_Pfalz_Neuburg
Margaret_of_Bavaria	child	William_II_Duke_of_Bavaria
Margaret_of_Bavaria	child	Margaret_of_France_Queen_of_England
Louis_IX_of_France	child	Philip_II_Duke_of_Savoy
Louis_IX_of_France	child	Louis_I_Duke_of_Orl_ans
Louis_IX_of_France	child	John_II_of_Aragon
Louis_IX_of_France	child	Marie_of_Valois_Duchess_of_Calabria
Louis_IX_of_France	child	Charles_d_vreux
Louis_IX_of_France	child	Ercole_III_d_Este_Duke_of_Modena
Louis_IX_of_France	child	Amadeus_IX_Duke_of_Savoy
Louis_IX_of_France	child	Sancha_of_Castile_Queen_of_Navarre
Violant_of_Hungary	child	Elisabeth_Farnese
Violant_of_Hungary	child	Charles_Prince_of_Taranto
Violant_of_Hungary	child	Sophie_of_France_1776_1783
Ferdinand_II_of_Le_n	child	Anne_of_France
Alfonso_VII_of_Le_n_and_Castile	child	Richeza_of_Denmark
Alfonso_VII_of_Le_n_and_Castile	child	William_IX_Count_of_Poitiers
Alfonso_VII_of_Le_n_and_Castile	child	Princess_Mar_a_Cristina_of_Orl_ans
Alfonso_VII_of_Le_n_and_Castile	child	Ferdinand_Philippe_Duke_of_Orl_ans
Alfonso_VII_of_Le_n_and_Castile	child	Sancha_Lady_of_Alenquer
Alfonso_VII_of_Le_n_and_Castile	child	James_II_of_Majorca
Isabella_of_Aragon_Queen_of_France	child	Charles_I_of_Hungary
Isabella_of_Aragon_Queen_of_France	child	Hortense_de_Beauharnais
Ferdinand_I_of_Aragon	child	John_Count_of_Soissons_and_Enghien
Ferdinand_I_of_Aragon	child	Richard_I_of_England
Ferdinand_I_of_Aragon	child	John_V_Duke_of_Brittany
Ferdinand_I_of_Aragon	child	Fernando_Lord_of_Serpa
Ferdinand_I_of_Aragon	child	Victor_Amadeus_Prince_of_Piedmont
Ferdinand_I_of_Aragon	child	Princess_Luisa_Cristina_of_Savoy
Robert_I_Duke_of_Burgundy	child	Elisabeth_of_France_1602_1644
Frederick_I_Duke_of_Lorraine	child	Philip_the_Bold
Robert_III_of_Scotland	child	Princess_Maria_Carolina_of_Savoy
Louis_the_Stammerer	child	Margaret_of_Valois_Duchess_of_Berry
Louis_the_Stammerer	child	Cardinal_Infante_Ferdinand_of_Austria
Louis_the_Stammerer	child	_lfweard_of_Wessex
Rudolph_I_of_Burgundy	child	James_II_of_Majorca
Rudolph_I_of_Burgundy	child	Otto_Duke_of_Burgundy
Philippe_I_Duke_of_Orl_ans	child	James_I_Count_of_La_Marche
Sophia_of_Minsk	child	John_Beaufort_1st_Earl_of_Somerset
Sophia_of_Minsk	child	Marie_Louise_Duchess_of_Parma
Sophia_of_Minsk	child	Amadeus_IX_Duke_of_Savoy
Ferdinand_III_of_Castile	child	Ferdinand_Duke_of_Viseu
Ferdinand_III_of_Castile	child	Frederick_I_Elector_of_Brandenburg
Ferdinand_III_of_Castile	child	Louis_Hereditary_Prince_of_Lorraine
Ferdinand_III_of_Castile	child	Louis_Count_of_Vermandois
Ferdinand_III_of_Castile	child	Catherine_of_France_Countess_of_Montpensier
Ferdinand_III_of_Castile	child	Archduke_Ferdinand_Karl_Viktor_of_Austria_Este
Maria_of_Aragon_Queen_of_Portugal	child	Cecile_of_France
Maria_of_Aragon_Queen_of_Portugal	child	Anna_of_Austria_Queen_of_Spain
Maria_of_Aragon_Queen_of_Portugal	child	Eleanor_of_England_Countess_of_Leicester
Maria_of_Aragon_Queen_of_Portugal	child	Bertha_of_Holland
Maria_of_Aragon_Queen_of_Portugal	child	Princess_Mary_Duchess_of_Gloucester_and_Edinburgh
Maria_of_Aragon_Queen_of_Portugal	child	Mafalda_of_Portugal
Elizabeth_of_York	child	Philip_I_of_Castile
Elizabeth_of_York	child	Patrick_Gordon_of_Auchindoun
Elizabeth_of_York	child	Maria_of_Austria_Duchess_of_J_lich_Cleves_Berg
Elizabeth_of_York	child	Arnulf_archbishop_of_Reims
Adelaide_of_Maurienne	child	Charles_V_of_France
Adelaide_of_Maurienne	child	Margaret_of_Bourbon_1438_1483
Adelaide_of_Maurienne	child	Robert_I_Count_of_Dreux
Adelaide_of_Maurienne	child	Margaret_of_Nevers
Emmanuel_Philibert_Duke_of_Savoy	child	Maria_Theresa_of_Naples_and_Sicily
Charlotte_of_Mecklenburg_Strelitz	child	Odo_of_France
Charlotte_of_Mecklenburg_Strelitz	child	Isabella_of_Austria
Charlotte_of_Mecklenburg_Strelitz	child	Robert_I_Duke_of_Burgundy
Charlotte_of_Mecklenburg_Strelitz	child	Afonso_III_of_Portugal
Charlotte_of_Mecklenburg_Strelitz	child	C_sar_Duke_of_Vend_me
Charlotte_of_Mecklenburg_Strelitz	child	Maria_of_Portugal_Marchioness_of_Tortosa
Charlotte_of_Mecklenburg_Strelitz	child	Marie_of_Valois_Prioress_of_Poissy
Charlotte_of_Mecklenburg_Strelitz	child	Matthias_Holy_Roman_Emperor
Charlotte_of_Mecklenburg_Strelitz	child	Charles_Ferdinand_Duke_of_Berry
Charlotte_of_Mecklenburg_Strelitz	child	Elisabeth_of_Courtenay
Charlotte_of_Mecklenburg_Strelitz	child	Elias_II_Count_of_Maine
Charlotte_of_Mecklenburg_Strelitz	child	Lothair_the_Lame
Blanche_of_Castile	child	Ferdinand_I_of_Aragon
Blanche_of_Castile	child	Conrad_of_Ivrea
Blanche_of_Castile	child	Afonso_of_Portugal_Lord_of_Portalegre
Blanche_of_Castile	child	Constance_of_Aragon_Lady_of_Villena
Maximilian_I_Holy_Roman_Emperor	child	Beatrice_of_Portugal_died_1381
Maximilian_I_Holy_Roman_Emperor	child	Louis_Duke_of_Orl_ans_1703_1752
Eleanor_of_Viseu	child	Philip_of_France_1116_1131
John_II_of_Portugal	child	Elizabeth_of_Luxembourg
Odo_I_Duke_of_Burgundy	child	Claude_of_France_1547_1575
Odo_I_Duke_of_Burgundy	child	Anne_of_Austria_Margravine_of_Brandenburg
Odo_I_Duke_of_Burgundy	child	Philip_William_August_Count_Palatine_of_Neuburg
Antoinette_of_Bourbon	child	Joan_of_Brittany_Baroness_of_Drayton
Antoinette_of_Bourbon	child	Agust_n_Mar_a_Mu_oz_y_Borb_n_1st_Duke_of_Taranc_n
Antoinette_of_Bourbon	child	Frederick_I_Count_of_Vaud_mont
Antoinette_of_Bourbon	child	Matthias_Holy_Roman_Emperor
Antoinette_of_Bourbon	child	Berengaria_of_Portugal
Maria_Josepha_of_Saxony_Dauphine_of_France	child	Mary_of_Guise
Maria_Josepha_of_Saxony_Dauphine_of_France	child	Philip_II_Duke_of_Savoy
Maria_Josepha_of_Saxony_Dauphine_of_France	child	Infante_Antonio_Duke_of_Galliera
Maria_Josepha_of_Saxony_Dauphine_of_France	child	Luisa_Carlotta_of_the_Two_Sicilies
Maria_Josepha_of_Saxony_Dauphine_of_France	child	John_of_Eltham_Earl_of_Cornwall
Henrietta_Maria	child	Louis_I_Duke_of_Bourbon
Henrietta_Maria	child	Maria_Theresa
Henrietta_Maria	child	Gerberga_of_Burgundy
Louis_the_German	child	Charles_Emmanuel_II_Duke_of_Savoy
Louis_the_German	child	John_King_of_England
Louis_the_German	child	Prince_Charles_Alexander_of_Lorraine
Charles_the_Fat	child	Eadgifu_of_Wessex
Hugh_Capet	child	Amalric_of_Jerusalem
Theodoric_II_Duke_of_Lorraine	child	Florine_of_Burgundy
Ferdinand_I_Holy_Roman_Emperor	child	Louis_XV
Ferdinand_I_Holy_Roman_Emperor	child	Afonso_I_of_Portugal
Ferdinand_I_Holy_Roman_Emperor	child	John_II_of_Aragon
Ferdinand_I_Holy_Roman_Emperor	child	Charles_the_Bald
Ferdinand_I_Holy_Roman_Emperor	child	Baldwin_II_Latin_Emperor
Ferdinand_I_Holy_Roman_Emperor	child	Francis_II_Duke_of_Brittany
Ferdinand_I_Holy_Roman_Emperor	child	Edward_Woodville_Lord_Scales
Ferdinand_I_Holy_Roman_Emperor	child	Maria_Anna_of_Spain
Louis_Dauphin_of_France_son_of_Louis_XV	child	Beatrice_of_England
Louis_Dauphin_of_France_son_of_Louis_XV	child	John_II_Duke_of_Lorraine
Louis_Dauphin_of_France_son_of_Louis_XV	child	Anne_of_France
Louis_Dauphin_of_France_son_of_Louis_XV	child	Louis_Charles_Count_of_Beaujolais
Louis_Dauphin_of_France_son_of_Louis_XV	child	Matilda_of_Bavaria_Margravine_of_Meissen
Louis_Dauphin_of_France_son_of_Louis_XV	child	Eleonore_Magdalene_of_Neuburg
Theobald_I_of_Navarre	child	Archduke_Franz_Karl_of_Austria
Theobald_I_of_Navarre	child	Anne_of_Burgundy
Theobald_I_of_Navarre	child	Prince_Edward_Duke_of_York_and_Albany
Marie_Caroline_of_Bourbo_Two_Sicilies_Duchess_of_Berry	child	Henri_de_Lorraine_Chaligny
Marie_Caroline_of_Bourbo_Two_Sicilies_Duchess_of_Berry	child	Prince_Maurice_of_Savoy
Agnes_of_Burgundy_Duchess_of_Bourbon	child	Wilhelmine_Amalie_of_Brunswick
Agnes_of_Burgundy_Duchess_of_Bourbon	child	Louis_XI
Agnes_of_Burgundy_Duchess_of_Bourbon	child	Antonia_of_Savoy
Agnes_of_Burgundy_Duchess_of_Bourbon	child	Louis_XVI
Agnes_of_Burgundy_Duchess_of_Bourbon	child	Eleanor_of_Woodstock
Archduchess_Anna_of_Austria	child	Charles_Duke_of_Lower_Lorraine
Archduchess_Anna_of_Austria	child	Clotilde_of_France
Archduchess_Anna_of_Austria	child	Maria_of_Aragon_Queen_of_Portugal
Archduchess_Anna_of_Austria	child	Prince_Octavius_of_Great_Britain
Archduchess_Anna_of_Austria	child	Maria_of_Austria_Holy_Roman_Empress
Louis_I_of_Anjou	child	John_II_Duke_of_Lorraine
Louis_I_of_Anjou	child	Archduke_Charles_Joseph_of_Austria_born_1745
Charlotte_of_Savoy	child	Guy_of_Ivrea
Eleanor_of_Aquitaine	child	Philip_IV_of_Spain
Eleanor_of_Aquitaine	child	Maria_of_Naples
Eleanor_of_Aquitaine	child	Grifo_noble
Eleanor_of_Aquitaine	child	Mary_of_Burgundy
Eleanor_of_Aquitaine	child	Louis_Count_of__vreux
Eleanor_of_Aquitaine	child	Richeza_of_Denmark
Eleanor_of_Aquitaine	child	Margaret_of_England_Duchess_of_Brabant
Eleanor_of_Aquitaine	child	Archduchess_Maria_Maddalena_of_Austria
Eleanor_of_Aquitaine	child	Charles_III_Duke_of_Lorraine
Eleanor_of_Aquitaine	child	Adolphus_Frederick_III_Duke_of_Mecklenburg_Strelitz
Benedicta_Henrietta_of_the_Palatinate	child	Carloman_I
Benedicta_Henrietta_of_the_Palatinate	child	Marie_Louise_of_France_1728_1733
Mary_Queen_of_Scots	child	Pepin_the_Short
Anne_of_Brittany	child	Claude_of_France_1547_1575
Anne_of_Brittany	child	Matilda_of_France
Anne_of_Brittany	child	Am_lie_of_Orl_ans
_lffl_d_wife_of_Edward_the_Elder	child	Charles_Count_of_Valois
_lffl_d_wife_of_Edward_the_Elder	child	Charles_VI_of_France
_lffl_d_wife_of_Edward_the_Elder	child	Victor_Emmanuel_I_of_Sardinia
_lffl_d_wife_of_Edward_the_Elder	child	Maria_Anna_of_Savoy_Duchess_of_Chablais
Pepin_the_Short	child	Elizabeth_Tudor_1492_1495
Pepin_the_Short	child	Princess_Catherine_Beatrice_of_Savoy
Berengar_II_of_Italy	child	Rudolph_II_of_Burgundy
Berengar_II_of_Italy	child	Archduchess_Maria_Elisabeth_of_Austria_born_1737
Berengar_II_of_Italy	child	Infanta_Maria_Josefa_of_Spain
Berengar_II_of_Italy	child	Ad_la_de_d_Orl_ans
Rozala_of_Italy	child	Francis_I_Duke_of_Lorraine
Alfred_the_Great	child	Charles_Felix_of_Sardinia
Alfred_the_Great	child	Prince_Bernhard_of_Saxe_Weimar_Eisenach_1792_1862
Alfred_the_Great	child	Carloman_son_of_Charles_the_Bald
William_the_Younger_Duke_of_Brunswic_L_neburg	child	Eleanor_of_Provence
William_the_Younger_Duke_of_Brunswic_L_neburg	child	Yolanda_of_Courtenay
William_the_Younger_Duke_of_Brunswic_L_neburg	child	John_I_Duke_of_Lorraine
William_the_Younger_Duke_of_Brunswic_L_neburg	child	Napoleon_II
William_the_Younger_Duke_of_Brunswic_L_neburg	child	Princess_Amelia_of_the_United_Kingdom
William_the_Younger_Duke_of_Brunswic_L_neburg	child	Charles_IV_of_Spain
William_the_Younger_Duke_of_Brunswic_L_neburg	child	Thomas_2nd_Earl_of_Lancaster
Isabella_of_France	child	Sophia_of_Minsk
Isabella_of_France	child	David_Stewart_Earl_of_Moray
Isabella_of_France	child	Adam_Gordon_of_Auchindoun
Isabella_of_France	child	Jean_Marie_Duke_of_Ch_teauvillain
Joan_I_of_Navarre	child	Louis_Philippe_I
Joan_I_of_Navarre	child	Duke_Charles_Louis_Frederick_of_Mecklenburg
Joan_I_of_Navarre	child	Louis_of_Anjou_Marquis_of_Pont___Mousson
Joan_I_of_Navarre	child	Mercedes_of_Orl_ans
Elisabeth_Christine_of_Brunswic_Wolfenb_ttel	child	Louis_Philippe_I
Elisabeth_Christine_of_Brunswic_Wolfenb_ttel	child	Vladimir_the_Great
Sancho_III_of_Castile	child	Eleanor_of_Viseu
Alys_of_France_Countess_of_Vexin	child	Charlotte_Agla__d_Orl_ans
Charles_Duke_of_Vend_me	child	Thomas_Arundel
Charles_Duke_of_Vend_me	child	Anna_of_Hungary_Byzantine_empress
Charles_Duke_of_Vend_me	child	Pauline_Bonaparte
Charles_Duke_of_Vend_me	child	Cecily_of_York
Charles_Duke_of_Vend_me	child	Afonso_Prince_of_Portugal
Margaret_of_Foix	child	Marie_Elisabeth_of_France
Margaret_of_Foix	child	Agnes_of_France_Byzantine_Empress
Prince_Philippe_Count_of_Paris	child	Victor_Amadeus_I_Duke_of_Savoy
Prince_Philippe_Count_of_Paris	child	Blanche_of_Castile
Prince_Philippe_Count_of_Paris	child	Edmund_Tudor_1st_Earl_of_Richmond
Prince_Philippe_Count_of_Paris	child	Charles_IV_Holy_Roman_Emperor
George_Gordon_4th_Earl_of_Huntly	child	Louise_Marie_Anne_de_Bourbon
George_Gordon_4th_Earl_of_Huntly	child	Anne_of_Cyprus
George_Gordon_4th_Earl_of_Huntly	child	Henry_Brandon_1st_Earl_of_Lincoln
George_Gordon_4th_Earl_of_Huntly	child	Catherine_of_France_Countess_of_Charolais
George_Gordon_4th_Earl_of_Huntly	child	Margaret_of_France_Queen_of_England
Agatha_wife_of_Edward_the_Exile	child	Louis_IV_Landgrave_of_Hesse_Marburg
Agatha_wife_of_Edward_the_Exile	child	Philip_Duke_of_Nemours
Agatha_wife_of_Edward_the_Exile	child	Eleanor_of_Castile_died_1244
Robert_II_of_France	child	Louis_XI
Robert_II_of_France	child	Ferdinand_of_Castile_born_1238
Robert_II_of_France	child	Peter_of_Aragon_Count_of_Alburquerque
Robert_II_of_France	child	Napol_on_Prince_Imperial
Hugh_IV_Duke_of_Burgundy	child	Philip_IV_of_Spain
Hugh_IV_Duke_of_Burgundy	child	Isabel_of_Viseu
Frederick_IV_Duke_of_Lorraine	child	Blanche_of_Valois
Elizabeth_of_Luxembourg	child	Vyacheslav_Yaroslavich
Simon_I_Duke_of_Lorraine	child	Charles_of_Valois_Duke_of_Berry
Empress_Jos_phine	child	Violant_of_Bar
Empress_Jos_phine	child	Margaret_Theresa_of_Spain
Maximilian_II_Holy_Roman_Emperor	child	Violant_of_Hungary
Maximilian_II_Holy_Roman_Emperor	child	Maximilian_II_Holy_Roman_Emperor
Maximilian_II_Holy_Roman_Emperor	child	Elisabeth_of_Nuremberg
Maximilian_II_Holy_Roman_Emperor	child	Otto_I_Holy_Roman_Emperor
Maximilian_II_Holy_Roman_Emperor	child	Vsevolod_I_of_Kiev
Maximilian_II_Holy_Roman_Emperor	child	Louis_VI_Landgrave_of_Hesse_Darmstadt
Maximilian_II_Holy_Roman_Emperor	child	Mstislav_of_Chernigov
Baldwin_V_Count_of_Flanders	child	Louise_Ad_la_de_d_Orl_ans
Baldwin_V_Count_of_Flanders	child	Robert_Stewart_1st_Earl_of_Orkney
Baldwin_V_Count_of_Flanders	child	Archbishop_of_Cologne
Anne_Gonzaga	child	Prince_Philippe_Duke_of_Orl_ans_1869_1926
Anne_Gonzaga	child	John_II_Duke_of_Bavaria
Anne_Gonzaga	child	Ferdinand_III_Grand_Duke_of_Tuscany
Anna_Maria_of_Mecklenburg_Schwerin	child	Louis_X_of_France
Anna_Maria_of_Mecklenburg_Schwerin	child	Henry_VI_of_England
Anna_Maria_of_Mecklenburg_Schwerin	child	Marguerite_of_Lorraine
Anna_Maria_of_Mecklenburg_Schwerin	child	Margaret_of_Nevers
Anna_Maria_of_Mecklenburg_Schwerin	child	Peter_II_Count_of_La_Marche
Anna_Maria_of_Mecklenburg_Schwerin	child	Edmund_of_Scotland
Ramon_Berenguer_IV_Count_of_Provence	child	Berengaria_of_Le_n
Ramon_Berenguer_IV_Count_of_Provence	child	Isabella_of_France
Ramon_Berenguer_IV_Count_of_Provence	child	Saint_Casimir
Ramon_Berenguer_IV_Count_of_Provence	child	Catherine_of_Austria_Duchess_of_Calabria
Stephen_II_Duke_of_Bavaria	child	Henry_of_France_Archbishop_of_Reims
Stephen_II_Duke_of_Bavaria	child	Leopold_I_Duke_of_Austria
Stephen_II_Duke_of_Bavaria	child	Edward_V_of_England
Agnes_of_France_Duchess_of_Burgundy	child	John_Duke_of_Valencia_de_Campos
Agnes_of_France_Duchess_of_Burgundy	child	Charles_II_Duke_of_Bourbon
Agnes_of_France_Duchess_of_Burgundy	child	Francis_I_of_the_Two_Sicilies
Louis_XVI	child	Maria_Henrietta_of_Naples_and_Sicily
Louis_XVI	child	Frederick_IV_Duke_of_Brunswic_L_neburg
Louis_XVI	child	Archduke_Joseph_of_Austria_Palatine_of_Hungary
Henry_VI_of_England	child	Sigismund_I_the_Old
Mary_of_Hungary_Queen_of_Naples	child	Maria_Theresa_of_Austria_1767_1827
Mary_of_Hungary_Queen_of_Naples	child	Victor_Amadeus_II_of_Sardinia
Mary_of_Hungary_Queen_of_Naples	child	Isabella_of_Austria
Mary_of_Hungary_Queen_of_Naples	child	Blanche_of_Burgundy_Countess_of_Savoy
Mary_of_Hungary_Queen_of_Naples	child	Eleanor_of_England_Queen_of_Castile
Mary_of_Hungary_Queen_of_Naples	child	Antonio_de_Medici
Mary_of_Hungary_Queen_of_Naples	child	Blanche_of_France_Duchess_of_Austria
Mary_of_Hungary_Queen_of_Naples	child	Gisela_of_France
Mary_of_Hungary_Queen_of_Naples	child	Blanche_of_France_nun
Mary_of_Hungary_Queen_of_Naples	child	Am_lie_of_Orl_ans
Richard_Count_of__tampes	child	_thelstan_of_Kent
Margaret_of_Valois_Angoul_me	child	Alphonso_Earl_of_Chester
Pepin_of_Herstal	child	Edward_King_of_Portugal
Pepin_of_Herstal	child	Alfonso_V_of_Aragon
Pepin_of_Herstal	child	Francis_I_of_France
Francesco_I_de_Medici_Grand_Duke_of_Tuscany	child	Archduchess_Barbara_of_Austria
Francesco_I_de_Medici_Grand_Duke_of_Tuscany	child	Elisabeth_of_Hesse_Electress_Palatine
Francesco_I_de_Medici_Grand_Duke_of_Tuscany	child	John_I_Duke_of_Brittany
Francesco_I_de_Medici_Grand_Duke_of_Tuscany	child	Margaret_of_Valois
Elizabeth_Gordon_Countess_of_Huntly	child	Louis_Joseph_Dauphin_of_France
Elizabeth_Gordon_Countess_of_Huntly	child	Princess_Maria_Antonia_of_the_Two_Sicilies
Elizabeth_Gordon_Countess_of_Huntly	child	Mary_Tudor_Queen_of_France
Elizabeth_Gordon_Countess_of_Huntly	child	Archduke_Ferdinand_Karl_Viktor_of_Austria_Este
Joan_Countess_of_Ponthieu	child	Louis_XVI
Sophia_Eleonore_of_Saxony	child	James_I_of_Aragon
Sophia_Eleonore_of_Saxony	child	Archduchess_Maria_Clementina_of_Austria
Sophia_Eleonore_of_Saxony	child	Baldwin_IV_Count_of_Flanders
Sophia_Eleonore_of_Saxony	child	Raymond_Berengar_of_Andria
Sophia_Eleonore_of_Saxony	child	Alix_of_Brittany_Dame_de_Pontarcy
Louis_IV_Holy_Roman_Emperor	child	Beatrice_of_England
Louis_IV_Holy_Roman_Emperor	child	Joseph_II_Holy_Roman_Emperor
Louis_IV_Holy_Roman_Emperor	child	Joan_III_Countess_of_Burgundy
Louis_IV_Holy_Roman_Emperor	child	George_IV
Louis_IV_Holy_Roman_Emperor	child	Archduke_Rainer_Joseph_of_Austria
Louis_IV_Holy_Roman_Emperor	child	Geoffrey_II_Duke_of_Brittany
Henry_Count_of_Portugal	child	Louis_XII
James_IV_of_Scotland	child	Carloman_of_Bavaria
Ermengarde_of_Hesbaye	child	Blanche_of_Brittany
Ermengarde_of_Hesbaye	child	Emma_of_France
Maria_Teresa_Felicitas_d_Este	child	Eleanor_of_Austria
Maria_Teresa_Felicitas_d_Este	child	Denis_Lord_of_Cifuentes
Maria_Teresa_Felicitas_d_Este	child	Hugh_Magnus
Louise_Marie_Ad_la_de_de_Bourbon_Duchess_of_Orl_ans	child	_thelwulf_King_of_Wessex
Louise_Marie_Ad_la_de_de_Bourbon_Duchess_of_Orl_ans	child	Catherine_of_Austria_Queen_of_Portugal
Louise_Marie_Ad_la_de_de_Bourbon_Duchess_of_Orl_ans	child	Gisela_Abbess_of_Chelles
John_the_Fearless	child	Charles_IX_of_France
John_the_Fearless	child	Charles_Ferdinand_Duke_of_Berry
John_the_Fearless	child	Elisabeth_of_Valois
Eleanor_of_Aragon_Queen_of_Portugal	child	Louis_XIV
Eleanor_of_Aragon_Queen_of_Portugal	child	Alexander_Stewart_Duke_of_Rothesay
Eleanor_of_Aragon_Queen_of_Portugal	child	Maria_Vittoria_of_Savoy
Eleanor_of_Aragon_Queen_of_Portugal	child	Philip_of_France_Archdeacon_of_Paris
Afonso_III_of_Portugal	child	John_Constable_of_Portugal
Afonso_III_of_Portugal	child	Louis_XII
Afonso_III_of_Portugal	child	Robert_Count_of_Clermont
Afonso_III_of_Portugal	child	Philippa_of_Lancaster
Afonso_III_of_Portugal	child	Balthasar_Charles_Prince_of_Asturias
Afonso_III_of_Portugal	child	_thelweard_son_of_Alfred
Afonso_III_of_Portugal	child	Thomas_of_Brotherton_1st_Earl_of_Norfolk
Yolanda_Latin_Empress	child	Henry_I_Duke_of_Bavaria
Yolanda_Latin_Empress	child	Charles_Duke_of_Lower_Lorraine
Yolanda_Latin_Empress	child	Charles_IV_of_France
Yolanda_Latin_Empress	child	Archduchess_Maria_Anna_of_Austria_governor
Yolanda_Latin_Empress	child	Henry_of_Bar
Yolanda_Latin_Empress	child	Eleanor_of_Anjou
Nicolas_Duke_of_Merc_ur	child	Mary_of_Burgundy
Nicolas_Duke_of_Merc_ur	child	Arthur_Prince_of_Wales
Nicolas_Duke_of_Merc_ur	child	Louise_of_Orl_ans
Bertrade_of_Montfort	child	Pepin_I_of_Aquitaine
Bertrade_of_Montfort	child	Matilda_of_France
Beatrice_of_Silesia	child	James_of_Castile_Lord_of_Cameros
Ferdinand_Duke_of_Viseu	child	Princess_Maria_Isabella_of_Naples_and_Sicily
Ferdinand_Duke_of_Viseu	child	Charles_Martel_of_Anjou
Ferdinand_Duke_of_Viseu	child	Princess_Amelia_of_Great_Britain
Antoine_of_Navarre	child	Ferdinand_II_Archduke_of_Austria
Maria_Beatrice_of_Savoy	child	Ren__of_Anjou
Maria_Beatrice_of_Savoy	child	John_III_Duke_of_Brittany
Maria_Beatrice_of_Savoy	child	Louise__lisabeth_Duchess_of_Berry
Henry_IV_of_France	child	Judith_of_Habsburg
Henry_IV_of_France	child	Frederick_III_Duke_of_Austria
Henry_IV_of_France	child	Rudolf_II_Duke_of_Austria
Henry_IV_of_France	child	Louis_Duke_of_Burgundy_1751_1761
Henry_IV_of_France	child	Anne_of_Orl_ans_Abbess_of_Fontevraud
Henry_IV_of_France	child	Rudolf_I_of_Bohemia
Henry_IV_of_France	child	Charles_II_of_England
Conrad_I_of_Burgundy	child	Charles_Ferdinand_Prince_of_Capua
Conrad_I_of_Burgundy	child	Richard_I_of_England
Conrad_I_of_Burgundy	child	Mieszko_III_the_Old
Ferdinand_Karl_Archduke_of_Austria_Este	child	William_FitzEmpress
Ferdinand_Karl_Archduke_of_Austria_Este	child	Mary_Queen_of_Scots
Ferdinand_Karl_Archduke_of_Austria_Este	child	Constance_of_France_Countess_of_Toulouse
Judith_of_Habsburg	child	Fredericka_of_Saxe_Gotha_Altenburg
Judith_of_Habsburg	child	Prince_Gennaro_of_Naples_and_Sicily
Margaret_of_Provence	child	_thelfl_d
Margaret_of_Provence	child	Charlotte_Christine_of_Brunswic_Wolfenb_ttel
Margaret_of_Provence	child	Matilda_of_Anjou
Margaret_of_Provence	child	Caroline_Matilda_of_Great_Britain
Margaret_of_Provence	child	Alix_of_France
Margaret_of_Provence	child	Isabella_of_Aragon_Queen_of_Portugal
Margaret_of_Provence	child	Prince_Antonio_Count_of_Lecce
Margaret_of_Provence	child	Mary_of_Hungary_governor_of_the_Netherlands
Eleanor_of_Austria	child	Archduchess_Maria_Elisabeth_of_Austria_born_1737
Robert_Count_of_Clermont	child	Isabel_of_Viseu
Robert_Count_of_Clermont	child	Maria_Theresa_of_Savoy
Robert_Count_of_Clermont	child	Louis_C_sar_Count_of_Vexin
Eadgifu_of_Wessex	child	Anne_of_Kiev
Elisabeth_of_Austria_Queen_of_France	child	Eleanor_of_Portugal_Holy_Roman_Empress
Francis_I_of_France	child	Catherine_de_Bourbon
Francis_I_of_France	child	Jeanne_d_Albret
Francis_I_of_France	child	Philip_the_Good
Francis_I_of_France	child	Edward_of_Westminster_Prince_of_Wales
Francis_I_of_France	child	Charlotte_of_France
Frederuna	child	Archduchess_Marie_Caroline_of_Austria
Philip_II_of_France	child	Matthias_II_Duke_of_Lorraine
Philip_II_of_France	child	Edmund_of_Woodstock_1st_Earl_of_Kent
Philip_II_of_France	child	Alfred_the_Great
Charlemagne	child	Louis_I_Grand_Duke_of_Hesse
Charlemagne	child	Blanche_of_France_Duchess_of_Orl_ans
Charlemagne	child	Francis_I_of_the_Two_Sicilies
Charlemagne	child	Marie_of_Savoy_Countess_of_Saint_Pol
Louis_the_Pious	child	Victor_Amadeus_III_of_Sardinia
Louis_the_Pious	child	Ferdinand_II_of_Le_n
Louis_the_Pious	child	George_IV
Louis_the_Pious	child	Maria_Henrietta_of_Naples_and_Sicily
Robert_II_Count_of_Dreux	child	Alfonso_V_of_Aragon
Robert_II_Count_of_Dreux	child	Valdemar_II_of_Denmark
Robert_II_Count_of_Dreux	child	Marie_Th_r_se_of_France
Robert_II_Count_of_Dreux	child	Louis_Joseph_Dauphin_of_France
Louis_Philippe_II_Duke_of_Orl_ans	child	Louis_V_of_France
Louis_Philippe_II_Duke_of_Orl_ans	child	Charles_IV_Holy_Roman_Emperor
Louis_Philippe_II_Duke_of_Orl_ans	child	Remigius_of_Rouen
Jeanne_d_Albret	child	Louis_VIII_of_France
Jeanne_d_Albret	child	Berengaria_of_Castile_Lady_of_Guadalajara
Elizabeth_the_Cuman	child	Countess_Palatine_Dorothea_Sophie_of_Neuburg
Elizabeth_the_Cuman	child	Archduchess_Anna_of_Austria
Elizabeth_the_Cuman	child	Cristina_daughter_of_Edward_the_Exile
Elizabeth_the_Cuman	child	Philip_Duke_of_Parma
Elizabeth_the_Cuman	child	Archduchess_Maria_Johanna_Gabriela_of_Austria
Elizabeth_the_Cuman	child	Archduke_Maximilian_Francis_of_Austria
Philip_V_of_France	child	Louis_I_Duke_of_Orl_ans
Philip_V_of_France	child	Robert_Stewart_Duke_of_Albany
Philip_V_of_France	child	George_Gordon_5th_Earl_of_Huntly
Salomea_of_Berg	child	Elisabeth_of_Lorraine
Salomea_of_Berg	child	John_III_Burgrave_of_Nuremberg
Salomea_of_Berg	child	Alfonso_VIII_of_Castile
Salomea_of_Berg	child	Fran_ois_III_d_Orl_ans_Duke_of_Longueville
Salomea_of_Berg	child	Adolphus_Frederick_IV_Duke_of_Mecklenburg_Strelitz
Salomea_of_Berg	child	Prince_Giuseppe_of_Naples_and_Sicily
Marie_of_Anjou	child	Margaret_I_Countess_of_Flanders
Marie_of_Anjou	child	Jean_Gordon_Countess_of_Bothwell
Marie_of_Anjou	child	James_VI_and_I
Marie_of_Anjou	child	Margaret_of_Burgundy_Queen_of_France
Marie_of_Anjou	child	Edmund_Tudor_Duke_of_Somerset
Marie_of_Anjou	child	Ferdinand_Prince_of_Asturias
Marie_of_Anjou	child	Maria_Anna_of_Spain
Yolande_of_Aragon	child	Eug_ne_de_Beauharnais
Yolande_of_Aragon	child	Theodoric_II_Duke_of_Lorraine
Yolande_of_Aragon	child	Constance_of_France_Princess_of_Antioch
Robert_I_of_France	child	Eleanor_of_Aragon_Queen_of_Portugal
Robert_I_of_France	child	Philip_I_Count_of_Auvergne
John_I_of_Castile	child	Willa_of_Burgundy
John_I_of_Castile	child	John_Tristan_Count_of_Valois
Henry_III_of_England	child	Jean_Cardinal_of_Lorraine
Henry_III_of_England	child	Edgar__theling
Henry_III_of_England	child	Louis_Alexandre_Prince_of_Lamballe
Henry_III_of_England	child	Adolphus_Frederick_IV_Duke_of_Mecklenburg_Strelitz
Elizabeth_of_Austria_1436_1505	child	Ferdinand_II_of_Aragon
Elizabeth_of_Austria_1436_1505	child	Barbara_of_Hesse
Elizabeth_of_Austria_1436_1505	child	Jean_Gordon_Countess_of_Bothwell
Elizabeth_of_Austria_1436_1505	child	Louis_Duke_of_Durazzo
Elizabeth_of_Austria_1436_1505	child	Duchess_Gustave_Caroline_of_Mecklenburg_Strelitz
Elizabeth_of_Austria_1436_1505	child	Francis_V_Duke_of_Modena
Elizabeth_of_Austria_1436_1505	child	Pierre_de_Foix_le_jeune
Hortense_de_Beauharnais	child	Henry_II_of_Castile
Hortense_de_Beauharnais	child	Violant_of_Aragon
Hortense_de_Beauharnais	child	Lothair_I
Anne_of_Kiev	child	Catherine_Woodville_Duchess_of_Buckingham
Louis_VIII_of_France	child	Emma_of_Italy
Louis_VIII_of_France	child	Edward_the_Elder
Louis_VIII_of_France	child	Francis_Hyacinth_Duke_of_Savoy
Louis_VIII_of_France	child	Eleanor_of_Castile_1307_1359
John_King_of_England	child	Marie_de_Medici
John_King_of_England	child	Yolande_of_Aragon
John_King_of_England	child	Maria_of_Courtenay
John_King_of_England	child	Hugh_the_Abbot
John_King_of_England	child	Peter_I_Count_of_Alen_on
John_King_of_England	child	Elizabeth_Woodville
Charles_Duke_of_Orl_ans	child	Princess_Maria_Isabella_of_Naples_and_Sicily
Charles_Duke_of_Orl_ans	child	Napoleon_III
Charles_Duke_of_Orl_ans	child	Andrew_Duke_of_Slavonia
Charles_Duke_of_Orl_ans	child	Sophia_Eleonore_of_Hesse_Darmstadt
Marie_of_Cleves_Duchess_of_Orl_ans	child	Catalina_Micaela_of_Spain
Marie_of_Cleves_Duchess_of_Orl_ans	child	Joan_of_the_Tower
Marie_of_Cleves_Duchess_of_Orl_ans	child	Alexander_I_of_Scotland
Eleanor_of_England_Queen_of_Castile	child	Clemence_of_Austria
Eleanor_of_England_Queen_of_Castile	child	Frederick_III_Duke_of_Saxe_Gotha_Altenburg
Eleanor_of_England_Queen_of_Castile	child	Joan_of_Valois_Queen_of_Navarre
Edward_the_Elder	child	Charles_III_of_Spain
Edward_the_Elder	child	Margaret_of_Provence
Edward_the_Elder	child	Edwin_son_of_Edward_the_Elder
Edward_the_Elder	child	Marie_of_France_Duchess_of_Brabant
Edward_the_Elder	child	Carlos_Prince_of_Asturias
Edward_the_Elder	child	Archduke_Ernest_of_Austria
Maria_Theresa	child	Prince_Philippe_Count_of_Paris
Maria_Theresa	child	Frederick_IV_Duke_of_Lorraine
Maria_Theresa	child	Louis_III_of_France
Maria_Theresa	child	Gaston_Duke_of_Orl_ans
Maria_Theresa	child	Louis_XVII
Maria_Theresa	child	Louise_of_France_1737_1787
Maria_Theresa	child	Princess_Mary_Duchess_of_Gloucester_and_Edinburgh
Maria_Theresa	child	Edmund_Crouchback
Maria_Theresa	child	Archbishop_of_Canterbury
Maria_Theresa	child	Blanche_of_Portugal_1259_1321
Louis_Bonaparte	child	Edward_III_of_England
Louis_Bonaparte	child	John_FitzAlan_1st_Baron_Arundel
Louis_Bonaparte	child	Ferdinand_I_of_Portugal
Isabella_of_Portugal	child	Elisabeth_of_Austria_Queen_of_France
Isabella_of_Portugal	child	Yolande_of_Aragon
Edward_II_of_England	child	Simon_II_Duke_of_Lorraine
Edward_II_of_England	child	Archduke_Charles_Duke_of_Teschen
Edward_II_of_England	child	Archduke_Maximilian_Ernest_of_Austria
Edward_II_of_England	child	Joanna_of_Aragon_Queen_of_Naples
George_III	child	Charles_III_of_Spain
George_III	child	Archduke_Charles_Joseph_of_Austria_born_1745
George_III	child	Rudolph_Duke_of_Lorraine
George_III	child	Francis_II_Duke_of_Lorraine
George_III	child	John_of_Foix_Viscount_of_Narbonne
George_III	child	Lothair_of_France
George_III	child	Louise__lisabeth_d_Orl_ans
George_III	child	John_of_Eltham_Earl_of_Cornwall
George_III	child	Frederick_Duke_of_Bavaria
George_III	child	Louise__lisabeth_Duchess_of_Berry
George_III	child	Charles_III_Philip_Elector_Palatine
George_III	child	Sophie_of_France_1786_1787
Elisabeth_of_Nuremberg	child	Henry_II_of_France
Elisabeth_of_Nuremberg	child	Prince_Alfred_of_Great_Britain
Elisabeth_of_Nuremberg	child	Heinrich_of_Saxe_Weissenfels_Count_of_Barby
Elisabeth_of_Nuremberg	child	Marie_Elisabeth_of_France
Louis_II_of_Anjou	child	Francis_IV_Duke_of_Modena
Louis_II_of_Anjou	child	Princess_Mar_a_Cristina_of_Orl_ans
Louis_II_of_Anjou	child	Canute_V_of_Denmark
Louis_II_of_Anjou	child	Eleanor_of_Portugal_Queen_of_Aragon
Christine_of_Saxony	child	Joan_II_of_Navarre
Christine_of_Saxony	child	Alfonso_Fern_ndez_el_Ni_o
Christine_of_Saxony	child	James_IV_of_Scotland
Christine_of_Saxony	child	Henry_VIII
Christine_of_Saxony	child	Anne_of_Orl_ans_Abbess_of_Fontevraud
Christine_of_Saxony	child	Princess_Augusta_Sophia_of_the_United_Kingdom
Christine_of_Saxony	child	Archduchess_Maria_Anna_of_Austria_born_1770
Christine_of_Saxony	child	Prince_William_Henry_Duke_of_Gloucester_and_Edinburgh
Alpaida	child	Fulk_King_of_Jerusalem
Alpaida	child	Anne_of_Brittany
Princess_Augusta_of_Saxe_Gotha	child	Princess_Marie_Isabelle_of_Orl_ans
Princess_Augusta_of_Saxe_Gotha	child	Sancho_III_of_Castile
Princess_Augusta_of_Saxe_Gotha	child	Magdalena_of_Valois
Princess_Augusta_of_Saxe_Gotha	child	Maria_of_Austria_Duchess_of_J_lich_Cleves_Berg
Princess_Augusta_of_Saxe_Gotha	child	Archduke_Charles_Duke_of_Teschen
Princess_Augusta_of_Saxe_Gotha	child	Frederick_the_Fair
Francis_I_Duke_of_Lorraine	child	Louis_XIII
Francis_I_Duke_of_Lorraine	child	Frances_Grey_Duchess_of_Suffolk
Louis_VII_of_France	child	Afonso_V_of_Portugal
Louis_VII_of_France	child	John_of_Charolais
Louis_VII_of_France	child	_thelswith
Louis_VII_of_France	child	Margaret_of_Cleves_Duchess_of_Bavaria_Munich
Matilda_of_France	child	Ferdinand_Karl_Archduke_of_Austria_Este
Matilda_of_France	child	Edward_III_Duke_of_Bar
Matilda_of_France	child	Philippine__lisabeth_d_Orl_ans
Elisabeth_of_Meissen	child	Maria_Theresa_of_Spain
Elisabeth_of_Meissen	child	Eleanor_of_Woodstock
Elisabeth_of_Meissen	child	Henry_son_of_Edward_I
Elisabeth_of_Meissen	child	Archduke_Wenceslaus_of_Austria
Elisabeth_of_Meissen	child	Ladislaus_IV_of_Hungary
Louis_VI_of_France	child	Margaret_of_Anjou
Louis_VI_of_France	child	Agnes_of_France_Duchess_of_Burgundy
Louis_VI_of_France	child	Archduchess_Barbara_of_Austria
Louis_VI_of_France	child	Charles_II_Grand_Duke_of_Mecklenburg_Strelitz
Louis_VI_of_France	child	Ingeborg_of_Denmark_Queen_of_France
Peter_I_Duke_of_Brittany	child	Archduchess_Margaret_of_Austria_nun
Afonso_IV_of_Portugal	child	Bertha_of_Burgundy
Afonso_IV_of_Portugal	child	Princess_Sophia_of_the_United_Kingdom
Afonso_IV_of_Portugal	child	Juan_de_Arag_n
John_I_Duke_of_Lorraine	child	Marie_of_Anjou
John_I_Duke_of_Lorraine	child	Arthur_Prince_of_Wales
Theobald_II_Duke_of_Lorraine	child	George_II_of_Great_Britain
Eleanor_of_Navarre	child	Hedwig_of_Saxony
Eleanor_of_Navarre	child	Countess_Palatine_Hedwig_Elisabeth_of_Neuburg
Eleanor_of_Navarre	child	Duchess_Anna_of_Prussia
Eleanor_of_Navarre	child	Princess_Louisa_of_Great_Britain
Agnes_of_Merania	child	Mary_Stewart_Countess_of_Buchan
John_IV_Duke_of_Brittany	child	Benedicta_Henrietta_of_the_Palatinate
John_IV_Duke_of_Brittany	child	Hugh_V_Duke_of_Burgundy
John_IV_Duke_of_Brittany	child	Otto_I_Count_Palatine_of_Mosbach
Henry_VII_of_England	child	Louis_IX_of_France
Henry_VII_of_England	child	Louis_of_Cyprus
Henry_VII_of_England	child	George_Duke_of_Brunswic_Calenberg
Henry_VII_of_England	child	Magdalena_Sibylla_of_Saxe_Weissenfels
Henry_VII_of_England	child	Luise_Marie_of_the_Palatinate
Mar_a_Isabella_of_Spain	child	Marie_Hedwig_of_Hesse_Darmstadt
Mar_a_Isabella_of_Spain	child	Maria_Sophia_of_Neuburg
Mar_a_Isabella_of_Spain	child	William_of_Winchester_Lord_of_Lunenburg
Mar_a_Isabella_of_Spain	child	Igor_Yaroslavich
Mar_a_Isabella_of_Spain	child	Prince_Robert_Duke_of_Chartres
Mar_a_Isabella_of_Spain	child	Maria_Teresa_Rafaela_of_Spain
Mar_a_Isabella_of_Spain	child	Louis_III_Elector_Palatine
Mar_a_Isabella_of_Spain	child	Maria_of_Portugal_nun
Mar_a_Isabella_of_Spain	child	Louis_of_Burgundy
Mar_a_Isabella_of_Spain	child	Isabella_of_England
Catherine_of_Valois	child	Nicholas_Francis_Duke_of_Lorraine
Catherine_of_Valois	child	Elizabeth_of_York
Catherine_of_Valois	child	Antonia_of_Lorraine
Margaret_of_the_Palatinate	child	Constance_of_France_Princess_of_Antioch
Margaret_of_the_Palatinate	child	Natalia_Alexeievna_Wilhelmina_Louisa_of_Hesse_Darmstadt
Margaret_of_Brieg	child	Charles_d_Orl_ans_Duke_of_Penthi_vre
Margaret_of_Brieg	child	Maria_Theresa_of_Savoy
Margaret_of_Brieg	child	John_II_Duke_of_Brittany
Margaret_of_Brieg	child	Alexander_Jagiellon
Margaret_of_Brieg	child	Ferdinand_I_of_Austria
Margaret_of_Brieg	child	Prince_Alberto_of_Naples_and_Sicily
Margaret_of_Brieg	child	Ferdinand_of_Castile_died_1211
Sibylla_of_Anjou	child	Judith_of_Flanders
Sibylla_of_Anjou	child	Eleanor_of_Castile_died_1244
Sibylla_of_Anjou	child	Judith_of_Poland
Sibylla_of_Anjou	child	Philip_de_Medici
Sibylla_of_Anjou	child	Francis_Count_of_Enghien
Princess_Louise_of_Hesse_Darmstadt_1757_1830	child	Auda_of_France
Princess_Louise_of_Hesse_Darmstadt_1757_1830	child	James_Gordon_Jesuit
Princess_Louise_of_Hesse_Darmstadt_1757_1830	child	Maximilian_III_Archduke_of_Austria
James_V_of_Scotland	child	Theobald_I_Duke_of_Lorraine
James_V_of_Scotland	child	Michelle_of_Valois
James_V_of_Scotland	child	Beatrice_of_Nuremberg
Francis_II_Duke_of_Lorraine	child	Frederick_II_Duke_of_Lorraine
Francis_II_Duke_of_Lorraine	child	Portrait_of_Bia_de_Medici
Francis_II_Duke_of_Lorraine	child	Jacques_of_Savoy_Count_of_Romont
Anne_of_Cyprus	child	Simon_I_Duke_of_Lorraine
Anne_of_Cyprus	child	Eleanor_of_Austria
Anne_of_Cyprus	child	Margaret_of_England
Anne_of_Cyprus	child	Joan_of_France_Duchess_of_Berry
Anne_of_Cyprus	child	Prince_Vittorio_Amedeo_Teodoro_Duke_of_Aosta
Anne_of_Cyprus	child	Geoffrey_Count_of_Nantes
Anne_of_Cyprus	child	Maria_of_Aragon_Queen_of_Castile
Anne_of_Cyprus	child	Ad_la_de_d_Orl_ans
Louis_Duke_of_Savoy	child	Francis_II_Holy_Roman_Emperor
Louis_Duke_of_Savoy	child	Canute_VI_of_Denmark
Louis_Duke_of_Savoy	child	Louis_II_of_Anjou
Louis_Duke_of_Savoy	child	Anund_Jacob
Louis_Duke_of_Savoy	child	Archduke_Rainer_Joseph_of_Austria
Louis_Duke_of_Savoy	child	Otto_Duke_of_Austria
Louis_Duke_of_Savoy	child	Hugh_Count_of_Vermandois
Louis_Duke_of_Savoy	child	Blanche_of_Navarre_Duchess_of_Brittany
Alfonso_XI_of_Castile	child	Ferdinand_I_Holy_Roman_Emperor
Alfonso_XI_of_Castile	child	Anne_of_Bohemia_Duchess_of_Austria
Alfonso_XI_of_Castile	child	Prince_Frederick_Duke_of_York_and_Albany
Adolphus_Frederick_II_Duke_of_Mecklenburg_Strelitz	child	Archduke_Rudolf_of_Austria
Adolphus_Frederick_II_Duke_of_Mecklenburg_Strelitz	child	Charles_V_Holy_Roman_Emperor
Adolphus_Frederick_II_Duke_of_Mecklenburg_Strelitz	child	Christine_of_France
Bonne_of_Luxembourg	child	Alfonso_of_Molina
Bonne_of_Luxembourg	child	Margaret_of_Anjou
Bonne_of_Luxembourg	child	Arnulf_Count_of_Holland
Bonne_of_Luxembourg	child	Louis_V_Duke_of_Bavaria
Bonne_of_Luxembourg	child	Guigues_VI_of_Viennois
Bonne_of_Luxembourg	child	Henri_d_Orl_ans_Duke_of_Aumale
Anne_of_Foix_Candale	child	Anna_Sophia_II_Abbess_of_Quedlinburg
Anne_of_Foix_Candale	child	Archduchess_Clementina_of_Austria
Fran_oise_Marie_de_Bourbon	child	Archduke_Joseph_Franz_of_Austria
Fran_oise_Marie_de_Bourbon	child	Teresa_Cristina_of_the_Two_Sicilies
Fran_oise_Marie_de_Bourbon	child	Edwin_son_of_Edward_the_Elder
Fran_oise_Marie_de_Bourbon	child	Marie_of_France_Duchess_of_Bar
Fran_oise_Marie_de_Bourbon	child	Peter_of_Aragon_Count_of_Alburquerque
Fran_oise_Marie_de_Bourbon	child	Eleanor_of_Aragon_Countess_of_Toulouse
Maria_Theresa_of_Savoy	child	Eadgifu_of_Wessex
Maria_Theresa_of_Savoy	child	Louis_Auguste_Duke_of_Maine
Elizabeth_of_Bohemia_1292_1330	child	Louis_Antoine_Duke_of_Angoul_me
Elizabeth_of_Bohemia_1292_1330	child	John_Hereditary_Prince_of_Saxony
Elizabeth_of_Bohemia_1292_1330	child	Margaret_of_Savoy_Vicereine_of_Portugal
Henry_VI_Count_of_Luxembourg	child	Alfonso_II_Count_of_Provence
Henry_VI_Count_of_Luxembourg	child	Joan_I_of_Navarre
Philip_II_of_Spain	child	Marie_Jos_phine_of_Savoy
Philip_II_of_Spain	child	Margaret_of_Valois_Duchess_of_Berry
Philip_II_of_Spain	child	Louis_XVIII
Philip_II_of_Spain	child	Catherine_of_Austria_Queen_of_Poland
Philip_II_of_Spain	child	Isabella_of_France_Queen_of_Navarre
John_II_Duke_of_Brittany	child	Anne_Woodville
John_II_Duke_of_Brittany	child	Duke_George_Augustus_of_Mecklenburg
John_II_Duke_of_Brittany	child	James_V_of_Scotland
John_II_Duke_of_Brittany	child	Katherine_of_England
Bertha_of_Holland	child	Archduchess_Catherine_Renata_of_Austria
Bertha_of_Holland	child	Gerberga_of_Burgundy
Margaret_of_Burgundy_Queen_of_France	child	Marie_of_France_Countess_of_Champagne
Valdemar_I_of_Denmark	child	Blanche_of_Castile
Valdemar_I_of_Denmark	child	Ferdinand_Duke_of_Viseu
Valdemar_I_of_Denmark	child	Pepin_I_of_Aquitaine
Valdemar_I_of_Denmark	child	Ferdinand_Duke_of_Parma
Ingegerd_Olofsdotter_of_Sweden	child	Francis_III_Duke_of_Brittany
Ingegerd_Olofsdotter_of_Sweden	child	Philip_II_of_France
Ingegerd_Olofsdotter_of_Sweden	child	Archduchess_Marie_Anne_of_Austria
Ingegerd_Olofsdotter_of_Sweden	child	Blanche_of_France_nun
Ingegerd_Olofsdotter_of_Sweden	child	Philip_Count_of_Longueville
Ingegerd_Olofsdotter_of_Sweden	child	Philip_I_Duke_of_Burgundy
Ingegerd_Olofsdotter_of_Sweden	child	Napol_on_Prince_Imperial
Ingegerd_Olofsdotter_of_Sweden	child	Ethelred_of_Scotland
Napoleon	child	Manuel_I_of_Portugal
Arnulf_Count_of_Holland	child	Henry_I_of_France
Dirk_I_Count_of_Holland	child	Charles_Martel
Princess_Magdalena_Augusta_of_Anhalt_Zerbst	child	Marie_Antoinette
Princess_Magdalena_Augusta_of_Anhalt_Zerbst	child	Roman_Catholic_Archdiocese_of_Cambrai
Princess_Magdalena_Augusta_of_Anhalt_Zerbst	child	Magdalena_of_Saxony
John_I_Duke_of_Brittany	child	Anne_of_Brittany
John_I_Duke_of_Brittany	child	Constance_of_Aragon_Lady_of_Villena
Lothair_of_France	child	Henry_III_of_France
Marie_of_France_Duchess_of_Bar	child	Fran_oise_Marie_de_Bourbon
Marie_of_France_Duchess_of_Bar	child	James_Stewart_Duke_of_Ross
Marie_of_France_Duchess_of_Bar	child	Isabella_Clara_Eugenia
Adelaide_of_Aquitaine	child	Robert_I_Count_of_Flanders
Adelaide_of_Aquitaine	child	Catherine_of_Lancaster
Adelaide_of_Aquitaine	child	Childebrand_I
Albert_II_Duke_of_Austria	child	Anne_Marie_d_Orl_ans
Albert_II_Duke_of_Austria	child	Edward_III_of_England
Albert_II_Duke_of_Austria	child	Agnes_of_Hesse
Margaret_Countess_of_Anjou	child	Charles_II_of_Navarre
Margaret_Countess_of_Anjou	child	Margaret_of_Foix
Margaret_Countess_of_Anjou	child	Hugh_Magnus
Margaret_Countess_of_Anjou	child	Joan_of_England_Queen_of_Sicily
Margaret_Countess_of_Anjou	child	Matilda_of_Saxony_1172_1209_10
Joanna_of_Castile	child	Princess_Marie_Isabelle_of_Orl_ans
Joanna_of_Castile	child	Rudolph_III_of_Burgundy
Joanna_of_Castile	child	Nicolas_Henri_Duke_of_Orl_ans
Joanna_of_Castile	child	Alix_of_France
Joanna_of_Castile	child	Maria_Luisa_Gabriella_of_Savoy
Joanna_of_Castile	child	Diego_Prince_of_Asturias
George_II_of_Great_Britain	child	Agnes_of_France_Duchess_of_Burgundy
George_II_of_Great_Britain	child	Margaret_of_England
George_II_of_Great_Britain	child	George_III
George_II_of_Great_Britain	child	Maria_Clotilde_of_Naples_and_Sicily
George_II_of_Great_Britain	child	Edmund_Crouchback
George_II_of_Great_Britain	child	Sancho_of_Castile_bishop
George_II_of_Great_Britain	child	David_Stewart_Earl_of_Strathearn
Hemma	child	John_Joseph_of_Austria
Hemma	child	Afonso_IV_of_Portugal
Hemma	child	Martim_Afonso_Chichorro
Infanta_Luisa_Fernanda_Duchess_of_Montpensier	child	Isabella_Countess_of_Vertus
Infanta_Luisa_Fernanda_Duchess_of_Montpensier	child	William_Longesp_e_3rd_Earl_of_Salisbury
Infanta_Luisa_Fernanda_Duchess_of_Montpensier	child	Bona_of_Savoy
Infanta_Luisa_Fernanda_Duchess_of_Montpensier	child	Hedwig_of_France_Countess_of_Mons
Marie_Louise_Duchess_of_Parma	child	Frederick_Christian_Elector_of_Saxony
Sancho_IV_of_Castile	child	Alice_Holland_Countess_of_Kent
Sancho_IV_of_Castile	child	Leopold_II_Holy_Roman_Emperor
Sancho_IV_of_Castile	child	Baldwin_VI_Count_of_Flanders
Sancho_IV_of_Castile	child	Philippe_Duke_of_Anjou
Ecgberht_King_of_Wessex	child	Marie_Th_r_se_of_France_1667_1672
John_of_Bohemia	child	Maria_Amalia_of_Naples_and_Sicily
John_of_Bohemia	child	Ren_e_of_France
John_of_Bohemia	child	Isabella_of_Scotland_Duchess_of_Brittany
John_of_Bohemia	child	William_II_Count_of_Hainaut
John_of_Bohemia	child	Louis_of_France_1264_1276
Rurik	child	Louis_Duke_of_Orl_ans_1703_1752
Maria_of_Austria_Holy_Roman_Empress	child	Prince_Philippe_Count_of_Paris
Maria_of_Austria_Holy_Roman_Empress	child	William_V_Duke_of_Bavaria
Maria_of_Austria_Holy_Roman_Empress	child	Sophia_of_Saxe_Weissenfels_Princess_of_Anhalt_Zerbst
Maria_of_Austria_Holy_Roman_Empress	child	Charlotte_Agla__d_Orl_ans
Maria_of_Austria_Holy_Roman_Empress	child	Ernest_of_Bavaria
Maria_of_Austria_Holy_Roman_Empress	child	Victor_Amadeus_Prince_of_Piedmont
Princess_Caroline_Louise_of_Saxe_Weimar_Eisenach	child	Henry_King_of_Portugal
Boso_the_Elder	child	Henry_Duke_of_Villena
Beatrice_of_Savoy	child	Philippe_Emmanuel_Duke_of_Merc_ur
Beatrice_of_Savoy	child	Bona_of_Savoy
Beatrice_of_Savoy	child	Francis_Duke_of_Guise
Charles_III_Duke_of_Lorraine	child	Anne_of_Austria
Charles_III_Duke_of_Lorraine	child	Sviatoslav_I
Charles_III_Duke_of_Lorraine	child	Renata_of_Lorraine
Charles_III_Duke_of_Lorraine	child	Madeleine_of_Valois
Isabella_I_of_Castile	child	Geoffrey_Plantagenet_Count_of_Anjou
Isabella_I_of_Castile	child	Agatha_wife_of_Edward_the_Exile
Isabella_I_of_Castile	child	Madeleine_of_Valois
Ferdinand_IV_of_Castile	child	Princess_Maria_Antonia_of_Naples_and_Sicily
Ferdinand_IV_of_Castile	child	Mercedes_of_Orl_ans
Frederick_III_Duke_of_Lorraine	child	Alfonso_VII_of_Le_n_and_Castile
Constance_of_Castile	child	George_I_of_Great_Britain
Constance_of_Castile	child	Princess_Louise_d_Artois
Alfonso_VIII_of_Castile	child	Hugh_IV_Duke_of_Burgundy
Alfonso_VIII_of_Castile	child	Eleanor_of_Aragon_Queen_of_Portugal
Alfonso_VIII_of_Castile	child	Charles_II_de_Valois_Duke_of_Orl_ans
Alfonso_VIII_of_Castile	child	Afonso_I_Duke_of_Braganza
Alfonso_VIII_of_Castile	child	Philippe_Charles_Duke_of_Valois
Charlotte_Agla__d_Orl_ans	child	Joan_III_Countess_of_Burgundy
Charlotte_Agla__d_Orl_ans	child	Hugh_Count_of_Vermandois
Hugh_II_Duke_of_Burgundy	child	Baldwin_III_of_Jerusalem
Hugh_II_Duke_of_Burgundy	child	Charles_Emmanuel_IV_of_Sardinia
Blanche_of_Artois	child	Claude_of_France
Blanche_of_Artois	child	Sophia_Jagiellon_Margravine_of_Brandenburg_Ansbach
Blanche_of_Artois	child	Henriette_of_France_1727_1752
Margaret_of_Savoy_Countess_of_Saint_Pol	child	John_Duke_of_Durazzo
Barbara_Jagiellon	child	Frederica_Louisa_of_Hesse_Darmstadt
Barbara_Jagiellon	child	Louis_III_of_Anjou
Barbara_Jagiellon	child	Maria_Anna_of_Savoy
Barbara_Jagiellon	child	Prince_Frederick_Duke_of_York_and_Albany
Peter_II_of_Aragon	child	Gisela_of_France
Bona_of_Savoy	child	Anna_Sforza
Bona_of_Savoy	child	Robert_I_of_France
Bona_of_Savoy	child	Princess_Sophia_of_the_United_Kingdom
Duchess_Helene_of_Mecklenburg_Schwerin	child	Landgravine_Elisabeth_Amalie_of_Hesse_Darmstadt
Duchess_Helene_of_Mecklenburg_Schwerin	child	Blanche_II_of_Navarre
Ferdinand_Philippe_Duke_of_Orl_ans	child	Willa_of_Tuscany
Ferdinand_Philippe_Duke_of_Orl_ans	child	Joanna_of_Castile
Floris_I_Count_of_Holland	child	Ernest_Augustus_King_of_Hanover
Francis_II_Duke_of_Brittany	child	Henry_I_of_France
Henry_Stuart_Lord_Darnley	child	Isabella_of_Portugal_Duchess_of_Burgundy
Joanna_of_Bourbon	child	Charles_II_of_Spain
Joanna_of_Bourbon	child	Margaret_of_Valois_Angoul_me
Joanna_of_Bourbon	child	Margaret_of_France_Duchess_of_Brabant
Barbara_of_Cilli	child	Constance_of_Castile
Joanna_of_Austria_Grand_Duchess_of_Tuscany	child	Ferdinand_the_Holy_Prince
Joanna_of_Austria_Grand_Duchess_of_Tuscany	child	Prince_Maurizio_Duke_of_Montferrat
Louis_Philippe_I_Duke_of_Orl_ans	child	Henry_III_of_England
Louis_Philippe_I_Duke_of_Orl_ans	child	Yolande_of_Valois
Maria_Antonia_Ferdinanda_of_Spain	child	Charles_Emmanuel_III_of_Sardinia
Maria_Antonia_Ferdinanda_of_Spain	child	Dirk_III_Count_of_Holland
Maria_Antonia_Ferdinanda_of_Spain	child	John_Prince_of_Asturias
Maria_Antonia_Ferdinanda_of_Spain	child	Lucrezia_de_Medici_Duchess_of_Ferrara
Maria_Antonia_Ferdinanda_of_Spain	child	Archduchess_Maria_Johanna_Gabriela_of_Austria
Maria_Antonia_Ferdinanda_of_Spain	child	Elizabeth_of_Rhuddlan
Maria_Antonia_Ferdinanda_of_Spain	child	John_Duke_of_Berry
Maria_Antonia_Ferdinanda_of_Spain	child	George_Gordon_5th_Earl_of_Huntly
John_of_Gaunt	child	Joan_I_of_Navarre
John_of_Gaunt	child	Louis_VII_of_France
John_of_Gaunt	child	Frederick_of_Castile
John_of_Gaunt	child	Stephanie_Alfonso_of_Castile
John_of_Gaunt	child	Blanche_of_Anjou
Adelaide_of_Paris	child	Blanche_of_Navarre_Queen_of_France
Countess_Palatine_Caroline_of_Zweibr_cken	child	Princess_Maria_Carolina_of_Savoy
Countess_Palatine_Caroline_of_Zweibr_cken	child	Princess_Elizabeth_of_Great_Britain
Countess_Palatine_Caroline_of_Zweibr_cken	child	Beatrice_of_Navarre_Duchess_of_Burgundy
Countess_Palatine_Caroline_of_Zweibr_cken	child	Agnes_of_Poland
Countess_Palatine_Caroline_of_Zweibr_cken	child	Richeza_of_Poland_Queen_of_Sweden
Countess_Palatine_Caroline_of_Zweibr_cken	child	Ren_e_of_France
Mary_Tudor_Queen_of_France	child	Prince_Christian_of_Hesse_Darmstadt
Mary_Tudor_Queen_of_France	child	Gaston_Duke_of_Orl_ans
Mary_Tudor_Queen_of_France	child	Charles_Count_of_Maine
Odo_III_Duke_of_Burgundy	child	Archduchess_Maria_Leopoldine_of_Austria_Este
Adela_of_Champagne	child	Philip_III_of_France
Adela_of_Champagne	child	Charles_Orlando_Dauphin_of_France
Fulk_IV_Count_of_Anjou	child	Emanuele_Filiberto_Duke_of_Aosta_1731_1735
Fulk_IV_Count_of_Anjou	child	John_Henry_Margrave_of_Moravia
Fulk_IV_Count_of_Anjou	child	Carloman_son_of_Charles_the_Bald
Robert_II_Duke_of_Burgundy	child	Louis_Duke_of_Burgundy
Robert_II_Duke_of_Burgundy	child	Agnes_of_Burgundy_Duchess_of_Bourbon
Robert_II_Duke_of_Burgundy	child	Charlotte_of_Savoy
Robert_II_Duke_of_Burgundy	child	Prince_Henry_Duke_of_Cumberland_and_Strathearn
Robert_II_Duke_of_Burgundy	child	Peter_III_of_Aragon
Robert_II_Duke_of_Burgundy	child	Sophia_Charlotte_of_Hanover
James_I_Count_of_La_Marche	child	Alphonse_Count_of_Poitiers
James_I_Count_of_La_Marche	child	Wenceslaus_III_of_Bohemia
James_I_Count_of_La_Marche	child	Charles_Count_of_Maine
Letizia_Bonaparte	child	Maria_Carolina_of_Austria
Letizia_Bonaparte	child	Philip_V_of_Spain
Letizia_Bonaparte	child	Louis_the_Pious
Letizia_Bonaparte	child	Philip_the_Good
Letizia_Bonaparte	child	Peter_II_Duke_of_Bourbon
Letizia_Bonaparte	child	Louise__lisabeth_of_France
Letizia_Bonaparte	child	Eleanor_of_Alburquerque
Letizia_Bonaparte	child	John_Stewart_Earl_of_Mar_died_1479
Charles_Ferdinand_Duke_of_Berry	child	Joan_of_Portugal
Charles_Ferdinand_Duke_of_Berry	child	_thelberht_King_of_Wessex
Charles_the_Bold	child	John_IV_Duke_of_Brittany
Elizabeth_Woodville	child	Ferdinand_I_Holy_Roman_Emperor
Elizabeth_Woodville	child	Prince_Alfred_of_Great_Britain
Elizabeth_Woodville	child	Jasper_Tudor
Elizabeth_Woodville	child	Isabella_of_Valois
Elizabeth_Woodville	child	Peter_II_of_Aragon
Elizabeth_Woodville	child	Emma_of_Paris_Duchess_of_Normandy
Denis_of_Portugal	child	Carlo_Buonaparte
Violant_of_Bar	child	Ren__of_Savoy
Richeza_of_Poland_Queen_of_Sweden	child	Richard_of_Cornwall
Richeza_of_Poland_Queen_of_Sweden	child	Sophie_of_France_1786_1787
Louise__lisabeth_of_France	child	Ferdinand_I_of_the_Two_Sicilies
Louise__lisabeth_of_France	child	Geoffrey_Count_of_Nantes
Eleanor_of_Alburquerque	child	Hugh_III_Duke_of_Burgundy
Eleanor_of_Alburquerque	child	Adelaide_of_Burgundy_Duchess_of_Brabant
Eleanor_of_Alburquerque	child	Bertha_of_Burgundy
Eleanor_of_Alburquerque	child	Oleg_of_Drelinia
Eleanor_of_Alburquerque	child	Constance_of_Burgundy
Eleanor_of_Alburquerque	child	Duarte_Duke_of_Guimar_es_1515_1540
Gerard_Duke_of_Lorraine	child	Mary_of_Hungary_governor_of_the_Netherlands
Estrid_of_the_Obotrites	child	Diogo_Duke_of_Viseu
Maria_Christina_of_the_Two_Sicilies	child	Marie_Antoinette
Maria_Christina_of_the_Two_Sicilies	child	John_Count_of_Angoul_me
Maria_Christina_of_the_Two_Sicilies	child	Sancha_of_Portugal_born_1264
Isabella_of_Bourbon	child	Maria_Luisa_of_Parma
Theobald_I_Count_of_Blois	mother	Margaret_of_the_Palatinate
Leopold_Duke_of_Lorraine	mother	_lffl_d_wife_of_Edward_the_Elder
Afonso_II_of_Portugal	mother	_lisabeth_Charlotte_d_Orl_ans
Charles_Emmanuel_III_of_Sardinia	mother	Margaret_Countess_of_Anjou
Philip_IV_of_Spain	mother	Ermengarde_Countess_of_Maine
Margaret_of_Austria_Queen_of_Spain	mother	Isabella_of_Angoul_me
Charles_Count_of_Valois	mother	Eleanor_of_Toledo
Isabella_of_Valois_Duchess_of_Bourbon	mother	Catherine_de_Medici
Henry_II_of_Castile	mother	Maria_Josepha_of_Saxony_Dauphine_of_France
Albert_I_of_Germany	mother	Lutgardis_of_Luxemburg
Matthias_I_Duke_of_Lorraine	mother	Matilda_of_France
Frederick_II_Duke_of_Lorraine	mother	Maria_of_Swabia
Henry_II_of_England	mother	Gisela_of_Burgundy_Marchioness_of_Montferrat
Frederick_Prince_of_Wales	mother	Emma_of_Blois
Maria_Beatrice_d_Este_Duchess_of_Massa	mother	Blanche_of_Lancaster
Rudolph_of_France	mother	Anne_of_Bohemia_and_Hungary
Ren__II_Duke_of_Lorraine	mother	Anne_of_Kiev
Antoine_Duke_of_Lorraine	mother	Eleanor_of_Navarre
Henry_the_Fowler	mother	Isabella_of_Aragon_Queen_of_France
Gerberga_of_Saxony	mother	Bonne_of_Luxembourg
Mary_of_Guise	mother	Polyxena_of_Hesse_Rotenburg
Isabella_Duchess_of_Lorraine	mother	Amicie_de_Courtenay
Louis_XV	mother	Hedwig_of_Bavaria
Louis_Duke_of_Burgundy	mother	Beatrice_of_Savoy
Alice_Holland_Countess_of_Kent	mother	Maria_Theresa_of_Savoy
Eleanor_of_Lancaster	mother	Margaret_of_Saxony_Duchess_of_Brunswic_L_neburg
Berenguer_Ramon_I_Count_of_Barcelona	mother	Elizabeth_of_Portugal
Margaret_Stewart_Dauphine_of_France	mother	Marie_of_France_Countess_of_Champagne
Francis_I_Holy_Roman_Emperor	mother	Constance_of_Portugal
Edward_I_of_England	mother	Hemma
Leopold_II_Holy_Roman_Emperor	mother	Matilda_of_Savoy_Queen_of_Portugal
Marie_Ad_la_de_of_Savoy	mother	A_nor_de_Ch_tellerault
Odo_of_France	mother	Rozala_of_Italy
Henry_I_Count_of_Champagne	mother	Philippa_of_Hainault
Louis_Philippe_I	mother	Petronilla_of_Aragon
Philip_I_of_France	mother	Countess_Caroline_of_Nassau_Saarbr_cken
Henrietta_of_England	mother	Waldrada_of_Worms
Lorenzo_de_Medici_Duke_of_Urbino	mother	Isabella_of_Portugal_Queen_of_Castile
Blanche_of_Navarre_Queen_of_France	mother	Isabella_of_Portugal
Philip_III_of_Navarre	mother	Beatrice_of_Savoy
Sancho_I_of_Portugal	mother	Joan_Fitzalan_Countess_of_Hereford
Maria_Josepha_of_Austria	mother	Wierzchoslawa_Ludmilla_of_Greater_Poland
Ramon_Berenguer_IV_Count_of_Barcelona	mother	Sophia_of_Holstei_Gottorp
Ramon_Berenguer_III_Count_of_Barcelona	mother	Anne_Marie_d_Orl_ans
Afonso_V_of_Portugal	mother	Matilda_of_England_Duchess_of_Saxony
Edward_King_of_Portugal	mother	Ludmilla_of_Bohemia
Francis_II_Holy_Roman_Emperor	mother	Catherine_of_Mayenne
Philip_II_Duke_of_Savoy	mother	Marie_Antoinette
John_II_of_France	mother	Joan_II_of_Navarre
Joan_the_Lame	mother	Mahaut_of_Ch_tillon
Louis_Dauphin_of_France_son_of_Louis_XIV	mother	Constance_of_Arles
Princess_Marie_Isabelle_of_Orl_ans	mother	Maria_of_Austria_Holy_Roman_Empress
Antoine_Duke_of_Montpensier	mother	Judith_of_Flanders_died_1095
Joan_II_of_Navarre	mother	Anne_of_Cyprus
Charles_IV_of_France	mother	Eleanor_of_Aragon_Queen_of_Portugal
Magdalene_Sibylle_of_Prussia	mother	Margaret_Countess_of_Vertus
Marie_Eleonore_of_Cleves	mother	Isabeau_of_Bavaria
Victor_Amadeus_II_of_Sardinia	mother	Maria_Theresa_of_Spain
Ferdinand_I_of_the_Two_Sicilies	mother	Joan_Beaufort_Queen_of_Scots
Alfonso_II_of_Aragon	mother	Ren_e_of_Bourbon
Charles_Martel	mother	Joan_I_of_Navarre
Marie_Countess_of_Ponthieu	mother	Catalina_Micaela_of_Spain
Louis_I_Duke_of_Orl_ans	mother	Margaret_of_Valois_Duchess_of_Berry
Charles_V_of_France	mother	Maria_Theresa
William_X_Duke_of_Aquitaine	mother	Margaret_Tudor
Eleanor_of_Provence	mother	Margaret_of_Bavaria
Charles_Emmanuel_II_Duke_of_Savoy	mother	Maria_Anna_Victoria_of_Bavaria
John_II_of_Aragon	mother	Viridis_Visconti
James_III_of_Scotland	mother	Marie_Countess_of_Harcourt
Philippa_of_Hainault	mother	Isabella_of_France
Joan_of_Valois_Countess_of_Hainaut	mother	Matilda_of_Boulogne_Duchess_of_Brabant
Liudolf_Margrave_of_Frisia	mother	Anne_of_Foix_Candale
Clementia_of_Hungary	mother	Rotrude_of_Hesbaye
Charles_the_Simple	mother	Bertha_daughter_of_Lothair_II
Countess_Palatine_Dorothea_Sophie_of_Neuburg	mother	Maria_Anna_of_Bavaria_born_1551
Elisabeth_Farnese	mother	Maria_Beatrice_of_Savoy
Ermentrude_of_Orl_ans	mother	Yolanda_of_Courtenay
Magnus_II_Duke_of_Brunswic_L_neburg	mother	Isabeau_of_Bavaria
Beatrice_of_Portugal_died_1381	mother	Princess_Elisabeth_Albertine_of_Saxe_Hildburghausen
Victor_Amadeus_I_Duke_of_Savoy	mother	Marie_Eleonore_of_Cleves
Mary_of_Burgundy_Duchess_of_Cleves	mother	Joan_I_of_Navarre
Dirk_III_Count_of_Holland	mother	Alpaida
Alfonso_X_of_Castile	mother	Elizabeth_of_Luxembourg
Louis_Duke_of_Orl_ans_1703_1752	mother	Sibylla_of_Anjou
Landgravine_Elisabeth_Amalie_of_Hesse_Darmstadt	mother	Mary_of_Guelders
James_II_of_Scotland	mother	Adelaide_of_Aquitaine
Willa_of_Tuscany	mother	Maria_of_Swabia
Frederick_III_Holy_Roman_Emperor	mother	Princess_Louise_of_Hesse_Darmstadt_1757_1830
Maria_Luisa_of_Spain	mother	Empress_Matilda
Charles_III_of_Spain	mother	Maria_Theresa
Maria_Theresa_of_Spain	mother	Margaret_of_Austria_Queen_of_Spain
Henry_the_Lion	mother	Taddea_Visconti
Otto_IV_Count_of_Burgundy	mother	Maria_Josepha_of_Saxony_Dauphine_of_France
Isabel_of_Barcelos	mother	Clemence_of_Austria
Ferdinand_II_of_Aragon	mother	Maria_Theresa
Hugh_of_Italy	mother	Begga
Rudolph_II_of_Burgundy	mother	Isabella_I_of_Castile
Eug_nie_de_Montijo	mother	Eleanor_of_Portugal_Holy_Roman_Empress
Clemence_of_Austria	mother	Adela_of_Champagne
Peter_I_Duke_of_Bourbon	mother	Eleanor_of_Alburquerque
Charles_VI_of_France	mother	Ingegerd_Olofsdotter_of_Sweden
Henry_V_of_England	mother	Urraca_of_Portugal
Joan_of__vreux	mother	Jacquetta_of_Luxembourg
Louis_Count_of__vreux	mother	Valentina_Visconti_Duchess_of_Orl_ans
Otto_I_Duke_of_Brunswic_L_neburg	mother	Elisabeth_of_Austria_Duchess_of_Lorraine
A_nor_de_Ch_tellerault	mother	Maud_of_Apulia
Claude_of_France	mother	Joanna_of_Castile
Louis_I_Duke_of_Bourbon	mother	Helie_of_Semur
Marie_Antoinette	mother	Hedwig_of_Saxony
Charles_X	mother	Margaret_of_Foix
Margaret_of_Bourbon_1438_1483	mother	Teresa_Louren_o
Maria_Theresa_of_Austria_Este_Queen_of_Sardinia	mother	Ermengarde_Countess_of_Maine
Fulk_King_of_Jerusalem	mother	Joan_of_Valois_Countess_of_Hainaut
Geoffrey_Plantagenet_Count_of_Anjou	mother	Matilda_of_Saxony_countess_of_Flanders
Catherine_de_Medici	mother	Elisabeth_of_Nuremberg
Henry_III_of_France	mother	Bertha_of_Holland
Edward_III_of_England	mother	Eleanor_of_Alburquerque
Victor_Amadeus_III_of_Sardinia	mother	Agnes_de_Baudemont_Countess_of_Braine
Louis_XII	mother	Countess_Palatine_Dorothea_Sophie_of_Neuburg
Philip_I_of_Castile	mother	Maria_Teresa_Felicitas_d_Este
Frederick_II_Count_of_Vaud_mont	mother	Anne_Gonzaga
Alfonso_IX_of_Le_n	mother	Mary_of_Avesnes
James_I_of_Scotland	mother	Anne_of_Cyprus
Louis_XI	mother	Alix_Duchess_of_Brittany
Henry_IV_of_England	mother	Douce_I_Countess_of_Provence
Mary_de_Bohun	mother	Gisela_of_Swabia
Peter_I_of_Portugal	mother	Marie_Countess_of_Ponthieu
Jacquetta_of_Luxembourg	mother	Eleanor_of_Aragon_Queen_of_Portugal
Ernest_Augustus_Elector_of_Hanover	mother	Marie_de_Medici
Margaret_of_Anjou	mother	Catherine_of_Valois
Charlotte_of_Bourbon_Queen_of_Cyprus	mother	Marie_of_Blois_Duchess_of_Anjou
Anne_of_Bohemia_and_Hungary	mother	Osburh
Louis_IV_of_France	mother	Eleanor_of_Aragon_Queen_of_Castile
Saint_Margaret_of_Scotland	mother	Marie_Jeanne_Baptiste_of_Savoy_Nemours
Arnulf_I_Count_of_Flanders	mother	Jeanne_de_Bourbon_Duchess_of_Bourbon
Charles_the_Bald	mother	Blanca_of_Navarre_Queen_of_Castile
Rudolph_Duke_of_Lorraine	mother	Joan_of_Geneva
John_I_of_Portugal	mother	Elizabeth_of_Austria_1436_1505
Odo_IV_Duke_of_Burgundy	mother	Maria_Luisa_of_Spain
Joan_III_Countess_of_Burgundy	mother	Constance_of_Arles
Isabeau_of_Bavaria	mother	Alice_of_Vergy
Elisabeth_of_France_1602_1644	mother	Magdalene_Sibylle_of_Prussia
William_I_Count_of_Hainaut	mother	Joanna_of_Castile
Yolanda_of_Courtenay	mother	Infanta_Luisa_Fernanda_Duchess_of_Montpensier
Baldwin_II_Count_of_Hainaut	mother	Princess_Magdalena_Augusta_of_Anhalt_Zerbst
Adelaide_of_Auxerre_born_c._870	mother	Bertha_Duchess_of_Lorraine
Maria_Amalia_of_Naples_and_Sicily	mother	Gerberga_of_Saxony
Marie_of_Brabant_Queen_of_France	mother	Caroline_of_Ansbach
Charles_Emmanuel_I_Duke_of_Savoy	mother	Mar_a_Isabella_of_Spain
Maria_Amalia_of_Saxony	mother	Beatriz_Pereira_de_Alvim
Isabella_of_Hainault	mother	Margaret_of_Provence
Margaret_I_Countess_of_Flanders	mother	Dorothea_of_Denmark_Duchess_of_Brunswic_L_neburg
Maria_Theresa_of_Naples_and_Sicily	mother	Christina_of_Denmark
Charles_VII_of_France	mother	Marie_de_Medici
Charles_IX_of_France	mother	Sibylla_of_Burgundy_Duchess_of_Burgundy
Francis_II_of_France	mother	Willa_of_Tuscany
Margaret_of_Brabant	mother	Agnes_of_Loon
Philip_III_of_France	mother	Adelaide_of_Paris
Baldwin_II_Margrave_of_Flanders	mother	Fran_oise_Marie_de_Bourbon
Margaret_of_Bavaria	mother	Isabelle_de_Beauvau
Violant_of_Hungary	mother	Barbara_of_Cilli
Ferdinand_II_of_Le_n	mother	Philippa_of_Guelders
Isabella_of_Aragon_Queen_of_France	mother	Blanche_of_Brittany
Reginald_I_Count_of_Burgundy	mother	Christine_of_France
Ferdinand_I_of_Aragon	mother	Mary_of_Burgundy_Duchess_of_Cleves
Robert_I_Duke_of_Burgundy	mother	Cymburgis_of_Masovia
Frederick_I_Duke_of_Lorraine	mother	Barbara_Jagiellon
Robert_III_of_Scotland	mother	Elizabeth_the_Cuman
Louis_the_Stammerer	mother	Margaret_Douglas
Rudolph_I_of_Burgundy	mother	Margaret_II_Countess_of_Flanders
Philippe_I_Duke_of_Orl_ans	mother	Isabella_Duchess_of_Lorraine
Sophia_of_Minsk	mother	Margaret_of_Savoy_Countess_of_Saint_Pol
Ferdinand_III_of_Castile	mother	Maud_Chaworth
Maria_of_Aragon_Queen_of_Portugal	mother	Catherine_de_Medici
Adolphus_Frederick_I_Duke_of_Mecklenburg_Schwerin	mother	Eilika_of_Schweinfurt
Henry_III_Duke_of_Brabant	mother	Ermentrude_of_Orl_ans
Adelaide_of_Maurienne	mother	Archduchess_Maria_Clementina_of_Austria
Madeleine_de_La_Tour_d_Auvergne	mother	Isabella_of_Portugal_Duchess_of_Burgundy
Emmanuel_Philibert_Duke_of_Savoy	mother	Beatrice_of_Castile_1242_1303
Philip_V_of_Spain	mother	Mary_of_Guise
Charlotte_of_Mecklenburg_Strelitz	mother	Margaret_of_Flanders_Duchess_of_Brabant
Blanche_of_Castile	mother	Catherine_de_Medici
Maximilian_I_Holy_Roman_Emperor	mother	Charlotte_of_Bourbon_Queen_of_Cyprus
Theobald_III_Count_of_Champagne	mother	Elisabeth_of_France_1602_1644
Louis_XVIII	mother	Countess_Palatine_Caroline_of_Zweibr_cken
Maria_Josepha_of_Saxony_Dauphine_of_France	mother	Gerberga_of_M_con
Henrietta_Maria	mother	Mary_de_Bohun
Hugh_the_Great	mother	Maria_Carolina_of_Austria
Louis_the_German	mother	Countess_Amalia_Katharina_of_Waldeck
Charles_the_Fat	mother	In_s_de_Castro
Hugh_Capet	mother	Yolanda_Latin_Empress
Theobald_I_of_Navarre	mother	Margaret_of_Brieg
Marie_Caroline_of_Bourbo_Two_Sicilies_Duchess_of_Berry	mother	Maria_Antonia_Ferdinanda_of_Spain
Archduchess_Anna_of_Austria	mother	Hedwig_of_Bavaria
Louis_I_of_Anjou	mother	Lucrezia_Tornabuoni
Charlotte_of_Savoy	mother	Bertha_of_Swabia
Eleanor_of_Aquitaine	mother	Anne_of_Cyprus
Benedicta_Henrietta_of_the_Palatinate	mother	Marie_of_Cleves_Duchess_of_Orl_ans
Mary_Queen_of_Scots	mother	Margaret_of_Geneva
Anne_of_Brittany	mother	Philippa_Countess_of_Toulouse
Humbert_II_Count_of_Savoy	mother	Berengaria_of_Barcelona
Pepin_the_Short	mother	Judith_of_Flanders
Rozala_of_Italy	mother	Eleanor_of_Castile
Baldwin_III_Count_of_Flanders	mother	Elizabeth_of_York
Alfred_the_Great	mother	Maria_Josepha_of_Austria
Baldwin_VI_Count_of_Flanders	mother	Isabella_of_Hainault
Isabella_of_France	mother	Alice_Holland_Countess_of_Kent
Joan_I_of_Navarre	mother	Adelaide_of_Leuven
Elisabeth_Christine_of_Brunswic_Wolfenb_ttel	mother	Adelaide_of_Auxerre_born_c._870
Berengaria_of_Barcelona	mother	Bianca_Maria_Visconti
Alys_of_France_Countess_of_Vexin	mother	Ermesinde_of_Carcassonne
Catherine_of_Vend_me	mother	Eleanor_of_Provence
Charles_Duke_of_Vend_me	mother	Ermengarde_of_Auvergne
Margaret_of_Foix	mother	Isabella_of_Portugal
Prince_Philippe_Count_of_Paris	mother	Blanche_of_Navarre_Countess_of_Champagne
Robert_II_of_France	mother	Sancha_of_Castile_Queen_of_Aragon
Adelaide_of_Burgundy_Duchess_of_Brabant	mother	Clementia_of_Hungary
Hugh_IV_Duke_of_Burgundy	mother	Maria_of_Aragon_Queen_of_Portugal
Elizabeth_of_Luxembourg	mother	Beatrice_of_Portugal_Duchess_of_Savoy
George_Duke_of_Brunswic_Calenberg	mother	Yolande_of_Dreux_Duchess_of_Burgundy
Simon_I_Duke_of_Lorraine	mother	Catherine_of_Foix_Countess_of_Candale
Maximilian_II_Holy_Roman_Emperor	mother	Isabel_of_Barcelos
Baldwin_V_Count_of_Flanders	mother	Elizabeth_Mure
Anna_of_Holstei_Gottorp	mother	Adela_of_France
Anne_Gonzaga	mother	Wilhelmine_Amalie_of_Brunswick
Otto_II_Duke_of_Bavaria	mother	Ren_e_of_Bourbon
Anna_Maria_of_Mecklenburg_Schwerin	mother	Maria_Anna_Victoria_of_Bavaria
Ramon_Berenguer_IV_Count_of_Provence	mother	Louise_Marie_Ad_la_de_de_Bourbon_Duchess_of_Orl_ans
Stephen_II_Duke_of_Bavaria	mother	Claude_of_France_1547_1575
Louis_XVI	mother	Gertrude_of_Hohenberg
Marie_Th_r_se_of_France	mother	Anne_Marie_d_Orl_ans
Henry_VI_of_England	mother	Juana_Manuel
Mary_of_Hungary_Queen_of_Naples	mother	_lfthryth_Countess_of_Flanders
William_VIII_Duke_of_Aquitaine	mother	Marie_Ad_la_de_of_Savoy
Richard_Count_of__tampes	mother	Judith_of_Habsburg
John_VII_Duke_of_Mecklenburg_Schwerin	mother	Margaret_Countess_of_Anjou
Margaret_of_Valois_Angoul_me	mother	Maud_FitzJohn_Countess_of_Warwick
Countess_Sophia_Albertine_of_Erbach_Erbach	mother	Guilla_of_Provence
Pepin_of_Herstal	mother	Mahaut_Countess_of_Artois
Francesco_I_de_Medici_Grand_Duke_of_Tuscany	mother	Mary_of_Hungary_Queen_of_Naples
Joan_Countess_of_Ponthieu	mother	Beatrice_of_Silesia
William_V_Duke_of_Aquitaine	mother	Alys_of_France_Countess_of_Vexin
Sophia_Eleonore_of_Saxony	mother	Joanna_of_Pfirt
John_I_Count_of_Hainaut	mother	Auguste_of_Bade_Baden
Louis_III_of_France	mother	Richende_De_Bourges
Albert_I_Duke_of_Brunswic_L_neburg	mother	Anna_Sophia_of_Prussia
James_IV_of_Scotland	mother	Sophia_of_Saxe_Weissenfels_Princess_of_Anhalt_Zerbst
Philip_VI_of_France	mother	Maria_Amalia_of_Naples_and_Sicily
Maria_Teresa_Felicitas_d_Este	mother	Margaret_I_Countess_of_Flanders
Louise_Marie_Ad_la_de_de_Bourbon_Duchess_of_Orl_ans	mother	Alfonsina_Orsini
John_the_Fearless	mother	Maria_Christina_of_the_Two_Sicilies
Eleanor_of_Aragon_Queen_of_Portugal	mother	Catherine_of_Vend_me
Afonso_III_of_Portugal	mother	Margaret_of_Burgundy_Queen_of_France
Yolanda_Latin_Empress	mother	Blanche_of_Artois
Nicolas_Duke_of_Merc_ur	mother	Juana_Enr_quez
Matthew_Stewart_2nd_Earl_of_Lennox	mother	Willa_of_Burgundy
Blanche_of_Burgundy	mother	Eadgifu_of_Wessex
William_IV_Duke_of_Aquitaine	mother	Alice_of_Normandy
Ferdinand_Duke_of_Viseu	mother	Margaret_of_Artois
Margaret_of_Artois	mother	Eleanor_of_Aquitaine
Taddea_Visconti	mother	Joan_of_Ponthieu_Dame_of_Epernon
Otto_William_Count_of_Burgundy	mother	Gertrude_of_S_pplingenburg
Maria_Beatrice_of_Savoy	mother	Estrid_of_the_Obotrites
Henry_IV_of_France	mother	Sophia_of_Brandenburg
Conrad_I_of_Burgundy	mother	Dangereuse_de_l_Isle_Bouchard
Baldwin_III_Count_of_Hainaut	mother	Jeanne_d_Albret
Ferdinand_Karl_Archduke_of_Austria_Este	mother	Elisabeth_of_Swabia
Judith_of_Habsburg	mother	Maria_Theresa_of_Naples_and_Sicily
Margaret_of_Provence	mother	Ida_Countess_of_Hainaut
Odo_I_Count_of_Blois	mother	Mary_of_Burgundy_Duchess_of_Savoy
Bertha_of_Burgundy	mother	Constance_of_Castile
Eleanor_of_Austria	mother	Gertrude_of_Hohenberg
Robert_Count_of_Clermont	mother	Margaret_of_Provence
Eadgifu_of_Wessex	mother	Anna_Maria_of_Mecklenburg_Schwerin
Elisabeth_of_Austria_Queen_of_France	mother	Hedwig_of_Formbach
Philip_II_of_France	mother	Elisabeth_Farnese
Ernest_Duke_of_Austria	mother	Anna_of_Nassau_Dillenburg
Robert_II_Count_of_Dreux	mother	Marie_of_Brabant_Queen_of_France
Catherine_of_Foix_Countess_of_Candale	mother	Princess_Caroline_Louise_of_Saxe_Weimar_Eisenach
Yolande_of_Aragon	mother	Agnes_of_France_Duchess_of_Burgundy
John_I_of_Castile	mother	Beatrice_Regina_della_Scala
Albert_Azzo_II_Margrave_of_Milan	mother	Anne_of_Austria
Henry_III_of_England	mother	Anne_of_Bohemia_and_Hungary
Elizabeth_of_Austria_1436_1505	mother	Maria_Luisa_of_Parma
Anne_of_Kiev	mother	Agnes_of_France_Duchess_of_Burgundy
Louis_VIII_of_France	mother	Adelaide_of_Burgundy_Duchess_of_Brabant
John_King_of_England	mother	Anabella_Drummond
Otto_I_Duke_of_Bavaria	mother	Mary_of_Burgundy
Louis_XVII	mother	Charlotte_Agla__d_Orl_ans
Charles_Duke_of_Orl_ans	mother	Berengaria_of_Castile
Marie_of_Cleves_Duchess_of_Orl_ans	mother	Agatha_wife_of_Edward_the_Exile
Eleanor_of_England_Queen_of_Castile	mother	Elisabeth_Farnese
Maria_Theresa	mother	Eleanor_of_England_Queen_of_Castile
Isabella_of_Portugal	mother	Eleonore_of_Austria_Queen_of_Poland
Edward_II_of_England	mother	Anna_Eleonore_of_Hesse_Darmstadt
George_III	mother	Philippa_of_Lancaster
Elisabeth_of_Nuremberg	mother	Marie_Louise_Duchess_of_Parma
Galeazzo_Maria_Sforza	mother	Margaret_of_Denmark_Queen_of_Scotland
Henry_II_Duke_of_Brabant	mother	Maria_Carolina_of_Austria
Baldwin_V_Count_of_Hainaut	mother	Matilda_of_B_thune
Maria_of_Austria_Duchess_of_J_lich_Cleves_Berg	mother	Gerloc
Louis_II_of_Anjou	mother	Mar_a_Manuela_Kirkpatrick_de_Grevign_e
Christine_of_Saxony	mother	Adelaide_of_Maurienne
Hugh_Magnus	mother	Bonne_of_Luxembourg
Princess_Augusta_of_Saxe_Gotha	mother	Gertrude_of_Hohenberg
Francis_I_Duke_of_Lorraine	mother	Maria_Beatrice_d_Este_Duchess_of_Massa
Arnulf_II_Count_of_Flanders	mother	Luitgarde_of_Vermandois
Matilda_of_France	mother	Maria_Amalia_of_Saxony
Elisabeth_of_Meissen	mother	Adelaide_of_Tours
Louis_VI_of_France	mother	Eleanor_of_Aquitaine
Henry_the_Middle_Duke_of_Brunswic_L_neburg	mother	Maria_Teresa_Cybo_Malaspina_Duchess_of_Massa
Henry_IX_Duke_of_Bavaria	mother	Ermengarde_of_Hesbaye
Afonso_IV_of_Portugal	mother	Duchess_Helene_of_Mecklenburg_Schwerin
John_I_Duke_of_Lorraine	mother	Maria_Amalia_of_Saxony
Henry_VII_of_England	mother	Louise_of_Savoy
Mar_a_Isabella_of_Spain	mother	Adelaide_of_Maurienne
Welf_I_Duke_of_Bavaria	mother	Maria_Theresa_of_Austria_Este_Queen_of_Sardinia
Napoleon_II	mother	Philippa_of_Luxembourg
William_of_Winchester_Lord_of_Lunenburg	mother	Elisabeth_of_Meissen
Jeanne_de_Bourbon_Duchess_of_Bourbon	mother	Engeltrude_de_F_zensac
Catherine_of_Valois	mother	Salomea_of_Berg
Margaret_of_the_Palatinate	mother	Margaret_of_Joinville
Sibylla_of_Anjou	mother	Yolande_Duchess_of_Lorraine
Sophia_of_Saxe_Weissenfels_Princess_of_Anhalt_Zerbst	mother	Urraca_of_Castile_Queen_of_Portugal
Princess_Louise_of_Hesse_Darmstadt_1757_1830	mother	Ermentrude_de_Roucy
James_V_of_Scotland	mother	Sophia_Eleonore_of_Saxony
Mahaut_Countess_of_Artois	mother	Lady_Margaret_Beaufort
Francis_II_Duke_of_Lorraine	mother	Isabella_de_Beauchamp
Anne_of_Cyprus	mother	Beatrice_of_Castile_1293_1359
Louis_Duke_of_Savoy	mother	Eleanor_de_Guzm_n
Alfonso_XI_of_Castile	mother	Marie_of_Anjou
Margaret_Holland_Duchess_of_Clarence	mother	Anne_of_Bohemia_and_Hungary
Anne_of_Foix_Candale	mother	Joan_Beaufort_Queen_of_Scots
Antoine_Count_of_Vaud_mont	mother	Violant_of_Bar
Maria_Luisa_of_Parma	mother	Matilda_of_Carinthia
Maria_Theresa_of_Savoy	mother	Adelaide_Countess_of_Burgundy
Elizabeth_of_Bohemia_1292_1330	mother	Marie_Antoinette
Henry_VI_Count_of_Luxembourg	mother	Clarice_Orsini
Philip_II_of_Spain	mother	Waldrada_of_Worms
Bertha_of_Holland	mother	Landgravine_Elisabeth_Amalie_of_Hesse_Darmstadt
Ingegerd_Olofsdotter_of_Sweden	mother	Princess_Christine_Louise_of_Oettinge_Oettingen
Marie_of_Luxembourg_Countess_of_Vend_me	mother	Gertrude_of_Saxony
Robert_I_Count_of_Dreux	mother	Margaret_of_Artois
Isabella_de_Beauchamp	mother	Anna_Maria_of_Ostfriesland
Princess_Magdalena_Augusta_of_Anhalt_Zerbst	mother	Maria_Josepha_of_Saxony_Dauphine_of_France
Gertrude_of_Saxony	mother	Judith_of_Bavaria_died_843
John_I_Duke_of_Brittany	mother	Margaret_of_Baux
Lothair_of_France	mother	Marie_de_Ch_tillon_1323_1363
Marie_of_France_Duchess_of_Bar	mother	Mar_a_de_Molina
Adelaide_of_Aquitaine	mother	Ogive_of_Luxembourg
Margaret_Countess_of_Anjou	mother	Maria_of_Austria_Duchess_of_J_lich_Cleves_Berg
Ramon_Berenguer_II_Count_of_Barcelona	mother	Agnes_of_Burgundy_Duchess_of_Aquitaine
Ernest_I_Duke_of_Brunswic_L_neburg	mother	Gerloc
John_I_of_France	mother	Hedwig_of_Babenberg
George_II_of_Great_Britain	mother	Violant_of_Hungary
Hemma	mother	Eleanor_of_Navarre
Judith_of_Bavaria_died_843	mother	Marie_of_Luxembourg_Countess_of_Vend_me
Infanta_Luisa_Fernanda_Duchess_of_Montpensier	mother	Adela_of_Milan
Marie_Louise_Duchess_of_Parma	mother	Isabella_of_Valois_Duchess_of_Bourbon
Baldwin_IV_Count_of_Flanders	mother	Antoinette_of_Bourbon
Maria_of_Austria_Holy_Roman_Empress	mother	Matilda_of_Brandenburg_Duchess_of_Brunswic_L_neburg
Princess_Caroline_Louise_of_Saxe_Weimar_Eisenach	mother	Claude_Fran_oise_de_Lorraine
Beatrice_of_Savoy	mother	Bertrade_of_Montfort
Charles_III_Duke_of_Lorraine	mother	Henrietta_Maria
Louis_I_Duke_of_Bavaria	mother	Madeleine_de_La_Tour_d_Auvergne
Isabella_I_of_Castile	mother	Margaret_I_Countess_of_Flanders
Ferdinand_IV_of_Castile	mother	Agnes_of_Burgundy_Duchess_of_Bourbon
Charles_V_Holy_Roman_Emperor	mother	Ermengarde_of_Anjou_Duchess_of_Burgundy
Isabella_of_Portugal_Queen_of_Castile	mother	Agnes_of_Burgundy_Duchess_of_Bourbon
Alfonso_VIII_of_Castile	mother	Joan_II_Countess_of_Burgundy
Charlotte_Agla__d_Orl_ans	mother	Richilde_Countess_of_Hainaut
Hugh_II_Duke_of_Burgundy	mother	Joanna_of_Bourbon
Margaret_of_Savoy_Countess_of_Saint_Pol	mother	Maria_Josepha_of_Austria
Charles_V_Duke_of_Lorraine	mother	Adele_of_Vermandois
Barbara_Jagiellon	mother	Joan_the_Lame
Peter_II_of_Aragon	mother	Kunigunde_of_Altdorf
Piero_the_Unfortunate	mother	Christine_of_Saxony
Duchess_Helene_of_Mecklenburg_Schwerin	mother	Princess_Augusta_of_Saxe_Gotha
Philip_of_France_1116_1131	mother	Alice_of_Namur
Matilda_of_Brabant_Countess_of_Artois	mother	Catherine_de_Medici
Francis_II_Duke_of_Brittany	mother	Matilda_of_Bavaria_Margravine_of_Meissen
Lorenzo_de_Medici	mother	Elisabeth_Christine_of_Brunswic_Wolfenb_ttel
Henry_Stuart_Lord_Darnley	mother	Joan_of_Navarre_Queen_of_England
Joanna_of_Bourbon	mother	Matilda_of_Ringelheim
Joanna_of_Austria_Grand_Duchess_of_Tuscany	mother	Eleanor_of_Lancaster
Louis_Philippe_I_Duke_of_Orl_ans	mother	Margaret_III_Countess_of_Flanders
Maria_Antonia_Ferdinanda_of_Spain	mother	Almodis_de_la_Marche
Christine_of_Hesse	mother	Joanna_of_Bourbon
John_of_Gaunt	mother	Margaret_Boswell
Countess_Palatine_Caroline_of_Zweibr_cken	mother	Fran_oise_Marie_de_Bourbon
Mary_Tudor_Queen_of_France	mother	Richeza_of_Poland_Queen_of_Sweden
Henry_son_of_Robert_I_of_Burgundy	mother	Ansgarde_of_Burgundy
Fulk_IV_Count_of_Anjou	mother	Christine_of_Hesse
James_I_Count_of_La_Marche	mother	Beatrice_of_Vermandois
Leopold_III_Duke_of_Austria	mother	Anne_of_Brittany
Charles_Ferdinand_Duke_of_Berry	mother	Garsenda_Countess_of_Forcalquier
Theobald_III_Count_of_Blois	mother	Bonne_of_Luxembourg
Charles_the_Bold	mother	Anne_of_Bohemia_and_Hungary
Elizabeth_Woodville	mother	Sophia_Dorothea_of_Celle
Archduchess_Maria_Theresa_of_Austria_Este_1817_1886	mother	Dulce_of_Aragon
William_I_Count_of_Burgundy	mother	Beatrice_of_Burgundy_Lady_of_Bourbon
Margaret_of_Flanders_Duchess_of_Brabant	mother	Mary_of_Avesnes
Denis_of_Portugal	mother	Margaret_of_Bar
Richeza_of_Poland_Queen_of_Sweden	mother	Heilika_of_Lengenfeld
Maria_Christina_of_the_Two_Sicilies	mother	Louise__lisabeth_of_France
Isabella_of_Bourbon	mother	Douce_I_Countess_of_Provence
Margaret_of_Valois	mother	Gerberga_of_Saxony
Maud_Chaworth	mother	Helena_of_Denmark
Theobald_I_Count_of_Blois	parent	Margaret_of_the_Palatinate
Leopold_Duke_of_Lorraine	parent	_lffl_d_wife_of_Edward_the_Elder
Afonso_II_of_Portugal	parent	Louis_XV
Afonso_II_of_Portugal	parent	_lisabeth_Charlotte_d_Orl_ans
Charles_Emmanuel_III_of_Sardinia	parent	Margaret_Countess_of_Anjou
Philip_IV_of_Spain	parent	Ermengarde_Countess_of_Maine
Margaret_of_Austria_Queen_of_Spain	parent	Isabella_of_Angoul_me
Charles_Count_of_Valois	parent	Eleanor_of_Toledo
Isabella_of_Valois_Duchess_of_Bourbon	parent	Catherine_de_Medici
Henry_II_of_Castile	parent	Maria_Josepha_of_Saxony_Dauphine_of_France
Albert_I_of_Germany	parent	Lutgardis_of_Luxemburg
Matthias_I_Duke_of_Lorraine	parent	Matilda_of_France
Matthias_II_Duke_of_Lorraine	parent	Philip_II_of_France
Frederick_II_Duke_of_Lorraine	parent	Maria_of_Swabia
Henry_II_of_England	parent	Francis_I_Holy_Roman_Emperor
Henry_II_of_England	parent	Gisela_of_Burgundy_Marchioness_of_Montferrat
Frederick_Prince_of_Wales	parent	Emma_of_Blois
Maria_Beatrice_d_Este_Duchess_of_Massa	parent	John_II_of_Aragon
Maria_Beatrice_d_Este_Duchess_of_Massa	parent	Blanche_of_Lancaster
Rudolph_of_France	parent	Anne_of_Bohemia_and_Hungary
Ren__II_Duke_of_Lorraine	parent	Anne_of_Kiev
Antoine_Duke_of_Lorraine	parent	Eleanor_of_Navarre
Henry_the_Fowler	parent	Isabella_of_Aragon_Queen_of_France
Gerberga_of_Saxony	parent	Bonne_of_Luxembourg
Ren__of_Anjou	parent	John_II_of_France
Mary_of_Guise	parent	Polyxena_of_Hesse_Rotenburg
John_II_Duke_of_Lorraine	parent	Louis_I_of_Anjou
Isabella_Duchess_of_Lorraine	parent	Amicie_de_Courtenay
Louis_XV	parent	Hedwig_of_Bavaria
Louis_Duke_of_Burgundy	parent	Beatrice_of_Savoy
Alice_Holland_Countess_of_Kent	parent	Maria_Theresa_of_Savoy
Eleanor_of_Lancaster	parent	Margaret_of_Saxony_Duchess_of_Brunswic_L_neburg
Berenguer_Ramon_I_Count_of_Barcelona	parent	Elizabeth_of_Portugal
Margaret_Stewart_Dauphine_of_France	parent	Marie_of_France_Countess_of_Champagne
Francis_I_Holy_Roman_Emperor	parent	Charles_V_of_France
Francis_I_Holy_Roman_Emperor	parent	Constance_of_Portugal
Joseph_II_Holy_Roman_Emperor	parent	Louis_IV_Holy_Roman_Emperor
Edward_I_of_England	parent	Hemma
Leopold_II_Holy_Roman_Emperor	parent	Sancho_IV_of_Castile
Leopold_II_Holy_Roman_Emperor	parent	Matilda_of_Savoy_Queen_of_Portugal
Marie_Ad_la_de_of_Savoy	parent	A_nor_de_Ch_tellerault
Odo_of_France	parent	Rozala_of_Italy
Henry_I_Count_of_Champagne	parent	Philippa_of_Hainault
Louis_Philippe_I	parent	Joan_I_of_Navarre
Louis_Philippe_I	parent	Petronilla_of_Aragon
Henry_I_of_France	parent	Arnulf_Count_of_Holland
Henry_I_of_France	parent	Francis_II_Duke_of_Brittany
Philip_I_of_France	parent	Countess_Caroline_of_Nassau_Saarbr_cken
Henrietta_of_England	parent	Waldrada_of_Worms
Lorenzo_de_Medici_Duke_of_Urbino	parent	Isabella_of_Portugal_Queen_of_Castile
Blanche_of_Navarre_Queen_of_France	parent	Isabella_of_Portugal
Philip_III_of_Navarre	parent	Philip_IV_of_Spain
Philip_III_of_Navarre	parent	Beatrice_of_Savoy
Sancho_I_of_Portugal	parent	Joan_Fitzalan_Countess_of_Hereford
Afonso_I_of_Portugal	parent	Ferdinand_I_Holy_Roman_Emperor
Maria_Josepha_of_Austria	parent	Wierzchoslawa_Ludmilla_of_Greater_Poland
Ramon_Berenguer_IV_Count_of_Barcelona	parent	Sophia_of_Holstei_Gottorp
Ramon_Berenguer_III_Count_of_Barcelona	parent	Anne_Marie_d_Orl_ans
Afonso_V_of_Portugal	parent	Hugh_III_Duke_of_Burgundy
Afonso_V_of_Portugal	parent	Matilda_of_England_Duchess_of_Saxony
Edward_King_of_Portugal	parent	Ludmilla_of_Bohemia
Edward_King_of_Portugal	parent	Pepin_of_Herstal
Francis_II_Holy_Roman_Emperor	parent	Catherine_of_Mayenne
Philip_II_Duke_of_Savoy	parent	Marie_Antoinette
John_II_of_France	parent	Joan_II_of_Navarre
Joan_the_Lame	parent	Mahaut_of_Ch_tillon
Louis_Dauphin_of_France_son_of_Louis_XIV	parent	Constance_of_Arles
Princess_Marie_Isabelle_of_Orl_ans	parent	Maria_of_Austria_Holy_Roman_Empress
Antoine_Duke_of_Montpensier	parent	Judith_of_Flanders_died_1095
Henry_I_of_Castile	parent	Vladimir_the_Great
Joan_II_of_Navarre	parent	Anne_of_Cyprus
Charles_IV_of_France	parent	Eleanor_of_Aragon_Queen_of_Portugal
Magdalene_Sibylle_of_Prussia	parent	Margaret_Countess_of_Vertus
Marie_Eleonore_of_Cleves	parent	Isabeau_of_Bavaria
Victor_Amadeus_II_of_Sardinia	parent	Maria_Theresa_of_Spain
Ferdinand_I_of_the_Two_Sicilies	parent	Joan_Beaufort_Queen_of_Scots
Alfonso_II_of_Aragon	parent	Ren_e_of_Bourbon
Charles_Martel	parent	Joan_I_of_Navarre
Charles_Martel	parent	Dirk_I_Count_of_Holland
Marie_Countess_of_Ponthieu	parent	Catalina_Micaela_of_Spain
Louis_I_Duke_of_Orl_ans	parent	Margaret_of_Valois_Duchess_of_Berry
Charles_V_of_France	parent	Maria_Theresa
William_X_Duke_of_Aquitaine	parent	Margaret_Tudor
Eleanor_of_Provence	parent	Margaret_of_Bavaria
Charles_Emmanuel_II_Duke_of_Savoy	parent	Louis_the_German
Charles_Emmanuel_II_Duke_of_Savoy	parent	Maria_Anna_Victoria_of_Bavaria
John_II_of_Aragon	parent	Ferdinand_I_Holy_Roman_Emperor
John_II_of_Aragon	parent	Viridis_Visconti
Alfonso_V_of_Aragon	parent	Pepin_of_Herstal
Alfonso_V_of_Aragon	parent	Robert_II_Count_of_Dreux
James_III_of_Scotland	parent	Marie_Countess_of_Harcourt
Philippa_of_Hainault	parent	Isabella_of_France
Joan_of_Valois_Countess_of_Hainaut	parent	Matilda_of_Boulogne_Duchess_of_Brabant
Liudolf_Margrave_of_Frisia	parent	Anne_of_Foix_Candale
Clementia_of_Hungary	parent	Rotrude_of_Hesbaye
Charles_the_Simple	parent	Leopold_Duke_of_Lorraine
Charles_the_Simple	parent	Bertha_daughter_of_Lothair_II
Countess_Palatine_Dorothea_Sophie_of_Neuburg	parent	Maria_Anna_of_Bavaria_born_1551
Elisabeth_Farnese	parent	Maria_Beatrice_of_Savoy
Ermentrude_of_Orl_ans	parent	Yolanda_of_Courtenay
Magnus_II_Duke_of_Brunswic_L_neburg	parent	Isabeau_of_Bavaria
Dirk_II_Count_of_Holland	parent	Philip_I_of_Castile
Beatrice_of_Portugal_died_1381	parent	Princess_Elisabeth_Albertine_of_Saxe_Hildburghausen
Victor_Amadeus_I_Duke_of_Savoy	parent	Marie_Eleonore_of_Cleves
Mary_of_Burgundy_Duchess_of_Cleves	parent	Joan_I_of_Navarre
Dirk_III_Count_of_Holland	parent	Alpaida
Alfonso_X_of_Castile	parent	Elizabeth_of_Luxembourg
Louis_Duke_of_Orl_ans_1703_1752	parent	Maximilian_I_Holy_Roman_Emperor
Louis_Duke_of_Orl_ans_1703_1752	parent	Sibylla_of_Anjou
Louis_Duke_of_Orl_ans_1703_1752	parent	Rurik
Landgravine_Elisabeth_Amalie_of_Hesse_Darmstadt	parent	Mary_of_Guelders
James_II_of_Scotland	parent	Adelaide_of_Aquitaine
Willa_of_Tuscany	parent	Maria_of_Swabia
Frederick_III_Holy_Roman_Emperor	parent	Princess_Louise_of_Hesse_Darmstadt_1757_1830
Grimoald_the_Younger	parent	Louis_I_Duke_of_Orl_ans
Maria_Luisa_of_Spain	parent	Empress_Matilda
Charles_III_of_Spain	parent	Maria_Theresa
Maria_Theresa_of_Spain	parent	Margaret_of_Austria_Queen_of_Spain
Henry_the_Lion	parent	Taddea_Visconti
Otto_IV_Count_of_Burgundy	parent	Maria_Josepha_of_Saxony_Dauphine_of_France
Isabel_of_Barcelos	parent	Clemence_of_Austria
Ferdinand_II_of_Aragon	parent	Maria_Theresa
Willa_of_Burgundy	parent	John_I_of_Castile
Hugh_of_Italy	parent	Begga
Rudolph_II_of_Burgundy	parent	Berengar_II_of_Italy
Rudolph_II_of_Burgundy	parent	Isabella_I_of_Castile
Eug_nie_de_Montijo	parent	Eleanor_of_Portugal_Holy_Roman_Empress
Napoleon_III	parent	Charles_Duke_of_Orl_ans
Clemence_of_Austria	parent	Adela_of_Champagne
Peter_I_Duke_of_Bourbon	parent	Eleanor_of_Alburquerque
Charles_VI_of_France	parent	Ingegerd_Olofsdotter_of_Sweden
Henry_V_of_England	parent	Urraca_of_Portugal
Joan_of__vreux	parent	Jacquetta_of_Luxembourg
Louis_Count_of__vreux	parent	Valentina_Visconti_Duchess_of_Orl_ans
Otto_I_Duke_of_Brunswic_L_neburg	parent	Elisabeth_of_Austria_Duchess_of_Lorraine
A_nor_de_Ch_tellerault	parent	Maud_of_Apulia
Claude_of_France	parent	Joanna_of_Castile
Louis_I_Duke_of_Bourbon	parent	Helie_of_Semur
Marie_Antoinette	parent	Hedwig_of_Saxony
Charles_X	parent	Lothair_II_of_Italy
Charles_X	parent	Margaret_of_Foix
Margaret_of_Bourbon_1438_1483	parent	Teresa_Louren_o
Maria_Theresa_of_Austria_Este_Queen_of_Sardinia	parent	Ermengarde_Countess_of_Maine
Sviatoslav_I	parent	Charles_III_Duke_of_Lorraine
Fulk_King_of_Jerusalem	parent	Philip_III_of_Spain
Fulk_King_of_Jerusalem	parent	Joan_of_Valois_Countess_of_Hainaut
Geoffrey_Plantagenet_Count_of_Anjou	parent	Matilda_of_Saxony_countess_of_Flanders
Geoffrey_Plantagenet_Count_of_Anjou	parent	Isabella_I_of_Castile
Catherine_de_Medici	parent	Elisabeth_of_Nuremberg
Henry_III_of_France	parent	Bertha_of_Holland
Henry_III_of_France	parent	Lothair_of_France
Edward_III_of_England	parent	Louis_Bonaparte
Edward_III_of_England	parent	Eleanor_of_Alburquerque
Victor_Amadeus_III_of_Sardinia	parent	Agnes_de_Baudemont_Countess_of_Braine
Victor_Amadeus_III_of_Sardinia	parent	Louis_the_Pious
Louis_XII	parent	Countess_Palatine_Dorothea_Sophie_of_Neuburg
Louis_XII	parent	Henry_Count_of_Portugal
Louis_XII	parent	Afonso_III_of_Portugal
Philip_I_of_Castile	parent	Maria_Teresa_Felicitas_d_Este
Frederick_II_Count_of_Vaud_mont	parent	Anne_Gonzaga
Eleanor_of_Castile	parent	Charles_VII_of_France
Alfonso_IX_of_Le_n	parent	Mary_of_Avesnes
James_I_of_Scotland	parent	Anne_of_Cyprus
Charles_VIII_of_France	parent	Charles_the_Simple
Louis_XI	parent	Alix_Duchess_of_Brittany
Henry_IV_of_England	parent	Douce_I_Countess_of_Provence
Mary_de_Bohun	parent	Gisela_of_Swabia
Peter_I_of_Portugal	parent	Marie_Countess_of_Ponthieu
Lothair_II_of_Italy	parent	Henry_V_of_England
Jacquetta_of_Luxembourg	parent	Eleanor_of_Aragon_Queen_of_Portugal
Ernest_Augustus_Elector_of_Hanover	parent	Marie_de_Medici
Margaret_of_Anjou	parent	Catherine_of_Valois
Charlotte_of_Bourbon_Queen_of_Cyprus	parent	Marie_of_Blois_Duchess_of_Anjou
Anne_of_Bohemia_and_Hungary	parent	Osburh
Louis_IV_of_France	parent	Eleanor_of_Aragon_Queen_of_Castile
Henry_VII_Holy_Roman_Emperor	parent	Claude_of_France
Saint_Margaret_of_Scotland	parent	Marie_Jeanne_Baptiste_of_Savoy_Nemours
Arnulf_I_Count_of_Flanders	parent	Jeanne_de_Bourbon_Duchess_of_Bourbon
Louis_XIII	parent	Francis_I_Duke_of_Lorraine
Charles_the_Bald	parent	Ferdinand_I_Holy_Roman_Emperor
Charles_the_Bald	parent	Blanca_of_Navarre_Queen_of_Castile
Rudolph_Duke_of_Lorraine	parent	Joan_of_Geneva
John_I_of_Portugal	parent	Elizabeth_of_Austria_1436_1505
Odo_IV_Duke_of_Burgundy	parent	Maria_Luisa_of_Spain
Joan_III_Countess_of_Burgundy	parent	Constance_of_Arles
Isabeau_of_Bavaria	parent	Alice_of_Vergy
Elisabeth_of_France_1602_1644	parent	Magdalene_Sibylle_of_Prussia
William_I_Count_of_Hainaut	parent	Joanna_of_Castile
Yolanda_of_Courtenay	parent	Infanta_Luisa_Fernanda_Duchess_of_Montpensier
Rudolph_III_of_Burgundy	parent	Joanna_of_Castile
Baldwin_II_Count_of_Hainaut	parent	Princess_Magdalena_Augusta_of_Anhalt_Zerbst
Adelaide_of_Auxerre_born_c._870	parent	Bertha_Duchess_of_Lorraine
Maria_Amalia_of_Naples_and_Sicily	parent	Gerberga_of_Saxony
Marie_of_Brabant_Queen_of_France	parent	Caroline_of_Ansbach
Charles_Emmanuel_I_Duke_of_Savoy	parent	Mar_a_Isabella_of_Spain
Maria_Amalia_of_Saxony	parent	Beatriz_Pereira_de_Alvim
Isabella_of_Hainault	parent	Margaret_of_Provence
Margaret_I_Countess_of_Flanders	parent	Dorothea_of_Denmark_Duchess_of_Brunswic_L_neburg
Maria_Theresa_of_Naples_and_Sicily	parent	Christina_of_Denmark
Charles_VII_of_France	parent	Marie_de_Medici
Charles_IX_of_France	parent	Sibylla_of_Burgundy_Duchess_of_Burgundy
Francis_II_of_France	parent	Willa_of_Tuscany
Margaret_of_Brabant	parent	Agnes_of_Loon
Philip_III_of_France	parent	Adelaide_of_Paris
Baldwin_II_Margrave_of_Flanders	parent	Fran_oise_Marie_de_Bourbon
Margaret_of_Bavaria	parent	Isabelle_de_Beauvau
Louis_IX_of_France	parent	Henry_VII_of_England
Violant_of_Hungary	parent	Barbara_of_Cilli
Ferdinand_II_of_Le_n	parent	Philippa_of_Guelders
Ferdinand_II_of_Le_n	parent	Louis_the_Pious
Isabella_of_Aragon_Queen_of_France	parent	Blanche_of_Brittany
Reginald_I_Count_of_Burgundy	parent	Christine_of_France
Ferdinand_I_of_Aragon	parent	Mary_of_Burgundy_Duchess_of_Cleves
Robert_I_Duke_of_Burgundy	parent	Cymburgis_of_Masovia
Frederick_I_Duke_of_Lorraine	parent	Louis_XIV
Frederick_I_Duke_of_Lorraine	parent	Barbara_Jagiellon
Robert_III_of_Scotland	parent	Elizabeth_the_Cuman
Louis_the_Stammerer	parent	Margaret_Douglas
Rudolph_I_of_Burgundy	parent	Margaret_II_Countess_of_Flanders
Philippe_I_Duke_of_Orl_ans	parent	Isabella_Duchess_of_Lorraine
Sophia_of_Minsk	parent	Margaret_of_Savoy_Countess_of_Saint_Pol
Ferdinand_III_of_Castile	parent	Victor_Amadeus_II_of_Sardinia
Ferdinand_III_of_Castile	parent	Maud_Chaworth
Maria_of_Aragon_Queen_of_Portugal	parent	Catherine_de_Medici
Adolphus_Frederick_I_Duke_of_Mecklenburg_Schwerin	parent	Eilika_of_Schweinfurt
Henry_III_Duke_of_Brabant	parent	Ermentrude_of_Orl_ans
Adelaide_of_Maurienne	parent	Archduchess_Maria_Clementina_of_Austria
Madeleine_de_La_Tour_d_Auvergne	parent	Isabella_of_Portugal_Duchess_of_Burgundy
Emmanuel_Philibert_Duke_of_Savoy	parent	Beatrice_of_Castile_1242_1303
Philip_V_of_Spain	parent	Mary_of_Guise
Charlotte_of_Mecklenburg_Strelitz	parent	Margaret_of_Flanders_Duchess_of_Brabant
Blanche_of_Castile	parent	Catherine_de_Medici
Maximilian_I_Holy_Roman_Emperor	parent	Charlotte_of_Bourbon_Queen_of_Cyprus
Theobald_III_Count_of_Champagne	parent	Elisabeth_of_France_1602_1644
Louis_XVIII	parent	Philip_II_of_Spain
Louis_XVIII	parent	Countess_Palatine_Caroline_of_Zweibr_cken
Maria_Josepha_of_Saxony_Dauphine_of_France	parent	Gerberga_of_M_con
Henrietta_Maria	parent	Mary_de_Bohun
Hugh_the_Great	parent	Maria_Carolina_of_Austria
Louis_the_German	parent	Countess_Amalia_Katharina_of_Waldeck
Charles_the_Fat	parent	In_s_de_Castro
Hugh_Capet	parent	Yolanda_Latin_Empress
Ferdinand_I_Holy_Roman_Emperor	parent	Alfonso_XI_of_Castile
Theobald_I_of_Navarre	parent	Margaret_of_Brieg
Marie_Caroline_of_Bourbo_Two_Sicilies_Duchess_of_Berry	parent	Maria_Antonia_Ferdinanda_of_Spain
Archduchess_Anna_of_Austria	parent	Hedwig_of_Bavaria
Louis_I_of_Anjou	parent	Lucrezia_Tornabuoni
Charlotte_of_Savoy	parent	Bertha_of_Swabia
Eleanor_of_Aquitaine	parent	Anne_of_Cyprus
Benedicta_Henrietta_of_the_Palatinate	parent	Marie_of_Cleves_Duchess_of_Orl_ans
Mary_Queen_of_Scots	parent	Margaret_of_Geneva
Anne_of_Brittany	parent	Philippa_Countess_of_Toulouse
Anne_of_Brittany	parent	John_I_Duke_of_Brittany
Theobald_I_Duke_of_Lorraine	parent	James_V_of_Scotland
Humbert_II_Count_of_Savoy	parent	Berengaria_of_Barcelona
Pepin_the_Short	parent	Judith_of_Flanders
Rozala_of_Italy	parent	Eleanor_of_Castile
Baldwin_III_Count_of_Flanders	parent	Elizabeth_of_York
Alfred_the_Great	parent	Maria_Josepha_of_Austria
Baldwin_VI_Count_of_Flanders	parent	Isabella_of_Hainault
Isabella_of_France	parent	Alice_Holland_Countess_of_Kent
Joan_I_of_Navarre	parent	Adelaide_of_Leuven
Elisabeth_Christine_of_Brunswic_Wolfenb_ttel	parent	Adelaide_of_Auxerre_born_c._870
Berengaria_of_Barcelona	parent	Bianca_Maria_Visconti
Alys_of_France_Countess_of_Vexin	parent	Ermesinde_of_Carcassonne
Catherine_of_Vend_me	parent	Eleanor_of_Provence
Charles_Duke_of_Vend_me	parent	Ermengarde_of_Auvergne
Margaret_of_Foix	parent	Isabella_of_Portugal
Prince_Philippe_Count_of_Paris	parent	Blanche_of_Navarre_Countess_of_Champagne
Prince_Philippe_Count_of_Paris	parent	Maria_Theresa
Prince_Ferdinand_Duke_of_Montpensier	parent	Rudolf_I_of_Germany
Hugh_V_Duke_of_Burgundy	parent	Charles_X
Robert_II_of_France	parent	Sancha_of_Castile_Queen_of_Aragon
Adelaide_of_Burgundy_Duchess_of_Brabant	parent	Clementia_of_Hungary
Hugh_IV_Duke_of_Burgundy	parent	Maria_of_Aragon_Queen_of_Portugal
Hugh_IV_Duke_of_Burgundy	parent	Alfonso_VIII_of_Castile
Elizabeth_of_Luxembourg	parent	Beatrice_of_Portugal_Duchess_of_Savoy
George_Duke_of_Brunswic_Calenberg	parent	Yolande_of_Dreux_Duchess_of_Burgundy
Simon_I_Duke_of_Lorraine	parent	Catherine_of_Foix_Countess_of_Candale
Maximilian_II_Holy_Roman_Emperor	parent	Isabel_of_Barcelos
Baldwin_V_Count_of_Flanders	parent	Elizabeth_Mure
Anna_of_Holstei_Gottorp	parent	Adela_of_France
Anne_Gonzaga	parent	Wilhelmine_Amalie_of_Brunswick
Otto_II_Duke_of_Bavaria	parent	Ren_e_of_Bourbon
Anna_Maria_of_Mecklenburg_Schwerin	parent	Maria_Anna_Victoria_of_Bavaria
Ramon_Berenguer_IV_Count_of_Provence	parent	Louise_Marie_Ad_la_de_de_Bourbon_Duchess_of_Orl_ans
Stephen_II_Duke_of_Bavaria	parent	Claude_of_France_1547_1575
Louis_XVI	parent	Gertrude_of_Hohenberg
Louis_XVI	parent	Joan_Countess_of_Ponthieu
Marie_Th_r_se_of_France	parent	Anne_Marie_d_Orl_ans
Henry_VI_of_England	parent	Philip_III_of_Navarre
Henry_VI_of_England	parent	Juana_Manuel
Mary_of_Hungary_Queen_of_Naples	parent	_lfthryth_Countess_of_Flanders
William_VIII_Duke_of_Aquitaine	parent	Marie_Ad_la_de_of_Savoy
Richard_Count_of__tampes	parent	Judith_of_Habsburg
John_VII_Duke_of_Mecklenburg_Schwerin	parent	Margaret_Countess_of_Anjou
Margaret_of_Valois_Angoul_me	parent	Maud_FitzJohn_Countess_of_Warwick
Countess_Sophia_Albertine_of_Erbach_Erbach	parent	Guilla_of_Provence
Pepin_of_Herstal	parent	Mahaut_Countess_of_Artois
Francesco_I_de_Medici_Grand_Duke_of_Tuscany	parent	Charles_the_Bald
Francesco_I_de_Medici_Grand_Duke_of_Tuscany	parent	Mary_of_Hungary_Queen_of_Naples
Joan_Countess_of_Ponthieu	parent	Beatrice_of_Silesia
William_V_Duke_of_Aquitaine	parent	Alys_of_France_Countess_of_Vexin
Sophia_Eleonore_of_Saxony	parent	Joanna_of_Pfirt
John_I_Count_of_Hainaut	parent	Auguste_of_Bade_Baden
Henri_Count_of_Chambord	parent	Philip_I_of_France
Henri_Count_of_Chambord	parent	John_of_Montfort
Louis_III_of_France	parent	Richende_De_Bourges
Albert_I_Duke_of_Brunswic_L_neburg	parent	Anna_Sophia_of_Prussia
James_IV_of_Scotland	parent	Sophia_of_Saxe_Weissenfels_Princess_of_Anhalt_Zerbst
Philip_VI_of_France	parent	Maria_Amalia_of_Naples_and_Sicily
Maria_Teresa_Felicitas_d_Este	parent	Margaret_I_Countess_of_Flanders
Louise_Marie_Ad_la_de_de_Bourbon_Duchess_of_Orl_ans	parent	Alfonsina_Orsini
John_the_Fearless	parent	Maria_Christina_of_the_Two_Sicilies
Eleanor_of_Aragon_Queen_of_Portugal	parent	Catherine_of_Vend_me
Afonso_III_of_Portugal	parent	Margaret_of_Burgundy_Queen_of_France
Yolanda_Latin_Empress	parent	Blanche_of_Artois
Nicolas_Duke_of_Merc_ur	parent	Juana_Enr_quez
Matthew_Stewart_2nd_Earl_of_Lennox	parent	Willa_of_Burgundy
Blanche_of_Burgundy	parent	Eadgifu_of_Wessex
William_IV_Duke_of_Aquitaine	parent	Alice_of_Normandy
Ferdinand_Duke_of_Viseu	parent	Margaret_of_Artois
Margaret_of_Artois	parent	Eleanor_of_Aquitaine
Taddea_Visconti	parent	Joan_of_Ponthieu_Dame_of_Epernon
Otto_William_Count_of_Burgundy	parent	Gertrude_of_S_pplingenburg
Maria_Beatrice_of_Savoy	parent	Estrid_of_the_Obotrites
Henry_IV_of_France	parent	Sophia_of_Brandenburg
Conrad_I_of_Burgundy	parent	Dangereuse_de_l_Isle_Bouchard
Baldwin_III_Count_of_Hainaut	parent	Jeanne_d_Albret
Ferdinand_Karl_Archduke_of_Austria_Este	parent	Elisabeth_of_Swabia
Judith_of_Habsburg	parent	Maria_Theresa_of_Naples_and_Sicily
Margaret_of_Provence	parent	Ida_Countess_of_Hainaut
Odo_I_Count_of_Blois	parent	Mary_of_Burgundy_Duchess_of_Savoy
Bertha_of_Burgundy	parent	Constance_of_Castile
Eleanor_of_Austria	parent	Gertrude_of_Hohenberg
Robert_Count_of_Clermont	parent	Margaret_of_Provence
Eadgifu_of_Wessex	parent	Anna_Maria_of_Mecklenburg_Schwerin
Elisabeth_of_Austria_Queen_of_France	parent	Hedwig_of_Formbach
Philip_II_of_France	parent	Elisabeth_Farnese
Ernest_Duke_of_Austria	parent	Anna_of_Nassau_Dillenburg
Robert_II_Count_of_Dreux	parent	Marie_of_Brabant_Queen_of_France
Louis_Philippe_II_Duke_of_Orl_ans	parent	Leopold_II_Holy_Roman_Emperor
Catherine_of_Foix_Countess_of_Candale	parent	Princess_Caroline_Louise_of_Saxe_Weimar_Eisenach
Philip_V_of_France	parent	Geoffrey_Plantagenet_Count_of_Anjou
Yolande_of_Aragon	parent	Agnes_of_France_Duchess_of_Burgundy
John_I_of_Castile	parent	Beatrice_Regina_della_Scala
Albert_Azzo_II_Margrave_of_Milan	parent	Anne_of_Austria
Henry_III_of_England	parent	Anne_of_Bohemia_and_Hungary
Henry_III_of_England	parent	Louis_Philippe_I_Duke_of_Orl_ans
Elizabeth_of_Austria_1436_1505	parent	Maria_Luisa_of_Parma
Anne_of_Kiev	parent	Agnes_of_France_Duchess_of_Burgundy
Louis_VIII_of_France	parent	Francis_I_Holy_Roman_Emperor
Louis_VIII_of_France	parent	Adelaide_of_Burgundy_Duchess_of_Brabant
Louis_VIII_of_France	parent	Jeanne_d_Albret
John_King_of_England	parent	Anabella_Drummond
John_King_of_England	parent	Louis_the_German
Otto_I_Duke_of_Bavaria	parent	Mary_of_Burgundy
Louis_XVII	parent	Charlotte_Agla__d_Orl_ans
Charles_Duke_of_Orl_ans	parent	Ferdinand_II_of_Aragon
Charles_Duke_of_Orl_ans	parent	Berengaria_of_Castile
Marie_of_Cleves_Duchess_of_Orl_ans	parent	Agatha_wife_of_Edward_the_Exile
Eleanor_of_England_Queen_of_Castile	parent	Elisabeth_Farnese
Maria_Theresa	parent	Eleanor_of_England_Queen_of_Castile
Isabella_of_Portugal	parent	Eleonore_of_Austria_Queen_of_Poland
Manuel_I_of_Portugal	parent	Napoleon
Edward_II_of_England	parent	Anna_Eleonore_of_Hesse_Darmstadt
Pepin_I_of_Aquitaine	parent	Valdemar_I_of_Denmark
George_III	parent	Philippa_of_Lancaster
George_III	parent	George_II_of_Great_Britain
Elisabeth_of_Nuremberg	parent	Marie_Louise_Duchess_of_Parma
Galeazzo_Maria_Sforza	parent	Margaret_of_Denmark_Queen_of_Scotland
Henry_II_Duke_of_Brabant	parent	Maria_Carolina_of_Austria
Baldwin_V_Count_of_Hainaut	parent	Matilda_of_B_thune
Maria_of_Austria_Duchess_of_J_lich_Cleves_Berg	parent	Gerloc
Louis_II_of_Anjou	parent	Mar_a_Manuela_Kirkpatrick_de_Grevign_e
Christine_of_Saxony	parent	Adelaide_of_Maurienne
Hugh_Magnus	parent	Bonne_of_Luxembourg
Princess_Augusta_of_Saxe_Gotha	parent	Gertrude_of_Hohenberg
Francis_I_Duke_of_Lorraine	parent	Maria_Beatrice_d_Este_Duchess_of_Massa
Carloman_of_Bavaria	parent	James_IV_of_Scotland
Arnulf_II_Count_of_Flanders	parent	Luitgarde_of_Vermandois
Louis_VII_of_France	parent	John_of_Gaunt
Matilda_of_France	parent	Maria_Amalia_of_Saxony
Elisabeth_of_Meissen	parent	Adelaide_of_Tours
Louis_VI_of_France	parent	Dirk_II_Count_of_Holland
Louis_VI_of_France	parent	Eleanor_of_Aquitaine
Henry_the_Middle_Duke_of_Brunswic_L_neburg	parent	Maria_Teresa_Cybo_Malaspina_Duchess_of_Massa
Henry_IX_Duke_of_Bavaria	parent	Ermengarde_of_Hesbaye
Afonso_IV_of_Portugal	parent	Duchess_Helene_of_Mecklenburg_Schwerin
John_I_Duke_of_Lorraine	parent	Maria_Amalia_of_Saxony
Ernest_II_Duke_of_Brunswic_L_neburg	parent	Ernest_Augustus_Elector_of_Hanover
Eleanor_of_Navarre	parent	Louis_XII
John_IV_Duke_of_Brittany	parent	Charles_the_Bold
Henry_VII_of_England	parent	Louise_of_Savoy
Mar_a_Isabella_of_Spain	parent	Adelaide_of_Maurienne
Charles_II_Archduke_of_Austria	parent	John_II_of_France
Welf_I_Duke_of_Bavaria	parent	Maria_Theresa_of_Austria_Este_Queen_of_Sardinia
Philip_the_Bold	parent	Frederick_I_Duke_of_Lorraine
Napoleon_II	parent	Philippa_of_Luxembourg
William_of_Winchester_Lord_of_Lunenburg	parent	Elisabeth_of_Meissen
Jeanne_de_Bourbon_Duchess_of_Bourbon	parent	Engeltrude_de_F_zensac
Catherine_of_Valois	parent	Salomea_of_Berg
Margaret_of_the_Palatinate	parent	Margaret_of_Joinville
Sibylla_of_Anjou	parent	Yolande_Duchess_of_Lorraine
Sophia_of_Saxe_Weissenfels_Princess_of_Anhalt_Zerbst	parent	Urraca_of_Castile_Queen_of_Portugal
Princess_Louise_of_Hesse_Darmstadt_1757_1830	parent	Ermentrude_de_Roucy
James_V_of_Scotland	parent	Sophia_Eleonore_of_Saxony
James_V_of_Scotland	parent	John_II_Duke_of_Brittany
Mahaut_Countess_of_Artois	parent	Lady_Margaret_Beaufort
Francis_II_Duke_of_Lorraine	parent	Isabella_de_Beauchamp
Anne_of_Cyprus	parent	Beatrice_of_Castile_1293_1359
Louis_Duke_of_Savoy	parent	Eleanor_de_Guzm_n
Alfonso_XI_of_Castile	parent	Marie_of_Anjou
Margaret_Holland_Duchess_of_Clarence	parent	Anne_of_Bohemia_and_Hungary
Anne_of_Foix_Candale	parent	Joan_Beaufort_Queen_of_Scots
Antoine_Count_of_Vaud_mont	parent	Violant_of_Bar
Maria_Luisa_of_Parma	parent	Matilda_of_Carinthia
Maria_Theresa_of_Savoy	parent	Adelaide_Countess_of_Burgundy
Elizabeth_of_Bohemia_1292_1330	parent	Marie_Antoinette
Henry_VI_Count_of_Luxembourg	parent	Clarice_Orsini
Philip_II_of_Spain	parent	Waldrada_of_Worms
Bertha_of_Holland	parent	Landgravine_Elisabeth_Amalie_of_Hesse_Darmstadt
Ingegerd_Olofsdotter_of_Sweden	parent	Princess_Christine_Louise_of_Oettinge_Oettingen
Napol_on_Louis_Bonaparte	parent	Cosimo_I_de_Medici_Grand_Duke_of_Tuscany
Marie_of_Luxembourg_Countess_of_Vend_me	parent	Gertrude_of_Saxony
Robert_I_Count_of_Dreux	parent	Margaret_of_Artois
Isabella_de_Beauchamp	parent	Anna_Maria_of_Ostfriesland
Princess_Magdalena_Augusta_of_Anhalt_Zerbst	parent	Maria_Josepha_of_Saxony_Dauphine_of_France
Ferdinand_II_Archduke_of_Austria	parent	Antoine_of_Navarre
Gertrude_of_Saxony	parent	Judith_of_Bavaria_died_843
John_I_Duke_of_Brittany	parent	Francesco_I_de_Medici_Grand_Duke_of_Tuscany
John_I_Duke_of_Brittany	parent	Margaret_of_Baux
Lothair_of_France	parent	Marie_de_Ch_tillon_1323_1363
Marie_of_France_Duchess_of_Bar	parent	Mar_a_de_Molina
Adelaide_of_Aquitaine	parent	Ogive_of_Luxembourg
Margaret_Countess_of_Anjou	parent	Rudolph_II_of_Burgundy
Margaret_Countess_of_Anjou	parent	Maria_of_Austria_Duchess_of_J_lich_Cleves_Berg
Ramon_Berenguer_II_Count_of_Barcelona	parent	Agnes_of_Burgundy_Duchess_of_Aquitaine
Ernest_I_Duke_of_Brunswic_L_neburg	parent	Gerloc
John_I_of_France	parent	Hedwig_of_Babenberg
George_II_of_Great_Britain	parent	Violant_of_Hungary
Hemma	parent	Eleanor_of_Navarre
Judith_of_Bavaria_died_843	parent	Marie_of_Luxembourg_Countess_of_Vend_me
Infanta_Luisa_Fernanda_Duchess_of_Montpensier	parent	Adela_of_Milan
Marie_Louise_Duchess_of_Parma	parent	Isabella_of_Valois_Duchess_of_Bourbon
Sancho_IV_of_Castile	parent	Louis_XI
John_of_Bohemia	parent	Louis_XIII
Baldwin_IV_Count_of_Flanders	parent	Antoinette_of_Bourbon
Maria_of_Austria_Holy_Roman_Empress	parent	Matilda_of_Brandenburg_Duchess_of_Brunswic_L_neburg
Princess_Caroline_Louise_of_Saxe_Weimar_Eisenach	parent	Claude_Fran_oise_de_Lorraine
Beatrice_of_Savoy	parent	Bertrade_of_Montfort
Theobald_II_of_Navarre	parent	Sancho_I_of_Portugal
Lothair_I	parent	Ren__II_Duke_of_Lorraine
Charles_III_Duke_of_Lorraine	parent	Henrietta_Maria
Louis_I_Duke_of_Bavaria	parent	Madeleine_de_La_Tour_d_Auvergne
Isabella_I_of_Castile	parent	Margaret_I_Countess_of_Flanders
Ferdinand_IV_of_Castile	parent	Agnes_of_Burgundy_Duchess_of_Bourbon
Charles_IV_Holy_Roman_Emperor	parent	Prince_Philippe_Count_of_Paris
Charles_IV_Holy_Roman_Emperor	parent	Louis_Philippe_II_Duke_of_Orl_ans
Charles_V_Holy_Roman_Emperor	parent	Ermengarde_of_Anjou_Duchess_of_Burgundy
Isabella_of_Portugal_Queen_of_Castile	parent	Agnes_of_Burgundy_Duchess_of_Bourbon
Alfonso_VIII_of_Castile	parent	Joan_II_Countess_of_Burgundy
Charlotte_Agla__d_Orl_ans	parent	Richilde_Countess_of_Hainaut
Hugh_II_Duke_of_Burgundy	parent	Joanna_of_Bourbon
Margaret_of_Savoy_Countess_of_Saint_Pol	parent	Maria_Josepha_of_Austria
Charles_V_Duke_of_Lorraine	parent	Adele_of_Vermandois
Barbara_Jagiellon	parent	Joan_the_Lame
Peter_II_of_Aragon	parent	Kunigunde_of_Altdorf
Piero_the_Unfortunate	parent	Christine_of_Saxony
Duchess_Helene_of_Mecklenburg_Schwerin	parent	Princess_Augusta_of_Saxe_Gotha
Ferdinand_Philippe_Duke_of_Orl_ans	parent	Alfonso_VII_of_Le_n_and_Castile
Philip_of_France_1116_1131	parent	Alice_of_Namur
Matilda_of_Brabant_Countess_of_Artois	parent	Catherine_de_Medici
Francis_II_Duke_of_Brittany	parent	Matilda_of_Bavaria_Margravine_of_Meissen
Richard_I_of_England	parent	Conrad_I_of_Burgundy
Lorenzo_de_Medici	parent	Elisabeth_Christine_of_Brunswic_Wolfenb_ttel
Henry_Stuart_Lord_Darnley	parent	Joan_of_Navarre_Queen_of_England
Joanna_of_Bourbon	parent	Matilda_of_Ringelheim
Joanna_of_Austria_Grand_Duchess_of_Tuscany	parent	Eleanor_of_Lancaster
Louis_Philippe_I_Duke_of_Orl_ans	parent	Margaret_III_Countess_of_Flanders
Maria_Antonia_Ferdinanda_of_Spain	parent	Almodis_de_la_Marche
Christine_of_Hesse	parent	Joanna_of_Bourbon
John_of_Gaunt	parent	Margaret_Boswell
Francis_I_of_the_Two_Sicilies	parent	Charlemagne
Countess_Palatine_Caroline_of_Zweibr_cken	parent	Fran_oise_Marie_de_Bourbon
Mary_Tudor_Queen_of_France	parent	Richeza_of_Poland_Queen_of_Sweden
Henry_son_of_Robert_I_of_Burgundy	parent	Ansgarde_of_Burgundy
Fulk_IV_Count_of_Anjou	parent	Christine_of_Hesse
James_I_Count_of_La_Marche	parent	Beatrice_of_Vermandois
Leopold_III_Duke_of_Austria	parent	Anne_of_Brittany
Charles_Ferdinand_Duke_of_Berry	parent	Garsenda_Countess_of_Forcalquier
Theobald_III_Count_of_Blois	parent	Bonne_of_Luxembourg
Charles_the_Bold	parent	Anne_of_Bohemia_and_Hungary
Francis_Hyacinth_Duke_of_Savoy	parent	Louis_VIII_of_France
Elizabeth_Woodville	parent	Sophia_Dorothea_of_Celle
Archduchess_Maria_Theresa_of_Austria_Este_1817_1886	parent	Dulce_of_Aragon
William_I_Count_of_Burgundy	parent	Beatrice_of_Burgundy_Lady_of_Bourbon
Margaret_of_Flanders_Duchess_of_Brabant	parent	Mary_of_Avesnes
Denis_of_Portugal	parent	Margaret_of_Bar
Beatrice_of_Provence	parent	Henry_II_of_England
Richeza_of_Poland_Queen_of_Sweden	parent	Heilika_of_Lengenfeld
Maria_Christina_of_the_Two_Sicilies	parent	Louise__lisabeth_of_France
Isabella_of_Bourbon	parent	Douce_I_Countess_of_Provence
Adolphus_Frederick_III_Duke_of_Mecklenburg_Strelitz	parent	Eleanor_of_Aquitaine
Margaret_of_Valois	parent	Gerberga_of_Saxony
Maud_Chaworth	parent	Helena_of_Denmark
Ferdinando_I_de_Medici_Grand_Duke_of_Tuscany	parent	Vladimir_the_Great
_thelwulf_King_of_Wessex	predecessor	Henry_IV_of_Castile
Robert_II_of_Scotland	predecessor	Desiderius
Dirk_V_Count_of_Holland	predecessor	Charles_the_Fat
Afonso_II_of_Portugal	predecessor	Louis_XV
Charles_Emmanuel_III_of_Sardinia	predecessor	George_I_of_Great_Britain
Philip_IV_of_Spain	predecessor	Louis_XVIII
Anne_of_Austria	predecessor	Charles_VI_Holy_Roman_Emperor
Philip_III_of_Spain	predecessor	Louis_XVII
Henry_II_of_Castile	predecessor	Robert_I_of_France
Albert_I_of_Germany	predecessor	Alfonso_X_of_Castile
Olga_of_Kiev	predecessor	Robert_I_Duke_of_Burgundy
Matthias_II_Duke_of_Lorraine	predecessor	Philip_II_of_France
Frederick_II_Duke_of_Lorraine	predecessor	Baldred_of_Kent
Henry_II_of_England	predecessor	Francis_I_Holy_Roman_Emperor
Henry_II_of_England	predecessor	Robert_II_Count_of_Artois
Maria_Beatrice_d_Este_Duchess_of_Massa	predecessor	John_II_of_Aragon
Rudolph_of_France	predecessor	Theobald_II_of_Navarre
Antoine_Duke_of_Lorraine	predecessor	Charles_II_Duke_of_Savoy
Henry_the_Fowler	predecessor	Louis_IX_of_France
Henry_the_Fowler	predecessor	Piero_the_Unfortunate
Ren__of_Anjou	predecessor	John_II_of_France
Charles_IV_of_Anjou	predecessor	Ramon_Berenguer_III_Count_of_Barcelona
Arthur_II_Duke_of_Brittany	predecessor	Joanna_II_of_Naples
John_II_Duke_of_Lorraine	predecessor	Louis_I_of_Anjou
Francis_I_Holy_Roman_Emperor	predecessor	Edward_King_of_Portugal
Francis_I_Holy_Roman_Emperor	predecessor	Charles_Martel
Francis_I_Holy_Roman_Emperor	predecessor	Charles_V_of_France
Francis_I_Holy_Roman_Emperor	predecessor	1383_1385_Portuguese_interregnum
Joseph_II_Holy_Roman_Emperor	predecessor	Louis_IV_Holy_Roman_Emperor
Joseph_II_Holy_Roman_Emperor	predecessor	Philip_VI_of_France
Bernhard_Count_of_Anhalt	predecessor	Maria_Theresa
Maria_Teresa_Cybo_Malaspina_Duchess_of_Massa	predecessor	Henry_IV_of_England
Leopold_II_Holy_Roman_Emperor	predecessor	Prince_Philippe_Count_of_Paris
Leopold_II_Holy_Roman_Emperor	predecessor	Sancho_IV_of_Castile
Louis_Philippe_I	predecessor	Ferdinand_I_of_Aragon
Louis_Philippe_I	predecessor	Joan_I_of_Navarre
Louis_Philippe_I	predecessor	Petronilla_of_Aragon
Henry_I_of_France	predecessor	Arnulf_Count_of_Holland
Henry_I_of_France	predecessor	Francis_II_Duke_of_Brittany
Philip_I_of_France	predecessor	Beorhtric_of_Wessex
Henry_I_of_Navarre	predecessor	Gian_Gastone_de_Medici_Grand_Duke_of_Tuscany
Philip_III_of_Navarre	predecessor	Philip_IV_of_Spain
Sancho_I_of_Portugal	predecessor	Henry_of_Bohemia
Afonso_I_of_Portugal	predecessor	Odo_of_France
Afonso_I_of_Portugal	predecessor	Ferdinand_I_Holy_Roman_Emperor
Ramon_Berenguer_IV_Count_of_Barcelona	predecessor	Ernest_Duke_of_Austria
Ramon_Berenguer_III_Count_of_Barcelona	predecessor	Theudoald
Afonso_V_of_Portugal	predecessor	Hugh_III_Duke_of_Burgundy
Edward_King_of_Portugal	predecessor	Pepin_of_Herstal
Philip_II_Duke_of_Savoy	predecessor	Frederick_II_Duke_of_Lorraine
John_II_of_France	predecessor	Adolf_King_of_the_Romans
Louis_XIV	predecessor	Guillaume_de_Montfort_of_Hainaut
Princess_Marie_Isabelle_of_Orl_ans	predecessor	Ludovico_Sforza
Henry_I_of_Castile	predecessor	Vladimir_the_Great
Joan_II_of_Navarre	predecessor	Lorenzo_de_Medici_Duke_of_Urbino
Joan_II_of_Navarre	predecessor	Edward_IV_of_England
Charles_IV_of_France	predecessor	Philip_V_of_Spain
Sviatopolk_I_of_Kiev	predecessor	William_X_Duke_of_Aquitaine
Yaroslav_the_Wise	predecessor	Louis_XII
Victor_Amadeus_II_of_Sardinia	predecessor	Louis_Count_of_Vend_me
Victor_Amadeus_II_of_Sardinia	predecessor	Peter_I_Duke_of_Brittany
Hugh_III_Duke_of_Burgundy	predecessor	John_of_Bohemia
Alfonso_II_of_Aragon	predecessor	Olga_of_Kiev
Alfonso_II_of_Aragon	predecessor	Philibert_II_Duke_of_Savoy
Charles_Martel	predecessor	Joan_I_of_Navarre
Charles_Martel	predecessor	Dirk_I_Count_of_Holland
Charles_Martel	predecessor	Geoffrey_III_Count_of_Anjou
Charles_V_of_France	predecessor	Louis_VII_of_France
John_VIII_Count_of_Vend_me	predecessor	Antonio_Farnese_Duke_of_Parma
Charles_Emmanuel_II_Duke_of_Savoy	predecessor	Louis_the_German
Joan_II_Countess_of_Burgundy	predecessor	Odo_IV_Duke_of_Burgundy
Joan_II_Countess_of_Burgundy	predecessor	Peter_II_of_Courtenay
John_II_of_Aragon	predecessor	Ferdinand_I_Holy_Roman_Emperor
Alfonso_V_of_Aragon	predecessor	Pepin_of_Herstal
Alfonso_V_of_Aragon	predecessor	Robert_II_Count_of_Dreux
Louis_X_of_France	predecessor	Francis_II_of_France
Louis_X_of_France	predecessor	Henry_II_Duke_of_Austria
Charles_the_Simple	predecessor	Leopold_Duke_of_Lorraine
Dirk_II_Count_of_Holland	predecessor	Philip_I_of_Castile
Mary_of_Burgundy	predecessor	Hugh_V_Duke_of_Burgundy
Dirk_III_Count_of_Holland	predecessor	Emmanuel_Philibert_Duke_of_Savoy
Louis_Duke_of_Orl_ans_1703_1752	predecessor	Maximilian_I_Holy_Roman_Emperor
Louis_Duke_of_Orl_ans_1703_1752	predecessor	Rurik
Willa_of_Tuscany	predecessor	Charles_Emmanuel_II_Duke_of_Savoy
Willa_of_Tuscany	predecessor	Henry_II_of_France
Frederick_III_Holy_Roman_Emperor	predecessor	John_III_Duke_of_Brittany
Frederick_III_Holy_Roman_Emperor	predecessor	Alessandro_de_Medici_Duke_of_Florence
Grimoald_the_Younger	predecessor	Louis_I_Duke_of_Orl_ans
Charles_III_of_Spain	predecessor	Louis_Antoine_Duke_of_Angoul_me
Charles_III_of_Spain	predecessor	Maria_Theresa
Henry_the_Lion	predecessor	Frederick_III_Holy_Roman_Emperor
Otto_IV_Count_of_Burgundy	predecessor	Frederick_William_Duke_of_Mecklenburg_Schwerin
Ferdinand_II_of_Aragon	predecessor	Henry_the_Lion
Ferdinand_II_of_Aragon	predecessor	Louis_V_of_France
Ferdinand_II_of_Aragon	predecessor	Joan_Countess_of_Ponthieu
Willa_of_Burgundy	predecessor	John_I_of_Castile
Hugh_of_Italy	predecessor	Mary_I_of_England
Rudolph_II_of_Burgundy	predecessor	Berengar_II_of_Italy
Rudolph_II_of_Burgundy	predecessor	Isabella_I_of_Castile
Napoleon_III	predecessor	Charles_Duke_of_Orl_ans
Charles_VI_of_France	predecessor	Philip_IV_of_Spain
Joan_I_Countess_of_Auvergne	predecessor	_thelwulf_King_of_Wessex
Gian_Galeazzo_Sforza	predecessor	Louis_the_Pious
Henry_V_of_England	predecessor	Philip_V_of_France
Claude_of_France	predecessor	Joanna_of_Castile
Charles_X	predecessor	Lothair_II_of_Italy
Charles_III_Duke_of_Savoy	predecessor	Robert_II_Duke_of_Burgundy
Vladimir_the_Great	predecessor	Gaston_Duke_of_Orl_ans
Vladimir_the_Great	predecessor	Floris_I_Count_of_Holland
Sviatoslav_I	predecessor	Charles_III_Duke_of_Lorraine
John_of_Montfort	predecessor	Louis_VI_of_France
Fulk_King_of_Jerusalem	predecessor	Philip_III_of_Spain
Fulk_King_of_Jerusalem	predecessor	Berengar_I_of_Italy
Geoffrey_Plantagenet_Count_of_Anjou	predecessor	Anne_of_Brittany
Geoffrey_Plantagenet_Count_of_Anjou	predecessor	Isabella_I_of_Castile
Henry_III_of_France	predecessor	Lothair_of_France
Edward_III_of_England	predecessor	Louis_Bonaparte
Victor_Amadeus_III_of_Sardinia	predecessor	Louis_the_Pious
Louis_XII	predecessor	Charles_IV_of_France
Louis_XII	predecessor	Pepin_of_Herstal
Louis_XII	predecessor	Henry_Count_of_Portugal
Louis_XII	predecessor	Afonso_III_of_Portugal
Maximilian_Sforza	predecessor	Ernest_I_Duke_of_Brunswic_L_neburg
Philip_I_of_Castile	predecessor	Louis_the_Stammerer
Eleanor_of_Castile	predecessor	Charles_VII_of_France
Francis_III_Duke_of_Brittany	predecessor	Amadeus_VIII_Duke_of_Savoy
James_I_of_Scotland	predecessor	Otto_I_Duke_of_Brunswic_L_neburg
Charles_VIII_of_France	predecessor	Charles_the_Simple
Louis_XI	predecessor	Alix_Duchess_of_Brittany
Henry_IV_of_England	predecessor	Henry_the_Lion
Henry_IV_of_England	predecessor	Sviatoslav_I
Cosimo_I_de_Medici_Grand_Duke_of_Tuscany	predecessor	Hugh_I_Duke_of_Burgundy
Raymond_of_Burgundy	predecessor	Berenguer_Ramon_II_Count_of_Barcelona
Lothair_II_of_Italy	predecessor	Henry_V_of_England
George_I_of_Great_Britain	predecessor	Ren__of_Anjou
George_I_of_Great_Britain	predecessor	Hugh_Magnus
Ernest_Augustus_Elector_of_Hanover	predecessor	Bernard_of_Gothia
Louis_V_of_France	predecessor	Louis_Philippe_I
Henry_VII_Holy_Roman_Emperor	predecessor	Claude_of_France
Henry_VII_Holy_Roman_Emperor	predecessor	Wulfoald
Louis_XIII	predecessor	Francis_I_Duke_of_Lorraine
Charles_the_Bald	predecessor	Ferdinand_I_Holy_Roman_Emperor
John_I_of_Portugal	predecessor	Edward_II_of_England
Piero_di_Cosimo_de_Medici	predecessor	David_II_of_Scotland
Odo_IV_Duke_of_Burgundy	predecessor	Charles_IV_of_France
Joan_III_Countess_of_Burgundy	predecessor	Ermengarde_of_Tuscany
Rudolph_III_of_Burgundy	predecessor	Joanna_of_Castile
Charles_Emmanuel_I_Duke_of_Savoy	predecessor	Antoine_Duke_of_Montpensier
John_III_Duke_of_Brittany	predecessor	Charles_X
Charles_IX_of_France	predecessor	Charles_II_of_Spain
Francis_II_of_France	predecessor	Frederick_the_Fair
Philip_IV_of_France	predecessor	John_II_of_Portugal
Philip_III_of_France	predecessor	Peter_I_of_Portugal
Louis_IX_of_France	predecessor	Henry_VII_of_England
Ferdinand_II_of_Le_n	predecessor	Louis_the_Pious
Ferdinand_I_of_Aragon	predecessor	Henry_III_of_France
Robert_I_Duke_of_Burgundy	predecessor	Marozia
Hugh_I_Duke_of_Burgundy	predecessor	Henri_Jules_Prince_of_Cond_
Frederick_I_Duke_of_Lorraine	predecessor	Louis_XIV
Philippe_I_Duke_of_Orl_ans	predecessor	Richard_I_of_England
Ferdinand_III_of_Castile	predecessor	Victor_Amadeus_II_of_Sardinia
Philip_V_of_Spain	predecessor	Baldwin_II_of_Jerusalem
Charles_II_of_Spain	predecessor	John_King_of_England
Ferdinand_VI_of_Spain	predecessor	John_II_of_Aragon
Maximilian_I_Holy_Roman_Emperor	predecessor	Adelaide_of_Italy
Odo_I_Duke_of_Burgundy	predecessor	Robert_I_Count_of_Dreux
Louis_XVIII	predecessor	Willa_of_Tuscany
Louis_XVIII	predecessor	Philip_II_of_Spain
Louis_the_German	predecessor	Ladislaus_of_Naples
Charles_the_Fat	predecessor	Louis_Philippe_I
Charles_the_Fat	predecessor	Henry_of_Bohemia
Charles_the_Fat	predecessor	Simon_Count_of_Ponthieu
Hugh_Capet	predecessor	Yolanda_Latin_Empress
Charles_II_of_Navarre	predecessor	Robert_III_of_Scotland
Carloman_II	predecessor	Nuno_Mendes_count
Ferdinand_I_Holy_Roman_Emperor	predecessor	Alfonso_XI_of_Castile
Agnes_of_Burgundy_Duchess_of_Bourbon	predecessor	Henry_I_of_France
Francesco_I_Sforza	predecessor	Louis_Duke_of_Orl_ans_1703_1752
Eleanor_of_Aquitaine	predecessor	Odo_II_Duke_of_Burgundy
Mary_Queen_of_Scots	predecessor	Mahaut_Countess_of_Artois
Adolf_King_of_the_Romans	predecessor	Louis_Philippe_I
Anne_of_Brittany	predecessor	John_I_Duke_of_Brittany
Theobald_I_Duke_of_Lorraine	predecessor	James_V_of_Scotland
Humbert_II_Count_of_Savoy	predecessor	Margaret_Countess_of_Anjou
Pepin_the_Short	predecessor	Sviatopolk_I_of_Kiev
Pepin_the_Short	predecessor	Charles_VIII_of_France
Pepin_the_Short	predecessor	Golden_Ambrosian_Republic
Berengar_II_of_Italy	predecessor	Louis_X_of_France
Alfred_the_Great	predecessor	John_King_of_England
William_the_Younger_Duke_of_Brunswic_L_neburg	predecessor	Simon_I_de_Montfort
Joan_I_of_Navarre	predecessor	Theobald_I_Duke_of_Lorraine
Sancho_III_of_Castile	predecessor	Sancho_II_of_Portugal
James_Stewart_5th_High_Steward_of_Scotland	predecessor	Henry_I_of_France
Prince_Philippe_Count_of_Paris	predecessor	Maria_Theresa
Prince_Ferdinand_Duke_of_Montpensier	predecessor	Rudolf_I_of_Germany
Hugh_V_Duke_of_Burgundy	predecessor	Charles_X
Hugh_IV_Duke_of_Burgundy	predecessor	Alfonso_VIII_of_Castile
Canute_VI_of_Denmark	predecessor	Philippe_II_Duke_of_Orl_ans
Simon_I_Duke_of_Lorraine	predecessor	Victor_Amadeus_I_Duke_of_Savoy
Ramon_Berenguer_IV_Count_of_Provence	predecessor	Amaury_I_de_Montfort
Louis_XVI	predecessor	Joan_Countess_of_Ponthieu
Henry_VI_of_England	predecessor	Maria_Teresa_Cybo_Malaspina_Duchess_of_Massa
Henry_VI_of_England	predecessor	Philip_III_of_Navarre
Pepin_of_Herstal	predecessor	Charles_VI_Holy_Roman_Emperor
Francesco_I_de_Medici_Grand_Duke_of_Tuscany	predecessor	Charles_the_Bald
Joan_Countess_of_Ponthieu	predecessor	Simon_II_Duke_of_Lorraine
Joan_Countess_of_Ponthieu	predecessor	Hugh_IV_Duke_of_Burgundy
James_VI_and_I	predecessor	Ecgberht_King_of_Wessex
Henri_Count_of_Chambord	predecessor	Philip_I_of_France
Henri_Count_of_Chambord	predecessor	John_of_Montfort
Louis_IV_Holy_Roman_Emperor	predecessor	Alfonso_VII_of_Le_n_and_Castile
Louis_IV_Holy_Roman_Emperor	predecessor	Humbert_II_Count_of_Savoy
Louis_III_of_France	predecessor	Louis_Philippe_I
Albert_I_Duke_of_Brunswic_L_neburg	predecessor	Henri_Count_of_Chambord
Philip_VI_of_France	predecessor	Dirk_III_Count_of_Holland
Philip_VI_of_France	predecessor	Maria_Amalia_of_Naples_and_Sicily
Yaropolk_I_of_Kiev	predecessor	Galeazzo_Maria_Sforza
John_the_Fearless	predecessor	Louis_VIII_of_France
Afonso_III_of_Portugal	predecessor	Carloman_mayor_of_the_palace
Yolanda_Latin_Empress	predecessor	Ren__of_Anjou
Dirk_IV_Count_of_Holland	predecessor	Lorenzo_de_Medici
Simon_I_de_Montfort	predecessor	Philip_IV_of_France
Henry_IV_of_France	predecessor	Henry_VII_Holy_Roman_Emperor
Henry_IV_of_France	predecessor	Dirk_IV_Count_of_Holland
Drogo_of_Champagne	predecessor	Otto_IV_Count_of_Burgundy
Philip_II_of_France	predecessor	Sweyn_III_of_Denmark
Charlemagne	predecessor	Martin_of_Aragon
Louis_the_Pious	predecessor	Henry_V_Count_of_Luxembourg
Robert_II_Count_of_Dreux	predecessor	Albert_II_of_Germany
Robert_II_Count_of_Dreux	predecessor	Odo_III_Duke_of_Burgundy
Louis_Philippe_II_Duke_of_Orl_ans	predecessor	Leopold_II_Holy_Roman_Emperor
Jeanne_d_Albret	predecessor	Ramon_Berenguer_IV_Count_of_Provence
Jeanne_d_Albret	predecessor	Henry_VI_Count_of_Luxembourg
Philip_V_of_France	predecessor	Geoffrey_Plantagenet_Count_of_Anjou
Jacques_Charles_Dupont_de_l_Eure	predecessor	Louis_II_of_Hungary
Robert_I_of_France	predecessor	Henry_II_of_Castile
Henry_III_of_Castile	predecessor	Robert_II_of_France
John_I_of_Castile	predecessor	Peter_of_Castile
Henry_III_of_England	predecessor	Afonso_I_of_Portugal
Henry_III_of_England	predecessor	Louis_Philippe_I_Duke_of_Orl_ans
Louis_VIII_of_France	predecessor	Francis_I_Holy_Roman_Emperor
Louis_VIII_of_France	predecessor	Jeanne_d_Albret
John_King_of_England	predecessor	Louis_the_German
John_King_of_England	predecessor	Alfred_the_Great
Otto_I_Duke_of_Bavaria	predecessor	Charles_VII_Holy_Roman_Emperor
Charles_Duke_of_Orl_ans	predecessor	Ferdinand_II_of_Aragon
Edward_the_Elder	predecessor	Henry_I_of_Navarre
Maria_Theresa	predecessor	Ragenfrid
Amaury_I_de_Montfort	predecessor	Alderano_I_Cybo_Malaspina
Manuel_I_of_Portugal	predecessor	Napoleon
Pepin_I_of_Aquitaine	predecessor	Valdemar_I_of_Denmark
George_III	predecessor	George_II_of_Great_Britain
Louis_II_of_Anjou	predecessor	Conrad_IV_of_Germany
Louis_II_of_Anjou	predecessor	Charles_III_of_Spain
Carloman_of_Bavaria	predecessor	James_IV_of_Scotland
Pope_Clement_VII	predecessor	Fulk_IV_Count_of_Anjou
Louis_VII_of_France	predecessor	John_of_Gaunt
_thelbald_King_of_Wessex	predecessor	Joan_I_Countess_of_Auvergne
Louis_VI_of_France	predecessor	Dirk_II_Count_of_Holland
Girolamo_Savonarola	predecessor	Childeric_III
Ernest_II_Duke_of_Brunswic_L_neburg	predecessor	Ernest_Augustus_Elector_of_Hanover
Eleanor_of_Navarre	predecessor	Louis_XII
John_IV_Duke_of_Brittany	predecessor	Charles_the_Bold
Charles_II_Archduke_of_Austria	predecessor	John_II_of_France
Philip_the_Bold	predecessor	Frederick_I_Duke_of_Lorraine
Prince_Philippe_Duke_of_Orl_ans_1869_1926	predecessor	James_I_of_Aragon
Napoleon_II	predecessor	Otto_I_Duke_of_Brunswic_L_neburg
James_V_of_Scotland	predecessor	John_II_Duke_of_Brittany
Mahaut_Countess_of_Artois	predecessor	Mary_Queen_of_Scots
Louis_Duke_of_Savoy	predecessor	Charles_VII_Holy_Roman_Emperor
Adolphus_Frederick_II_Duke_of_Mecklenburg_Strelitz	predecessor	Conrad_I_of_Germany
Henry_VI_Count_of_Luxembourg	predecessor	Ferdinand_I_of_the_Two_Sicilies
Philip_II_of_Spain	predecessor	Adolphus_Frederick_II_Duke_of_Mecklenburg_Strelitz
Philip_II_of_Spain	predecessor	John_Stewart_of_Darnley
John_II_Duke_of_Brittany	predecessor	Rudolph_I_of_Burgundy
Valdemar_I_of_Denmark	predecessor	Henry_IV_of_France
Napol_on_Louis_Bonaparte	predecessor	Cosimo_I_de_Medici_Grand_Duke_of_Tuscany
Arnulf_Count_of_Holland	predecessor	Hugh_of_Italy
Ferdinand_II_Archduke_of_Austria	predecessor	Antoine_of_Navarre
John_I_Duke_of_Brittany	predecessor	Francesco_I_de_Medici_Grand_Duke_of_Tuscany
John_I_Duke_of_Brittany	predecessor	Francis_Hyacinth_Duke_of_Savoy
John_I_Duke_of_Brittany	predecessor	Frederick_of_Naples
Otto_I_Holy_Roman_Emperor	predecessor	Francis_II_Holy_Roman_Emperor
Albert_II_Duke_of_Austria	predecessor	Stephen_King_of_England
Albert_II_Duke_of_Austria	predecessor	Blanche_I_of_Navarre
Ferdinand_III_Grand_Duke_of_Tuscany	predecessor	Stephen_King_of_England
Margaret_Countess_of_Anjou	predecessor	Rudolph_II_of_Burgundy
Charles_VII_Holy_Roman_Emperor	predecessor	William_XII_Count_of_Auvergne
Joanna_of_Castile	predecessor	Igor_of_Kiev
Joanna_of_Castile	predecessor	Isabella_Duchess_of_Lorraine
John_I_of_France	predecessor	Louis_the_German
George_II_of_Great_Britain	predecessor	Louis_II_of_Italy
John_IV_of_Portugal	predecessor	Carloman_of_Bavaria
Sancho_IV_of_Castile	predecessor	Louis_XI
Ecgberht_King_of_Wessex	predecessor	John_Frederick_Duke_of_Brunswic_Calenberg
Ecgberht_King_of_Wessex	predecessor	Joan_III_Countess_of_Burgundy
Wilfred_the_Hairy	predecessor	Charles_V_Holy_Roman_Emperor
John_of_Bohemia	predecessor	_thelred_I_King_of_Wessex
John_of_Bohemia	predecessor	Louis_XIII
Oleg_of_Novgorod	predecessor	Pepin_of_Herstal
Gerberga_of_M_con	predecessor	Arthur_III_Duke_of_Brittany
Theobald_II_of_Navarre	predecessor	Sancho_I_of_Portugal
Lothair_I	predecessor	Ren__II_Duke_of_Lorraine
Louis_I_of_Spain	predecessor	Marie_Countess_of_Ponthieu
Charles_III_Duke_of_Lorraine	predecessor	Charles_Count_of_Valois
Isabella_I_of_Castile	predecessor	Adelaide_Countess_of_Burgundy
Peter_of_Castile	predecessor	Yaropolk_I_of_Kiev
Ferdinand_IV_of_Castile	predecessor	Philip_V_of_Spain
Charles_IV_Holy_Roman_Emperor	predecessor	Prince_Philippe_Count_of_Paris
Charles_IV_Holy_Roman_Emperor	predecessor	Louis_Philippe_II_Duke_of_Orl_ans
Charles_V_Holy_Roman_Emperor	predecessor	Arthur_II_Duke_of_Brittany
Charles_V_Holy_Roman_Emperor	predecessor	Amadeus_II_Count_of_Savoy
Charles_V_Holy_Roman_Emperor	predecessor	William_the_Younger_Duke_of_Brunswic_L_neburg
Alfonso_VIII_of_Castile	predecessor	Joan_II_Countess_of_Burgundy
Archduchess_Maria_Dorothea_of_Austria	predecessor	Alexander_Stewart_4th_High_Steward_of_Scotland
Piero_the_Unfortunate	predecessor	John_I_of_Portugal
Ferdinand_Philippe_Duke_of_Orl_ans	predecessor	Alfonso_VII_of_Le_n_and_Castile
Floris_I_Count_of_Holland	predecessor	Marie_Duchess_of_Auvergne
Francis_II_Duke_of_Brittany	predecessor	Richard_II_of_England
Richard_I_of_England	predecessor	Conrad_I_of_Burgundy
Louis_the_Younger	predecessor	John_IV_Duke_of_Brittany
Henry_VIII	predecessor	Henri_Count_of_Chambord
Louis_Philippe_I_Duke_of_Orl_ans	predecessor	Ramon_Berenguer_IV_Count_of_Barcelona
Rudolf_II_Holy_Roman_Emperor	predecessor	Princess_Marie_Isabelle_of_Orl_ans
Francis_I_of_the_Two_Sicilies	predecessor	Charlemagne
John_Stewart_3rd_Lord_of_Aubigny	predecessor	Anne_Queen_of_Great_Britain
Odo_III_Duke_of_Burgundy	predecessor	Sancho_III_of_Castile
Robert_III_Count_of_Dreux	predecessor	John_I_of_France
Fulk_IV_Count_of_Anjou	predecessor	Alfonso_II_Count_of_Provence
Robert_II_Duke_of_Burgundy	predecessor	Philip_the_Bold
John_V_Duke_of_Brittany	predecessor	Cosimo_de_Medici
Peter_III_of_Aragon	predecessor	Theobald_I_of_Navarre
Francis_Hyacinth_Duke_of_Savoy	predecessor	Louis_VIII_of_France
Berengar_I_of_Italy	predecessor	Fulk_King_of_Jerusalem
Denis_of_Portugal	predecessor	Napoleon
Beatrice_of_Provence	predecessor	Henry_II_of_England
John_I_Count_of_Aumale	predecessor	Rudolf_I_Duke_of_Bavaria
French_Revolution_of_1848	predecessor	Otto_I_Duke_of_Saxony
French_Revolution_of_1848	predecessor	Alfonso_IX_of_Le_n
Charles_IV_of_Spain	predecessor	Theresa_Countess_of_Portugal
Adolphus_Frederick_III_Duke_of_Mecklenburg_Strelitz	predecessor	Eleanor_of_Aquitaine
Philip_I_Duke_of_Burgundy	predecessor	Joseph_II_Holy_Roman_Emperor
Philip_I_Duke_of_Burgundy	predecessor	Henry_VII_Holy_Roman_Emperor
Philip_I_Duke_of_Burgundy	predecessor	Charles_II_of_Naples
Robert_I_Latin_Emperor	predecessor	Henry_II_of_Navarre
Ferdinand_I_of_Austria	predecessor	Theodoric_II_Duke_of_Lorraine
Ferdinand_I_of_Portugal	predecessor	Peter_II_Count_of_Savoy
John_Duke_of_Brunswic_L_neburg	predecessor	Agnes_de_Baudemont
Henry_II_Duke_of_Lorraine	predecessor	Charles_Emmanuel_III_of_Sardinia
Theudoald	predecessor	Charles_IX_of_France
Amadeus_III_Count_of_Savoy	predecessor	Joan_II_of_Navarre
Ferdinando_I_de_Medici_Grand_Duke_of_Tuscany	predecessor	Vladimir_the_Great
Amaury_II_de_Montfort	predecessor	Louis_the_Stammerer
