Giovanni_il_Popolano	father	Henry_V_of_England
Pierfrancesco_the_Elder	father	George_Louis_I_Count_of_Erbach_Erbach
_thelwulf_King_of_Wessex	father	Rudolph_II_of_Burgundy
Robert_II_of_Scotland	father	Theobald_I_Count_of_Blois
Walter_Stewart_6th_High_Steward_of_Scotland	father	Louis_Dauphin_of_France_son_of_Louis_XV
Luitgarde_of_Vermandois	father	Francis_I_Duke_of_Lorraine
Theobald_I_Count_of_Blois	father	Henry_IV_of_France
Leopold_Duke_of_Lorraine	father	Stephen_Count_of_Blois
Afonso_II_of_Portugal	father	Gaston_de_Foix_Count_of_Candale
Amicie_de_Courtenay	father	John_Beaufort_1st_Earl_of_Somerset
Charles_Emmanuel_III_of_Sardinia	father	Rupert_King_of_the_Romans
Philip_IV_of_Spain	father	Sigismund_Holy_Roman_Emperor
Margaret_of_Austria_Queen_of_Spain	father	Henry_IV_of_France
Isabella_of_Valois_Duchess_of_Bourbon	father	Charles_Count_of_Valois
Anne_of_Austria	father	Louis_Dauphin_of_France_son_of_Louis_XV
Henry_II_of_Castile	father	Sunyer_Count_of_Barcelona
Stephen_III_Duke_of_Bavaria	father	William_the_Younger_Duke_of_Brunswic_L_neburg
Albert_I_of_Germany	father	Charles_Martel
Igor_of_Kiev	father	Charibert_of_Laon
Wilhelmine_Amalie_of_Brunswick	father	Alexander_Stewart_of_Darnley_died_1404
Philippe_II_Duke_of_Orl_ans	father	Arnulf_I_Count_of_Flanders
Empress_Matilda	father	Leopold_Duke_of_Lorraine
John_II_Count_of_Holland	father	Ramon_Berenguer_II_Count_of_Barcelona
Maria_Beatrice_d_Este_Duchess_of_Massa	father	Peter_II_Count_of_Saint_Pol
Francis_IV_Duke_of_Modena	father	Charles_IV_of_Spain
Rudolph_of_France	father	Henry_the_Middle_Duke_of_Brunswic_L_neburg
Ren__II_Duke_of_Lorraine	father	Louis_VI_of_France
Magnus_I_Duke_of_Brunswic_L_neburg	father	Edward_King_of_Portugal
Gerberga_of_Saxony	father	Reginald_I_Count_of_Burgundy
Henry_X_Duke_of_Bavaria	father	Afonso_IV_of_Portugal
Isabella_Duchess_of_Lorraine	father	Francesco_III_d_Este_Duke_of_Modena
Louis_Duke_of_Burgundy	father	Reginar_Longneck
Louis_II_Duke_of_Bavaria	father	Louis_IV_Holy_Roman_Emperor
Alice_Holland_Countess_of_Kent	father	Albert_I_Duke_of_Bavaria
Eleanor_of_Lancaster	father	Louis_Dauphin_of_France_son_of_Louis_XIV
Blanche_of_Brittany	father	Baldwin_II_Count_of_Hainaut
Berenguer_Ramon_I_Count_of_Barcelona	father	Louis_the_Stammerer
Margaret_Stewart_Dauphine_of_France	father	Louis_the_Stammerer
Francis_I_Holy_Roman_Emperor	father	Philip_V_of_Spain
Edward_I_of_England	father	Thierry_Count_of_Flanders
Leopold_II_Holy_Roman_Emperor	father	Philip_the_Good
Marie_Ad_la_de_of_Savoy	father	Richard_Duke_of_Burgundy
Odo_of_France	father	Louis_Count_of__vreux
Henry_I_Count_of_Champagne	father	Baldwin_III_Count_of_Flanders
Louis_Philippe_I	father	Henry_son_of_Robert_I_of_Burgundy
Henry_I_of_France	father	Alfonso_VIII_of_Castile
Beatriz_Pereira_de_Alvim	father	Baldwin_II_Margrave_of_Flanders
Anne_Marie_d_Orl_ans	father	Ferdinand_I_Holy_Roman_Emperor
Lorenzo_de_Medici_Duke_of_Urbino	father	Dedi_III_Margrave_of_Lusatia
Blanche_of_Navarre_Queen_of_France	father	Theobald_the_Elder
Philip_III_of_Navarre	father	Adolph_I_Duke_of_Cleves
Reginar_III_Count_of_Hainaut	father	Henry_Count_of_Portugal
Sancho_I_of_Portugal	father	Philippe_I_Duke_of_Orl_ans
Afonso_I_of_Portugal	father	Louis_Duke_of_Savoy
Maria_Josepha_of_Austria	father	Ernest_Duke_of_Austria
Ramon_Berenguer_IV_Count_of_Barcelona	father	Philippe_I_Duke_of_Orl_ans
Ramon_Berenguer_III_Count_of_Barcelona	father	Theobald_III_Count_of_Blois
Afonso_V_of_Portugal	father	Louis_XVI
Edward_King_of_Portugal	father	Stephen_V_of_Hungary
Francis_II_Holy_Roman_Emperor	father	Otto_IV_Count_of_Burgundy
Louise_of_Savoy	father	Albert_V_Duke_of_Bavaria
Philip_II_Duke_of_Savoy	father	George_Duke_of_Brunswic_Calenberg
John_II_of_France	father	Baldwin_V_Count_of_Flanders
Joan_the_Lame	father	Baldwin_VI_Count_of_Flanders
Baldwin_IV_Count_of_Hainaut	father	Louis_Count_of_Vend_me
Louis_Dauphin_of_France_son_of_Louis_XIV	father	James_Stewart_5th_High_Steward_of_Scotland
Louis_XIV	father	Robert_I_of_France
Princess_Marie_Isabelle_of_Orl_ans	father	Stephen_III_of_Auxonne
John_Stewart_1st_Earl_of_Lennox	father	Ferdinand_I_Holy_Roman_Emperor
Alan_Stewart_of_Darnley	father	Otto_William_Count_of_Burgundy
Adelaide_of_Tours	father	Richard_Woodville_1st_Earl_Rivers
Robert_the_Strong	father	Richard_Fitzalan_3rd_Earl_of_Arundel
Magdalene_Sibylle_of_Prussia	father	Henry_II_Duke_of_Brabant
Yaroslav_the_Wise	father	Henry_II_Duke_of_Brabant
Victor_Amadeus_II_of_Sardinia	father	Philip_I_Landgrave_of_Hesse
Ferdinand_I_of_the_Two_Sicilies	father	Giovanni_delle_Bande_Nere
Odo_II_Duke_of_Burgundy	father	Ecgberht_King_of_Wessex
Alfonso_II_of_Aragon	father	Louis_VII_of_France
Charles_Martel	father	Philip_III_of_Navarre
Marie_Countess_of_Ponthieu	father	Stephen_II_Duke_of_Bavaria
Louis_I_Duke_of_Orl_ans	father	Humbert_II_Count_of_Savoy
Charles_V_of_France	father	Henry_II_of_France
William_X_Duke_of_Aquitaine	father	Louis_the_German
John_VIII_Count_of_Vend_me	father	Philip_I_of_France
Eleanor_of_Provence	father	Oberto_II_Margrave_of_Milan
Charles_Emmanuel_II_Duke_of_Savoy	father	Afonso_III_of_Portugal
Joan_II_Countess_of_Burgundy	father	Robert_Duke_of_Bar
John_II_of_Aragon	father	Odo_I_Duke_of_Burgundy
James_III_of_Scotland	father	Robert_II_of_France
Philippa_of_Hainault	father	John_Stewart_1st_Earl_of_Lennox
Joan_of_Valois_Countess_of_Hainaut	father	Burkhard_V_Count_of_Hohenberg
Matilda_of_Frisia	father	James_I_Count_of_La_Marche
Liudolf_Margrave_of_Frisia	father	Berthold_I_of_Istria
Clementia_of_Hungary	father	Olof_Sk_tkonung
Countess_Palatine_Dorothea_Sophie_of_Neuburg	father	Francis_Count_of_Vend_me
Elisabeth_Farnese	father	Robert_I_Count_of_Dreux
Ermentrude_of_Orl_ans	father	Fulk_II_Count_of_Anjou
Magnus_II_Duke_of_Brunswic_L_neburg	father	Ernest_I_Duke_of_Brunswic_L_neburg
Rudolf_I_of_Germany	father	Giovanni_di_Bicci_de_Medici
Gertrude_of_Hohenberg	father	Henry_the_Lion
Dirk_II_Count_of_Holland	father	Henry_II_of_France
Mary_of_Burgundy_Duchess_of_Cleves	father	Louis_XII
Nicholas_Francis_Duke_of_Lorraine	father	Charles_Duke_of_Orl_ans
Otto_I_Duke_of_Saxony	father	Engelbert_Duke_of_Carinthia
Alfonso_X_of_Castile	father	Henry_IX_Duke_of_Bavaria
Louis_Duke_of_Orl_ans_1703_1752	father	Henry_IV_of_England
James_II_of_Scotland	father	Muzio_Attendolo_Sforza
Willa_of_Tuscany	father	Albert_I_of_Germany
Frederick_III_Holy_Roman_Emperor	father	Theobald_III_Count_of_Champagne
Maria_Anna_of_Bavaria_born_1551	father	Elias_I_Count_of_Maine
Charles_III_of_Spain	father	Berengar_II_of_Italy
Henry_the_Lion	father	Albert_II_of_Germany
Otto_IV_Count_of_Burgundy	father	Aimery_I_Viscount_of_Ch_tellerault
Beatriz_of_Portugal_Duchess_of_Viseu	father	Rudolf_I_of_Germany
Isabel_of_Barcelos	father	Otto_I_Count_of_Scheyern
Ferdinand_II_of_Aragon	father	Francis_IV_Duke_of_Modena
Hugh_of_Italy	father	Philip_I_of_Castile
Henry_II_of_France	father	Hugh_II_Duke_of_Burgundy
Mahaut_of_Ch_tillon	father	Philip_III_of_Spain
Napoleon_III	father	Charles_X
Clemence_of_Austria	father	Philip_the_Bold
Peter_I_Duke_of_Bourbon	father	Sunifred_Count_of_Barcelona
Duke_Charles_Louis_Frederick_of_Mecklenburg	father	Rollo
Joan_I_Countess_of_Auvergne	father	Robert_II_of_France
Henry_V_of_England	father	Frederick_Louis_Hereditary_Grand_Duke_of_Mecklenburg_Schwerin
Joan_of__vreux	father	Godfrey_III_Count_of_Louvain
Louis_Count_of__vreux	father	John_II_Count_of_Holland
Otto_I_Duke_of_Brunswic_L_neburg	father	James_I_of_Aragon
A_nor_de_Ch_tellerault	father	Edward_King_of_Portugal
Claude_of_France	father	Frederick_II_Duke_of_Brunswic_L_neburg
Louis_I_Duke_of_Bourbon	father	Francis_Count_of_Vend_me
Marie_Antoinette	father	Louis_I_Duke_of_Bavaria
Charles_X	father	Wilfred_the_Hairy
Charles_III_Duke_of_Savoy	father	Charles_III_Duke_of_Savoy
Vladimir_the_Great	father	Berthold_Duke_of_Merania
Sviatoslav_I	father	Francesco_I_Sforza
John_of_Montfort	father	Theobald_of_Arles
Geoffrey_Plantagenet_Count_of_Anjou	father	John_II_of_France
Francis_Duke_of_Anjou	father	Thomas_Holland_2nd_Earl_of_Kent
Henry_III_of_France	father	Louis_I_Duke_of_Orl_ans
Edward_III_of_England	father	Louis_IX_of_France
Louis_Count_of_Vend_me	father	Andrew_II_of_Hungary
Marie_Jos_phine_of_Savoy	father	Louis_IX_Landgrave_of_Hesse_Darmstadt
Victor_Amadeus_III_of_Sardinia	father	Antoine_Count_of_Vaud_mont
Louis_XII	father	George_I_of_Great_Britain
Philip_I_of_Castile	father	Edward_I_of_England
Ramon_Borrell_Count_of_Barcelona	father	Afonso_I_Duke_of_Braganza
Frederick_II_Count_of_Vaud_mont	father	Otto_I_Duke_of_Bavaria
Eleanor_of_Castile	father	Charlemagne
Alfonso_IX_of_Le_n	father	Radbot_of_Klettgau
James_I_of_Scotland	father	Igor_of_Kiev
Louis_XI	father	Robert_I_Count_of_Artois
Henry_IV_of_England	father	Walter_I_Lord_of_Avesnes
Mary_de_Bohun	father	John_I_of_Aragon
Stephen_Count_of_Blois	father	Charles_Duke_of_Vend_me
Cosimo_I_de_Medici_Grand_Duke_of_Tuscany	father	John_the_Fearless
Peter_I_of_Portugal	father	John_II_Duke_of_Brittany
Raymond_of_Burgundy	father	Peter_II_of_Courtenay
Lothair_II_of_Italy	father	Arnulf_II_Count_of_Flanders
Jacquetta_of_Luxembourg	father	Charles_Ferdinand_Duke_of_Berry
George_I_of_Great_Britain	father	Enno_III_Count_of_East_Frisia
Ernest_Augustus_Elector_of_Hanover	father	Fulk_King_of_Jerusalem
Charlotte_of_Bourbon_Queen_of_Cyprus	father	Sancho_Alfonso
John_I_Count_of_La_Marche	father	Ingerman_Count_of_Hesbaye
Princess_Elisabeth_Albertine_of_Saxe_Hildburghausen	father	Werner_I_Count_of_Klettgau
Anne_of_Bohemia_and_Hungary	father	Boso_II_of_Italy
In_s_de_Castro	father	Robert_III_of_Scotland
William_III_of_M_con	father	Victor_Amadeus_III_of_Sardinia
Louis_V_of_France	father	James_V_of_Scotland
Marie_of_Luxembourg_Queen_of_France	father	John_VII_Duke_of_Mecklenburg_Schwerin
Saint_Margaret_of_Scotland	father	Robert_II_Duke_of_Burgundy
Arnulf_I_Count_of_Flanders	father	Louis_XV
Louis_XIII	father	John_I_of_Portugal
Marie_de_Medici	father	Henry_the_Fowler
Charles_the_Bald	father	Christian_III_Count_Palatine_of_Zweibr_cken
Francis_Count_of_Vend_me	father	Reginar_II_Count_of_Hainaut
Rudolph_Duke_of_Lorraine	father	Ferdinand_II_of_Le_n
John_I_of_Portugal	father	Philip_II_of_France
Otto_IV_Count_of_Scheyern	father	Giovanni_di_Bicci_de_Medici
Eckhard_I_Count_of_Scheyern	father	Joseph_I_Holy_Roman_Emperor
Piero_di_Cosimo_de_Medici	father	Malcolm_III_of_Scotland
Odo_IV_Duke_of_Burgundy	father	Bartholomew_de_L_Isle_Bouchard
Isabeau_of_Bavaria	father	Patrick_de_Chaworth_Lord_of_Kidwelly
Elisabeth_of_France_1602_1644	father	Liudolf_Duke_of_Saxony
William_I_Count_of_Hainaut	father	Bernard_II_Duke_of_Saxony
Yolanda_of_Courtenay	father	Lambert_I_Count_of_Louvain
Baldwin_II_Count_of_Hainaut	father	Borrell_II_Count_of_Barcelona
Constance_of_Arles	father	Otto_V_Margrave_of_Brandenburg_Salzwedel
Adelaide_of_Auxerre_born_c._870	father	Manuel_I_of_Portugal
Fran_oise_d_Aubign__Marquise_de_Maintenon	father	Peter_I_Count_of_Saint_Pol
Maria_Carolina_of_Austria	father	Conrad_I_of_Burgundy
Marie_of_Brabant_Queen_of_France	father	Lorenzo_the_Elder
Matilda_of_Scotland	father	Geoffrey_II_Count_of_G_tinais
Maria_Amalia_of_Saxony	father	Louis_IV_Holy_Roman_Emperor
Hedwig_of_Saxony	father	Lambert_II_Count_of_Louvain
Henry_I_Duke_of_Brabant	father	Robert_II_Duke_of_Burgundy
Isabella_of_Hainault	father	Louis_XIV
Margaret_I_Countess_of_Flanders	father	Ramon_Berenguer_IV_Count_of_Provence
Maria_Theresa_of_Naples_and_Sicily	father	Hugh_Capet
Charles_VII_of_France	father	Frederick_I_Count_of_Vaud_mont
Francis_II_of_France	father	Mastino_II_della_Scala
Philip_IV_of_France	father	Philip_II_Duke_of_Savoy
Philip_III_of_France	father	John_IV_Duke_of_Brittany
Baldwin_II_Margrave_of_Flanders	father	Nicholas_d_Oisy_Lord_of_Avesnes
Margaret_of_Bavaria	father	William_VIII_Duke_of_Aquitaine
Louis_IX_of_France	father	Welf_father_of_Judith
Violant_of_Hungary	father	Alexander_Stewart_4th_High_Steward_of_Scotland
Ferdinand_II_of_Le_n	father	Leopold_II_Holy_Roman_Emperor
Isabella_of_Aragon_Queen_of_France	father	Otto_II_Duke_of_Bavaria
Reginald_I_Count_of_Burgundy	father	Hugh_IV_Duke_of_Burgundy
Ferdinand_I_of_Aragon	father	Ferdinand_I_of_the_Two_Sicilies
Robert_I_Duke_of_Burgundy	father	Louis_VII_of_France
Rudolph_I_of_Burgundy	father	Richard_Fitzalan_3rd_Earl_of_Arundel
Philippe_I_Duke_of_Orl_ans	father	William_I_Count_of_Burgundy
Sophia_of_Minsk	father	Eckhard_I_Count_of_Scheyern
Ferdinand_III_of_Castile	father	Ferdinand_III_of_Castile
Maria_of_Aragon_Queen_of_Portugal	father	Louis_XIV
Adolphus_Frederick_I_Duke_of_Mecklenburg_Schwerin	father	Ealhmund_of_Kent
Fran_oise_Ath_na_s_de_Rochechouart_Marquise_de_Montespan	father	Alfonso_X_of_Castile
Henry_III_Duke_of_Brabant	father	Augustus_Duke_of_Saxe_Weissenfels
Adelaide_of_Maurienne	father	Henry_V_Count_of_Luxembourg
Madeleine_de_La_Tour_d_Auvergne	father	John_III_Count_of_Auvergne
Emmanuel_Philibert_Duke_of_Savoy	father	Louis_Crato_Count_of_Nassau_Saarbr_cken
Owen_Tudor	father	William_III_Duke_of_Aquitaine
Philip_V_of_Spain	father	Ferdinand_Karl_Archduke_of_Austria_Este
Blanche_of_Castile	father	Isambart
Maximilian_I_Holy_Roman_Emperor	father	Philip_of_Artois
John_II_of_Portugal	father	James_I_of_Scotland
Theobald_III_Count_of_Champagne	father	Otto_IV_Count_of_Scheyern
Odo_I_Duke_of_Burgundy	father	John_II_Duke_of_Brittany
Antoinette_of_Bourbon	father	Maximilian_I_Holy_Roman_Emperor
John_Count_of_Angoul_me	father	Guillaume_de_Montfort_of_Hainaut
Louis_XVIII	father	Vladimir_the_Great
Maria_Josepha_of_Saxony_Dauphine_of_France	father	Stephen_III_Duke_of_Bavaria
Joan_Beaufort_Queen_of_Scots	father	Henry_IV_of_France
Henrietta_Maria	father	Lothair_of_France
Hugh_the_Great	father	Adolphus_Frederick_II_Duke_of_Mecklenburg_Strelitz
Louis_the_German	father	John_Constable_of_Portugal
Charles_the_Fat	father	Adalbert_I_of_Ivrea
Theodoric_II_Duke_of_Lorraine	father	Fulk_King_of_Jerusalem
Carloman_II	father	Louis_IX_of_France
Ferdinand_I_Holy_Roman_Emperor	father	Robert_VII_Lord_of_B_thune
Theobald_I_of_Navarre	father	Frederick_III_Holy_Roman_Emperor
Marie_Caroline_of_Bourbo_Two_Sicilies_Duchess_of_Berry	father	Edward_III_of_England
Francesco_I_Sforza	father	John_I_Count_of_La_Marche
Archduchess_Anna_of_Austria	father	Edward_the_Exile
Louis_I_of_Anjou	father	Charles_Emmanuel_III_of_Sardinia
Charlotte_of_Savoy	father	Louis_Duke_of_Savoy
Eleanor_of_Aquitaine	father	William_X_Duke_of_Aquitaine
Mary_Queen_of_Scots	father	Louis_I_Duke_of_Orl_ans
Hildegard_of_the_Vinzgau	father	Louis_Dauphin_of_France_son_of_Louis_XIV
Anne_of_Brittany	father	Simon_I_de_Montfort
Humbert_II_Count_of_Savoy	father	Werner_II_Count_of_Habsburg
Pepin_the_Short	father	Philip_I_of_Castile
Berengar_II_of_Italy	father	Sviatoslav_I
Rozala_of_Italy	father	Rudolf_I_of_Germany
Matilda_of_Saxony_countess_of_Flanders	father	Otto_IV_Count_of_Burgundy
Baldwin_III_Count_of_Flanders	father	Sancho_I_of_Portugal
Alfred_the_Great	father	Henry_3rd_Earl_of_Lancaster
William_the_Younger_Duke_of_Brunswic_L_neburg	father	Louis_XIII
Baldwin_VI_Count_of_Flanders	father	Ferdinand_I_Holy_Roman_Emperor
Godfrey_I_Count_of_Louvain	father	Charles_V_Holy_Roman_Emperor
Isabella_of_France	father	Victor_Emmanuel_I_of_Sardinia
Elisabeth_Christine_of_Brunswic_Wolfenb_ttel	father	Denis_of_Portugal
Sancho_III_of_Castile	father	Gerard_de_Bouzonville
Berengaria_of_Barcelona	father	Peter_I_Duke_of_Bourbon
Alys_of_France_Countess_of_Vexin	father	Ansegisel
Catherine_of_Vend_me	father	Wenceslaus_II_of_Bohemia
Bernard_I_Duke_of_Brunswic_L_neburg	father	Antoine_Duke_of_Montpensier
James_Stewart_5th_High_Steward_of_Scotland	father	Alfonso_II_Count_of_Provence
Charles_Duke_of_Vend_me	father	Edward_King_of_Portugal
Rudolf_II_Count_of_Habsburg	father	Robert_II_of_France
Margaret_of_Foix	father	Henry_II_of_Castile
Prince_Philippe_Count_of_Paris	father	Gaston_IV_Count_of_Foix
Robert_II_of_France	father	Leopold_III_Duke_of_Austria
Adelaide_of_Burgundy_Duchess_of_Brabant	father	Francis_I_of_the_Two_Sicilies
Hugh_IV_Duke_of_Burgundy	father	Ranulf_II_of_Aquitaine
Frederick_IV_Duke_of_Lorraine	father	Charles_VII_of_France
Elizabeth_of_Luxembourg	father	John_I_of_Castile
George_Duke_of_Brunswic_Calenberg	father	Henry_II_of_France
Simon_I_Duke_of_Lorraine	father	Robert_of_Courtenay_Lord_of_Champignelles
Maximilian_II_Holy_Roman_Emperor	father	Peter_of_Courtenay_Lord_of_Conches
James_Hepburn_4th_Earl_of_Bothwell	father	Guy_Count_of_Flanders
Anna_of_Holstei_Gottorp	father	Henry_X_Duke_of_Bavaria
Anne_Gonzaga	father	Gerard_Duke_of_Lorraine
Otto_II_Duke_of_Bavaria	father	Louis_Count_of__vreux
Anna_Maria_of_Mecklenburg_Schwerin	father	Afonso_I_of_Portugal
Ramon_Berenguer_IV_Count_of_Provence	father	Ramon_Berenguer_III_Count_of_Barcelona
Stephen_II_Duke_of_Bavaria	father	Louis_Bonaparte
Agnes_of_France_Duchess_of_Burgundy	father	Philip_Duke_of_Parma
Stephen_I_Count_of_Burgundy	father	Volodar_Glebovich_Prince_of_Minsk
Louis_XVI	father	Adolf_Duke_of_Holstei_Gottorp
Marie_Th_r_se_of_France	father	Henry_the_Fowler
Henry_VI_of_England	father	Alexandre_de_Beauharnais
Mary_of_Hungary_Queen_of_Naples	father	Odoardo_Farnese_Hereditary_Prince_of_Parma
William_VIII_Duke_of_Aquitaine	father	John_Constable_of_Portugal
Richard_Count_of__tampes	father	Robert_II_Count_of_Artois
John_Count_of_Chalon	father	Leuthard_I_of_Paris
Robert_III_of_Worms	father	Baldwin_I_Margrave_of_Flanders
Charles_Count_of_Angoul_me	father	Henry_III_of_England
William_IX_Duke_of_Aquitaine	father	Dirk_I_Count_of_Holland
Albert_III_Count_of_Habsburg	father	Francis_I_of_the_Two_Sicilies
Countess_Sophia_Albertine_of_Erbach_Erbach	father	Antoine_Duke_of_Lorraine
Pepin_of_Herstal	father	Edward_II_of_England
Francesco_I_de_Medici_Grand_Duke_of_Tuscany	father	William_I_Count_of_Burgundy
William_V_Duke_of_Aquitaine	father	Robert_Count_of_Clermont
Matthew_Stewart_4th_Earl_of_Lennox	father	Henry_son_of_Robert_I_of_Burgundy
John_Stewart_3rd_Earl_of_Lennox	father	James_I_of_Scotland
Sophia_Eleonore_of_Saxony	father	Charles_Count_of_Valois
John_I_Count_of_Hainaut	father	Guy_IV_Count_of_Saint_Pol
Henri_Count_of_Chambord	father	Walter_Stewart_6th_High_Steward_of_Scotland
Louis_IV_Holy_Roman_Emperor	father	Antoine_of_Navarre
Louis_III_of_France	father	Francis_of_Baux
Albert_II_Duke_of_Brunswic_L_neburg	father	Henry_VII_Holy_Roman_Emperor
Albert_I_Duke_of_Brunswic_L_neburg	father	John_Count_of_Angoul_me
James_of_Avesnes	father	Charles_X
Nicholas_d_Oisy_Lord_of_Avesnes	father	Charles_III_Duke_of_Lorraine
Henry_Count_of_Portugal	father	Albert_Frederick_Duke_of_Prussia
James_IV_of_Scotland	father	Robert_III_of_Worms
Philip_VI_of_France	father	Alfonso_VII_of_Le_n_and_Castile
Ermengarde_of_Hesbaye	father	Sancho_IV_of_Castile
Maria_Teresa_Felicitas_d_Este	father	Ercole_III_d_Este_Duke_of_Modena
Louise_Marie_Ad_la_de_de_Bourbon_Duchess_of_Orl_ans	father	James_of_Avesnes
Anna_Maria_of_Ostfriesland	father	John_the_Fearless
John_the_Fearless	father	Patrick_Hepburn_3rd_Earl_of_Bothwell
Eleanor_of_Aragon_Queen_of_Portugal	father	Valdemar_I_of_Denmark
Nicolas_Duke_of_Merc_ur	father	Adalbert_of_Italy
Bertrade_of_Montfort	father	William_I_Count_of_Hainaut
Simon_I_de_Montfort	father	Charles_I_Gonzaga_Duke_of_Mantua
Beatrice_of_Silesia	father	Philippe_II_Duke_of_Orl_ans
Matthew_Stewart_2nd_Earl_of_Lennox	father	Ferdinand_Philippe_Duke_of_Orl_ans
Blanche_of_Burgundy	father	Odo_I_Count_of_Orl_ans
William_IV_Duke_of_Aquitaine	father	Charles_Count_of_Valois
Ferdinand_Duke_of_Viseu	father	Louis_I_of_Anjou
Louis_Antoine_Duke_of_Angoul_me	father	Oberto_I
Margaret_of_Artois	father	Philip_III_of_France
Beatrice_Regina_della_Scala	father	Robert_II_Duke_of_Burgundy
Otto_William_Count_of_Burgundy	father	Herbert_II_Count_of_Vermandois
Antoine_of_Navarre	father	Louis_II_Duke_of_Bavaria
Maria_Beatrice_of_Savoy	father	Ferdinand_I_Holy_Roman_Emperor
Henry_IV_of_France	father	Louis_I_Duke_of_Bourbon
Conrad_I_of_Burgundy	father	Francesco_I_de_Medici_Grand_Duke_of_Tuscany
Baldwin_III_Count_of_Hainaut	father	Victor_Amadeus_I_Duke_of_Savoy
Ferdinand_Karl_Archduke_of_Austria_Este	father	Augustus_III_of_Poland
Judith_of_Habsburg	father	Vladislaus_II_of_Hungary
Margaret_of_Provence	father	William_IV_Duke_of_Aquitaine
Odo_I_Count_of_Blois	father	Magnus_I_Duke_of_Brunswic_L_neburg
Bertha_of_Burgundy	father	Philip_V_of_Spain
Robert_Count_of_Clermont	father	Philip_II_Duke_of_Savoy
Eadgifu_of_Wessex	father	John_II_of_Aragon
Philip_II_of_France	father	Theobald_II_Count_of_Champagne
Louis_the_Pious	father	Ferdinand_II_of_Aragon
Ernest_Duke_of_Austria	father	John_I_Count_of_Hainaut
Robert_II_Count_of_Dreux	father	John_VIII_Count_of_Vend_me
Catherine_of_Foix_Countess_of_Candale	father	Louis_IV_of_France
Marie_of_Brittany_Countess_of_Saint_Pol	father	Henry_II_of_France
Marie_of_Anjou	father	Louis_VI_of_France
Yolande_of_Aragon	father	John_VI_of_Vend_me
Joan_Fitzalan_Countess_of_Hereford	father	Peter_I_of_Portugal
Robert_I_of_France	father	Ferdinand_III_of_Castile
John_I_of_Castile	father	Cosimo_I_de_Medici_Grand_Duke_of_Tuscany
Albert_Azzo_II_Margrave_of_Milan	father	William_IV_Count_of_Ponthieu
Henry_III_of_England	father	Ebalus_Duke_of_Aquitaine
Elizabeth_of_Austria_1436_1505	father	Henry_II_of_England
Hortense_de_Beauharnais	father	Theobald_II_Count_of_Champagne
Louis_VIII_of_France	father	William_IX_Duke_of_Aquitaine
Otto_I_Duke_of_Bavaria	father	Louis_X_of_France
Louis_XVII	father	Nicolas_Duke_of_Merc_ur
Charles_Duke_of_Orl_ans	father	Rudolf_I_of_Germany
Marie_of_Cleves_Duchess_of_Orl_ans	father	Alfonso_XI_of_Castile
Eleanor_of_England_Queen_of_Castile	father	John_Stewart_of_Darnley
Edward_the_Elder	father	Albert_II_Duke_of_Austria
Amaury_I_de_Montfort	father	Albert_II_Duke_of_Brunswic_L_neburg
Isabella_of_Portugal	father	Francis_II_Duke_of_Lorraine
Edward_II_of_England	father	Louis_XIII
Cosimo_de_Medici	father	Louis_Duke_of_Savoy
Godfrey_II_Count_of_Louvain	father	Boso_Margrave_of_Tuscany
Elisabeth_of_Nuremberg	father	Charles_II_Archduke_of_Austria
Reginar_II_Count_of_Hainaut	father	Francis_I_of_France
Galeazzo_Maria_Sforza	father	John_VIII_Count_of_Vend_me
Henry_II_Duke_of_Brabant	father	Louis_Duke_of_Savoy
Ramon_Berenguer_I_Count_of_Barcelona	father	Alfred_the_Great
Godfrey_III_Count_of_Louvain	father	Francis_II_Duke_of_Brittany
Baldwin_V_Count_of_Hainaut	father	Albert_Azzo_II_Margrave_of_Milan
Gisela_of_Burgundy_Marchioness_of_Montferrat	father	Charles_II_of_Naples
Maria_of_Austria_Duchess_of_J_lich_Cleves_Berg	father	_thelwulf_King_of_Wessex
Louis_II_of_Anjou	father	Henry_I_of_England
Christine_of_Saxony	father	Louis_I_Duke_of_Bourbon
Hugh_Magnus	father	Gaston_IV_Count_of_Foix
Yolande_of_Dreux_Duchess_of_Burgundy	father	Albert_I_Duke_of_Brunswic_L_neburg
Francis_I_Duke_of_Lorraine	father	Adolphus_Frederick_I_Duke_of_Mecklenburg_Schwerin
Arnulf_II_Count_of_Flanders	father	Louis_IV_of_France
Louis_VII_of_France	father	Hugh_III_Duke_of_Burgundy
Lambert_I_Count_of_Louvain	father	Rudolf_II_Count_of_Habsburg
Matilda_of_France	father	Baldwin_V_Count_of_Hainaut
Elisabeth_of_Meissen	father	Dirk_II_Count_of_Holland
Odo_II_Count_of_Blois	father	Francis_I_Holy_Roman_Emperor
Louis_VI_of_France	father	John_George_I_Elector_of_Saxony
Beatrice_of_Brandenburg	father	Philip_III_of_Spain
Bertrada_of_Laon	father	Peter_I_Duke_of_Brittany
Philip_the_Good	father	Sancho_III_of_Castile
Henry_the_Middle_Duke_of_Brunswic_L_neburg	father	Amadeus_VIII_Duke_of_Savoy
Henry_IX_Duke_of_Bavaria	father	Louis_Jean_Marie_de_Bourbon_Duke_of_Penthi_vre
Afonso_IV_of_Portugal	father	Otto_V_Duke_of_Brunswic_L_neburg
John_I_Duke_of_Lorraine	father	William_V_Duke_of_Aquitaine
Agnes_of_Merania	father	Philippe_II_Duke_of_Orl_ans
Berthold_Duke_of_Merania	father	Hugh_of_Tours
Mar_a_Isabella_of_Spain	father	Victor_Amadeus_III_of_Sardinia
Frederick_II_Duke_of_Brunswic_L_neburg	father	Casimir_IV_Jagiellon
Welf_I_Duke_of_Bavaria	father	Frederick_II_Margrave_of_Meissen
Philip_the_Bold	father	Berenguer_Ramon_I_Count_of_Barcelona
Napoleon_II	father	Humphrey_de_Bohun_7th_Earl_of_Hereford
William_of_Winchester_Lord_of_Lunenburg	father	Arthur_II_Duke_of_Brittany
Jeanne_de_Bourbon_Duchess_of_Bourbon	father	Henry_VII_Holy_Roman_Emperor
Catherine_of_Valois	father	Baldwin_IV_Count_of_Hainaut
Margaret_of_the_Palatinate	father	Charles_III_of_Spain
Lorenzo_the_Elder	father	Bivin_of_Gorze
Margaret_of_Brieg	father	Averardo_de_Medici
Sibylla_of_Anjou	father	Pedro_Fern_ndez_de_Castro
Sophia_of_Saxe_Weissenfels_Princess_of_Anhalt_Zerbst	father	John_II_of_France
Princess_Louise_of_Hesse_Darmstadt_1757_1830	father	Napoleon
Mahaut_Countess_of_Artois	father	Frederick_IV_Duke_of_Lorraine
Francis_II_Duke_of_Lorraine	father	Adolphus_Frederick_I_Duke_of_Mecklenburg_Schwerin
Louis_Duke_of_Savoy	father	Robert_the_Strong
Margaret_Holland_Duchess_of_Clarence	father	Francis_II_Holy_Roman_Emperor
Adolphus_Frederick_II_Duke_of_Mecklenburg_Strelitz	father	John_Stewart_3rd_Earl_of_Lennox
Bonne_of_Luxembourg	father	Ferdinand_I_of_Aragon
Anne_of_Foix_Candale	father	Alan_Stewart_of_Darnley
Antoine_Count_of_Vaud_mont	father	Liudolf_Margrave_of_Frisia
Fran_oise_Marie_de_Bourbon	father	Floris_I_Count_of_Holland
Maria_Luisa_of_Parma	father	Odo_I_Count_of_Blois
Maria_Theresa_of_Savoy	father	Odo_II_Count_of_Blois
Elizabeth_of_Bohemia_1292_1330	father	Piero_di_Cosimo_de_Medici
Henry_VI_Count_of_Luxembourg	father	Amaury_I_de_Montfort
Matilda_of_Bavaria_Margravine_of_Meissen	father	Matthew_Stewart_2nd_Earl_of_Lennox
Philip_II_of_Spain	father	Francis_I_Holy_Roman_Emperor
Werner_II_Count_of_Habsburg	father	Alfonso_VII_of_Le_n_and_Castile
Bertha_of_Holland	father	Augustus_III_of_Poland
Margaret_of_Burgundy_Queen_of_France	father	Rudolph_Duke_of_Lorraine
Ingegerd_Olofsdotter_of_Sweden	father	John_King_of_England
Marie_of_Luxembourg_Countess_of_Vend_me	father	Louis_Rudolph_Duke_of_Brunswic_L_neburg
Dangereuse_de_l_Isle_Bouchard	father	James_III_of_Scotland
Arnulf_Count_of_Holland	father	Cosimo_de_Medici
Robert_I_Count_of_Dreux	father	Victor_Amadeus_II_of_Sardinia
Isabella_de_Beauchamp	father	William_I_of_Provence
Princess_Magdalena_Augusta_of_Anhalt_Zerbst	father	Alfonso_VII_of_Le_n_and_Castile
Gertrude_of_Saxony	father	Stephen_I_Count_of_Burgundy
John_I_Duke_of_Brittany	father	Robert_the_Strong
Lothair_of_France	father	John_Frederick_Duke_of_Brunswic_Calenberg
Marie_of_France_Duchess_of_Bar	father	Theodoric_II_Duke_of_Lorraine
Adelaide_of_Aquitaine	father	Charles_Prince_of_Anhalt_Zerbst
Gerloc	father	Baldwin_III_Count_of_Hainaut
Albert_II_Duke_of_Austria	father	Godfrey_II_Count_of_Louvain
Margaret_Countess_of_Anjou	father	Victor_Amadeus_II_of_Sardinia
Ramon_Berenguer_II_Count_of_Barcelona	father	Ramon_Berenguer_IV_Count_of_Provence
Stephen_II_of_Auxonne	father	Brun_I_Count_of_Brunswick
Ernest_I_Duke_of_Brunswic_L_neburg	father	Albert_IV_Count_of_Habsburg
Albert_Azzo_I_Margrave_of_Milan	father	Charles_Martel_of_Anjou
John_I_of_France	father	Odo_III_Duke_of_Burgundy
George_II_of_Great_Britain	father	Frederick_II_Count_of_Vaud_mont
Hemma	father	Ernest_Augustus_Elector_of_Hanover
Judith_of_Bavaria_died_843	father	Louis_VI_of_France
Adelaide_Blanche_of_Anjou	father	Ernest_Frederick_I_Duke_of_Saxe_Hildburghausen
Fulk_II_Count_of_Anjou	father	Gerold_of_Vinzgau
Marie_Louise_Duchess_of_Parma	father	Reginar_III_Count_of_Hainaut
Sancho_IV_of_Castile	father	Charles_V_of_France
Margaret_of_Baux	father	Louis_Duke_of_Orl_ans_1703_1752
Ecgberht_King_of_Wessex	father	John_I_Duke_of_Lorraine
Henry_II_Count_of_Louvain	father	Berthold_II_Count_of_Andechs
Wilfred_the_Hairy	father	William_III_Duke_of_Aquitaine
Carlo_Buonaparte	father	Matthias_II_Duke_of_Lorraine
John_of_Bohemia	father	Charles_VI_of_France
Baldwin_IV_Count_of_Flanders	father	Louis_the_Pious
Lambert_II_Count_of_Louvain	father	Louis_IX_of_France
Maria_of_Austria_Holy_Roman_Empress	father	Louis_II_of_Anjou
Giovanni_delle_Bande_Nere	father	Henry_I_Count_of_Champagne
Boso_the_Elder	father	Albert_III_Count_of_Habsburg
Beatrice_of_Savoy	father	Ramon_Berenguer_IV_Count_of_Barcelona
Margaret_of_Geneva	father	Nicholas_Francis_Duke_of_Lorraine
Charles_III_Duke_of_Lorraine	father	Robert_II_Count_of_Hesbaye
Richard_Duke_of_Burgundy	father	Louis_Philippe_II_Duke_of_Orl_ans
Louis_I_Duke_of_Bavaria	father	Francis_I_Holy_Roman_Emperor
Theobald_II_Count_of_Champagne	father	Louis_Dauphin_of_France_son_of_Louis_XV
Countess_Caroline_of_Nassau_Saarbr_cken	father	Welf_father_of_Judith
Ermengarde_of_Anjou_Duchess_of_Burgundy	father	Henry_III_Duke_of_Brabant
Ferdinand_IV_of_Castile	father	Robert_III_Count_of_Dreux
Frederick_III_Duke_of_Lorraine	father	Rurik
Charles_V_Holy_Roman_Emperor	father	Henry_II_Count_of_Louvain
Isabella_of_Portugal_Queen_of_Castile	father	Pepin_of_Herstal
Constance_of_Castile	father	Bolko_I_the_Strict
Alfonso_VIII_of_Castile	father	Lorenzo_de_Medici
Charlotte_Agla__d_Orl_ans	father	Philip_VI_of_France
Hugh_II_Duke_of_Burgundy	father	Ramon_Berenguer_I_Count_of_Barcelona
Borrell_II_Count_of_Barcelona	father	Henry_VII_of_England
Blanche_of_Artois	father	Afonso_V_of_Portugal
Margaret_of_Savoy_Countess_of_Saint_Pol	father	Philip_William_Elector_Palatine
Charles_V_Duke_of_Lorraine	father	Philip_of_Swabia
Engeltrude_de_F_zensac	father	Robert_I_Duke_of_Burgundy
Barbara_Jagiellon	father	Edward_the_Elder
Frederick_I_Count_of_Vaud_mont	father	Hugh_IV_Duke_of_Burgundy
Peter_II_of_Aragon	father	Fulk_I_Count_of_Anjou
Piero_the_Unfortunate	father	Philip_IV_of_France
John_Stewart_of_Darnley	father	William_de_Beauchamp_9th_Earl_of_Warwick
Bona_of_Savoy	father	Alfonso_IX_of_Le_n
Duchess_Helene_of_Mecklenburg_Schwerin	father	William_III_of_M_con
Philip_of_France_1116_1131	father	Francis_I_Holy_Roman_Emperor
Bouchard_IV_of_Avesnes	father	Hugh_Count_of_Burgundy
Matilda_of_Brabant_Countess_of_Artois	father	Charles_V_Holy_Roman_Emperor
Lorenzo_de_Medici	father	Bernard_I_Duke_of_Brunswic_L_neburg
Henry_Stuart_Lord_Darnley	father	Fulk_III_Count_of_Anjou
Joanna_of_Bourbon	father	Louis_VIII_of_France
Joanna_of_Austria_Grand_Duchess_of_Tuscany	father	Hugh_of_Italy
Louis_Philippe_I_Duke_of_Orl_ans	father	John_I_Count_of_La_Marche
Maria_Antonia_Ferdinanda_of_Spain	father	William_I_of_Geneva
Christine_of_Hesse	father	Henry_I_Duke_of_Brabant
John_of_Gaunt	father	William_I_Count_of_Burgundy
Agnes_of_Rochlitz	father	Maredudd_ap_Tudur
Louise_of_Lorraine	father	Theobald_II_Duke_of_Lorraine
Countess_Palatine_Caroline_of_Zweibr_cken	father	Albert_Azzo_I_Margrave_of_Milan
Stephen_III_of_Auxonne	father	Charles_Emmanuel_II_Duke_of_Savoy
Matilda_of_Carinthia	father	Giuseppe_Maria_Buonaparte
Mary_Tudor_Queen_of_France	father	Constant_d_Aubign_
Odo_III_Duke_of_Burgundy	father	Conrad_II_Duke_of_Transjurane_Burgundy
Adela_of_Champagne	father	William_XII_Count_of_Auvergne
Henry_son_of_Robert_I_of_Burgundy	father	Welf_I_Duke_of_Bavaria
Ermengarde_Countess_of_Maine	father	Louis_the_Pious
Fulk_IV_Count_of_Anjou	father	Otto_II_Count_of_Habsburg
Robert_II_Duke_of_Burgundy	father	Ferdinand_I_of_Aragon
James_I_Count_of_La_Marche	father	John_of_Bohemia
Eleanor_of_Portugal_Holy_Roman_Empress	father	Magnus_II_Duke_of_Brunswic_L_neburg
Leopold_III_Duke_of_Austria	father	William_of_Winchester_Lord_of_Lunenburg
William_III_Duke_of_Aquitaine	father	Charles_V_Duke_of_Lorraine
Charles_Ferdinand_Duke_of_Berry	father	Gabriel_de_Rochechouart_de_Mortemart
Theobald_III_Count_of_Blois	father	Stephen_II_of_Auxonne
Charles_the_Bold	father	Frederick_V_Burgrave_of_Nuremberg
Elizabeth_Woodville	father	Ramon_Berenguer_III_Count_of_Barcelona
Archduchess_Maria_Theresa_of_Austria_Este_1817_1886	father	George_Duke_of_Saxony
William_I_Count_of_Burgundy	father	Amadeus_II_Count_of_Savoy
Margaret_of_Flanders_Duchess_of_Brabant	father	Matthew_Stewart_4th_Earl_of_Lennox
Denis_of_Portugal	father	Bouchard_IV_of_Avesnes
Maria_of_Swabia	father	John_II_of_France
Violant_of_Bar	father	Godfrey_I_Count_of_Louvain
Berthold_I_of_Istria	father	Giovanni_il_Popolano
Peter_of_Courtenay_Lord_of_Conches	father	John_II_of_France
Matilda_of_B_thune	father	Louis_I_of_Brzeg
Louise__lisabeth_of_France	father	Alfonso_II_of_Aragon
Eleanor_of_Alburquerque	father	Nuno__lvares_Pereira
Gerard_Duke_of_Lorraine	father	Conrad_II_Duke_of_Transjurane_Burgundy
Giovanni_di_Bicci_de_Medici	father	Ramon_Borrell_Count_of_Barcelona
Albert_IV_Count_of_Habsburg	father	Antoine_Duke_of_Lorraine
Ebalus_Duke_of_Aquitaine	father	John_of_Gaunt
Maria_Christina_of_the_Two_Sicilies	father	Pierfrancesco_the_Elder
Hedwig_of_Bavaria	father	Hermann_Billung
Margaret_of_Valois	father	James_II_of_Scotland
Otto_V_Duke_of_Brunswic_L_neburg	father	Louis_XVI
Sunyer_Count_of_Barcelona	father	Piero_the_Unfortunate
Werner_I_Count_of_Klettgau	father	Otto_I_Duke_of_Brunswic_L_neburg
Maud_Chaworth	father	Charles_VI_of_France
Otto_II_Count_of_Habsburg	father	Charles_II_Duke_of_Lorraine
Oberto_II_Margrave_of_Milan	father	Philip_III_of_France
Ingeborg_of_Denmark_Queen_of_France	father	Thomas_Count_of_Savoy
Giovanni_il_Popolano	spouse	Louis_II_Duke_of_Bavaria
_thelwulf_King_of_Wessex	spouse	Marie_of_Brittany_Countess_of_Saint_Pol
_thelwulf_King_of_Wessex	spouse	Charles_III_Duke_of_Lorraine
Robert_II_of_Scotland	spouse	Violant_of_Bar
Walter_Stewart_6th_High_Steward_of_Scotland	spouse	Otto_I_Duke_of_Saxony
Luitgarde_of_Vermandois	spouse	Dangereuse_de_l_Isle_Bouchard
Luitgarde_of_Vermandois	spouse	Marie__milie_de_Joly_de_Choin
Leopold_Duke_of_Lorraine	spouse	Marie_de_Medici
Afonso_II_of_Portugal	spouse	Louis_Philippe_I_Duke_of_Orl_ans
Amicie_de_Courtenay	spouse	Louis_II_Duke_of_Bavaria
Charles_Emmanuel_III_of_Sardinia	spouse	Mary_of_Burgundy
Charles_Emmanuel_III_of_Sardinia	spouse	William_VIII_Duke_of_Aquitaine
Margaret_of_Austria_Queen_of_Spain	spouse	Odo_III_Duke_of_Burgundy
Charles_Count_of_Valois	spouse	Adelaide_of_Maurienne
Charles_Count_of_Valois	spouse	Aelis
Charles_Count_of_Valois	spouse	Dulce_of_Aragon
Isabella_of_Valois_Duchess_of_Bourbon	spouse	Henry_the_Lion
Anne_of_Austria	spouse	Eleanor_of_Portugal_Holy_Roman_Empress
Henry_II_of_Castile	spouse	Baldwin_II_Count_of_Hainaut
Lucrezia_Tornabuoni	spouse	Maria_Manuela_Princess_of_Portugal
Stephen_III_Duke_of_Bavaria	spouse	Catherine_of_Anhalt_Bernburg
Albert_I_of_Germany	spouse	Maximilian_I_Holy_Roman_Emperor
Igor_of_Kiev	spouse	Matthew_I_of_Montmorency
Olga_of_Kiev	spouse	Antoine_Count_of_Vaud_mont
Matthias_I_Duke_of_Lorraine	spouse	Cosimo_I_de_Medici_Grand_Duke_of_Tuscany
Adelaide_of_Leuven	spouse	Anna_of_Holstei_Gottorp
Wilhelmine_Amalie_of_Brunswick	spouse	Maria_Beatrice_d_Este_Duchess_of_Massa
Philippe_II_Duke_of_Orl_ans	spouse	Lucrezia_Tornabuoni
Empress_Matilda	spouse	Otto_IV_Count_of_Scheyern
Philippa_of_Luxembourg	spouse	Louis_XVI
John_II_Count_of_Holland	spouse	Ferdinand_III_of_Castile
Frederick_Prince_of_Wales	spouse	Sophia_of_Minsk
Caroline_of_Ansbach	spouse	Christina_of_Denmark
Maria_Beatrice_d_Este_Duchess_of_Massa	spouse	Alfred_the_Great
Francis_IV_Duke_of_Modena	spouse	Robert_the_Strong
Rudolph_of_France	spouse	Baldwin_II_Margrave_of_Flanders
Ren__II_Duke_of_Lorraine	spouse	Louis_XII
Sophia_of_Brandenburg	spouse	Emma_of_Italy
Henry_the_Fowler	spouse	Henry_VI_of_England
Gerberga_of_Saxony	spouse	Maria_Amalia_of_Saxony
Gerberga_of_Saxony	spouse	Marie_of_Anjou
Gertrude_of_S_pplingenburg	spouse	Bertrade_of_Montfort
Ren__of_Anjou	spouse	James_Hepburn_4th_Earl_of_Bothwell
Ren__of_Anjou	spouse	Marie_Louise_Duchess_of_Parma
Mary_of_Guise	spouse	Charlotte_of_Mecklenburg_Strelitz
John_VI_of_Vend_me	spouse	Mary_Queen_of_Scots
Maria_of_Montpellier	spouse	Charles_Emmanuel_II_Duke_of_Savoy
Beatrice_of_England	spouse	William_Duke_of_J_lich_Cleves_Berg
Arthur_II_Duke_of_Brittany	spouse	Bianca_Cappello
Louis_Duke_of_Burgundy	spouse	Robert_II_of_Scotland
Philip_I_Landgrave_of_Hesse	spouse	Joan_the_Lame
Louis_II_Duke_of_Bavaria	spouse	Maria_of_Aragon_Queen_of_Portugal
Louis_II_Duke_of_Bavaria	spouse	Sophia_Eleonore_of_Saxony
Maria_of_Brabant_Duchess_of_Bavaria	spouse	Alice_of_Namur
Alice_Holland_Countess_of_Kent	spouse	Maria_Salviati
Eleanor_of_Lancaster	spouse	Maria_Josepha_of_Saxony_Dauphine_of_France
Blanche_of_Brittany	spouse	Ferdinand_Karl_Archduke_of_Austria_Este
Margaret_Stewart_Dauphine_of_France	spouse	Claudine_de_Brosse
Francis_I_Holy_Roman_Emperor	spouse	Lothair_II_of_Italy
Maria_Teresa_Cybo_Malaspina_Duchess_of_Massa	spouse	Anne_of_Brittany
Maria_Teresa_Cybo_Malaspina_Duchess_of_Massa	spouse	Theresa_of_Portugal_Queen_of_Le_n
Leopold_II_Holy_Roman_Emperor	spouse	Ramon_Borrell_Count_of_Barcelona
Margaret_II_Countess_of_Hainaut	spouse	Madeleine_de_La_Tour_d_Auvergne
Elisabeth_of_Cleves	spouse	Baldwin_IV_Count_of_Flanders
Marie_Ad_la_de_of_Savoy	spouse	Mar_a_de_Molina
Odo_of_France	spouse	William_IX_Duke_of_Aquitaine
Henry_I_Count_of_Champagne	spouse	Frederick_III_Duke_of_Lorraine
Princess_Christine_Louise_of_Oettinge_Oettingen	spouse	Charles_Count_of_Valois
Henry_I_of_France	spouse	Louis_XVIII
Henry_I_of_France	spouse	Louis_Jean_Marie_de_Bourbon_Duke_of_Penthi_vre
Philip_I_of_France	spouse	Matilda_of_Frisia
Philip_I_of_France	spouse	Eleanor_of_Austria
Beatriz_Pereira_de_Alvim	spouse	Augustus_III_of_Poland
Anne_Marie_d_Orl_ans	spouse	Louis_II_Duke_of_Bavaria
Henrietta_of_England	spouse	Edward_I_of_England
Lorenzo_de_Medici_Duke_of_Urbino	spouse	Eberhard_II_Count_of_W_rttemberg
Blanche_of_Navarre_Queen_of_France	spouse	Alfonso_XI_of_Castile
Philip_III_of_Navarre	spouse	Berenguer_Ramon_I_Count_of_Barcelona
Richardis	spouse	Wenceslaus_II_of_Bohemia
Sancho_I_of_Portugal	spouse	Louis_Antoine_Duke_of_Angoul_me
Afonso_I_of_Portugal	spouse	Philippa_of_Hainault
Thierry_Count_of_Flanders	spouse	Eadgifu_of_Wessex
Maria_Josepha_of_Austria	spouse	Louise_Henriette_de_Bourbon
Ramon_Berenguer_IV_Count_of_Barcelona	spouse	A_nor_de_Ch_tellerault
Ramon_Berenguer_III_Count_of_Barcelona	spouse	Peter_II_of_Aragon
Louise_of_Savoy	spouse	Carlo_Buonaparte
Philip_II_Duke_of_Savoy	spouse	Giovanni_delle_Bande_Nere
John_II_of_France	spouse	Beatrice_of_Silesia
Joan_the_Lame	spouse	Odo_I_Duke_of_Burgundy
Baldwin_IV_Count_of_Hainaut	spouse	Catherine_I_Latin_Empress
Louis_Dauphin_of_France_son_of_Louis_XIV	spouse	Theobald_I_of_Navarre
Louis_Dauphin_of_France_son_of_Louis_XIV	spouse	Stephen_II_Duke_of_Bavaria
Louis_XIV	spouse	Sibylla_of_Anjou
Louis_XIV	spouse	John_II_Duke_of_Bourbon
Louis_XIV	spouse	Charles_Martel_of_Anjou
Adelaide_of_Tours	spouse	Louis_XI
Adelaide_of_Tours	spouse	Marie_Jeanne_Baptiste_of_Savoy_Nemours
Robert_the_Strong	spouse	Barbara_Jagiellon
Joan_II_of_Navarre	spouse	Ferdinand_III_of_Castile
Charles_IV_of_France	spouse	Walter_Stewart_6th_High_Steward_of_Scotland
Charles_IV_of_France	spouse	John_II_of_Aragon
Charles_IV_of_France	spouse	Otto_William_Count_of_Burgundy
Magdalene_Sibylle_of_Prussia	spouse	Philippa_of_Luxembourg
Marie_Eleonore_of_Cleves	spouse	Ermengarde_of_Hesbaye
Yaroslav_the_Wise	spouse	Afonso_III_of_Portugal
Charles_VI_Holy_Roman_Emperor	spouse	Isabella_of_Portugal
Victor_Amadeus_II_of_Sardinia	spouse	Joan_Countess_of_Ponthieu
Ferdinand_I_of_the_Two_Sicilies	spouse	Henry_II_of_England
Ferdinand_I_of_the_Two_Sicilies	spouse	Gertrude_of_Hohenberg
Hugh_III_Duke_of_Burgundy	spouse	Adelaide_of_Tours
Hugh_III_Duke_of_Burgundy	spouse	Louise__lisabeth_of_France
Marie_Countess_of_Ponthieu	spouse	Maria_of_Austria_Duchess_of_J_lich_Cleves_Berg
William_IV_Count_of_Ponthieu	spouse	Louis_VI_of_France
Louis_I_Duke_of_Orl_ans	spouse	Urraca_of_Le_n
Charles_V_of_France	spouse	Maria_Teresa_Cybo_Malaspina_Duchess_of_Massa
William_X_Duke_of_Aquitaine	spouse	Robert_I_Duke_of_Burgundy
Philippa_Countess_of_Toulouse	spouse	Raymond_of_Burgundy
John_VIII_Count_of_Vend_me	spouse	Charles_Emmanuel_II_Duke_of_Savoy
Eleanor_of_Provence	spouse	Pepin_of_Herstal
Charles_Emmanuel_II_Duke_of_Savoy	spouse	Alfonso_IX_of_Le_n
Charles_Emmanuel_II_Duke_of_Savoy	spouse	Archduchess_Maria_Theresa_of_Austria_Este_1817_1886
Joan_II_Countess_of_Burgundy	spouse	Yaroslav_the_Wise
John_II_of_Aragon	spouse	Charles_Emmanuel_I_Duke_of_Savoy
John_II_of_Aragon	spouse	John_King_of_England
James_III_of_Scotland	spouse	Henry_the_Middle_Duke_of_Brunswic_L_neburg
Mary_of_Guelders	spouse	Margaret_of_Valois
Philippa_of_Hainault	spouse	Eleanor_of_Toledo
Joan_of_Valois_Countess_of_Hainaut	spouse	Edward_IV_of_England
Matilda_of_Frisia	spouse	Philip_I_Landgrave_of_Hesse
Clementia_of_Hungary	spouse	Sverker_I_of_Sweden
Louis_X_of_France	spouse	Mary_Queen_of_Scots
Maud_of_Apulia	spouse	Bertha_of_Holland
Charles_the_Simple	spouse	Louis_XIII
Countess_Palatine_Dorothea_Sophie_of_Neuburg	spouse	Isabella_de_Beauchamp
Elisabeth_Farnese	spouse	Maria_Christina_of_the_Two_Sicilies
Ermentrude_of_Orl_ans	spouse	Maria_Beatrice_of_Savoy
Magnus_II_Duke_of_Brunswic_L_neburg	spouse	Henry_X_Duke_of_Bavaria
Alfonso_II_Count_of_Provence	spouse	Francesco_I_de_Medici_Grand_Duke_of_Tuscany
Rudolf_I_of_Germany	spouse	Isabella_Duchess_of_Lorraine
Rudolf_I_of_Germany	spouse	Ferdinand_II_of_Le_n
Gertrude_of_Hohenberg	spouse	Peter_I_Duke_of_Brittany
Beatrice_of_Portugal_died_1381	spouse	Geoffrey_Plantagenet_Count_of_Anjou
Catalina_Micaela_of_Spain	spouse	Victor_Emmanuel_I_of_Sardinia
Mary_of_Burgundy_Duchess_of_Cleves	spouse	Robert_Count_of_Clermont
Mary_of_Burgundy	spouse	Alfonso_VIII_of_Castile
Claude_Fran_oise_de_Lorraine	spouse	John_II_Duke_of_Brittany
Nicholas_Francis_Duke_of_Lorraine	spouse	Ramon_Berenguer_III_Count_of_Barcelona
Lutgardis_of_Luxemburg	spouse	Anne_of_Bohemia_and_Hungary
Otto_I_Duke_of_Saxony	spouse	Philip_of_Artois
Hedwig_of_Babenberg	spouse	Arnulf_Count_of_Holland
Alfonso_X_of_Castile	spouse	Caterina_Sforza
Landgravine_Elisabeth_Amalie_of_Hesse_Darmstadt	spouse	Maria_of_Portugal_Queen_of_Castile
James_II_of_Scotland	spouse	Geoffrey_II_Count_of_G_tinais
Willa_of_Tuscany	spouse	Jeanne_de_Laval
Boso_Margrave_of_Tuscany	spouse	Maria_Amalia_of_Saxony
Frederick_III_Holy_Roman_Emperor	spouse	Henry_III_of_France
Cymburgis_of_Masovia	spouse	Margaret_Countess_of_Anjou
Maria_Anna_of_Bavaria_born_1551	spouse	Sviatoslav_I
Albert_V_Duke_of_Bavaria	spouse	John_Frederick_Duke_of_Brunswic_Calenberg
Maria_Luisa_of_Spain	spouse	Louis_III_Landgrave_of_Thuringia
Charles_III_of_Spain	spouse	Fran_oise_Ath_na_s_de_Rochechouart_Marquise_de_Montespan
Henry_the_Lion	spouse	Agnes_of_Burgundy_Duchess_of_Bourbon
Henry_the_Lion	spouse	Margaret_of_Burgundy_Queen_of_France
Otto_IV_Count_of_Burgundy	spouse	Otto_I_Duke_of_Brunswic_L_neburg
Isabel_of_Barcelos	spouse	Frederick_II_Duke_of_Brunswic_L_neburg
Ferdinand_II_of_Aragon	spouse	Berengaria_of_Castile
Ferdinand_II_of_Aragon	spouse	Blanche_I_of_Navarre
Willa_of_Burgundy	spouse	Empress_Matilda
Rudolph_II_of_Burgundy	spouse	Eadgifu_of_Wessex
Mahaut_of_Ch_tillon	spouse	Ogive_of_Luxembourg
Eug_nie_de_Montijo	spouse	Maria_of_Montpellier
Clemence_of_Austria	spouse	Maria_Theresa_of_Spain
Peter_I_Duke_of_Bourbon	spouse	Louis_VI_of_France
Mary_of_Avesnes	spouse	Gilbert_Duke_of_Lorraine
Joan_I_Countess_of_Auvergne	spouse	Charlotte_Agla__d_Orl_ans
Henry_V_of_England	spouse	Margaret_Stewart_Dauphine_of_France
Albert_II_of_Germany	spouse	Otto_IV_Count_of_Burgundy
Joan_of__vreux	spouse	Simon_Count_of_Ponthieu
Louis_Count_of__vreux	spouse	Robert_II_of_Scotland
Otto_I_Duke_of_Brunswic_L_neburg	spouse	Marie_Ad_la_de_of_Savoy
A_nor_de_Ch_tellerault	spouse	Isabella_of_Aragon_Queen_of_France
Louis_I_Duke_of_Bourbon	spouse	Vladimir_the_Great
Osburh	spouse	Janus_of_Cyprus
Marie_Antoinette	spouse	Francis_IV_Duke_of_Modena
Charles_III_Duke_of_Savoy	spouse	George_Gordon_4th_Earl_of_Huntly
Margaret_of_Bourbon_1438_1483	spouse	Francis_Count_of_Vend_me
Maria_Theresa_of_Austria_Este_Queen_of_Sardinia	spouse	Margaret_II_Countess_of_Flanders
Vladimir_the_Great	spouse	Philip_I_of_France
Vladimir_the_Great	spouse	John_of_Bohemia
John_of_Montfort	spouse	Ermengarde_of_Anjou_Duchess_of_Burgundy
Fulk_King_of_Jerusalem	spouse	Philip_II_of_Spain
Geoffrey_Plantagenet_Count_of_Anjou	spouse	Ernest_Duke_of_Austria
Henry_III_of_France	spouse	Joan_II_of_Navarre
Edward_III_of_England	spouse	Elisabeth_of_Austria_Duchess_of_Lorraine
Marjorie_Bruce	spouse	Antoine_of_Navarre
Emma_of_Italy	spouse	Countess_Sophia_Albertine_of_Erbach_Erbach
Marie_Jos_phine_of_Savoy	spouse	Adelaide_of_Holland
Victor_Amadeus_III_of_Sardinia	spouse	Ernest_Augustus_Elector_of_Hanover
Louis_XII	spouse	Gaston_de_Foix_Count_of_Candale
Louis_XII	spouse	Marie_Louise_Duchess_of_Parma
Philip_I_of_Castile	spouse	Emmanuel_Philibert_Duke_of_Savoy
Ramon_Borrell_Count_of_Barcelona	spouse	Edward_II_of_England
Edward_Count_Palatine_of_Simmern	spouse	Louis_the_German
Frederick_II_Count_of_Vaud_mont	spouse	Landgravine_Elisabeth_Amalie_of_Hesse_Darmstadt
Eleanor_of_Castile	spouse	John_Beaufort_1st_Earl_of_Somerset
Alfonso_IX_of_Le_n	spouse	Mary_of_Avesnes
Alfonso_IX_of_Le_n	spouse	Mary_Tudor_Queen_of_France
Urraca_of_Portugal	spouse	Jacquetta_of_Luxembourg
Charles_VIII_of_France	spouse	Berengar_II_of_Italy
Louis_XI	spouse	Louis_II_of_Anjou
Henry_IV_of_England	spouse	Philippe_I_Duke_of_Orl_ans
Adela_of_Normandy	spouse	Beatrice_of_Brandenburg
Stephen_Count_of_Blois	spouse	Francis_II_Duke_of_Brittany
Cosimo_I_de_Medici_Grand_Duke_of_Tuscany	spouse	Ermengarde_of_Anjou_d._1146
Camilla_Martelli	spouse	Cosimo_I_de_Medici_Grand_Duke_of_Tuscany
Raymond_of_Burgundy	spouse	John_I_Count_of_La_Marche
Marie_Countess_of_Harcourt	spouse	Gerberga_of_Saxony
Lothair_II_of_Italy	spouse	Mary_of_Guise
Jacquetta_of_Luxembourg	spouse	Valdemar_I_of_Denmark
Ernest_Augustus_Elector_of_Hanover	spouse	Odo_II_Count_of_Blois
Margaret_of_Anjou	spouse	John_IV_Duke_of_Brittany
Charlotte_of_Bourbon_Queen_of_Cyprus	spouse	Madeleine_of_Valois
John_I_Count_of_La_Marche	spouse	Edward_the_Exile
Matilda_II_Countess_of_Boulogne	spouse	John_IV_Duke_of_Brittany
Louis_IV_of_France	spouse	Lucienne_of_Rochefort
Rogneda_of_Polotsk	spouse	Ludmilla_of_Bohemia
In_s_de_Castro	spouse	Yolande_of_Dreux_Duchess_of_Burgundy
Louis_V_of_France	spouse	Violant_of_Hungary
Marie_of_Luxembourg_Queen_of_France	spouse	Louis_X_of_France
Henry_VII_Holy_Roman_Emperor	spouse	Maria_Carolina_of_Austria
Saint_Margaret_of_Scotland	spouse	Henry_Stuart_Lord_Darnley
Malcolm_III_of_Scotland	spouse	Louis_Philippe_I_Duke_of_Orl_ans
_lfthryth_Countess_of_Flanders	spouse	Ermentrude_de_Roucy
Adela_of_Milan	spouse	Andrew_II_of_Hungary
Louis_XIII	spouse	Juana_Enr_quez
Charles_the_Bald	spouse	Charles_V_Holy_Roman_Emperor
Rudolph_Duke_of_Lorraine	spouse	Charles_IV_of_France
Otto_IV_Count_of_Scheyern	spouse	Beatrice_of_Castile_1242_1303
Beatrice_of_Albon	spouse	Princess_Augusta_of_Saxe_Gotha
Piero_di_Cosimo_de_Medici	spouse	Elisabeth_of_Valois
Contessina_de_Bardi	spouse	Fran_oise_d_Aubign__Marquise_de_Maintenon
Odo_IV_Duke_of_Burgundy	spouse	Afonso_I_Duke_of_Braganza
Joan_III_Countess_of_Burgundy	spouse	Princess_Marie_Isabelle_of_Orl_ans
Elisabeth_of_France_1602_1644	spouse	Charles_Duke_of_Orl_ans
William_I_Count_of_Hainaut	spouse	Adelaide_of_Auxerre_born_c._870
Yolanda_of_Courtenay	spouse	Blanca_of_Navarre_Queen_of_Castile
Baldwin_II_Count_of_Hainaut	spouse	Henry_I_Duke_of_Brabant
Constance_of_Arles	spouse	Marjorie_Bruce
Adelaide_of_Auxerre_born_c._870	spouse	Ferdinand_I_of_Aragon
Waldrada_of_Worms	spouse	Maria_Anna_Victoria_of_Bavaria
James_I_of_Aragon	spouse	Stephen_Count_of_Blois
James_I_of_Aragon	spouse	Marie_de_Ch_tillon_1323_1363
James_I_of_Aragon	spouse	Margaret_of_Foix
Teresa_Gil_de_Vidaure	spouse	Ferdinand_VII_of_Spain
Fran_oise_d_Aubign__Marquise_de_Maintenon	spouse	Owen_Tudor
Fran_oise_d_Aubign__Marquise_de_Maintenon	spouse	William_III_Duke_of_Aquitaine
Maria_Amalia_of_Naples_and_Sicily	spouse	Charles_Count_of_Angoul_me
Matilda_of_Scotland	spouse	Beatrice_of_Portugal
John_Beaufort_1st_Earl_of_Somerset	spouse	Dorotea_Gonzaga
Charles_Emmanuel_I_Duke_of_Savoy	spouse	Eleanor_of_Alburquerque
Maria_Amalia_of_Saxony	spouse	Charles_IX_of_France
Henry_I_Duke_of_Brabant	spouse	Antoine_Duke_of_Montpensier
Henry_I_Duke_of_Brabant	spouse	Rozala_of_Italy
Isabella_of_Hainault	spouse	Clementia_of_Z_hringen
Margaret_I_Countess_of_Flanders	spouse	Baldwin_V_Count_of_Hainaut
Archduchess_Maria_Clementina_of_Austria	spouse	Germaine_of_Foix
Charles_VII_of_France	spouse	Olga_of_Kiev
Urraca_L_pez_de_Haro	spouse	Hugh_Despenser_the_Elder
Charles_IX_of_France	spouse	Joanna_of_Castile
Francis_II_of_France	spouse	Charles_Duke_of_Orl_ans
Margaret_of_Brabant	spouse	Blanche_of_Navarre_Countess_of_Champagne
Philip_IV_of_France	spouse	Polyxena_of_Hesse_Rotenburg
Philip_III_of_France	spouse	Elisabeth_of_Austria_Queen_of_France
Baldwin_II_Margrave_of_Flanders	spouse	Gerloc
Margaret_of_Bavaria	spouse	Margaret_of_the_Palatinate
Louis_IX_of_France	spouse	Beatriz_Pereira_de_Alvim
Violant_of_Hungary	spouse	Ferdinand_II_of_Aragon
Ferdinand_II_of_Le_n	spouse	Louis_VII_of_France
Ferdinand_II_of_Le_n	spouse	Joanna_of_Bourbon
Ferdinand_II_of_Le_n	spouse	Theresa_of_Portugal_Countess_of_Flanders
Alfonso_VII_of_Le_n_and_Castile	spouse	Louis_Dauphin_of_France_son_of_Louis_XIV
Isabella_of_Aragon_Queen_of_France	spouse	Charles_II_Duke_of_Lorraine
Juana_Enr_quez	spouse	Agnes_of_Merania
Reginald_I_Count_of_Burgundy	spouse	Hedwig_of_Saxony
Ermentrude_de_Roucy	spouse	Philip_V_of_Spain
Charles_Prince_of_Anhalt_Zerbst	spouse	Anne_Gonzaga
Ferdinand_I_of_Aragon	spouse	Margaret_of_Geneva
Robert_I_Duke_of_Burgundy	spouse	Joan_of_Ponthieu_Dame_of_Epernon
Robert_I_Duke_of_Burgundy	spouse	Blanche_of_Artois
Robert_III_of_Scotland	spouse	Bertha_of_Swabia
Louis_the_Stammerer	spouse	Elisabeth_of_Swabia
Louis_the_Stammerer	spouse	Adolph_I_Duke_of_Cleves
Guilla_of_Provence	spouse	Countess_Caroline_of_Nassau_Saarbr_cken
Rudolph_I_of_Burgundy	spouse	Ramon_Berenguer_II_Count_of_Barcelona
Philippe_I_Duke_of_Orl_ans	spouse	Alice_of_Normandy
Philippe_I_Duke_of_Orl_ans	spouse	Teresa_Fern_ndez_de_Traba
Helie_of_Semur	spouse	Contessina_de_Bardi
Marie_Jeanne_Baptiste_of_Savoy_Nemours	spouse	Humphrey_de_Bohun_7th_Earl_of_Hereford
Sophia_of_Minsk	spouse	Louis_Philippe_I
Sophia_of_Minsk	spouse	Ferdinand_IV_of_Castile
Ferdinand_III_of_Castile	spouse	Albert_II_Duke_of_Austria
Ferdinand_III_of_Castile	spouse	Agnes_of_Loon
Maria_of_Aragon_Queen_of_Portugal	spouse	Theobald_III_Count_of_Blois
Adolphus_Frederick_I_Duke_of_Mecklenburg_Schwerin	spouse	Fran_oise_Ath_na_s_de_Rochechouart_Marquise_de_Montespan
Fran_oise_Ath_na_s_de_Rochechouart_Marquise_de_Montespan	spouse	Charles_Count_of_Valois
Fran_oise_Ath_na_s_de_Rochechouart_Marquise_de_Montespan	spouse	Christian_III_Count_Palatine_of_Zweibr_cken
Henry_III_Duke_of_Brabant	spouse	Otto_II_Count_of_Chiny
Adelaide_of_Maurienne	spouse	Ren__of_Anjou
Adelaide_of_Maurienne	spouse	Joseph_I_Holy_Roman_Emperor
Matilda_of_Habsburg	spouse	Margaret_of_Brieg
Beatrice_of_Castile_1293_1359	spouse	Philip_II_of_Spain
Madeleine_de_La_Tour_d_Auvergne	spouse	Matilda_of_Saxony_countess_of_Flanders
Emmanuel_Philibert_Duke_of_Savoy	spouse	Joan_of_Valois_Countess_of_Hainaut
Margaret_of_Valois_Duchess_of_Berry	spouse	Philip_II_of_France
Owen_Tudor	spouse	Robert_II_Count_of_Artois
Philip_V_of_Spain	spouse	Boso_Margrave_of_Tuscany
Philip_V_of_Spain	spouse	Fran_oise_Madeleine_d_Orl_ans
Charlotte_of_Mecklenburg_Strelitz	spouse	Cosimo_de_Medici
Blanche_of_Castile	spouse	Hugh_IV_Duke_of_Burgundy
Maximilian_I_Holy_Roman_Emperor	spouse	Saint_Margaret_of_Scotland
Maximilian_I_Holy_Roman_Emperor	spouse	Charles_V_Duke_of_Lorraine
Bianca_Maria_Sforza	spouse	Charles_Duke_of_Vend_me
John_II_of_Portugal	spouse	Galeazzo_Maria_Sforza
Theobald_III_Count_of_Champagne	spouse	Yolanda_Latin_Empress
Odo_I_Duke_of_Burgundy	spouse	Rudolph_I_of_Burgundy
Antoinette_of_Bourbon	spouse	Louis_I_Duke_of_Bavaria
Louis_XVIII	spouse	Anna_von_Campe
Maria_Josepha_of_Saxony_Dauphine_of_France	spouse	Louis_Henri_de_Pardaillan_de_Gondrin
Joan_Beaufort_Queen_of_Scots	spouse	Louis_I_Duke_of_Orl_ans
Hugh_the_Great	spouse	Maria_Theresa
Louis_the_German	spouse	Alfonsina_Orsini
Charles_the_Fat	spouse	Elizabeth_Woodville
Margaret_Lyle	spouse	Albert_II_Duke_of_Brunswic_L_neburg
Gertrude_of_Flanders_Duchess_of_Lorraine	spouse	Beatrice_of_Portugal_Duchess_of_Savoy
Theodoric_II_Duke_of_Lorraine	spouse	Urraca_of_Castile_Queen_of_Portugal
Ferdinand_I_Holy_Roman_Emperor	spouse	Wulfhilde_of_Saxony
Louis_Dauphin_of_France_son_of_Louis_XV	spouse	Elisabeth_Christine_of_Brunswic_Wolfenb_ttel
Theobald_I_of_Navarre	spouse	Thomas_Holland_2nd_Earl_of_Kent
Theobald_I_of_Navarre	spouse	Adolf_Duke_of_Holstei_Gottorp
Blanche_of_Navarre_Countess_of_Champagne	spouse	Juana_Manuel
Marie_Caroline_of_Bourbo_Two_Sicilies_Duchess_of_Berry	spouse	John_Count_of_Chalon
Charles_I_Duke_of_Bourbon	spouse	Sophia_of_Holstei_Gottorp
Agnes_of_Burgundy_Duchess_of_Bourbon	spouse	Volodar_Glebovich_Prince_of_Minsk
Bianca_Maria_Visconti	spouse	Elizabeth_Charlotte_Madame_Palatine
Francesco_I_Sforza	spouse	Beatrice_of_Albon
Archduchess_Anna_of_Austria	spouse	Catherine_of_Valois
Charlotte_of_Savoy	spouse	Claude_Fran_oise_de_Lorraine
Elisabeth_of_Sicily_Duchess_of_Bavaria	spouse	William_X_Duke_of_Aquitaine
Eleanor_of_Aquitaine	spouse	Ferdinand_II_of_Aragon
Benedicta_Henrietta_of_the_Palatinate	spouse	Philip_the_Good
Richard_Woodville_1st_Earl_Rivers	spouse	Floris_I_Count_of_Holland
Mary_Queen_of_Scots	spouse	Hugh_III_Duke_of_Burgundy
Mary_Queen_of_Scots	spouse	James_I_of_Aragon
Mary_Queen_of_Scots	spouse	Eleanor_of_Austria
Hildegard_of_the_Vinzgau	spouse	Maud_of_Apulia
Anne_of_Brittany	spouse	Eleanor_of_England_Queen_of_Castile
Anne_of_Brittany	spouse	Ermengarde_Countess_of_Maine
Anne_of_Brittany	spouse	Hedwig_of_Formbach
_lffl_d_wife_of_Edward_the_Elder	spouse	Edmund_Tudor_1st_Earl_of_Richmond
Eadhild	spouse	Frederick_I_Duke_of_Lorraine
Humbert_II_Count_of_Savoy	spouse	Godfrey_I_Count_of_Verdun
Rozala_of_Italy	spouse	Ingegerd_Olofsdotter_of_Sweden
Adelaide_of_Holland	spouse	Peter_I_Duke_of_Bourbon
Matilda_of_Saxony_countess_of_Flanders	spouse	Countess_Palatine_Dorothea_Sophie_of_Neuburg
Baldwin_III_Count_of_Flanders	spouse	Ferdinand_II_of_Le_n
Alfred_the_Great	spouse	Louis_II_of_Anjou
Dorothea_of_Denmark_Duchess_of_Brunswic_L_neburg	spouse	James_I_of_Scotland
William_the_Younger_Duke_of_Brunswic_L_neburg	spouse	Antoine_Duke_of_Lorraine
Godfrey_I_Count_of_Louvain	spouse	Philip_III_of_Navarre
Godfrey_I_Count_of_Louvain	spouse	Leopold_III_Duke_of_Austria
Isabella_of_France	spouse	Margaret_of_Foix
Joan_I_of_Navarre	spouse	Berengaria_of_Barcelona
Valentina_Visconti_Duchess_of_Orl_ans	spouse	Louis_IV_Holy_Roman_Emperor
Elisabeth_Christine_of_Brunswic_Wolfenb_ttel	spouse	Ealhswith
Sancho_III_of_Castile	spouse	Constance_of_Portugal
Berengaria_of_Barcelona	spouse	Violant_of_Aragon
Conrad_I_Count_of_Auxerre	spouse	Edward_I_of_England
Alys_of_France_Countess_of_Vexin	spouse	Urraca_L_pez_de_Haro
Maria_Manuela_Princess_of_Portugal	spouse	Margaret_I_Countess_of_Flanders
Catherine_of_Vend_me	spouse	Philip_II_of_France
Charles_Duke_of_Vend_me	spouse	Otto_I_Count_of_Scheyern
Andrew_II_of_Hungary	spouse	Maria_Luisa_of_Spain
Margaret_of_Foix	spouse	Blanche_of_Brittany
Margaret_of_Foix	spouse	Lorenzo_the_Elder
Margaret_of_Foix	spouse	Margaret_Countess_of_Vertus
Prince_Philippe_Count_of_Paris	spouse	George_III
Constanza_Manuel	spouse	John_Count_of_Chalon
Elizabeth_Charlotte_Madame_Palatine	spouse	Anna_of_Nassau_Dillenburg
William_Longsword	spouse	Marie_of_France_Duchess_of_Brabant
Elisabeth_Therese_of_Lorraine	spouse	Louis_X_of_France
Agatha_wife_of_Edward_the_Exile	spouse	Henry_IV_of_England
Yolande_Duchess_of_Lorraine	spouse	Robert_II_of_France
Robert_II_of_France	spouse	Charles_Count_of_Valois
Robert_II_of_France	spouse	Constanza_Manuel
Robert_II_of_France	spouse	Isabella_of_Bourbon
Hugh_IV_Duke_of_Burgundy	spouse	Reginald_I_Count_of_Burgundy
Hugh_IV_Duke_of_Burgundy	spouse	Aimery_I_Viscount_of_Ch_tellerault
Frederick_IV_Duke_of_Lorraine	spouse	Gerberga_of_Lower_Lorraine
Elizabeth_of_Luxembourg	spouse	Alexandre_de_Beauharnais
Anna_Eleonore_of_Hesse_Darmstadt	spouse	Ermengarde_of_Anjou_Duchess_of_Burgundy
Simon_I_Duke_of_Lorraine	spouse	Rudolf_I_of_Germany
Empress_Jos_phine	spouse	Blanche_of_Navarre_Duchess_of_Brittany
James_Hepburn_4th_Earl_of_Bothwell	spouse	John_IV_Marquis_of_Montferrat
Ludmilla_of_Bohemia	spouse	Igor_of_Kiev
William_de_Beauchamp_9th_Earl_of_Warwick	spouse	Philip_II_Duke_of_Savoy
Maud_FitzJohn_Countess_of_Warwick	spouse	John_I_of_Aragon
Anna_Maria_of_Mecklenburg_Schwerin	spouse	Kingdom_of_Navarre
Stephen_II_Duke_of_Bavaria	spouse	Henry_V_of_England
Agnes_of_France_Duchess_of_Burgundy	spouse	Richardis
Louis_XVI	spouse	John_II_of_France
Louis_XVI	spouse	William_Longsword
Marie_Th_r_se_of_France	spouse	Anne_of_Kiev
Sophia_of_Istria	spouse	Matilda_of_Carinthia
Henry_VI_of_England	spouse	Philip_II_of_Spain
William_VIII_Duke_of_Aquitaine	spouse	Isabelle_de_Beauvau
Richard_Count_of__tampes	spouse	Matilda_of_Habsburg
Richard_Count_of__tampes	spouse	Philip_VI_of_France
John_VII_Duke_of_Mecklenburg_Schwerin	spouse	Henry_I_of_England
John_Count_of_Chalon	spouse	Anna_Maria_of_Mecklenburg_Schwerin
Margaret_of_Valois_Angoul_me	spouse	Philip_V_of_Spain
William_IX_Duke_of_Aquitaine	spouse	Matilda_II_Countess_of_Boulogne
William_IX_Duke_of_Aquitaine	spouse	Ethelinde_of_Northeim
Hildegarde_of_Burgundy	spouse	_thelwulf_King_of_Wessex
Herbert_III_of_Omois	spouse	Philip_IV_of_France
Countess_Sophia_Albertine_of_Erbach_Erbach	spouse	Charles_Prince_of_Anhalt_Zerbst
Francesco_I_de_Medici_Grand_Duke_of_Tuscany	spouse	Margaret_of_Denmark_Queen_of_Scotland
Matilda_of_Brandenburg_Duchess_of_Brunswic_L_neburg	spouse	Odo_I_Count_of_Orl_ans
Malusha	spouse	Matilda_of_Boulogne_Duchess_of_Brabant
Helena_of_Denmark	spouse	Isabella_of_Angoul_me
Elizabeth_Gordon_Countess_of_Huntly	spouse	Louise_of_Lorraine
Jean_Gordon_Countess_of_Bothwell	spouse	Henrietta_of_England
Joan_Countess_of_Ponthieu	spouse	Agnes_of_Burgundy_Duchess_of_Aquitaine
John_de_Beaumont_2nd_Baron_Beaumont	spouse	Baldwin_VI_Count_of_Flanders
William_V_Duke_of_Aquitaine	spouse	Caroline_of_Ansbach
George_II_Landgrave_of_Hesse_Darmstadt	spouse	Barbara_of_Cilli
John_I_Count_of_Hainaut	spouse	Henry_I_Duke_of_Brabant
Otto_I_Count_of_Scheyern	spouse	Ferdinand_II_of_Le_n
Henri_Count_of_Chambord	spouse	Berthold_II_Count_of_Andechs
Elisabeth_of_Austria_Duchess_of_Lorraine	spouse	Louis_XII
Louis_IV_Holy_Roman_Emperor	spouse	John_I_of_Portugal
Louis_IV_Holy_Roman_Emperor	spouse	James_V_of_Scotland
Albert_II_Duke_of_Brunswic_L_neburg	spouse	Bonne_of_Artois
Bolko_I_the_Strict	spouse	Godfrey_I_Count_of_Louvain
Philip_VI_of_France	spouse	Louis_the_Stammerer
Philip_VI_of_France	spouse	Joanna_of_Pfirt
Margaret_of_Brittany	spouse	Albert_Frederick_Duke_of_Prussia
Maria_Teresa_Felicitas_d_Este	spouse	Mary_of_Guelders
Anna_Maria_of_Ostfriesland	spouse	Louis_Duke_of_Orl_ans_1703_1752
John_the_Fearless	spouse	Henry_I_Count_of_Champagne
Afonso_III_of_Portugal	spouse	Louis_Dauphin_of_France_son_of_Louis_XIV
Afonso_III_of_Portugal	spouse	Louis_XIV
Haziga_of_Diessen	spouse	James_I_of_Aragon
Beatrice_of_Silesia	spouse	Lorenzo_de_Medici_Duke_of_Urbino
Matthew_Stewart_2nd_Earl_of_Lennox	spouse	Luitgarde_of_Vermandois
Blanche_of_Burgundy	spouse	Maud_Chaworth
Frederick_II_Duke_of_Saxe_Gotha_Altenburg	spouse	Mary_of_Hungary_Queen_of_Naples
Louis_Antoine_Duke_of_Angoul_me	spouse	Robert_III_of_Worms
Margaret_of_Artois	spouse	Gaston_IV_Count_of_Foix
Taddea_Visconti	spouse	Maria_of_Swabia
Otto_William_Count_of_Burgundy	spouse	Eleanor_of_Viseu
Maria_Beatrice_of_Savoy	spouse	Maximilian_II_Holy_Roman_Emperor
Henry_IV_of_France	spouse	Edward_III_of_England
Henry_IV_of_France	spouse	Philip_the_Good
Conrad_I_of_Burgundy	spouse	Margaret_of_Provence
Ferdinand_Karl_Archduke_of_Austria_Este	spouse	Margaret_Lyle
Berengaria_of_Castile	spouse	Eugene_Jean_Count_of_Soissons
Judith_of_Habsburg	spouse	William_de_Beauchamp_9th_Earl_of_Warwick
Margaret_of_Provence	spouse	Maximilian_I_Holy_Roman_Emperor
Bertha_of_Burgundy	spouse	Charles_the_Simple
Bertha_of_Burgundy	spouse	James_I_of_Aragon
Rixa_of_Werle	spouse	Albert_I_Duke_of_Bavaria
Eleanor_of_Austria	spouse	Philippa_of_Guelders
Eleanor_of_Austria	spouse	Sigismund_Holy_Roman_Emperor
Robert_Count_of_Clermont	spouse	Nicholas_Francis_Duke_of_Lorraine
Eadgifu_of_Wessex	spouse	Helie_of_Semur
Eadgifu_of_Wessex	spouse	William_IX_Duke_of_Aquitaine
Elisabeth_of_Austria_Queen_of_France	spouse	Alfonso_X_of_Castile
Francis_I_of_France	spouse	Hemma
Isabella_of_Burgundy_Queen_of_Germany	spouse	Mahaut_Countess_of_Artois
Clementia_of_Z_hringen	spouse	Empress_Matilda
Philip_II_of_France	spouse	Mary_of_Guise
Philip_II_of_France	spouse	Charlemagne
Philip_II_of_France	spouse	John_I_Duke_of_Brabant
Louis_the_Pious	spouse	Louise_Marie_Ad_la_de_de_Bourbon_Duchess_of_Orl_ans
Ernest_Duke_of_Austria	spouse	Isabella_I_of_Castile
Louis_Philippe_II_Duke_of_Orl_ans	spouse	Magnus_the_Strong
Jeanne_d_Albret	spouse	Henry_I_of_France
Jeanne_d_Albret	spouse	Guilla_of_Provence
Catherine_of_Foix_Countess_of_Candale	spouse	Dorothea_of_Denmark_Duchess_of_Brunswic_L_neburg
Wierzchoslawa_Ludmilla_of_Greater_Poland	spouse	William_I_Count_of_Hainaut
Francesco_III_d_Este_Duke_of_Modena	spouse	John_II_of_Aragon
Ida_Countess_of_Hainaut	spouse	Ferdinand_Philippe_Duke_of_Orl_ans
Marie_of_Brittany_Countess_of_Saint_Pol	spouse	Charles_the_Bold
Yolande_of_Aragon	spouse	Napoleon_III
Joan_Fitzalan_Countess_of_Hereford	spouse	William_the_Younger_Duke_of_Brunswic_L_neburg
Robert_I_of_France	spouse	Louis_II_of_Anjou
Sophie_of_Thuringia_Duchess_of_Brabant	spouse	Mary_of_Waltham
Claude_of_France_1547_1575	spouse	William_IV_Duke_of_Aquitaine
Philippa_of_Lancaster	spouse	Leopold_II_Holy_Roman_Emperor
John_I_of_Castile	spouse	Piccarda_Bueri
John_I_of_Castile	spouse	Matilda_of_B_thune
Albert_Azzo_II_Margrave_of_Milan	spouse	Theobald_I_of_Navarre
Henry_III_of_England	spouse	Alys_of_France_Countess_of_Vexin
Louis_VIII_of_France	spouse	Jacquetta_of_Luxembourg
John_King_of_England	spouse	Hugh_de_Courtenay
John_King_of_England	spouse	Emma_of_France
Edward_the_Exile	spouse	Elizabeth_of_York
Otto_I_Duke_of_Bavaria	spouse	Matthew_Stewart_2nd_Earl_of_Lennox
Heilika_of_Lengenfeld	spouse	Ramon_Berenguer_IV_Count_of_Barcelona
Charles_Duke_of_Orl_ans	spouse	Alfonso_II_Count_of_Provence
Charles_Duke_of_Orl_ans	spouse	Blanche_of_Lancaster
Marie_of_Cleves_Duchess_of_Orl_ans	spouse	Margaret_of_Artois
Eleanor_of_England_Queen_of_Castile	spouse	Isabella_of_Hainault
Odoardo_Farnese_Hereditary_Prince_of_Parma	spouse	Odo_IV_Duke_of_Burgundy
Louis_Bonaparte	spouse	Matilda_of_England_Duchess_of_Saxony
Sancho_Alfonso	spouse	Charles_Brandon_1st_Duke_of_Suffolk
Isabella_of_Portugal	spouse	Anne_of_Brittany
Manuel_I_of_Portugal	spouse	Otto_I_Duke_of_Bavaria
Manuel_I_of_Portugal	spouse	Violant_of_Bar
Cosimo_de_Medici	spouse	Garsenda_Countess_of_Forcalquier
Emma_of_Blois	spouse	Francis_I_of_the_Two_Sicilies
George_III	spouse	Hortense_de_Beauharnais
Elisabeth_of_Nuremberg	spouse	Yolande_Duchess_of_Lorraine
Galeazzo_Maria_Sforza	spouse	Jeanne_de_Bourbon_Duchess_of_Bourbon
Galeazzo_Maria_Sforza	spouse	Isabella_of_Portugal_Duchess_of_Burgundy
Dorotea_Gonzaga	spouse	Philippe_I_Duke_of_Orl_ans
Henry_II_Duke_of_Brabant	spouse	Matilda_of_Savoy_Queen_of_Portugal
Anna_of_Austria_Queen_of_Spain	spouse	Marie_of_France_Countess_of_Champagne
Jeanne_de_Laval	spouse	Philip_IV_of_Spain
Hugh_Despenser_the_Elder	spouse	Afonso_I_of_Portugal
Margaret_of_Denmark_Queen_of_Scotland	spouse	Albert_V_Duke_of_Bavaria
Baldwin_V_Count_of_Hainaut	spouse	Blanche_of_Navarre_Queen_of_France
Douce_I_Countess_of_Provence	spouse	Anne_Christine_of_Sulzbach_Princess_of_Piedmont
Gisela_of_Burgundy_Marchioness_of_Montferrat	spouse	Conrad_I_Count_of_Auxerre
Gisela_of_Burgundy_Marchioness_of_Montferrat	spouse	Alix_Duchess_of_Brittany
Germaine_of_Foix	spouse	Willa_of_Burgundy
Louis_II_of_Anjou	spouse	Charles_IV_of_Spain
Louis_II_of_Anjou	spouse	Augustus_Duke_of_Saxe_Weissenfels
Christine_of_Saxony	spouse	John_III_Count_of_Auvergne
Adam_Albert_von_Neipperg	spouse	Charles_the_Fat
Elisabeth_of_Swabia	spouse	Sophia_of_Saxe_Weissenfels_Princess_of_Anhalt_Zerbst
Yolande_of_Dreux_Duchess_of_Burgundy	spouse	Lothair_of_France
Princess_Augusta_of_Saxe_Gotha	spouse	Bertha_Duchess_of_Lorraine
Francis_I_Duke_of_Lorraine	spouse	Alice_of_Vergy
William_Duke_of_J_lich_Cleves_Berg	spouse	Ramon_Berenguer_I_Count_of_Barcelona
William_Duke_of_J_lich_Cleves_Berg	spouse	Alfonso_XI_of_Castile
Agnes_of_Beaujeu	spouse	Simon_I_Duke_of_Lorraine
Arnulf_II_Count_of_Flanders	spouse	Beatrice_of_Avesnes
Philip_Duke_of_Parma	spouse	Frederick_II_Duke_of_Saxe_Gotha_Altenburg
Lambert_I_Count_of_Louvain	spouse	Adelaide_Blanche_of_Anjou
Gerberga_of_Lower_Lorraine	spouse	Malcolm_III_of_Scotland
Robert_I_Count_of_Flanders	spouse	Isabella_of_Valois
Eleanor_of_Toledo	spouse	Bertha_of_Burgundy
Philip_of_Artois	spouse	Giovanni_di_Bicci_de_Medici
Louise_Henriette_de_Bourbon	spouse	Yolanda_of_Courtenay
Mar_a_de_Molina	spouse	Philip_VI_of_France
Elisabeth_of_Meissen	spouse	Edward_the_Elder
John_I_of_Aragon	spouse	Louis_Duke_of_Burgundy
John_I_of_Aragon	spouse	Ansgarde_of_Burgundy
Louis_VI_of_France	spouse	Urraca_of_Portugal
Louis_VI_of_France	spouse	Albert_Azzo_I_Margrave_of_Milan
Peter_I_Duke_of_Brittany	spouse	Pepin_the_Short
Henry_3rd_Earl_of_Lancaster	spouse	Sophia_of_Istria
Matilda_of_Boulogne_Duchess_of_Brabant	spouse	Rainier_Marquis_of_Montferrat
Beatrice_of_Brandenburg	spouse	Clarice_Orsini
Bertrada_of_Laon	spouse	Otto_II_Duke_of_Bavaria
Philip_the_Good	spouse	Jeanne_d_Albret
Philip_the_Good	spouse	Isabella_Countess_of_Gloucester
Michelle_of_Valois	spouse	Maria_Theresa_of_Austria_Este_Queen_of_Sardinia
Henry_the_Middle_Duke_of_Brunswic_L_neburg	spouse	Countess_Palatine_Dorothea_Sophie_of_Neuburg
Henry_IX_Duke_of_Bavaria	spouse	Eleanor_of_Lancaster
John_I_Duke_of_Lorraine	spouse	Gertrude_of_Saxony
Eleanor_of_Navarre	spouse	Blanche_of_Castile
Ercole_III_d_Este_Duke_of_Modena	spouse	Charles_III_of_Spain
Agnes_of_Merania	spouse	Paul_Scarron
John_IV_Duke_of_Brittany	spouse	Philippa_Countess_of_Toulouse
Joan_of_France_Duchess_of_Berry	spouse	Philip_III_of_France
Henry_V_Holy_Roman_Emperor	spouse	Fran_oise_Marie_de_Bourbon
Henry_VII_of_England	spouse	Louis_XII
Mar_a_Isabella_of_Spain	spouse	Archduchess_Anna_of_Austria
Charles_II_Archduke_of_Austria	spouse	Rixa_of_Werle
Welf_I_Duke_of_Bavaria	spouse	_lfthryth_Countess_of_Flanders
William_of_Winchester_Lord_of_Lunenburg	spouse	Francesco_I_Sforza
Jeanne_de_Bourbon_Duchess_of_Bourbon	spouse	Margaret_of_Bavaria
Jeanne_de_Bourbon_Duchess_of_Bourbon	spouse	Louis_VIII_of_France
Catherine_of_Valois	spouse	Louis_IX_of_France
Catherine_of_Valois	spouse	Louis_the_Pious
Margaret_of_the_Palatinate	spouse	Osburh
Isabella_Countess_of_Gloucester	spouse	Godfrey_I_Count_of_Louvain
Piccarda_Bueri	spouse	Margaret_Countess_of_Vertus
Margaret_of_Brieg	spouse	Theobald_I_Count_of_Blois
Sophia_of_Saxe_Weissenfels_Princess_of_Anhalt_Zerbst	spouse	Th_odrate_of_Troyes
Princess_Louise_of_Hesse_Darmstadt_1757_1830	spouse	Margaret_of_Anjou
Louis_IX_Landgrave_of_Hesse_Darmstadt	spouse	Maria_Christina_of_the_Two_Sicilies
Eleonore_of_Austria_Queen_of_Poland	spouse	Richeza_of_Poland_Queen_of_Sweden
Joanna_of_Pfirt	spouse	Charles_Emmanuel_III_of_Sardinia
James_V_of_Scotland	spouse	Christine_of_Saxony
James_V_of_Scotland	spouse	Mary_Tudor_Queen_of_France
Maria_Anna_Victoria_of_Bavaria	spouse	Gerberga_of_Saxony
Mahaut_Countess_of_Artois	spouse	Philip_II_of_France
Francis_II_Duke_of_Lorraine	spouse	Mahaut_of_Ch_tillon
Alfonso_XI_of_Castile	spouse	Matthias_I_Duke_of_Lorraine
Alfonso_XI_of_Castile	spouse	Ermentrude_of_Orl_ans
Alfonso_XI_of_Castile	spouse	Marie_Jos_phine_of_Savoy
Margaret_Douglas	spouse	John_VIII_Count_of_Vend_me
Margaret_Holland_Duchess_of_Clarence	spouse	Beatrice_of_Burgundy_Lady_of_Bourbon
Bonne_of_Luxembourg	spouse	Matilda_of_Ringelheim
Anne_of_Foix_Candale	spouse	James_III_of_Scotland
Antoine_Count_of_Vaud_mont	spouse	Robert_II_of_France
Maria_Luisa_of_Parma	spouse	Olof_Sk_tkonung
Maria_Theresa_of_Savoy	spouse	Henri_Count_of_Chambord
Isabella_of_Valois	spouse	Haziga_of_Diessen
Henry_VI_Count_of_Luxembourg	spouse	Marie_Caroline_of_Bourbo_Two_Sicilies_Duchess_of_Berry
Matilda_of_Bavaria_Margravine_of_Meissen	spouse	Joan_I_Countess_of_Auvergne
Philip_II_of_Spain	spouse	Louis_V_of_France
Philip_II_of_Spain	spouse	Henry_3rd_Earl_of_Lancaster
Philip_II_of_Spain	spouse	Eleanor_of_Aragon_Queen_of_Castile
John_II_Duke_of_Brittany	spouse	Sibylla_of_Burgundy_Duchess_of_Burgundy
Bertha_of_Holland	spouse	Francis_II_of_France
Margaret_of_Burgundy_Queen_of_France	spouse	Adelaide_of_Leuven
Margaret_of_Burgundy_Queen_of_France	spouse	Adelaide_of_Paris
Valdemar_I_of_Denmark	spouse	Philip_V_of_France
Ingegerd_Olofsdotter_of_Sweden	spouse	John_George_I_Elector_of_Saxony
Bonne_of_Armagnac	spouse	Robert_II_Duke_of_Burgundy
Marie_of_Luxembourg_Countess_of_Vend_me	spouse	Sancho_Alfonso
Dangereuse_de_l_Isle_Bouchard	spouse	Richard_Duke_of_Burgundy
Philippa_of_Bar	spouse	Piero_di_Cosimo_de_Medici
Lady_Margaret_Beaufort	spouse	Isabella_of_Burgundy_Queen_of_Germany
Napoleon	spouse	Marie_Countess_of_Ponthieu
Arnulf_Count_of_Holland	spouse	Henry_III_of_England
Adelaide_of_Italy	spouse	John_Constable_of_Portugal
Isabella_de_Beauchamp	spouse	Antoinette_of_Bourbon
Princess_Magdalena_Augusta_of_Anhalt_Zerbst	spouse	Henry_VII_Holy_Roman_Emperor
Elizabeth_Mure	spouse	Mar_a_Isabella_of_Spain
Guy_Count_of_Flanders	spouse	Marie_of_Luxembourg_Queen_of_France
Gertrude_of_Saxony	spouse	Agust_n_Fernando_Mu_oz_y_S_nchez_1st_Duke_of_Ri_nsares
John_I_Duke_of_Brittany	spouse	Estrid_of_the_Obotrites
Lothair_of_France	spouse	Ingeborg_of_Denmark_Queen_of_France
Gerloc	spouse	Margaret_of_Valois_Angoul_me
Alice_of_Vergy	spouse	Clemence_of_Austria
Albert_II_Duke_of_Austria	spouse	Valentina_Visconti_Duchess_of_Orl_ans
Charles_II_of_Naples	spouse	Charles_II_Archduke_of_Austria
Margaret_Countess_of_Anjou	spouse	Fran_oise_d_Aubign__Marquise_de_Maintenon
Ramon_Berenguer_II_Count_of_Barcelona	spouse	Victor_Amadeus_I_Duke_of_Savoy
Joanna_of_Castile	spouse	Hildegarde_of_Burgundy
Albert_Azzo_I_Margrave_of_Milan	spouse	Marie_of_Luxembourg_Countess_of_Vend_me
George_II_of_Great_Britain	spouse	William_IV_Count_of_Ponthieu
Marie_of_France_Countess_of_Champagne	spouse	Helena_of_Denmark
Hemma	spouse	Douce_I_Countess_of_Provence
Judith_of_Bavaria_died_843	spouse	Bolko_I_the_Strict
Adelaide_Blanche_of_Anjou	spouse	Gersende_of_Maine
Enno_III_Count_of_East_Frisia	spouse	Francesco_III_d_Este_Duke_of_Modena
Infanta_Luisa_Fernanda_Duchess_of_Montpensier	spouse	Anabella_Drummond
Ren_e_of_Bourbon	spouse	Margaret_II_Countess_of_Hainaut
Matilda_of_England_Duchess_of_Saxony	spouse	Taddea_Visconti
Marie_Louise_Duchess_of_Parma	spouse	Humbert_II_Count_of_Savoy
Marie_Louise_Duchess_of_Parma	spouse	Sancho_III_of_Castile
Garsenda_Countess_of_Forcalquier	spouse	Beatrice_of_Bourbon_Queen_of_Bohemia
Melisende_Queen_of_Jerusalem	spouse	Countess_Palatine_Caroline_of_Zweibr_cken
Sancho_IV_of_Castile	spouse	Princess_Louise_of_Hesse_Darmstadt_1757_1830
Violant_of_Aragon	spouse	Maximilian_I_Holy_Roman_Emperor
Isabella_of_Angoul_me	spouse	Adam_Albert_von_Neipperg
Claude_Duke_of_Guise	spouse	Victor_Amadeus_II_of_Sardinia
Marie__milie_de_Joly_de_Choin	spouse	Odoardo_Farnese_Hereditary_Prince_of_Parma
Henry_II_of_Navarre	spouse	Rozala_of_Italy
Sibylla_of_Burgundy_Duchess_of_Burgundy	spouse	Charles_IV_of_France
Almodis_de_la_Marche	spouse	John_of_Montfort
John_of_Bohemia	spouse	Anna_Maria_of_Ostfriesland
Olof_Sk_tkonung	spouse	Anna_Canalis_di_Cumiana
Baldwin_IV_Count_of_Flanders	spouse	Maria_Luisa_Gabriella_of_Savoy
Maria_of_Austria_Holy_Roman_Empress	spouse	Margaret_of_Burgundy_Queen_of_France
Giovanni_delle_Bande_Nere	spouse	Anna_of_Austria_Queen_of_Spain
Princess_Caroline_Louise_of_Saxe_Weimar_Eisenach	spouse	Frederick_V_Burgrave_of_Nuremberg
Margaret_of_Geneva	spouse	Rupert_King_of_the_Romans
Alice_of_Normandy	spouse	Edmund_Crouchback
Berthold_II_Count_of_Andechs	spouse	Maria_Anna_of_Bavaria_born_1551
Aimery_I_Viscount_of_Ch_tellerault	spouse	Rudolph_II_of_Burgundy
Richard_Duke_of_Burgundy	spouse	Rudolf_I_of_Germany
Guisla_de_Llu__	spouse	John_King_of_England
Constance_of_Portugal	spouse	Adela_of_Normandy
Louis_I_Duke_of_Bavaria	spouse	Karl_August_Grand_Duke_of_Saxe_Weimar_Eisenach
Theobald_II_Count_of_Champagne	spouse	Philip_Duke_of_Parma
Countess_Caroline_of_Nassau_Saarbr_cken	spouse	Elisabeth_of_Sicily_Duchess_of_Bavaria
Margaret_of_Saxony_Duchess_of_Brunswic_L_neburg	spouse	Eleonore_of_Austria_Queen_of_Poland
Isabella_I_of_Castile	spouse	Louis_IV_of_France
Gertrude_of_Dagsburg	spouse	Judith_of_Flanders
Ermengarde_of_Anjou_Duchess_of_Burgundy	spouse	Agatha_wife_of_Edward_the_Exile
Afonso_I_Duke_of_Braganza	spouse	Louis_Count_of__vreux
Louis_Jean_Marie_de_Bourbon_Duke_of_Penthi_vre	spouse	Charles_the_Bald
Ferdinand_IV_of_Castile	spouse	Christine_of_Hesse
Beatrice_of_Bourbon_Queen_of_Bohemia	spouse	Anna_Porphyrogenita
Frederick_III_Duke_of_Lorraine	spouse	Adolphus_Frederick_I_Duke_of_Mecklenburg_Schwerin
Charles_V_Holy_Roman_Emperor	spouse	Manuel_I_of_Portugal
Francesco_Farnese_Duke_of_Parma	spouse	Richard_Woodville_1st_Earl_Rivers
Charles_Martel_of_Anjou	spouse	Elisabeth_of_Nuremberg
Adolf_Duke_of_Holstei_Gottorp	spouse	Cymburgis_of_Masovia
Joan_of_Navarre_Queen_of_England	spouse	Henry_II_Duke_of_Brabant
Joan_of_Navarre_Queen_of_England	spouse	Elizabeth_Mure
Guy_IV_Count_of_Saint_Pol	spouse	Joan_I_of_Navarre
Alfonso_VIII_of_Castile	spouse	Frederick_Prince_of_Wales
Charlotte_Agla__d_Orl_ans	spouse	Francis_I_of_the_Two_Sicilies
Isabelle_de_Beauvau	spouse	Guy_IV_Count_of_Saint_Pol
Peter_II_of_Courtenay	spouse	Victor_Amadeus_II_of_Sardinia
Claudine_de_Brosse	spouse	Odo_III_Duke_of_Burgundy
Viridis_Visconti	spouse	Bona_of_Savoy
Blanche_of_Artois	spouse	Odo_I_Count_of_Blois
Margaret_of_Savoy_Countess_of_Saint_Pol	spouse	Ercole_III_d_Este_Duke_of_Modena
Charles_V_Duke_of_Lorraine	spouse	Theobald_II_Count_of_Champagne
Alix_Duchess_of_Brittany	spouse	Anne_of_Brittany
Agnes_of_Loon	spouse	Afonso_III_of_Portugal
Charles_II_Duke_of_Lorraine	spouse	Matilda_of_France
Petronilla_of_Aragon	spouse	Alfonso_XI_of_Castile
Engeltrude_de_F_zensac	spouse	Fran_oise_d_Alen_on
Barbara_Jagiellon	spouse	Engeltrude_de_F_zensac
Rupert_King_of_the_Romans	spouse	Charles_X
Peter_II_of_Aragon	spouse	Richard_Count_of__tampes
Sigismund_Holy_Roman_Emperor	spouse	Beatrice_of_Portugal_died_1381
Piero_the_Unfortunate	spouse	William_of_Winchester_Lord_of_Lunenburg
Clarice_Orsini	spouse	Marie_Countess_of_Harcourt
Bona_of_Savoy	spouse	Richard_Fitzalan_3rd_Earl_of_Arundel
Eleanor_de_Guzm_n	spouse	Maria_Antonia_Ferdinanda_of_Spain
Paul_Scarron	spouse	Anna_of_Glogau
Duchess_Helene_of_Mecklenburg_Schwerin	spouse	Philip_I_of_Castile
Eleanor_of_Normandy	spouse	Theodoric_II_Duke_of_Lorraine
Ferdinand_Philippe_Duke_of_Orl_ans	spouse	Charles_Ferdinand_Duke_of_Berry
Bouchard_IV_of_Avesnes	spouse	Otto_IV_Count_of_Burgundy
Ermesinde_of_Carcassonne	spouse	Hedwig_of_Babenberg
Floris_I_Count_of_Holland	spouse	Beatrice_of_Navarre_Duchess_of_Burgundy
Christian_III_Count_Palatine_of_Zweibr_cken	spouse	Gertrude_of_Saxony
Francis_II_Duke_of_Brittany	spouse	Eleanor_of_Provence
Eleanor_of_Castile_died_1244	spouse	Heilika_of_Lengenfeld
Lorenzo_de_Medici	spouse	Louis_Rudolph_Duke_of_Brunswic_L_neburg
Henry_Stuart_Lord_Darnley	spouse	Louis_XIV
Philip_I_Count_of_Auvergne	spouse	Joanna_of_Flanders
Geoffrey_II_Count_of_G_tinais	spouse	Matthew_Stewart_4th_Earl_of_Lennox
John_George_I_Elector_of_Saxony	spouse	Catherine_of_Valois
Barbara_of_Cilli	spouse	John_I_Duke_of_Brittany
Joanna_of_Austria_Grand_Duchess_of_Tuscany	spouse	Frederick_Louis_Hereditary_Grand_Duke_of_Mecklenburg_Schwerin
Robert_II_Count_of_Artois	spouse	John_I_of_Aragon
Simon_Count_of_Ponthieu	spouse	Ida_Countess_of_Hainaut
Louis_Philippe_I_Duke_of_Orl_ans	spouse	Henry_the_Lion
Louis_Philippe_I_Duke_of_Orl_ans	spouse	Christina_of_Salm
Maria_Antonia_Ferdinanda_of_Spain	spouse	Albert_II_of_Germany
Christine_of_Hesse	spouse	Clementia_of_Burgundy
Hugh_de_Courtenay	spouse	George_Duke_of_Brunswic_Calenberg
Victor_Emmanuel_I_of_Sardinia	spouse	Henry_II_of_Navarre
John_of_Gaunt	spouse	Napoleon
Marie_of_France_Duchess_of_Brabant	spouse	Eleanor_of_Castile_died_1244
Agnes_of_Rochlitz	spouse	Ingegerd_Olofsdotter_of_Sweden
Louise_of_Lorraine	spouse	Stephen_III_Duke_of_Bavaria
Adelaide_of_Paris	spouse	Thomas_Count_of_Savoy
Francis_I_of_the_Two_Sicilies	spouse	Herbert_III_of_Omois
Francis_I_of_the_Two_Sicilies	spouse	Galeazzo_Maria_Sforza
Lucienne_of_Rochefort	spouse	Gertrude_of_Dagsburg
Philip_William_Elector_Palatine	spouse	Kunigunde_of_Altdorf
Urraca_of_Le_n	spouse	Theobald_III_Count_of_Champagne
Polyxena_of_Hesse_Rotenburg	spouse	Sophia_of_Hanover
Maria_of_Portugal_Queen_of_Castile	spouse	Teresa_Gil_de_Vidaure
Matilda_of_Carinthia	spouse	Vladimir_the_Great
Ernest_Frederick_I_Duke_of_Saxe_Hildburghausen	spouse	Sancho_IV_of_Castile
Jacques_of_Savoy_Count_of_Romont	spouse	Richeza_of_Poland_Queen_of_Sweden
Mary_Tudor_Queen_of_France	spouse	Manuel_I_of_Portugal
Mary_Tudor_Queen_of_France	spouse	Petronilla_of_Aragon
Fran_oise_Madeleine_d_Orl_ans	spouse	Joan_I_Countess_of_Auvergne
Odo_III_Duke_of_Burgundy	spouse	Philip_the_Good
Odo_III_Duke_of_Burgundy	spouse	Claude_Duke_of_Guise
Maria_Luisa_Gabriella_of_Savoy	spouse	Afonso_IV_of_Portugal
Adela_of_Champagne	spouse	Joan_of_Navarre_Queen_of_England
Ermengarde_Countess_of_Maine	spouse	George_Duke_of_Saxony
Fulk_IV_Count_of_Anjou	spouse	Matilda_of_Brandenburg_Duchess_of_Brunswic_L_neburg
Sophia_of_Holstei_Gottorp	spouse	Yolande_of_Dreux_Queen_of_Scotland
Edward_IV_of_England	spouse	Charles_VI_Holy_Roman_Emperor
Matilda_of_Savoy_Queen_of_Portugal	spouse	Louis_IV_Holy_Roman_Emperor
Blanca_of_Navarre_Queen_of_Castile	spouse	Joan_III_Countess_of_Burgundy
Robert_II_Duke_of_Burgundy	spouse	Alfonso_VII_of_Le_n_and_Castile
Bonne_of_Artois	spouse	Ermesinde_of_Carcassonne
Charles_Ren__de_Bombelles	spouse	Theobald_III_Count_of_Blois
Bertha_Duchess_of_Lorraine	spouse	Theobald_I_of_Navarre
Madame_de_Montesson	spouse	Richeza_of_Poland_Queen_of_Sweden
Sophia_of_Hanover	spouse	Margaret_of_Valois_Duchess_of_Berry
Agust_n_Fernando_Mu_oz_y_S_nchez_1st_Duke_of_Ri_nsares	spouse	Magnus_I_Duke_of_Brunswic_L_neburg
Peter_II_Count_of_Saint_Pol	spouse	Beatrice_of_England
Blanche_I_of_Navarre	spouse	John_I_Count_of_Hainaut
Hedwig_of_Formbach	spouse	Sancho_I_of_Portugal
Letizia_Bonaparte	spouse	John_VII_Duke_of_Mecklenburg_Schwerin
William_III_Duke_of_Aquitaine	spouse	Constance_of_Arles
Charles_Ferdinand_Duke_of_Berry	spouse	Adelaide_of_Italy
Theobald_III_Count_of_Blois	spouse	Lorenzo_de_Medici
Charles_the_Bold	spouse	Elisabeth_of_Carinthia_Queen_of_the_Romans
Catherine_I_Latin_Empress	spouse	Gisela_of_Burgundy_Marchioness_of_Montferrat
Louis_II_d_Orl_ans_Duke_of_Longueville	spouse	John_II_of_France
Elizabeth_Woodville	spouse	Duchess_Helene_of_Mecklenburg_Schwerin
Archduchess_Maria_Theresa_of_Austria_Este_1817_1886	spouse	Marie_Louise_Duchess_of_Parma
Madeleine_of_Valois	spouse	George_II_of_Great_Britain
Ealhswith	spouse	Philip_III_of_Spain
Elisabeth_of_Valois	spouse	Arnulf_II_Count_of_Flanders
John_III_Count_of_Auvergne	spouse	Margaret_Holland_Duchess_of_Clarence
Margaret_of_Flanders_Duchess_of_Brabant	spouse	James_Hepburn_4th_Earl_of_Bothwell
Magdalene_of_Brandenburg_1412_1454	spouse	James_II_of_Scotland
Charles_Brandon_1st_Duke_of_Suffolk	spouse	Stephen_III_Duke_of_Bavaria
Dulce_of_Aragon	spouse	Marie_of_Cleves_Duchess_of_Orl_ans
Violant_of_Bar	spouse	Fulk_King_of_Jerusalem
Violant_of_Bar	spouse	Lambert_I_Count_of_Louvain
Joan_Holland_Duchess_of_Brittany	spouse	Margaret_of_Savoy_Countess_of_Saint_Pol
Richeza_of_Poland_Queen_of_Sweden	spouse	Theodoric_II_Duke_of_Lorraine
Richeza_of_Poland_Queen_of_Sweden	spouse	Maud_FitzJohn_Countess_of_Warwick
Richeza_of_Poland_Queen_of_Sweden	spouse	Charles_Duke_of_Orl_ans
Agnes_of_the_Palatinate	spouse	Amicie_de_Courtenay
Margaret_Countess_of_Vertus	spouse	Isabella_of_Valois_Duchess_of_Bourbon
Margaret_Countess_of_Vertus	spouse	Frederick_IV_Duke_of_Lorraine
Auguste_of_Bade_Baden	spouse	Charles_Emmanuel_III_of_Sardinia
Odo_I_Count_of_Orl_ans	spouse	Frederick_II_Margrave_of_Meissen
Teresa_Fern_ndez_de_Traba	spouse	Hugh_the_Great
Gersende_of_Maine	spouse	James_V_of_Scotland
Rotrude_of_Hesbaye	spouse	Charles_VIII_of_France
Matilda_of_B_thune	spouse	Adela_of_Milan
Louise__lisabeth_of_France	spouse	Louis_Dauphin_of_France_son_of_Louis_XV
Euphemia_de_Ross	spouse	Lucia_Migliaccio
Richilde_Countess_of_Hainaut	spouse	Blanche_of_Burgundy
Anna_Porphyrogenita	spouse	_lisabeth_Charlotte_d_Orl_ans
George_Duke_of_Saxony	spouse	Agnes_of_France_Duchess_of_Burgundy
Eleanor_of_Alburquerque	spouse	Beatrice_Regina_della_Scala
Giovanni_di_Bicci_de_Medici	spouse	Charles_I_Duke_of_Bourbon
Albert_I_Duke_of_Bavaria	spouse	Maria_Teresa_Felicitas_d_Este
Bernab__Visconti	spouse	Gisela_of_Burgundy_Marchioness_of_Montferrat
Estrid_of_the_Obotrites	spouse	Charles_IV_of_France
Otto_II_Count_of_Chiny	spouse	Archduchess_Maria_Clementina_of_Austria
Maria_Christina_of_the_Two_Sicilies	spouse	Philip_II_Duke_of_Savoy
Maria_Christina_of_the_Two_Sicilies	spouse	Joan_of__vreux
Thomas_Count_of_Savoy	spouse	Madame_de_Montesson
Ermengarde_of_Anjou_d._1146	spouse	Peter_I_of_Portugal
Anna_Canalis_di_Cumiana	spouse	Francis_I_of_France
Isabella_of_Portugal_Duchess_of_Burgundy	spouse	Berthold_Duke_of_Merania
Beatrice_of_Burgundy_Lady_of_Bourbon	spouse	Mary_Queen_of_Scots
Isabella_of_Bourbon	spouse	Ernest_Frederick_I_Duke_of_Saxe_Hildburghausen
Sverker_I_of_Sweden	spouse	Vladislaus_II_of_Hungary
Beatrice_of_Castile_1242_1303	spouse	Bertrade_of_Montfort
Edmund_Crouchback	spouse	Francis_II_Duke_of_Brittany
Magnus_the_Strong	spouse	Marie_Th_r_se_of_France
Augustus_Duke_of_Saxe_Weissenfels	spouse	Elizabeth_of_Luxembourg
Maria_Salviati	spouse	Princess_Magdalena_Augusta_of_Anhalt_Zerbst
Fran_oise_d_Alen_on	spouse	Lutgardis_of_Luxemburg
Christine_of_France	spouse	Charles_Martel
Kingdom_of_Navarre	spouse	Adelaide_of_Tours
Theresa_of_Portugal_Countess_of_Flanders	spouse	John_the_Fearless
Otto_V_Duke_of_Brunswic_L_neburg	spouse	Magdalene_Sibylle_of_Prussia
Margaret_of_France_Queen_of_England	spouse	Adelaide_of_Burgundy_Duchess_of_Brabant
Maud_of_Normandy	spouse	Guy_Count_of_Flanders
Blanche_of_Navarre_Duchess_of_Brittany	spouse	Bianca_Maria_Visconti
Plectrude	spouse	Louis_XI
Bertha_of_Swabia	spouse	Marie_Antoinette
Rainier_Marquis_of_Montferrat	spouse	Catalina_Micaela_of_Spain
John_of_Lancaster_1st_Duke_of_Bedford	spouse	Richard_Count_of__tampes
Maud_Chaworth	spouse	Philip_William_Elector_Palatine
Karl_August_Grand_Duke_of_Saxe_Weimar_Eisenach	spouse	Fulk_King_of_Jerusalem
Ginevra_Cavalcanti	spouse	Margaret_of_Brittany
Gilbert_Duke_of_Lorraine	spouse	Charles_X
Louis_Henri_de_Pardaillan_de_Gondrin	spouse	Frederick_II_Count_of_Vaud_mont
Clementia_of_Burgundy	spouse	Margaret_of_Brabant
Ferdinand_VII_of_Spain	spouse	John_II_Count_of_Holland
Volodar_Glebovich_Prince_of_Minsk	spouse	Anne_of_Austria
Ingeborg_of_Denmark_Queen_of_France	spouse	Eleanor_de_Guzm_n
Adele_of_Valois	spouse	Catherine_of_Vend_me
Joanna_of_Flanders	spouse	Victor_Amadeus_III_of_Sardinia
Anna_of_Glogau	spouse	Louis_I_Duke_of_Bourbon
_thelwulf_King_of_Wessex	successor	Francis_I_Holy_Roman_Emperor
Leopold_Duke_of_Lorraine	successor	Anne_of_Brittany
Sancho_II_of_Portugal	successor	Joan_II_Countess_of_Burgundy
Charles_Emmanuel_III_of_Sardinia	successor	Arthur_II_Duke_of_Brittany
Philip_IV_of_Spain	successor	Jeanne_d_Albret
Philip_IV_of_Spain	successor	Mahaut_Countess_of_Artois
Charles_Count_of_Valois	successor	Vladimir_the_Great
Philip_III_of_Spain	successor	John_II_of_Aragon
Henry_II_of_Castile	successor	Henry_VII_Holy_Roman_Emperor
Igor_of_Kiev	successor	Louis_VIII_of_France
Olga_of_Kiev	successor	Louis_XII
John_Frederick_Duke_of_Brunswic_Calenberg	successor	John_I_Duke_of_Brittany
Philippe_II_Duke_of_Orl_ans	successor	James_VI_and_I
Frederick_II_Duke_of_Lorraine	successor	Charles_VIII_of_France
Henry_II_of_England	successor	Robert_II_Count_of_Dreux
Ren__II_Duke_of_Lorraine	successor	Adolphus_Frederick_III_Duke_of_Mecklenburg_Strelitz
Ren__of_Anjou	successor	Louis_V_of_France
Ren__of_Anjou	successor	Louis_VII_of_France
Arthur_II_Duke_of_Brittany	successor	Louis_II_of_Anjou
Isabella_Duchess_of_Lorraine	successor	Charles_IX_of_France
Louis_XV	successor	Philippe_I_Duke_of_Orl_ans
Nuno_Mendes_count	successor	Henry_the_Lion
Francis_I_Holy_Roman_Emperor	successor	Joan_II_Countess_of_Burgundy
Francis_I_Holy_Roman_Emperor	successor	Prince_Philippe_Count_of_Paris
Joseph_II_Holy_Roman_Emperor	successor	George_I_of_Great_Britain
Maria_Teresa_Cybo_Malaspina_Duchess_of_Massa	successor	Amadeus_III_Count_of_Savoy
Leopold_II_Holy_Roman_Emperor	successor	Ramon_Berenguer_IV_Count_of_Provence
_thelred_I_King_of_Wessex	successor	Fulk_King_of_Jerusalem
Odo_of_France	successor	Maria_Teresa_Cybo_Malaspina_Duchess_of_Massa
Louis_Philippe_I	successor	Henry_I_of_Navarre
Louis_Philippe_I	successor	Humbert_II_Count_of_Savoy
Louis_Philippe_I	successor	_thelbald_King_of_Wessex
Louis_Philippe_I	successor	Charles_II_Archduke_of_Austria
Henry_I_of_France	successor	Charles_III_of_Spain
Henry_I_of_France	successor	Rudolph_II_of_Burgundy
Philip_I_of_France	successor	Robert_I_Duke_of_Burgundy
Henry_I_of_Navarre	successor	Joanna_of_Castile
Lorenzo_de_Medici_Duke_of_Urbino	successor	Richard_I_of_England
Philip_III_of_Navarre	successor	Ferdinand_II_Archduke_of_Austria
Sancho_I_of_Portugal	successor	Charles_Emmanuel_II_Duke_of_Savoy
Afonso_I_of_Portugal	successor	Charles_Martel
Ramon_Berenguer_IV_Count_of_Barcelona	successor	Theobald_I_Duke_of_Lorraine
Ramon_Berenguer_III_Count_of_Barcelona	successor	Francis_I_Holy_Roman_Emperor
Edward_King_of_Portugal	successor	Claude_of_France
Francis_II_Holy_Roman_Emperor	successor	Afonso_I_of_Portugal
John_II_of_France	successor	Sancho_III_of_Castile
John_II_of_France	successor	Charles_VII_Holy_Roman_Emperor
Louis_XIV	successor	Rudolph_of_France
Princess_Marie_Isabelle_of_Orl_ans	successor	John_of_Bohemia
Antoine_Duke_of_Montpensier	successor	Ferdinand_III_Grand_Duke_of_Tuscany
Ladislaus_of_Naples	successor	Philip_the_Bold
Sweyn_III_of_Denmark	successor	Afonso_V_of_Portugal
Joan_II_of_Navarre	successor	Peter_III_of_Aragon
Charles_IV_of_France	successor	Antoine_Duke_of_Lorraine
Charles_IV_of_France	successor	Louis_XIII
Sviatopolk_I_of_Kiev	successor	Agnes_of_Burgundy_Duchess_of_Bourbon
Charles_VI_Holy_Roman_Emperor	successor	Rudolph_III_of_Burgundy
Charles_VI_Holy_Roman_Emperor	successor	Charles_the_Fat
Victor_Amadeus_II_of_Sardinia	successor	Willa_of_Burgundy
Ferdinand_I_of_the_Two_Sicilies	successor	Louis_Duke_of_Orl_ans_1703_1752
Odo_II_Duke_of_Burgundy	successor	Olga_of_Kiev
Hugh_III_Duke_of_Burgundy	successor	Henry_VI_of_England
Charles_Martel	successor	_thelwulf_King_of_Wessex
Marie_Countess_of_Ponthieu	successor	Philip_IV_of_France
Louis_I_Duke_of_Orl_ans	successor	Otto_I_Holy_Roman_Emperor
Charles_V_of_France	successor	Ramon_Berenguer_III_Count_of_Barcelona
William_X_Duke_of_Aquitaine	successor	Louis_Duke_of_Orl_ans_1703_1752
Charles_Emmanuel_II_Duke_of_Savoy	successor	Joseph_II_Holy_Roman_Emperor
Joan_II_Countess_of_Burgundy	successor	Henry_III_of_England
John_II_of_Aragon	successor	Ferdinand_II_of_Aragon
John_II_of_Aragon	successor	Louis_II_of_Anjou
Louis_X_of_France	successor	Henry_VI_Count_of_Luxembourg
Charles_the_Simple	successor	Louis_III_of_France
Alfonso_II_Count_of_Provence	successor	Willa_of_Tuscany
Rudolf_I_of_Germany	successor	Vladimir_the_Great
Dirk_II_Count_of_Holland	successor	Hugh_I_Duke_of_Burgundy
Victor_Amadeus_I_Duke_of_Savoy	successor	Louis_XVIII
Dirk_III_Count_of_Holland	successor	Louis_VIII_of_France
Otto_I_Duke_of_Saxony	successor	Ferdinand_II_of_Aragon
Alfonso_X_of_Castile	successor	Ferdinand_I_of_Austria
Baldwin_II_of_Jerusalem	successor	Ramon_Berenguer_IV_Count_of_Barcelona
Louis_Duke_of_Orl_ans_1703_1752	successor	Ren__of_Anjou
Willa_of_Tuscany	successor	Peter_of_Castile
Frederick_III_Holy_Roman_Emperor	successor	Floris_I_Count_of_Holland
Conrad_IV_of_Germany	successor	James_V_of_Scotland
Charles_III_of_Spain	successor	Leopold_II_Holy_Roman_Emperor
Henry_the_Lion	successor	Charles_Emmanuel_III_of_Sardinia
Henry_the_Lion	successor	Maria_Theresa
Otto_IV_Count_of_Burgundy	successor	Dirk_II_Count_of_Holland
Ferdinand_II_of_Aragon	successor	Victor_Amadeus_III_of_Sardinia
Hugh_of_Italy	successor	Dirk_IV_Count_of_Holland
Rudolph_II_of_Burgundy	successor	Edward_King_of_Portugal
Henry_II_of_France	successor	Canute_VI_of_Denmark
Joan_I_Countess_of_Auvergne	successor	Henry_V_of_England
Henry_V_of_England	successor	Valdemar_I_of_Denmark
Albert_II_of_Germany	successor	Charles_II_of_Spain
Otto_I_Duke_of_Brunswic_L_neburg	successor	Henry_II_of_England
Otto_I_Duke_of_Brunswic_L_neburg	successor	Gerberga_of_M_con
Claude_of_France	successor	Henry_VIII
Charles_X	successor	Otto_IV_Count_of_Burgundy
Charles_X	successor	Oleg_of_Novgorod
Vladimir_the_Great	successor	Bernhard_Count_of_Anhalt
Vladimir_the_Great	successor	Berengar_II_of_Italy
Sviatoslav_I	successor	Rudolf_II_Holy_Roman_Emperor
John_of_Montfort	successor	Henry_VI_of_England
Fulk_King_of_Jerusalem	successor	John_the_Fearless
Geoffrey_Plantagenet_Count_of_Anjou	successor	Hugh_Capet
Henry_III_of_France	successor	Charles_Martel
Louis_Count_of_Vend_me	successor	Louis_the_Pious
Louis_XII	successor	Louis_Philippe_I
Louis_XII	successor	John_V_Duke_of_Brittany
Philip_I_of_Castile	successor	Sviatopolk_I_of_Kiev
Alfonso_IX_of_Le_n	successor	Francesco_I_Sforza
Charles_VIII_of_France	successor	Adolphus_Frederick_II_Duke_of_Mecklenburg_Strelitz
Louis_XI	successor	Philip_II_of_France
Henry_IV_of_England	successor	William_the_Younger_Duke_of_Brunswic_L_neburg
Agnes_de_Baudemont	successor	Philip_III_of_France
Cosimo_I_de_Medici_Grand_Duke_of_Tuscany	successor	Alfred_the_Great
Peter_I_of_Portugal	successor	Louis_XII
Lothair_II_of_Italy	successor	Joseph_II_Holy_Roman_Emperor
George_I_of_Great_Britain	successor	Louis_the_Younger
Ernest_Augustus_Elector_of_Hanover	successor	Henry_IV_of_England
Louis_V_of_France	successor	Robert_II_Duke_of_Burgundy
Henry_VII_Holy_Roman_Emperor	successor	Henry_II_of_Castile
Henry_VII_Holy_Roman_Emperor	successor	Rudolph_II_of_Burgundy
Louis_XIII	successor	Joan_Countess_of_Ponthieu
Charles_the_Bald	successor	Yolanda_Latin_Empress
Amadeus_II_Count_of_Savoy	successor	Louis_Philippe_II_Duke_of_Orl_ans
John_I_of_Portugal	successor	Ferdinand_II_of_Aragon
Odo_IV_Duke_of_Burgundy	successor	Robert_III_Count_of_Dreux
Joan_III_Countess_of_Burgundy	successor	Girolamo_Savonarola
James_I_of_Aragon	successor	John_King_of_England
Maria_Amalia_of_Naples_and_Sicily	successor	John_IV_Duke_of_Brittany
John_III_Duke_of_Brittany	successor	Louis_XVIII
Charles_VII_of_France	successor	Geoffrey_Plantagenet_Count_of_Anjou
Charles_IX_of_France	successor	Amaury_II_de_Montfort
Francis_II_of_France	successor	Frederick_I_Duke_of_Lorraine
Philip_IV_of_France	successor	Albert_II_Duke_of_Austria
Louis_IX_of_France	successor	Charles_III_Duke_of_Lorraine
Alfonso_VII_of_Le_n_and_Castile	successor	Charles_the_Fat
Alfonso_VII_of_Le_n_and_Castile	successor	Amaury_I_de_Montfort
Martin_of_Aragon	successor	Robert_II_Count_of_Dreux
Ferdinand_I_of_Aragon	successor	Alfonso_II_of_Aragon
Robert_I_Duke_of_Burgundy	successor	Joan_II_of_Navarre
Hugh_I_Duke_of_Burgundy	successor	Henri_Count_of_Chambord
Simon_II_Duke_of_Lorraine	successor	John_III_Duke_of_Brittany
Frederick_I_Duke_of_Lorraine	successor	Philip_II_Duke_of_Savoy
Robert_III_of_Scotland	successor	Carloman_of_Bavaria
Louis_the_Stammerer	successor	Arnulf_Count_of_Holland
Louis_the_Stammerer	successor	Charles_IV_of_Spain
Rudolph_I_of_Burgundy	successor	Ernest_II_Duke_of_Brunswic_L_neburg
Emmanuel_Philibert_Duke_of_Savoy	successor	Louis_X_of_France
Philip_V_of_Spain	successor	Philip_IV_of_Spain
Philip_V_of_Spain	successor	Archduchess_Maria_Dorothea_of_Austria
Charles_II_of_Spain	successor	John_IV_of_Portugal
Maximilian_I_Holy_Roman_Emperor	successor	Joan_I_of_Navarre
John_II_of_Portugal	successor	Albert_I_of_Germany
Louis_XVIII	successor	Francis_I_Holy_Roman_Emperor
Louis_the_German	successor	Geoffrey_Plantagenet_Count_of_Anjou
Louis_the_German	successor	Prince_Philippe_Duke_of_Orl_ans_1869_1926
Louis_the_German	successor	Henry_II_Duke_of_Lorraine
Charles_the_Fat	successor	Pepin_the_Short
Theodoric_II_Duke_of_Lorraine	successor	Albert_II_Duke_of_Austria
Ferdinand_I_Holy_Roman_Emperor	successor	Simon_I_de_Montfort
Ferdinand_I_Holy_Roman_Emperor	successor	John_I_Duke_of_Brittany
Ferdinand_I_Holy_Roman_Emperor	successor	Berengar_I_of_Italy
Theobald_I_of_Navarre	successor	Afonso_II_of_Portugal
Louis_I_of_Anjou	successor	John_I_of_Castile
Eleanor_of_Aquitaine	successor	Henry_I_of_France
Mary_Queen_of_Scots	successor	Pepin_the_Short
Adolf_King_of_the_Romans	successor	Frederick_II_Duke_of_Lorraine
Anne_of_Brittany	successor	Pepin_of_Herstal
Theobald_I_Duke_of_Lorraine	successor	Napoleon_III
Humbert_II_Count_of_Savoy	successor	Louis_IV_Holy_Roman_Emperor
Carloman_mayor_of_the_palace	successor	Otto_I_Duke_of_Bavaria
Berengar_II_of_Italy	successor	Henry_IV_of_France
Alfred_the_Great	successor	Adolf_King_of_the_Romans
William_the_Younger_Duke_of_Brunswic_L_neburg	successor	Philip_I_of_France
Rudolf_I_Duke_of_Bavaria	successor	Henry_the_Fowler
Joan_I_of_Navarre	successor	Hugh_V_Duke_of_Burgundy
Joan_I_of_Navarre	successor	Lothair_I
Sancho_III_of_Castile	successor	Mary_Queen_of_Scots
Prince_Philippe_Count_of_Paris	successor	Charles_Martel
Prince_Philippe_Count_of_Paris	successor	Charles_X
Hugh_V_Duke_of_Burgundy	successor	Princess_Marie_Isabelle_of_Orl_ans
Robert_II_of_France	successor	Ferdinand_IV_of_Castile
Hugh_IV_Duke_of_Burgundy	successor	Robert_I_of_France
Maximilian_II_Holy_Roman_Emperor	successor	Ecgberht_King_of_Wessex
Ramon_Berenguer_IV_Count_of_Provence	successor	Wilfred_the_Hairy
Berenguer_Ramon_II_Count_of_Barcelona	successor	Sviatoslav_I
Pepin_of_Herstal	successor	Robert_II_of_Scotland
Pepin_of_Herstal	successor	Philip_III_of_Spain
Pepin_of_Herstal	successor	Alfonso_V_of_Aragon
Pepin_of_Herstal	successor	Philip_II_of_Spain
Francesco_I_de_Medici_Grand_Duke_of_Tuscany	successor	Theobald_II_of_Navarre
Joan_Countess_of_Ponthieu	successor	Hugh_IV_Duke_of_Burgundy
Joan_Countess_of_Ponthieu	successor	Pepin_I_of_Aquitaine
Henri_Count_of_Chambord	successor	Matthias_II_Duke_of_Lorraine
Henri_Count_of_Chambord	successor	Charles_IV_of_France
Louis_IV_Holy_Roman_Emperor	successor	Frederick_III_Holy_Roman_Emperor
Henry_Count_of_Portugal	successor	Raymond_of_Burgundy
James_IV_of_Scotland	successor	Robert_I_Latin_Emperor
Philip_VI_of_France	successor	Victor_Amadeus_II_of_Sardinia
Marie_Duchess_of_Auvergne	successor	John_of_Montfort
Yaropolk_I_of_Kiev	successor	John_Stewart_3rd_Lord_of_Aubigny
Afonso_III_of_Portugal	successor	Francis_II_of_France
Yolanda_Latin_Empress	successor	Denis_of_Portugal
Dirk_IV_Count_of_Holland	successor	Hugh_of_Italy
Simon_I_de_Montfort	successor	Francis_I_of_the_Two_Sicilies
Louis_Antoine_Duke_of_Angoul_me	successor	Ferdinand_I_of_Aragon
Antoine_of_Navarre	successor	Ferdinand_VI_of_Spain
Henry_IV_of_France	successor	Hugh_III_Duke_of_Burgundy
Conrad_I_of_Burgundy	successor	Henry_VII_Holy_Roman_Emperor
Philip_II_of_France	successor	Louis_XI
Charlemagne	successor	Joan_Countess_of_Ponthieu
Louis_the_Pious	successor	Philip_I_of_Castile
Louis_the_Pious	successor	Beatrice_of_Provence
Louis_the_Pious	successor	Philip_I_Duke_of_Burgundy
Ernest_Duke_of_Austria	successor	John_II_Duke_of_Brittany
Robert_II_Count_of_Dreux	successor	Ferdinand_III_of_Castile
William_XII_Count_of_Auvergne	successor	Isabella_I_of_Castile
Louis_Philippe_II_Duke_of_Orl_ans	successor	French_Revolution_of_1848
Jeanne_d_Albret	successor	Philip_II_of_Spain
Philip_V_of_France	successor	Prince_Ferdinand_Duke_of_Montpensier
Richard_II_of_England	successor	Louis_VI_of_France
Robert_I_of_France	successor	Ernest_Augustus_Elector_of_Hanover
John_I_of_Castile	successor	Ferdinand_II_of_Le_n
Gaston_Duke_of_Orl_ans	successor	Eleanor_of_Aquitaine
Louis_VIII_of_France	successor	Joanna_of_Castile
Louis_VIII_of_France	successor	Louis_I_of_Spain
John_King_of_England	successor	John_I_of_France
John_King_of_England	successor	John_of_Bohemia
Louis_XVII	successor	Philip_III_of_Navarre
Charles_Duke_of_Orl_ans	successor	Charles_IV_of_Anjou
Maria_Theresa	successor	Henry_I_of_Castile
Maria_Theresa	successor	Philip_VI_of_France
Maria_Theresa	successor	Jacques_Charles_Dupont_de_l_Eure
Louis_Bonaparte	successor	Theudoald
Amaury_I_de_Montfort	successor	Louis_XVI
Edward_II_of_England	successor	Henry_IV_of_France
Cosimo_de_Medici	successor	Alfonso_V_of_Aragon
Galeazzo_Maria_Sforza	successor	Louis_Philippe_I_Duke_of_Orl_ans
Theresa_Countess_of_Portugal	successor	Charles_VI_of_France
Hugh_Magnus	successor	Charles_the_Simple
Francis_I_Duke_of_Lorraine	successor	Francis_III_Duke_of_Brittany
Carloman_of_Bavaria	successor	Joan_III_Countess_of_Burgundy
Louis_VII_of_France	successor	Charles_Duke_of_Orl_ans
Stephen_King_of_England	successor	Maria_Beatrice_d_Este_Duchess_of_Massa
Stephen_King_of_England	successor	Louis_Philippe_I
Louis_VI_of_France	successor	Mary_of_Burgundy
Peter_I_Duke_of_Brittany	successor	Henry_the_Fowler
John_IV_Duke_of_Brittany	successor	Philip_I_Duke_of_Burgundy
Henry_VII_of_England	successor	Margaret_Countess_of_Anjou
Philip_the_Bold	successor	Gian_Galeazzo_Sforza
Childeric_III	successor	Simon_I_Duke_of_Lorraine
James_V_of_Scotland	successor	Drogo_of_Champagne
Mahaut_Countess_of_Artois	successor	John_Duke_of_Brunswic_L_neburg
Alfonso_XI_of_Castile	successor	Charles_V_Holy_Roman_Emperor
Adolphus_Frederick_II_Duke_of_Mecklenburg_Strelitz	successor	Frederick_III_Holy_Roman_Emperor
Frederick_William_Duke_of_Mecklenburg_Schwerin	successor	Odo_III_Duke_of_Burgundy
Henry_VI_Count_of_Luxembourg	successor	Afonso_I_of_Portugal
Henry_V_Count_of_Luxembourg	successor	Napoleon_II
Mary_I_of_England	successor	Louis_IX_of_France
Philip_II_of_Spain	successor	Francis_II_Duke_of_Brittany
John_II_Duke_of_Brittany	successor	Leopold_II_Holy_Roman_Emperor
Wulfoald	successor	Ferdinand_Philippe_Duke_of_Orl_ans
Valdemar_I_of_Denmark	successor	James_Stewart_5th_High_Steward_of_Scotland
Napoleon	successor	Philip_VI_of_France
Napoleon	successor	Alfonso_VIII_of_Castile
Arnulf_Count_of_Holland	successor	George_III
Robert_I_Count_of_Dreux	successor	John_II_of_France
Dirk_I_Count_of_Holland	successor	Joan_II_of_Navarre
Adelaide_of_Italy	successor	Louis_XII
John_I_Duke_of_Brittany	successor	Philip_V_of_France
Lothair_of_France	successor	Charles_V_of_France
Charles_II_of_Naples	successor	Henry_III_of_England
Margaret_Countess_of_Anjou	successor	Louis_Philippe_I
Charles_VII_Holy_Roman_Emperor	successor	Francesco_I_de_Medici_Grand_Duke_of_Tuscany
Charles_VII_Holy_Roman_Emperor	successor	Ecgberht_King_of_Wessex
Joanna_of_Castile	successor	Henry_III_of_Castile
Joanna_of_Castile	successor	Charles_IV_Holy_Roman_Emperor
Ernest_I_Duke_of_Brunswic_L_neburg	successor	Lothair_II_of_Italy
John_I_of_France	successor	Charles_Emmanuel_I_Duke_of_Savoy
George_II_of_Great_Britain	successor	Pope_Clement_VII
Arthur_III_Duke_of_Brittany	successor	Eleanor_of_Castile
Sancho_IV_of_Castile	successor	Charles_III_of_Spain
Conrad_I_of_Germany	successor	Philip_I_Duke_of_Burgundy
Ecgberht_King_of_Wessex	successor	Louis_the_German
Henri_Jules_Prince_of_Cond_	successor	Henry_IV_of_England
Philibert_II_Duke_of_Savoy	successor	Charles_V_Holy_Roman_Emperor
Henry_II_of_Navarre	successor	John_VIII_Count_of_Vend_me
John_of_Bohemia	successor	Louis_XII
Henry_of_Bohemia	successor	Dirk_V_Count_of_Holland
Henry_of_Bohemia	successor	Manuel_I_of_Portugal
Rurik	successor	Jeanne_d_Albret
Louis_II_of_Italy	successor	Maximilian_Sforza
Theobald_II_of_Navarre	successor	Henry_III_of_France
Charles_III_Duke_of_Lorraine	successor	Henry_II_of_England
Isabella_I_of_Castile	successor	Joan_I_Countess_of_Auvergne
Isabella_I_of_Castile	successor	Fulk_King_of_Jerusalem
Gian_Gastone_de_Medici_Grand_Duke_of_Tuscany	successor	Ferdinand_I_of_Portugal
Ermengarde_of_Tuscany	successor	Alfonso_II_of_Aragon
Peter_of_Castile	successor	Willa_of_Tuscany
Charles_V_Holy_Roman_Emperor	successor	John_I_of_Portugal
Alderano_I_Cybo_Malaspina	successor	Edward_the_Elder
Guillaume_de_Montfort_of_Hainaut	successor	Piero_the_Unfortunate
Alfonso_VIII_of_Castile	successor	Eleanor_of_Navarre
Peter_II_of_Courtenay	successor	Louis_XIV
Alix_Duchess_of_Brittany	successor	Sancho_IV_of_Castile
Petronilla_of_Aragon	successor	Charles_IV_Holy_Roman_Emperor
Piero_the_Unfortunate	successor	John_King_of_England
John_Stewart_of_Darnley	successor	Fulk_IV_Count_of_Anjou
Floris_I_Count_of_Holland	successor	Sancho_I_of_Portugal
Francis_II_Duke_of_Brittany	successor	Charles_V_Holy_Roman_Emperor
Richard_I_of_England	successor	Maximilian_I_Holy_Roman_Emperor
Lorenzo_de_Medici	successor	Henry_I_of_France
Charles_II_Duke_of_Savoy	successor	John_I_Count_of_Aumale
Robert_II_Count_of_Artois	successor	Cosimo_I_de_Medici_Grand_Duke_of_Tuscany
Simon_Count_of_Ponthieu	successor	James_I_of_Scotland
Louis_Philippe_I_Duke_of_Orl_ans	successor	Odo_IV_Duke_of_Burgundy
John_of_Gaunt	successor	Afonso_III_of_Portugal
Beorhtric_of_Wessex	successor	Anne_of_Austria
Odo_III_Duke_of_Burgundy	successor	Pepin_the_Short
Fulk_IV_Count_of_Anjou	successor	Louis_IV_Holy_Roman_Emperor
Geoffrey_III_Count_of_Anjou	successor	Ferdinando_I_de_Medici_Grand_Duke_of_Tuscany
Edward_IV_of_England	successor	Napol_on_Louis_Bonaparte
Robert_II_Duke_of_Burgundy	successor	George_II_of_Great_Britain
Amadeus_VIII_Duke_of_Savoy	successor	Louis_X_of_France
Blanche_I_of_Navarre	successor	Albert_I_Duke_of_Brunswic_L_neburg
Charles_the_Bold	successor	Francis_I_Holy_Roman_Emperor
Anne_Queen_of_Great_Britain	successor	Charles_III_Duke_of_Savoy
Francis_Hyacinth_Duke_of_Savoy	successor	Yaropolk_I_of_Kiev
Berengar_I_of_Italy	successor	Francis_Hyacinth_Duke_of_Savoy
1383_1385_Portuguese_interregnum	successor	Yaroslav_the_Wise
Ragenfrid	successor	Philip_V_of_Spain
Desiderius	successor	Maximilian_II_Holy_Roman_Emperor
Bernard_of_Gothia	successor	Charles_the_Fat
Baldred_of_Kent	successor	Louis_Duke_of_Savoy
Golden_Ambrosian_Republic	successor	Carloman_II
Henry_II_Duke_of_Austria	successor	Grimoald_the_Younger
Henry_IV_of_Castile	successor	Dirk_III_Count_of_Holland
Louis_II_of_Hungary	successor	Piero_di_Cosimo_de_Medici
Ludovico_Sforza	successor	George_I_of_Great_Britain
Marozia	successor	Charlemagne
Theudoald	successor	John_I_Duke_of_Brittany
Alexander_Stewart_4th_High_Steward_of_Scotland	successor	Victor_Amadeus_II_of_Sardinia
Frederick_the_Fair	successor	Ferdinand_I_Holy_Roman_Emperor
Adelaide_Countess_of_Burgundy	successor	French_Revolution_of_1848
David_II_of_Scotland	successor	Edward_III_of_England
Frederick_of_Naples	successor	Odo_I_Duke_of_Burgundy
Peter_II_Count_of_Savoy	successor	Charles_the_Bald
Antonio_Farnese_Duke_of_Parma	successor	Henri_Count_of_Chambord
Alessandro_de_Medici_Duke_of_Florence	successor	John_II_Duke_of_Lorraine
Joanna_II_of_Naples	successor	Charles_II_of_Navarre
_thelwulf_King_of_Wessex	child	Maria_Luisa_of_Spain
_thelwulf_King_of_Wessex	child	Beatrice_of_Luxembourg
_thelwulf_King_of_Wessex	child	Isabella_of_France_Queen_of_Navarre
_thelwulf_King_of_Wessex	child	Charles_V_Duke_of_Lorraine
_thelwulf_King_of_Wessex	child	Rudolf_II_Holy_Roman_Emperor
Robert_II_of_Scotland	child	Charles_Duke_of_Lower_Lorraine
Robert_II_of_Scotland	child	Archduke_Franz_Karl_of_Austria
Robert_II_of_Scotland	child	Charles_Felix_of_Sardinia
Robert_II_of_Scotland	child	Catherine_of_Cleves_1417_1479
Leopold_Duke_of_Lorraine	child	Maria_Theresa_of_Austria_Este_Queen_of_Sardinia
Leopold_Duke_of_Lorraine	child	Beatrice_of_Luxembourg
Leopold_Duke_of_Lorraine	child	Charles_Duke_of_Orl_ans
Leopold_Duke_of_Lorraine	child	Louis_of_Burgundy
Leopold_Duke_of_Lorraine	child	Count_of_Boulogne
Afonso_II_of_Portugal	child	Sancha_of_Aragon_Countess_of_Toulouse
Afonso_II_of_Portugal	child	Ren__Marquis_of_Elbeuf
Afonso_II_of_Portugal	child	Carlos_Prince_of_Asturias
Charles_Emmanuel_III_of_Sardinia	child	Odo_of_France
Charles_Emmanuel_III_of_Sardinia	child	Anne_of_Bohemia_and_Hungary
Charles_Emmanuel_III_of_Sardinia	child	Blanche_of_France_Duchess_of_Orl_ans
Charles_Emmanuel_III_of_Sardinia	child	Maria_Amalia_Duchess_of_Parma
Charles_Emmanuel_III_of_Sardinia	child	Childebrand_I
Charles_Emmanuel_III_of_Sardinia	child	Edmund_of_Scotland
Philip_IV_of_Spain	child	Joan_III_Countess_of_Burgundy
Philip_IV_of_Spain	child	William_IX_Count_of_Poitiers
Philip_IV_of_Spain	child	Adolph_of_Cleves_Lord_of_Ravenstein
Philip_IV_of_Spain	child	Margaret_of_Valois
Philip_IV_of_Spain	child	Eleanor_of_Anjou
Margaret_of_Austria_Queen_of_Spain	child	Louis_X_of_France
Margaret_of_Austria_Queen_of_Spain	child	Gian_Galeazzo_Sforza
Margaret_of_Austria_Queen_of_Spain	child	David_Stewart_Earl_of_Moray
Margaret_of_Austria_Queen_of_Spain	child	Richard_Woodville_3rd_Earl_Rivers
Charles_Count_of_Valois	child	Hugh_III_Duke_of_Burgundy
Charles_Count_of_Valois	child	Joseph_I_Holy_Roman_Emperor
Charles_Count_of_Valois	child	Archduchess_Maria_Maddalena_of_Austria
Charles_Count_of_Valois	child	Alexander_I_of_Scotland
Isabella_of_Valois_Duchess_of_Bourbon	child	John_I_Duke_of_Brittany
Isabella_of_Valois_Duchess_of_Bourbon	child	Mary_Tudor_Queen_of_France
Isabella_of_Valois_Duchess_of_Bourbon	child	Catherine_Henriette_de_Bourbon
Isabella_of_Valois_Duchess_of_Bourbon	child	Christine_of_France
Philip_III_of_Spain	child	Alfonso_of_Molina
Philip_III_of_Spain	child	Charlotte_of_Mecklenburg_Strelitz
Philip_III_of_Spain	child	Margaret_of_Foix
Philip_III_of_Spain	child	Margaret_of_Nevers
Philip_III_of_Spain	child	Maximilian_William_of_Brunswic_L_neburg
Henry_II_of_Castile	child	Archduchess_Maria_Theresa_of_Austria_Este_1817_1886
Albert_I_of_Germany	child	John_II_of_Aragon
Albert_I_of_Germany	child	Marie_Antoinette
Albert_I_of_Germany	child	James_IV_of_Scotland
Albert_I_of_Germany	child	Marie_of_France_Duchess_of_Bar
Albert_I_of_Germany	child	Maria_Antonia_Ferdinanda_of_Spain
Albert_I_of_Germany	child	Judith_of_Poland
Albert_I_of_Germany	child	Charles_Ferdinand_Duke_of_Berry
Albert_I_of_Germany	child	_thelberht_King_of_Wessex
Albert_I_of_Germany	child	Sophie_of_France_1786_1787
Igor_of_Kiev	child	Henrietta_Maria
Matthias_I_Duke_of_Lorraine	child	Louis_II_of_Anjou
Matthias_I_Duke_of_Lorraine	child	Archduchess_Eleanor_of_Austria_1582_1620
Wilhelmine_Amalie_of_Brunswick	child	Henry_Brandon_1st_Earl_of_Lincoln
Wilhelmine_Amalie_of_Brunswick	child	Thomas_Arundel
Philippe_II_Duke_of_Orl_ans	child	Louis_Dauphin_of_France_son_of_Louis_XIV
Philippe_II_Duke_of_Orl_ans	child	Robert_Count_of_Clermont
Philippe_II_Duke_of_Orl_ans	child	Maria_of_Austria_Duchess_of_J_lich_Cleves_Berg
Philippe_II_Duke_of_Orl_ans	child	Alix_of_France
Philippe_II_Duke_of_Orl_ans	child	Remigius_of_Rouen
Philippe_II_Duke_of_Orl_ans	child	Francis_Duke_of_Guise
Philippe_II_Duke_of_Orl_ans	child	Elisabeth_of_Valois
Matthias_II_Duke_of_Lorraine	child	Eleanor_de_Medici
Frederick_II_Duke_of_Lorraine	child	Catalina_Micaela_of_Spain
Frederick_II_Duke_of_Lorraine	child	Prince_Octavius_of_Great_Britain
Empress_Matilda	child	Emmanuel_Philibert_Duke_of_Savoy
Empress_Matilda	child	Louis_of_Cyprus
Empress_Matilda	child	Joanna_of_Hainaut
Henry_II_of_England	child	Francis_II_Holy_Roman_Emperor
Henry_II_of_England	child	Isabella_Countess_of_Vertus
Henry_II_of_England	child	Marie_de_Medici
Henry_II_of_England	child	Marie_Caroline_of_Bourbo_Two_Sicilies_Duchess_of_Berry
Henry_II_of_England	child	Hugh_V_Duke_of_Burgundy
Henry_II_of_England	child	Hugh_Magnus
Henry_II_of_England	child	Constance_of_Burgundy
Henry_II_of_England	child	Charlotte_of_France
Frederick_Prince_of_Wales	child	Willa_of_Burgundy
Frederick_Prince_of_Wales	child	Henry_II_of_France
Frederick_Prince_of_Wales	child	Bianca_Maria_Sforza
Frederick_Prince_of_Wales	child	Joan_I_of_Navarre
Frederick_Prince_of_Wales	child	Anne_of_Kiev
Frederick_Prince_of_Wales	child	Constance_of_Aragon_Lady_of_Villena
Maria_Beatrice_d_Este_Duchess_of_Massa	child	Charlotte_of_Savoy
Maria_Beatrice_d_Este_Duchess_of_Massa	child	George_IV
Maria_Beatrice_d_Este_Duchess_of_Massa	child	Afonso_I_Duke_of_Braganza
Maria_Beatrice_d_Este_Duchess_of_Massa	child	Isabella_Clara_Eugenia
Maria_Beatrice_d_Este_Duchess_of_Massa	child	Catherine_of_Aragon
Francis_IV_Duke_of_Modena	child	John_II_of_Aragon
Francis_IV_Duke_of_Modena	child	Louis_I_of_Anjou
Ren__II_Duke_of_Lorraine	child	Ferdinand_I_of_the_Two_Sicilies
Ren__II_Duke_of_Lorraine	child	Louis_Count_of__vreux
Ren__II_Duke_of_Lorraine	child	Jacques_of_Savoy_Count_of_Romont
Ren__II_Duke_of_Lorraine	child	Margaret_I_Countess_of_Burgundy
Antoine_Duke_of_Lorraine	child	Henry_VII_Holy_Roman_Emperor
Antoine_Duke_of_Lorraine	child	Matilda_of_Habsburg
Antoine_Duke_of_Lorraine	child	Yolande_of_Valois
Henry_the_Fowler	child	Margaret_of_Anjou
Henry_the_Fowler	child	Louis_V_of_France
Henry_the_Fowler	child	Isabelle_Duchess_of_Brittany
Henry_the_Fowler	child	Ernest_Augustus_Duke_of_York_and_Albany
Henry_the_Fowler	child	Archduke_Karl_Ambrosius_of_Austria_Este
Henry_the_Fowler	child	Louis_Count_of_Vermandois
Gerberga_of_Saxony	child	John_Beaufort_1st_Earl_of_Somerset
Gerberga_of_Saxony	child	Blanche_of_France_nun
Gerberga_of_Saxony	child	Princess_Louisa_of_Great_Britain
Ren__of_Anjou	child	Arthur_II_Duke_of_Brittany
Ren__of_Anjou	child	Prince_Maurizio_Duke_of_Montferrat
Ren__of_Anjou	child	Joanna_of_Austria_Grand_Duchess_of_Tuscany
Mary_of_Guise	child	Denis_of_Portugal
Mary_of_Guise	child	Philip_I_Duke_of_Burgundy
Beatrice_of_England	child	Otto_V_Duke_of_Bavaria
Beatrice_of_England	child	Joanna_Sophia_of_Bavaria
Arthur_II_Duke_of_Brittany	child	Maria_Teresa_Rafaela_of_Spain
Isabella_Duchess_of_Lorraine	child	Beatrice_of_Portugal_Duchess_of_Savoy
Isabella_Duchess_of_Lorraine	child	Charles_Count_of_Maine
Isabella_Duchess_of_Lorraine	child	Geoffrey_II_Duke_of_Brittany
Louis_XV	child	Isabella_of_Austria
Louis_XV	child	Maria_Theresa_of_Spain
Louis_XV	child	Marie_of_Luxembourg_Queen_of_France
Louis_XV	child	Maria_Theresa_of_Naples_and_Sicily
Louis_XV	child	Antoine_of_Navarre
Louis_XV	child	Francis_II_Duke_of_Lorraine
Louis_XV	child	Oleg_of_Drelinia
Louis_XV	child	Christine_of_France
Louis_XV	child	Thomas_Beaufort_Duke_of_Exeter
Louis_Duke_of_Burgundy	child	Elizabeth_Woodville
Eleanor_of_Lancaster	child	Francis_II_Holy_Roman_Emperor
Eleanor_of_Lancaster	child	Louis_XII
Eleanor_of_Lancaster	child	Anne_Woodville
Eleanor_of_Lancaster	child	Maria_Ludovika_of_Austria_Este
Eleanor_of_Lancaster	child	Ferdinand_I_of_Austria
Francis_I_Holy_Roman_Emperor	child	Napoleon_III
Francis_I_Holy_Roman_Emperor	child	Louis_XVI
Francis_I_Holy_Roman_Emperor	child	Pepin_I_of_Aquitaine
Francis_I_Holy_Roman_Emperor	child	Baldwin_III_of_Jerusalem
Francis_I_Holy_Roman_Emperor	child	Edmund_Tudor_Duke_of_Somerset
Francis_I_Holy_Roman_Emperor	child	Anna_de_Medici
Francis_I_Holy_Roman_Emperor	child	Albert_III_Duke_of_Austria
Francis_I_Holy_Roman_Emperor	child	Prince_Alberto_of_Naples_and_Sicily
Francis_I_Holy_Roman_Emperor	child	Am_lie_of_Orl_ans
Francis_I_Holy_Roman_Emperor	child	Natalia_Alexeievna_Wilhelmina_Louisa_of_Hesse_Darmstadt
Francis_I_Holy_Roman_Emperor	child	Ferdinando_I_de_Medici_Grand_Duke_of_Tuscany
Francis_I_Holy_Roman_Emperor	child	Prince_Maurice_of_Savoy
Francis_I_Holy_Roman_Emperor	child	Maria_Anna_of_Spain
Edward_I_of_England	child	Prince_Frederick_of_Great_Britain
Edward_I_of_England	child	Maria_of_Courtenay
Edward_I_of_England	child	Duke_George_Augustus_of_Mecklenburg
Edward_I_of_England	child	Prince_Francis_Count_of_Trapani
Edward_I_of_England	child	Victor_Emmanuel_I_of_Sardinia
Edward_I_of_England	child	Isabella_of_Aragon_Queen_of_Portugal
Maria_Teresa_Cybo_Malaspina_Duchess_of_Massa	child	Isabella_Duchess_of_Lorraine
Leopold_II_Holy_Roman_Emperor	child	Henry_II_of_Castile
Leopold_II_Holy_Roman_Emperor	child	Archduke_Joseph_Franz_of_Austria
Leopold_II_Holy_Roman_Emperor	child	Joan_I_of_Navarre
Leopold_II_Holy_Roman_Emperor	child	Anne_of_France
Leopold_II_Holy_Roman_Emperor	child	William_IX_Count_of_Poitiers
Leopold_II_Holy_Roman_Emperor	child	Jean_Cardinal_of_Lorraine
Leopold_II_Holy_Roman_Emperor	child	Napol_on_Louis_Bonaparte
Leopold_II_Holy_Roman_Emperor	child	Frederick_Hereditary_Prince_of_Saxony
Leopold_II_Holy_Roman_Emperor	child	Eleanor_of_Portugal_Holy_Roman_Empress
Leopold_II_Holy_Roman_Emperor	child	Emma_of_France
Leopold_II_Holy_Roman_Emperor	child	Childebrand_I
Marie_Ad_la_de_of_Savoy	child	Charles_Emmanuel_III_of_Sardinia
Princess_Christine_Louise_of_Oettinge_Oettingen	child	Matthias_II_Duke_of_Lorraine
Princess_Christine_Louise_of_Oettinge_Oettingen	child	Maria_Leopoldina_of_Austria
Princess_Christine_Louise_of_Oettinge_Oettingen	child	Nicolas_Henri_Duke_of_Orl_ans
Henry_I_of_France	child	Napol_on_Charles_Bonaparte
Philip_I_of_France	child	Charles_I_of_Anjou
Philip_I_of_France	child	Prince_Frederick_Duke_of_York_and_Albany
Giuseppe_Maria_Buonaparte	child	Catherine_of_Hungary_Queen_of_Serbia
Henry_I_of_Navarre	child	Henry_I_of_France
Anne_Marie_d_Orl_ans	child	Prince_Antonio_Count_of_Lecce
Anne_Marie_d_Orl_ans	child	Maria_of_Aragon_Queen_of_Castile
Anne_Marie_d_Orl_ans	child	Isabella_of_England
Henrietta_of_England	child	John_I_Duke_of_Lorraine
Henrietta_of_England	child	Archduke_Charles_Duke_of_Teschen
Blanche_of_Navarre_Queen_of_France	child	Prince_Henry_the_Navigator
Philip_III_of_Navarre	child	Blanche_of_Valois
Philip_III_of_Navarre	child	Maria_Anna_of_Savoy_Duchess_of_Chablais
Philip_III_of_Navarre	child	Anna_Jagiellon_Duchess_of_Pomerania
Sancho_I_of_Portugal	child	Charles_the_Bald
Sancho_I_of_Portugal	child	Eadgifu_of_Wessex
Sancho_I_of_Portugal	child	William_V_Duke_of_Bavaria
Sancho_I_of_Portugal	child	Ferdinand_III_Grand_Duke_of_Tuscany
Sancho_I_of_Portugal	child	Charles_I_of_Anjou
Sancho_I_of_Portugal	child	Archduchess_Maria_Anna_of_Austria_governor
Sancho_I_of_Portugal	child	Garzia_de_Medici
Maria_Josepha_of_Austria	child	Anne_of_Austria
Maria_Josepha_of_Austria	child	Afonso_V_of_Portugal
Maria_Josepha_of_Austria	child	Philip_the_Bold
Maria_Josepha_of_Austria	child	George_I_Landgrave_of_Hesse_Darmstadt
Maria_Josepha_of_Austria	child	Henry_of_Bar
Maria_Josepha_of_Austria	child	Archduke_John_of_Austria
Maria_Josepha_of_Austria	child	Catherine_of_Austria_Queen_of_Portugal
Edward_King_of_Portugal	child	John_Prince_of_Asturias
Edward_King_of_Portugal	child	Hortense_de_Beauharnais
Edward_King_of_Portugal	child	Leopold_I_Duke_of_Austria
Edward_King_of_Portugal	child	Maria_Cristina_of_Naples_and_Sicily
Francis_II_Holy_Roman_Emperor	child	Clemence_of_Austria
Francis_II_Holy_Roman_Emperor	child	Sancha_Raim_ndez
Francis_II_Holy_Roman_Emperor	child	George_I_of_Great_Britain
Francis_II_Holy_Roman_Emperor	child	Archduchess_Margaret_of_Austria_nun
Francis_II_Holy_Roman_Emperor	child	Margaret_of_Savoy_Vicereine_of_Portugal
Francis_II_Holy_Roman_Emperor	child	Am_lie_of_Orl_ans
Louise_of_Savoy	child	Louis_Duke_of_Durazzo
Louise_of_Savoy	child	Eleanor_of_Castile_died_1244
Philip_II_Duke_of_Savoy	child	Sancho_II_of_Portugal
Philip_II_Duke_of_Savoy	child	Jasper_Tudor
Philip_II_Duke_of_Savoy	child	Maria_Theresa_of_Savoy
Philip_II_Duke_of_Savoy	child	Matthias_Holy_Roman_Emperor
John_II_of_France	child	Archduke_Joseph_Franz_of_Austria
John_II_of_France	child	Charlotte_de_Br_z_
John_II_of_France	child	Amadeus_IX_Duke_of_Savoy
John_II_of_France	child	Blanche_of_Navarre_Duchess_of_Brittany
John_II_of_France	child	Anne_of_Bohemia_Duchess_of_Austria
Joan_the_Lame	child	Alys_of_France_Countess_of_Vexin
Joan_the_Lame	child	Denis_Lord_of_Cifuentes
Louis_Dauphin_of_France_son_of_Louis_XIV	child	Ernest_Augustus_King_of_Hanover
Louis_Dauphin_of_France_son_of_Louis_XIV	child	_thelstan
Louis_Dauphin_of_France_son_of_Louis_XIV	child	Albert_VII_Archduke_of_Austria
Louis_XIV	child	Antonia_of_Savoy
Louis_XIV	child	Princess_Maria_Antonia_of_Naples_and_Sicily
Louis_XIV	child	Ferdinand_II_Archduke_of_Austria
Louis_XIV	child	Henry_of_France_Archbishop_of_Reims
Louis_XIV	child	_lfweard_of_Wessex
Louis_XIV	child	Alexander_Stewart_Duke_of_Rothesay
Louis_XIV	child	Adam_Gordon_of_Auchindoun
Princess_Marie_Isabelle_of_Orl_ans	child	Elisabeth_Therese_of_Lorraine
Princess_Marie_Isabelle_of_Orl_ans	child	James_II_of_Majorca
Princess_Marie_Isabelle_of_Orl_ans	child	Sophia_Eleonore_of_Hesse_Darmstadt
Princess_Marie_Isabelle_of_Orl_ans	child	Maria_Anna_of_Spain
Antoine_Duke_of_Montpensier	child	Infante_Antonio_Duke_of_Galliera
Antoine_Duke_of_Montpensier	child	Balthasar_Charles_Prince_of_Asturias
Antoine_Duke_of_Montpensier	child	Louis_Joseph_Dauphin_of_France
Antoine_Duke_of_Montpensier	child	Eleanor_of_Alburquerque
Adelaide_of_Tours	child	Elizabeth_of_Luxembourg
Adelaide_of_Tours	child	Sancho_Alfonso
Adelaide_of_Tours	child	Maria_Sophia_of_Neuburg
Adelaide_of_Tours	child	Prince_Edward_Duke_of_York_and_Albany
Adelaide_of_Tours	child	Maximilian_III_Archduke_of_Austria
Joan_II_of_Navarre	child	Caroline_Matilda_of_Great_Britain
Joan_II_of_Navarre	child	Charles_IV_Holy_Roman_Emperor
Joan_II_of_Navarre	child	Sibylla_of_Burgundy
Joan_II_of_Navarre	child	Sancha_of_Castile_Queen_of_Navarre
Charles_IV_of_France	child	Carloman_of_Bavaria
Marie_Eleonore_of_Cleves	child	Richeza_of_Denmark
Marie_Eleonore_of_Cleves	child	Balthasar_Charles_Prince_of_Asturias
Marie_Eleonore_of_Cleves	child	Maria_of_Portugal_Queen_of_Castile
Marie_Eleonore_of_Cleves	child	James_Gordon_Jesuit
Yaroslav_the_Wise	child	Louis_I_Duke_of_Orl_ans
Yaroslav_the_Wise	child	Charles_I_of_Hungary
Yaroslav_the_Wise	child	Margaret_of_Bavaria
Yaroslav_the_Wise	child	Philippa_of_Lancaster
Yaroslav_the_Wise	child	Princess_Amelia_of_the_United_Kingdom
Yaroslav_the_Wise	child	Otto_Duke_of_Austria
Yaroslav_the_Wise	child	Maria_Amalia_Duchess_of_Parma
Yaroslav_the_Wise	child	Sophie_of_France_1786_1787
Victor_Amadeus_II_of_Sardinia	child	Philip_III_of_Navarre
Victor_Amadeus_II_of_Sardinia	child	Frederick_I_Elector_of_Brandenburg
Victor_Amadeus_II_of_Sardinia	child	Henry_II_of_Namur
Victor_Amadeus_II_of_Sardinia	child	Isabella_of_Scotland_Duchess_of_Brittany
Victor_Amadeus_II_of_Sardinia	child	Albrecht_of_Saxe_Weissenfels
Ferdinand_I_of_the_Two_Sicilies	child	Albert_I_of_Germany
Ferdinand_I_of_the_Two_Sicilies	child	Ferdinand_II_of_Aragon
Ferdinand_I_of_the_Two_Sicilies	child	Margaret_of_Provence
Ferdinand_I_of_the_Two_Sicilies	child	Louis_VIII_of_France
Ferdinand_I_of_the_Two_Sicilies	child	Prince_John_August_of_Saxe_Gotha_Altenburg
Ferdinand_I_of_the_Two_Sicilies	child	Arthur_III_Duke_of_Brittany
Ferdinand_I_of_the_Two_Sicilies	child	Dobroniega_Ludgarda_of_Poland
Ferdinand_I_of_the_Two_Sicilies	child	Charles_IV_of_Spain
Ferdinand_I_of_the_Two_Sicilies	child	Sancho_of_Castile_bishop
Ferdinand_I_of_the_Two_Sicilies	child	Joan_of_Valois_Duchess_of_Alen_on
Ferdinand_I_of_the_Two_Sicilies	child	Marie_Th_r_se_of_France_1667_1672
Odo_II_Duke_of_Burgundy	child	Charles_the_Child
Hugh_III_Duke_of_Burgundy	child	Henry_III_of_Castile
Alfonso_II_of_Aragon	child	Joan_of_Valois_Countess_of_Hainaut
Alfonso_II_of_Aragon	child	Nicolaus_of_Luxemburg
Alfonso_II_of_Aragon	child	John_Henry_Margrave_of_Moravia
Alfonso_II_of_Aragon	child	Archduchess_Marie_Caroline_of_Austria
Charles_Martel	child	Princess_Marie_Isabelle_of_Orl_ans
Charles_Martel	child	Hugh_V_Duke_of_Burgundy
Charles_Martel	child	Charles_d_Orl_ans_Duke_of_Penthi_vre
Charles_Martel	child	Louis_Prince_of_Cond__1530_1569
Charles_Martel	child	Philip_of_France_1116_1131
Louis_I_Duke_of_Orl_ans	child	Isabella_of_Valois_Duchess_of_Bourbon
Louis_I_Duke_of_Orl_ans	child	Elias_II_Count_of_Maine
Louis_I_Duke_of_Orl_ans	child	Frances_Grey_Duchess_of_Suffolk
Charles_V_of_France	child	Louis_Dauphin_of_France_son_of_Louis_XIV
Charles_V_of_France	child	Louis_of_Cyprus
Charles_V_of_France	child	Anne_of_Brittany
Charles_V_of_France	child	Marie_of_Cleves_Duchess_of_Orl_ans
Eleanor_of_Provence	child	Charles_II_of_Spain
Eleanor_of_Provence	child	Louis_Dauphin_of_France_son_of_Louis_XV
Eleanor_of_Provence	child	Boris_and_Gleb
Eleanor_of_Provence	child	Sudislav
Charles_Emmanuel_II_Duke_of_Savoy	child	Arnulf_archbishop_of_Reims
Joan_II_Countess_of_Burgundy	child	Claude_Duke_of_Aumale
Joan_II_Countess_of_Burgundy	child	Dirk_IV_Count_of_Holland
Joan_II_Countess_of_Burgundy	child	Agnes_of_Poland
John_II_of_Aragon	child	Philip_VI_of_France
John_II_of_Aragon	child	Eleanor_of_England_Queen_of_Castile
John_II_of_Aragon	child	Isabelle_de_Bourbon
John_II_of_Aragon	child	Prince_Robert_Duke_of_Chartres
John_II_of_Aragon	child	Archduke_Alexander_Leopold_of_Austria
John_II_of_Aragon	child	Victor_Amadeus_Prince_of_Piedmont
James_III_of_Scotland	child	Mary_Stewart_Countess_of_Buchan
James_III_of_Scotland	child	Maria_Theresa_of_Savoy
Joan_of_Valois_Countess_of_Hainaut	child	Alonso_de_Arag_n
Joan_of_Valois_Countess_of_Hainaut	child	Anne_of_Bohemia_1290_1313
Joan_of_Valois_Countess_of_Hainaut	child	Gertrude_of_Flanders_Countess_of_Savoy
Clementia_of_Hungary	child	Richard_FitzRoy
Charles_the_Simple	child	Anne_of_Orl_ans_Abbess_of_Fontevraud
Countess_Palatine_Dorothea_Sophie_of_Neuburg	child	Louis_XII
Elisabeth_Farnese	child	Radegonde_of_Valois
Elisabeth_Farnese	child	Hugh_Magnus
Elisabeth_Farnese	child	Eleanor_of_Woodstock
Elisabeth_Farnese	child	Maria_of_Portugal_nun
Elisabeth_Farnese	child	Louis_II_Duke_of_Bourbon
Ermentrude_of_Orl_ans	child	Lothair_II_of_Italy
Ermentrude_of_Orl_ans	child	George_Gordon_5th_Earl_of_Huntly
Ermentrude_of_Orl_ans	child	Pauline_Bonaparte
Ermentrude_of_Orl_ans	child	Blanche_of_Portugal_1259_1321
Alfonso_II_Count_of_Provence	child	Rudolf_II_Duke_of_Austria
Rudolf_I_of_Germany	child	Princess_Eleonora_of_Savoy
Rudolf_I_of_Germany	child	Maria_Amalia_of_Saxony
Rudolf_I_of_Germany	child	Rudolf_II_Holy_Roman_Emperor
Rudolf_I_of_Germany	child	Sancha_Lady_of_Alenquer
Rudolf_I_of_Germany	child	Archbishop_of_Cologne
Rudolf_I_of_Germany	child	Robert_King_of_Naples
Rudolf_I_of_Germany	child	Ingeborg_of_Denmark_Queen_of_France
Gertrude_of_Hohenberg	child	Maria_Beatrice_d_Este_Duchess_of_Massa
Gertrude_of_Hohenberg	child	Marie_Z_phyrine_of_France
Gertrude_of_Hohenberg	child	Adelaide_of_Italy
Gertrude_of_Hohenberg	child	Edith_of_Polesworth
Gertrude_of_Hohenberg	child	Princess_Mary_of_Great_Britain
Gertrude_of_Hohenberg	child	Francis_Count_of_Enghien
Dirk_II_Count_of_Holland	child	Francis_Louis_of_Palatinate_Neuburg
Dirk_II_Count_of_Holland	child	Beatrice_of_England
Beatrice_of_Portugal_died_1381	child	Fulk_King_of_Jerusalem
Victor_Amadeus_I_Duke_of_Savoy	child	John_III_Duke_of_Brittany
Victor_Amadeus_I_Duke_of_Savoy	child	Charles_IX_of_France
Victor_Amadeus_I_Duke_of_Savoy	child	Violant_of_Hungary
Victor_Amadeus_I_Duke_of_Savoy	child	Marie_Elisabeth_of_France
Victor_Amadeus_I_Duke_of_Savoy	child	Margaret_of_Austria_Duchess_of_Savoy
Mary_of_Burgundy_Duchess_of_Cleves	child	Landgravine_Elisabeth_Amalie_of_Hesse_Darmstadt
Mary_of_Burgundy_Duchess_of_Cleves	child	Luisa_of_Naples_and_Sicily
Mary_of_Burgundy_Duchess_of_Cleves	child	John_II_Duke_of_Bavaria
Mary_of_Burgundy_Duchess_of_Cleves	child	Urraca_of_Castile_Queen_of_Navarre
Mary_of_Burgundy_Duchess_of_Cleves	child	Alexander_Stewart_Earl_of_Buchan
Nicholas_Francis_Duke_of_Lorraine	child	Thomas_of_Brotherton_1st_Earl_of_Norfolk
Nicholas_Francis_Duke_of_Lorraine	child	William_I_Duke_of_Bavaria
Dirk_III_Count_of_Holland	child	Saint_Casimir
Alfonso_X_of_Castile	child	Infante_Antonio_Duke_of_Galliera
Alfonso_X_of_Castile	child	Marie_of_Brittany_Countess_of_Saint_Pol
Alfonso_X_of_Castile	child	Sviatoslav_II_of_Kiev
Alfonso_X_of_Castile	child	Henry_Duke_of_Villena
Alfonso_X_of_Castile	child	Catherine_of_France_Countess_of_Montpensier
Alfonso_X_of_Castile	child	Charles_de_Bourbon_cardinal
Louis_Duke_of_Orl_ans_1703_1752	child	Theobald_II_of_Navarre
Landgravine_Elisabeth_Amalie_of_Hesse_Darmstadt	child	Geoffrey_Plantagenet_Count_of_Anjou
Landgravine_Elisabeth_Amalie_of_Hesse_Darmstadt	child	Peter_I_of_Portugal
Landgravine_Elisabeth_Amalie_of_Hesse_Darmstadt	child	Magdalena_of_Valois
Landgravine_Elisabeth_Amalie_of_Hesse_Darmstadt	child	Ferdinand_Karl_Archduke_of_Austria_Este
Landgravine_Elisabeth_Amalie_of_Hesse_Darmstadt	child	Robert_Count_of_Clermont
Landgravine_Elisabeth_Amalie_of_Hesse_Darmstadt	child	Ercole_III_d_Este_Duke_of_Modena
Landgravine_Elisabeth_Amalie_of_Hesse_Darmstadt	child	Charles_Emmanuel_IV_of_Sardinia
Landgravine_Elisabeth_Amalie_of_Hesse_Darmstadt	child	Eadburh_of_Winchester
Landgravine_Elisabeth_Amalie_of_Hesse_Darmstadt	child	James_I_Count_of_La_Marche
James_II_of_Scotland	child	Elizabeth_of_York
James_II_of_Scotland	child	Madeleine_of_Valois
James_II_of_Scotland	child	Princess_Margaret_Yolande_of_Savoy
Willa_of_Tuscany	child	John_Count_of_Soissons_and_Enghien
Willa_of_Tuscany	child	Blanche_of_Castile
Willa_of_Tuscany	child	Agatha_of_Lorraine
Willa_of_Tuscany	child	Robert_Stewart_1st_Earl_of_Orkney
Maria_Anna_of_Bavaria_born_1551	child	Dirk_III_Count_of_Holland
Maria_Anna_of_Bavaria_born_1551	child	Eleanor_of_Castile
Maria_Anna_of_Bavaria_born_1551	child	Maria_of_Aragon_Queen_of_Portugal
Maria_Anna_of_Bavaria_born_1551	child	Agatha_wife_of_Edward_the_Exile
Maria_Anna_of_Bavaria_born_1551	child	Charles_the_Child
Maria_Anna_of_Bavaria_born_1551	child	Infante_Carlos_of_Spain_1607_1632
Maria_Anna_of_Bavaria_born_1551	child	Infanta_Maria_Josefa_of_Spain
Maria_Anna_of_Bavaria_born_1551	child	Bonne_of_Bourbon
Maria_Luisa_of_Spain	child	Charles_V_of_France
Maria_Luisa_of_Spain	child	Marie_of_Luxembourg_Queen_of_France
Maria_Luisa_of_Spain	child	Rozala_of_Italy
Maria_Luisa_of_Spain	child	Claude_of_France_1547_1575
Maria_Luisa_of_Spain	child	Louis_VIII_of_France
Maria_Luisa_of_Spain	child	Infante_Carlos_of_Spain_1607_1632
Maria_Luisa_of_Spain	child	Henry_VIII
Maria_Luisa_of_Spain	child	Charles_II_Grand_Duke_of_Mecklenburg_Strelitz
Maria_Luisa_of_Spain	child	Prince_Frederick_Duke_of_York_and_Albany
Maria_Luisa_of_Spain	child	David_Stewart_Duke_of_Rothesay
Maria_Theresa_of_Spain	child	Agnes_of_Austria_1281_1364
Maria_Theresa_of_Spain	child	Carloman_I
Henry_the_Lion	child	Patrick_Gordon_of_Auchindoun
Henry_the_Lion	child	Archduchess_Maria_Elisabeth_of_Austria_born_1737
Henry_the_Lion	child	Prince_Adolphus_Duke_of_Cambridge
Beatriz_of_Portugal_Duchess_of_Viseu	child	Agnes_of_France_Duchess_of_Burgundy
Beatriz_of_Portugal_Duchess_of_Viseu	child	Prince_Vittorio_Amedeo_Teodoro_Duke_of_Aosta
Beatriz_of_Portugal_Duchess_of_Viseu	child	Elisabeth_of_Valois
Ferdinand_II_of_Aragon	child	Louis_Duke_of_Orl_ans_1703_1752
Ferdinand_II_of_Aragon	child	Francis_II_Duke_of_Brittany
Ferdinand_II_of_Aragon	child	Isabelle_of_France_saint
Ferdinand_II_of_Aragon	child	Anne_of_Burgundy
Ferdinand_II_of_Aragon	child	Blanche_of_France_Infanta_of_Castile
Ferdinand_II_of_Aragon	child	Prince_Charles_Alexander_of_Lorraine
Willa_of_Burgundy	child	Maria_Henrietta_of_Naples_and_Sicily
Hugh_of_Italy	child	Maria_of_Aragon_Queen_of_Portugal
Rudolph_II_of_Burgundy	child	Francis_IV_Duke_of_Modena
Rudolph_II_of_Burgundy	child	Clotilde_of_France
Henry_II_of_France	child	Victor_Amadeus_II_of_Sardinia
Henry_II_of_France	child	Princess_Maria_Isabella_of_Naples_and_Sicily
Henry_II_of_France	child	Charles_Martel
Henry_II_of_France	child	Louis_I_Duke_of_Orl_ans
Henry_II_of_France	child	Peter_I_Count_of_Alen_on
Henry_II_of_France	child	Mary_of_Hungary_governor_of_the_Netherlands
Henry_II_of_France	child	Florine_of_Burgundy
Eug_nie_de_Montijo	child	Mercedes_of_Orl_ans
Napoleon_III	child	Maria_of_Austria_Holy_Roman_Empress
Clemence_of_Austria	child	Charles_IV_Duke_of_Lorraine
Clemence_of_Austria	child	Anne_Henriette_of_Bavaria
Charles_VI_of_France	child	Francis_Duke_of_Anjou
Charles_VI_of_France	child	Francis_I_Duke_of_Lorraine
Charles_VI_of_France	child	Margaret_of_Savoy_Countess_of_Saint_Pol
Charles_VI_of_France	child	Maria_Christina_of_the_Two_Sicilies
Charles_VI_of_France	child	Catherine_of_France_Countess_of_Montpensier
Charles_VI_of_France	child	Lothair_the_Lame
Duke_Charles_Louis_Frederick_of_Mecklenburg	child	Charles_III_Duke_of_Savoy
Duke_Charles_Louis_Frederick_of_Mecklenburg	child	Rudolph_Duke_of_Lorraine
Duke_Charles_Louis_Frederick_of_Mecklenburg	child	Prince_Robert_Duke_of_Chartres
Duke_Charles_Louis_Frederick_of_Mecklenburg	child	Frederick_of_Castile
Duke_Charles_Louis_Frederick_of_Mecklenburg	child	Archbishop_of_Canterbury
Joan_I_Countess_of_Auvergne	child	Joan_of_Valois_Queen_of_Navarre
Henry_V_of_England	child	Christine_of_Hesse
Joan_of__vreux	child	Canute_V_of_Denmark
Louis_Count_of__vreux	child	Maria_Amalia_of_Naples_and_Sicily
Louis_Count_of__vreux	child	Matilda_of_Bavaria_Margravine_of_Meissen
Louis_Count_of__vreux	child	Louis_of_France_1264_1276
Claude_of_France	child	Agnes_of_Burgundy_Duchess_of_Bourbon
Claude_of_France	child	Carlo_Duke_of_Calabria
Claude_of_France	child	Anne_of_Cyprus
Claude_of_France	child	Archduchess_Maria_Elisabeth_of_Austria_born_1737
Claude_of_France	child	Frederick_Duke_of_Bavaria
Louis_I_Duke_of_Bourbon	child	Nicolas_Duke_of_Merc_ur
Louis_I_Duke_of_Bourbon	child	Louis_Charles_Count_of_Beaujolais
Marie_Antoinette	child	Grifo_noble
Marie_Antoinette	child	John_Duke_of_Touraine
Marie_Antoinette	child	Archduke_Ernest_of_Austria
Charles_X	child	Louis_XVIII
Charles_X	child	Maria_Luisa_of_Parma
Charles_X	child	Sigismund_I_the_Old
Charles_III_Duke_of_Savoy	child	Louise_of_France_1737_1787
Margaret_of_Bourbon_1438_1483	child	Ferdinand_Karl_Archduke_of_Austria_Este
Margaret_of_Bourbon_1438_1483	child	Violant_of_Castile
Maria_Theresa_of_Austria_Este_Queen_of_Sardinia	child	Margaret_Stewart_Dauphine_of_France
Maria_Theresa_of_Austria_Este_Queen_of_Sardinia	child	Agatha_wife_of_Edward_the_Exile
Maria_Theresa_of_Austria_Este_Queen_of_Sardinia	child	Fran_ois_de_Lorraine
Maria_Theresa_of_Austria_Este_Queen_of_Sardinia	child	Prince_Edward_Duke_of_Kent_and_Strathearn
Vladimir_the_Great	child	Emma_of_Italy
Vladimir_the_Great	child	Eleanor_of_Viseu
Vladimir_the_Great	child	Edward_of_Westminster_Prince_of_Wales
Vladimir_the_Great	child	Catherine_of_Lorraine_Margravine_of_Bade_Baden
Vladimir_the_Great	child	Louise__lisabeth_of_France
Sviatoslav_I	child	Isabella_of_France
Sviatoslav_I	child	Arthur_Prince_of_Wales
Sviatoslav_I	child	Princess_Catherine_Beatrice_of_Savoy
John_of_Montfort	child	Anne_Marie_d_Orl_ans
John_of_Montfort	child	Joan_the_Lame
Fulk_King_of_Jerusalem	child	Theresa_of_Portugal_Queen_of_Le_n
Fulk_King_of_Jerusalem	child	Hugh_II_Duke_of_Burgundy
Fulk_King_of_Jerusalem	child	Anne_Marie_Th_r_se_de_Lorraine
Fulk_King_of_Jerusalem	child	Portrait_of_Bia_de_Medici
Fulk_King_of_Jerusalem	child	Philippa_of_Dreux
Geoffrey_Plantagenet_Count_of_Anjou	child	Princess_Maria_Fortunata_d_Este
Geoffrey_Plantagenet_Count_of_Anjou	child	Beatrice_of_Provence
Geoffrey_Plantagenet_Count_of_Anjou	child	Philip_Duke_of_Orl_ans
Catherine_de_Medici	child	Henry_I_Duke_of_Bavaria
Catherine_de_Medici	child	Rudolph_II_of_Burgundy
Catherine_de_Medici	child	Charles_Emmanuel_I_Duke_of_Savoy
Catherine_de_Medici	child	Alexander_Stewart_Duke_of_Albany
Catherine_de_Medici	child	Louis_I_Grand_Duke_of_Hesse
Catherine_de_Medici	child	Antonia_of_Lorraine
Emma_of_Italy	child	Geoffrey_II_Duke_of_Brittany
Victor_Amadeus_III_of_Sardinia	child	Valdemar_II_of_Denmark
Victor_Amadeus_III_of_Sardinia	child	Ramon_Berenguer_IV_Count_of_Provence
Victor_Amadeus_III_of_Sardinia	child	Philip_V_of_France
Victor_Amadeus_III_of_Sardinia	child	Blanche_of_France_nun
Victor_Amadeus_III_of_Sardinia	child	Eleanor_of_Scotland
Victor_Amadeus_III_of_Sardinia	child	Philippine__lisabeth_d_Orl_ans
Victor_Amadeus_III_of_Sardinia	child	Archduke_Ferdinand_Karl_Viktor_of_Austria_Este
Victor_Amadeus_III_of_Sardinia	child	Anne_Stuart_born_1637
Louis_XII	child	Louis_the_German
Louis_XII	child	Joanna_of_Austria_Princess_of_Portugal
Philip_I_of_Castile	child	Ferdinand_of_Castile_born_1238
Philip_I_of_Castile	child	Luisa_Carlotta_of_the_Two_Sicilies
Philip_I_of_Castile	child	Maria_Clotilde_of_Naples_and_Sicily
Philip_I_of_Castile	child	Thomas_Grey_1st_Marquess_of_Dorset
Philip_I_of_Castile	child	Eleanor_of_Portugal_Queen_of_Aragon
Eleanor_of_Castile	child	Maria_Theresa_of_Spain
Eleanor_of_Castile	child	Benedicta_Henrietta_of_the_Palatinate
Eleanor_of_Castile	child	Matilda_of_France
Eleanor_of_Castile	child	Marie_Louise_of_France_1728_1733
Alfonso_IX_of_Le_n	child	Louis_Count_of__vreux
Alfonso_IX_of_Le_n	child	Robert_I_Duke_of_Burgundy
Alfonso_IX_of_Le_n	child	Princess_Amelia_of_the_United_Kingdom
James_I_of_Scotland	child	Archduchess_Eleanor_of_Austria
James_I_of_Scotland	child	Infante_Philip_Duke_of_Calabria
James_I_of_Scotland	child	Charles_de_Lorraine_de_Vaud_mont
James_I_of_Scotland	child	August_of_Saxe_Weissenfels_1650_1674
James_I_of_Scotland	child	Alfonso_de_Arag_n_y_Escobar
James_I_of_Scotland	child	Anne_of_Bohemia_Duchess_of_Austria
Charles_VIII_of_France	child	Amadeus_IX_Duke_of_Savoy
Louis_XI	child	Maria_Henrietta_of_Naples_and_Sicily
Louis_XI	child	Sophia_Jagiellon_Margravine_of_Brandenburg_Ansbach
Louis_XI	child	David_Stewart_Earl_of_Strathearn
Cosimo_I_de_Medici_Grand_Duke_of_Tuscany	child	Charles_Count_of_Valois
Cosimo_I_de_Medici_Grand_Duke_of_Tuscany	child	Charles_Martel
Cosimo_I_de_Medici_Grand_Duke_of_Tuscany	child	Alfonso_II_Count_of_Provence
Cosimo_I_de_Medici_Grand_Duke_of_Tuscany	child	Blanche_of_France_Duchess_of_Austria
Cosimo_I_de_Medici_Grand_Duke_of_Tuscany	child	Raymond_Berengar_of_Andria
Cosimo_I_de_Medici_Grand_Duke_of_Tuscany	child	Louis_Count_of_Vaud_mont
Cosimo_I_de_Medici_Grand_Duke_of_Tuscany	child	Margaret_of_Brunswic_L_neburg
Cosimo_I_de_Medici_Grand_Duke_of_Tuscany	child	Anna_of_Hesse
Peter_I_of_Portugal	child	John_II_Duke_of_Lorraine
Peter_I_of_Portugal	child	Pepin_the_Hunchback
Peter_I_of_Portugal	child	Elisabeth_of_Austria_Queen_of_France
Peter_I_of_Portugal	child	Eleanor_of_England_Countess_of_Bar
Peter_I_of_Portugal	child	Welf_I
Peter_I_of_Portugal	child	Richard_of_Cornwall
Raymond_of_Burgundy	child	Berengaria_of_Le_n
Raymond_of_Burgundy	child	Elisiv_of_Kiev
Lothair_II_of_Italy	child	Louise_of_Great_Britain
Jacquetta_of_Luxembourg	child	Princess_Maria_Isabella_of_Naples_and_Sicily
Jacquetta_of_Luxembourg	child	Archduke_Charles_Joseph_of_Austria_born_1745
Jacquetta_of_Luxembourg	child	Louise_Marie_Ad_la_de_de_Bourbon_Duchess_of_Orl_ans
Jacquetta_of_Luxembourg	child	Louis_V_Duke_of_Bavaria
Jacquetta_of_Luxembourg	child	Sancha_of_Portugal_born_1264
Jacquetta_of_Luxembourg	child	Edgar__theling
Jacquetta_of_Luxembourg	child	Charles_de_Morny_Duke_of_Morny
Jacquetta_of_Luxembourg	child	Prince_Alberto_of_Naples_and_Sicily
George_I_of_Great_Britain	child	Anne_of_Kiev
Ernest_Augustus_Elector_of_Hanover	child	John_II_of_France
Ernest_Augustus_Elector_of_Hanover	child	Charles_the_Younger
Ernest_Augustus_Elector_of_Hanover	child	_thelweard_son_of_Alfred
Ernest_Augustus_Elector_of_Hanover	child	John_Tristan_Count_of_Valois
Margaret_of_Anjou	child	Louis_IX_of_France
Charlotte_of_Bourbon_Queen_of_Cyprus	child	Vladimir_of_Novgorod
Princess_Elisabeth_Albertine_of_Saxe_Hildburghausen	child	Anna_of_Hungary_Byzantine_empress
Princess_Elisabeth_Albertine_of_Saxe_Hildburghausen	child	Constance_of_France_Princess_of_Antioch
Princess_Elisabeth_Albertine_of_Saxe_Hildburghausen	child	Sophia_Charlotte_of_Hanover
Princess_Elisabeth_Albertine_of_Saxe_Hildburghausen	child	Charles_Cardinal_of_Lorraine
Anne_of_Bohemia_and_Hungary	child	Rudolph_III_of_Burgundy
Anne_of_Bohemia_and_Hungary	child	Maria_Josepha_of_Saxony_Dauphine_of_France
Anne_of_Bohemia_and_Hungary	child	Charles_of_Austria_Bishop_of_Wroclaw
Anne_of_Bohemia_and_Hungary	child	Marie_of_France_Countess_of_Champagne
Anne_of_Bohemia_and_Hungary	child	Hedwig_of_Habsburg
Anne_of_Bohemia_and_Hungary	child	John_of_Eltham_Earl_of_Cornwall
Anne_of_Bohemia_and_Hungary	child	Louise__lisabeth_Duchess_of_Berry
Louis_IV_of_France	child	Maria_Luisa_Gabriella_of_Savoy
Louis_IV_of_France	child	Constance_of_France_Countess_of_Toulouse
Henry_VII_Holy_Roman_Emperor	child	Fulk_King_of_Jerusalem
Henry_VII_Holy_Roman_Emperor	child	Archduke_Maximilian_Francis_of_Austria
Henry_VII_Holy_Roman_Emperor	child	Ferdinand_Duke_of_Parma
Saint_Margaret_of_Scotland	child	Marie_of_Orl_ans_Viscountess_of_Narbonne
Saint_Margaret_of_Scotland	child	Henry_IV_of_France
Saint_Margaret_of_Scotland	child	Margaret_of_Savoy_Countess_of_Saint_Pol
Saint_Margaret_of_Scotland	child	Adam_Gordon_of_Auchindoun
Louis_XIII	child	Infante_Gabriel_of_Spain
Marie_de_Medici	child	Maria_Theresa_of_Austria_1767_1827
Marie_de_Medici	child	James_II_of_Scotland
Marie_de_Medici	child	Elisabeth_Christine_of_Brunswic_Wolfenb_ttel
Marie_de_Medici	child	John_Duke_of_Berry
Marie_de_Medici	child	Eleanor_Clifford_Countess_of_Cumberland
Marie_de_Medici	child	David_I_of_Scotland
Charles_the_Bald	child	Archduke_Charles_Joseph_of_Austria_born_1745
Charles_the_Bald	child	Mary_of_Hungary_Queen_of_Naples
Charles_the_Bald	child	William_of_Winchester_Lord_of_Lunenburg
Charles_the_Bald	child	Maria_Teresa_of_Savoy_1803_1879
Rudolph_Duke_of_Lorraine	child	John_II_Duke_of_Brittany
John_I_of_Portugal	child	Radegonde_of_Valois
John_I_of_Portugal	child	Alphonse_Count_of_Poitiers
John_I_of_Portugal	child	Katherine_of_Bavaria
John_I_of_Portugal	child	John_Count_Palatine_of_Neumarkt
John_I_of_Portugal	child	Egbert_archbishop_of_Trier
John_I_of_Portugal	child	Louise__lisabeth_d_Orl_ans
John_I_of_Portugal	child	Princess_Augusta_of_Great_Britain
John_I_of_Portugal	child	Mieszko_III_the_Old
Odo_IV_Duke_of_Burgundy	child	Catherine_of_France_Countess_of_Charolais
Joan_III_Countess_of_Burgundy	child	Archduke_Wenceslaus_of_Austria
Elisabeth_of_France_1602_1644	child	Francis_III_Duke_of_Brittany
Elisabeth_of_France_1602_1644	child	Francis_I_of_France
Yolanda_of_Courtenay	child	Archduchess_Barbara_of_Austria
Constance_of_Arles	child	Archduke_Franz_Karl_of_Austria
Constance_of_Arles	child	Charles_II_Archduke_of_Austria
Constance_of_Arles	child	Guy_of_Ivrea
Constance_of_Arles	child	William_II_Count_of_Hainaut
James_I_of_Aragon	child	Francis_IV_Duke_of_Modena
James_I_of_Aragon	child	Lothair_of_France
James_I_of_Aragon	child	Eleanor_of_Portugal_Holy_Roman_Empress
James_I_of_Aragon	child	Augustus_the_Elder_Duke_of_Brunswic_L_neburg
James_I_of_Aragon	child	Otto_Duke_of_Burgundy
Maria_Amalia_of_Naples_and_Sicily	child	Louis_C_sar_Count_of_Vexin
Maria_Amalia_of_Naples_and_Sicily	child	Magdalena_of_Saxony
Maria_Amalia_of_Naples_and_Sicily	child	Maria_Ludovika_of_Austria_Este
Maria_Amalia_of_Naples_and_Sicily	child	Peter_I_Count_of_Alen_on
Maria_Amalia_of_Naples_and_Sicily	child	Edward_Woodville_Lord_Scales
Maria_Amalia_of_Naples_and_Sicily	child	Maria_Vittoria_of_Savoy
Maria_Amalia_of_Naples_and_Sicily	child	Napol_on_Prince_Imperial
Maria_Amalia_of_Naples_and_Sicily	child	Charles_III_Philip_Elector_Palatine
Maria_Carolina_of_Austria	child	Maria_Amalia_of_Naples_and_Sicily
Maria_Carolina_of_Austria	child	Cecile_of_France
Maria_Carolina_of_Austria	child	Philip_III_of_France
Maria_Carolina_of_Austria	child	Henry_3rd_Earl_of_Lancaster
Maria_Carolina_of_Austria	child	Beatrice_of_Nuremberg
Maria_Carolina_of_Austria	child	John_of_Foix_Viscount_of_Narbonne
Maria_Carolina_of_Austria	child	John_Tristan_Count_of_Valois
Maria_Carolina_of_Austria	child	Joan_of_Acre
Maria_Carolina_of_Austria	child	Adela_of_France
Maria_Carolina_of_Austria	child	Constance_of_France_Countess_of_Toulouse
Marie_of_Brabant_Queen_of_France	child	Mariana_Victoria_of_Spain
Marie_of_Brabant_Queen_of_France	child	Countess_of_Pembroke
Marie_of_Brabant_Queen_of_France	child	Catherine_of_Lancaster
Matilda_of_Scotland	child	Archduchess_Maria_Leopoldine_of_Austria_Este
Matilda_of_Scotland	child	Agnes_of_Hesse
Charles_Emmanuel_I_Duke_of_Savoy	child	Sophie_of_France_1734_1782
Charles_Emmanuel_I_Duke_of_Savoy	child	Marie_Jos_phine_of_Savoy
Charles_Emmanuel_I_Duke_of_Savoy	child	Baldwin_of_Luxembourg
Charles_Emmanuel_I_Duke_of_Savoy	child	Robert_I_Count_of_Flanders
Charles_Emmanuel_I_Duke_of_Savoy	child	Margaret_Marchioness_of_Namur
Maria_Amalia_of_Saxony	child	Archduchess_Anna_of_Austria
Maria_Amalia_of_Saxony	child	Alfred_the_Great
Maria_Amalia_of_Saxony	child	Ferdinand_Duke_of_Viseu
Maria_Amalia_of_Saxony	child	Conrad_of_Ivrea
Maria_Amalia_of_Saxony	child	Maria_Kunigunde_of_Saxony
Maria_Amalia_of_Saxony	child	Casimir_II_the_Just
Maria_Amalia_of_Saxony	child	James_Duke_of_Rothesay_born_1540
Maria_Amalia_of_Saxony	child	Vladimir_of_Novgorod
Hedwig_of_Saxony	child	Louise_Marie_Anne_de_Bourbon
Hedwig_of_Saxony	child	Anna_Sforza
Hedwig_of_Saxony	child	Edmund_Tudor_1st_Earl_of_Richmond
Isabella_of_Hainault	child	Archduchess_Maria_Carolina_of_Austria_born_1740
Maria_Theresa_of_Naples_and_Sicily	child	Joseph_II_Holy_Roman_Emperor
Maria_Theresa_of_Naples_and_Sicily	child	Charles_VIII_of_France
Maria_Theresa_of_Naples_and_Sicily	child	Baldwin_VI_Count_of_Flanders
Maria_Theresa_of_Naples_and_Sicily	child	Princess_Isabelle_of_Orl_ans_1878_1961
Maria_Theresa_of_Naples_and_Sicily	child	J_r_me_Bonaparte
Maria_Theresa_of_Naples_and_Sicily	child	Henry_III_of_England
Maria_Theresa_of_Naples_and_Sicily	child	Prince_Henry_Duke_of_Cumberland_and_Strathearn
Maria_Theresa_of_Naples_and_Sicily	child	Hiltrud
Archduchess_Maria_Clementina_of_Austria	child	John_III_Burgrave_of_Nuremberg
Charles_VII_of_France	child	Alfonso_X_of_Castile
Charles_VII_of_France	child	Louise__lisabeth_d_Orl_ans
Charles_VII_of_France	child	Henry_Beaufort
Charles_VII_of_France	child	Ernest_of_Bavaria
Charles_VII_of_France	child	Mar_a_Cristina_Mu_oz_y_Borb_n_Marquise_of_la_Isabela
Charles_VII_of_France	child	Peter_I_of_Courtenay
Charles_VII_of_France	child	Agnes_of_Navarre
Charles_IX_of_France	child	Archduke_Rudolf_of_Austria
Charles_IX_of_France	child	Guy_of_Ivrea
Margaret_of_Brabant	child	John_of_Charolais
Margaret_of_Brabant	child	Elizabeth_Stuart_daughter_of_Charles_I
Philip_III_of_France	child	Magdalene_Sibylle_of_Prussia
Philip_III_of_France	child	Alfonso_IX_of_Le_n
Philip_III_of_France	child	Louise_Ad_la_de_d_Orl_ans
Philip_III_of_France	child	James_II_of_Majorca
Philip_III_of_France	child	Rudolf_I_of_Bohemia
Margaret_of_Bavaria	child	Beatrice_of_Portugal_died_1381
Margaret_of_Bavaria	child	Isabella_of_Aragon_Queen_of_France
Margaret_of_Bavaria	child	Peter_Tempesta
Margaret_of_Bavaria	child	Archduke_Ferdinand_Karl_Viktor_of_Austria_Este
Louis_IX_of_France	child	Charles_Duke_of_Lower_Lorraine
Louis_IX_of_France	child	Elisabeth_of_Austria_Duchess_of_Lorraine
Louis_IX_of_France	child	Joan_of_the_Tower
Louis_IX_of_France	child	Archduke_Rainer_Joseph_of_Austria
Louis_IX_of_France	child	Charles_V_Holy_Roman_Emperor
Louis_IX_of_France	child	Duchess_Anna_of_Prussia
Louis_IX_of_France	child	Eleanor_of_Castile_1307_1359
Louis_IX_of_France	child	Victor_Amadeus_Prince_of_Piedmont
Violant_of_Hungary	child	Robert_I_Count_of_Dreux
Violant_of_Hungary	child	Matthew_Count_of_Boulogne
Violant_of_Hungary	child	Prince_William_Henry_Duke_of_Gloucester_and_Edinburgh
Ferdinand_II_of_Le_n	child	Albert_I_Duke_of_Bavaria
Alfonso_VII_of_Le_n_and_Castile	child	Eleanor_of_Austria
Alfonso_VII_of_Le_n_and_Castile	child	Archduke_Rainer_Joseph_of_Austria
Alfonso_VII_of_Le_n_and_Castile	child	Bathilde_d_Orl_ans
Alfonso_VII_of_Le_n_and_Castile	child	Adalbert_of_Italy
Alfonso_VII_of_Le_n_and_Castile	child	Philip_I_Count_of_Auvergne
Alfonso_VII_of_Le_n_and_Castile	child	Philip_of_Castile_Lord_of_Cabrera_and_Ribera
Isabella_of_Aragon_Queen_of_France	child	Ferdinand_I_Holy_Roman_Emperor
Isabella_of_Aragon_Queen_of_France	child	Edward_V_of_England
Ferdinand_I_of_Aragon	child	Henry_III_of_France
Ferdinand_I_of_Aragon	child	Alphonso_Earl_of_Chester
Ferdinand_I_of_Aragon	child	Charles_of_Valois_Duke_of_Berry
Ferdinand_I_of_Aragon	child	John_FitzAlan_1st_Baron_Arundel
Ferdinand_I_of_Aragon	child	Princess_Augusta_Sophia_of_the_United_Kingdom
Ferdinand_I_of_Aragon	child	Peter_Duke_of_Coimbra
Robert_I_Duke_of_Burgundy	child	William_IV_Landgrave_of_Hesse_Kassel
Frederick_I_Duke_of_Lorraine	child	Louise_Diane_Princess_of_Conti
Robert_III_of_Scotland	child	Elisabeth_of_Courtenay
Louis_the_Stammerer	child	Prince_Carlo_Francesco_Duke_of_Aosta
Louis_the_Stammerer	child	Isabella_of_Castile_Queen_of_Aragon
Louis_the_Stammerer	child	Catherine_of_Austria_Queen_of_Portugal
Rudolph_I_of_Burgundy	child	Isabella_of_Valois
Rudolph_I_of_Burgundy	child	Princess_Luisa_Cristina_of_Savoy
Philippe_I_Duke_of_Orl_ans	child	Rudolf_II_Duke_of_Austria
Sophia_of_Minsk	child	Robert_Stewart_Duke_of_Albany
Sophia_of_Minsk	child	Mary_of_Hungary_governor_of_the_Netherlands
Sophia_of_Minsk	child	Princess_Caroline_of_Hesse_Darmstadt
Ferdinand_III_of_Castile	child	Francis_II_of_France
Ferdinand_III_of_Castile	child	Lucrezia_de_Medici_Duchess_of_Ferrara
Ferdinand_III_of_Castile	child	Marguerite_of_Lorraine
Ferdinand_III_of_Castile	child	Princess_Elizabeth_of_the_United_Kingdom
Ferdinand_III_of_Castile	child	Richard_I_of_England
Ferdinand_III_of_Castile	child	Archduke_John_of_Austria
Maria_of_Aragon_Queen_of_Portugal	child	Margaret_of_Bourbon_1438_1483
Maria_of_Aragon_Queen_of_Portugal	child	Jean_Gordon_Countess_of_Bothwell
Maria_of_Aragon_Queen_of_Portugal	child	Margaret_of_England
Maria_of_Aragon_Queen_of_Portugal	child	Archduke_Louis_of_Austria
Maria_of_Aragon_Queen_of_Portugal	child	Ferdinand_Count_of_Flanders
Maria_of_Aragon_Queen_of_Portugal	child	Henri_de_Lorraine_Chaligny
Elizabeth_of_York	child	Margaret_of_Valois_Duchess_of_Berry
Elizabeth_of_York	child	Catherine_of_Valois_Courtenay
Elizabeth_of_York	child	Elisabeth_of_Hesse_Electress_Palatine
Elizabeth_of_York	child	Anund_Jacob
Adelaide_of_Maurienne	child	Antoine_Duke_of_Montpensier
Adelaide_of_Maurienne	child	Archduke_Rudolf_of_Austria
Adelaide_of_Maurienne	child	Charles_of_Valois_Duke_of_Berry
Adelaide_of_Maurienne	child	Princess_Amelia_of_Great_Britain
Emmanuel_Philibert_Duke_of_Savoy	child	Archduchess_Anna_of_Austria
Charlotte_of_Mecklenburg_Strelitz	child	Louis_Duke_of_Orl_ans_1703_1752
Charlotte_of_Mecklenburg_Strelitz	child	_thelfl_d
Charlotte_of_Mecklenburg_Strelitz	child	Prince_Louis_Duke_of_Nemours
Charlotte_of_Mecklenburg_Strelitz	child	Carlo_Duke_of_Calabria
Charlotte_of_Mecklenburg_Strelitz	child	Margaret_of_Hohenzoller_Nuremberg
Charlotte_of_Mecklenburg_Strelitz	child	Margaret_of_Burgundy_Queen_of_France
Charlotte_of_Mecklenburg_Strelitz	child	Bona_of_Savoy
Charlotte_of_Mecklenburg_Strelitz	child	Edward_of_Westminster_Prince_of_Wales
Charlotte_of_Mecklenburg_Strelitz	child	Princess_Augusta_of_Great_Britain
Charlotte_of_Mecklenburg_Strelitz	child	Anna_Sophia_II_Abbess_of_Quedlinburg
Charlotte_of_Mecklenburg_Strelitz	child	Stephanie_Alfonso_of_Castile
Charlotte_of_Mecklenburg_Strelitz	child	Gisela_Abbess_of_Chelles
Blanche_of_Castile	child	Margaret_of_Valois_Angoul_me
Blanche_of_Castile	child	Richeza_of_Poland_Queen_of_Sweden
Blanche_of_Castile	child	Catherine_of_Aragon
Blanche_of_Castile	child	Henri_d_Orl_ans_Duke_of_Aumale
Maximilian_I_Holy_Roman_Emperor	child	Louis_Philippe_I
Maximilian_I_Holy_Roman_Emperor	child	Emanuel_Filibert_of_Savoy
Eleanor_of_Viseu	child	Eug_ne_de_Beauharnais
John_II_of_Portugal	child	Simon_II_Duke_of_Lorraine
Odo_I_Duke_of_Burgundy	child	Princess_Elizabeth_of_Great_Britain
Odo_I_Duke_of_Burgundy	child	Mary_Queen_of_Scots
Odo_I_Duke_of_Burgundy	child	Marie_Louise_Duchess_of_Parma
Antoinette_of_Bourbon	child	Leopold_II_Holy_Roman_Emperor
Antoinette_of_Bourbon	child	Charles_Prince_of_Taranto
Antoinette_of_Bourbon	child	John_of_Castile_Lord_of_Valencia_de_Campos
Antoinette_of_Bourbon	child	Bonne_of_Luxembourg
Antoinette_of_Bourbon	child	Carloman_son_of_Charles_the_Bald
Maria_Josepha_of_Saxony_Dauphine_of_France	child	Elisabeth_Farnese
Maria_Josepha_of_Saxony_Dauphine_of_France	child	Claude_of_France
Maria_Josepha_of_Saxony_Dauphine_of_France	child	Infante_Antonio_Pascual_of_Spain
Maria_Josepha_of_Saxony_Dauphine_of_France	child	Albert_VII_Archduke_of_Austria
Maria_Josepha_of_Saxony_Dauphine_of_France	child	Archduke_Anton_Victor_of_Austria
Henrietta_Maria	child	Afonso_II_of_Portugal
Henrietta_Maria	child	Odo_II_Duke_of_Burgundy
Henrietta_Maria	child	John_Stewart_Earl_of_Mar_died_1479
Louis_the_German	child	Louis_Duke_of_Burgundy
Louis_the_German	child	Princess_Marie_Isabelle_of_Orl_ans
Louis_the_German	child	Anne_of_Brittany
Charles_the_Fat	child	Leopold_Prince_of_Salerno
Hugh_Capet	child	Alfonso_de_Castilla_y_Molina
Theodoric_II_Duke_of_Lorraine	child	Edmund_Tudor_Duke_of_Somerset
Ferdinand_I_Holy_Roman_Emperor	child	Alfonso_V_of_Aragon
Ferdinand_I_Holy_Roman_Emperor	child	Marie_Antoinette
Ferdinand_I_Holy_Roman_Emperor	child	Prince_Maurizio_Duke_of_Montferrat
Ferdinand_I_Holy_Roman_Emperor	child	Louis_XVII
Ferdinand_I_Holy_Roman_Emperor	child	Eleanor_of_England_Queen_of_Castile
Ferdinand_I_Holy_Roman_Emperor	child	Beatrice_Countess_of_Arundel
Ferdinand_I_Holy_Roman_Emperor	child	Peter_II_of_Aragon
Ferdinand_I_Holy_Roman_Emperor	child	Louis_the_Younger
Louis_Dauphin_of_France_son_of_Louis_XV	child	Frederick_II_Duke_of_Lorraine
Louis_Dauphin_of_France_son_of_Louis_XV	child	Gerberga_of_Saxony
Louis_Dauphin_of_France_son_of_Louis_XV	child	Nicholas_Francis_Duke_of_Lorraine
Louis_Dauphin_of_France_son_of_Louis_XV	child	William_FitzEmpress
Louis_Dauphin_of_France_son_of_Louis_XV	child	Margaret_of_France_Queen_of_England_and_Hungary
Louis_Dauphin_of_France_son_of_Louis_XV	child	Thomas_2nd_Earl_of_Lancaster
Theobald_I_of_Navarre	child	Sancho_III_of_Castile
Theobald_I_of_Navarre	child	Mstislav_of_Chernigov
Theobald_I_of_Navarre	child	Princess_Maria_Christina_of_Saxony_1735_1782
Marie_Caroline_of_Bourbo_Two_Sicilies_Duchess_of_Berry	child	Blanche_of_Navarre_Queen_of_France
Marie_Caroline_of_Bourbo_Two_Sicilies_Duchess_of_Berry	child	Charlotte_of_Savoy
Agnes_of_Burgundy_Duchess_of_Bourbon	child	Charlotte_of_Mecklenburg_Strelitz
Agnes_of_Burgundy_Duchess_of_Bourbon	child	Princess_Sophia_of_the_United_Kingdom
Agnes_of_Burgundy_Duchess_of_Bourbon	child	Guigues_VI_of_Viennois
Agnes_of_Burgundy_Duchess_of_Bourbon	child	Philip_Count_of_Longueville
Agnes_of_Burgundy_Duchess_of_Bourbon	child	Emma_of_Paris_Duchess_of_Normandy
Archduchess_Anna_of_Austria	child	Charles_VI_of_France
Archduchess_Anna_of_Austria	child	Michelle_of_Valois
Archduchess_Anna_of_Austria	child	Charlotte_Agla__d_Orl_ans
Archduchess_Anna_of_Austria	child	Afonso_Prince_of_Portugal
Archduchess_Anna_of_Austria	child	Ad_la_de_d_Orl_ans
Louis_I_of_Anjou	child	Adalbert_of_Italy
Louis_I_of_Anjou	child	Louis_of_France_1264_1276
Charlotte_of_Savoy	child	Malusha
Eleanor_of_Aquitaine	child	John_II_Duke_of_Lorraine
Eleanor_of_Aquitaine	child	Archduchess_Magdalena_of_Austria
Eleanor_of_Aquitaine	child	Alfonso_V_of_Aragon
Eleanor_of_Aquitaine	child	John_I_Count_of_La_Marche
Eleanor_of_Aquitaine	child	Virginia_de_Medici
Eleanor_of_Aquitaine	child	Prince_Philippe_Duke_of_Orl_ans_1869_1926
Eleanor_of_Aquitaine	child	Duke_George_Augustus_of_Mecklenburg
Eleanor_of_Aquitaine	child	Albert_II_Duke_of_Saxony
Eleanor_of_Aquitaine	child	Geoffrey_Count_of_Nantes
Eleanor_of_Aquitaine	child	Margaret_of_Cleves_Duchess_of_Bavaria_Munich
Benedicta_Henrietta_of_the_Palatinate	child	John_King_of_England
Benedicta_Henrietta_of_the_Palatinate	child	Eleanor_of_Woodstock
Mary_Queen_of_Scots	child	Elisa_Bonaparte
Anne_of_Brittany	child	Anne_of_Austria_Landgravine_of_Thuringia
Anne_of_Brittany	child	Marie_of_Valois_Prioress_of_Poissy
Anne_of_Brittany	child	Blanche_of_Anjou
_lffl_d_wife_of_Edward_the_Elder	child	Charles_V_of_France
_lffl_d_wife_of_Edward_the_Elder	child	Isabella_of_Portugal
_lffl_d_wife_of_Edward_the_Elder	child	Prince_Alfred_of_Great_Britain
_lffl_d_wife_of_Edward_the_Elder	child	Prince_William_Duke_of_Cumberland
Pepin_the_Short	child	James_I_of_Aragon
Pepin_the_Short	child	Marie_of_France_Duchess_of_Bar
Berengar_II_of_Italy	child	Louis_II_Elector_of_Brandenburg
Berengar_II_of_Italy	child	Charles_IV_of_France
Berengar_II_of_Italy	child	Edward_the_Elder
Berengar_II_of_Italy	child	James_of_Castile_Lord_of_Cameros
Rozala_of_Italy	child	Louis_Philippe_I
Alfred_the_Great	child	George_IV
Alfred_the_Great	child	Maria_Luisa_Gabriella_of_Savoy
Alfred_the_Great	child	Prince_Giuseppe_of_Naples_and_Sicily
William_the_Younger_Duke_of_Brunswic_L_neburg	child	Blanche_of_Brittany
William_the_Younger_Duke_of_Brunswic_L_neburg	child	Princess_Maria_Carolina_of_Savoy
William_the_Younger_Duke_of_Brunswic_L_neburg	child	Yolanda_of_Courtenay
William_the_Younger_Duke_of_Brunswic_L_neburg	child	George_III
William_the_Younger_Duke_of_Brunswic_L_neburg	child	Joanna_of_Castile
William_the_Younger_Duke_of_Brunswic_L_neburg	child	Frederick_IV_Duke_of_Brunswic_L_neburg
William_the_Younger_Duke_of_Brunswic_L_neburg	child	Robert_I_Count_of_Artois
Isabella_of_France	child	Joan_II_of_Navarre
Isabella_of_France	child	Prince_Alfred_of_Great_Britain
Isabella_of_France	child	Philip_the_Good
Isabella_of_France	child	Joan_of_England_Queen_of_Scotland
Joan_I_of_Navarre	child	Henry_III_of_France
Joan_I_of_Navarre	child	Ferdinand_III_of_Castile
Joan_I_of_Navarre	child	Agnes_of_France_Duchess_of_Burgundy
Joan_I_of_Navarre	child	Frederick_I_Count_of_Vaud_mont
Elisabeth_Christine_of_Brunswic_Wolfenb_ttel	child	Agatha_wife_of_Edward_the_Exile
Elisabeth_Christine_of_Brunswic_Wolfenb_ttel	child	Charles_Count_of_Maine
Sancho_III_of_Castile	child	Cristina_daughter_of_Edward_the_Exile
Alys_of_France_Countess_of_Vexin	child	Beatrice_of_Bourbon_Queen_of_Bohemia
Charles_Duke_of_Vend_me	child	Afonso_V_of_Portugal
Charles_Duke_of_Vend_me	child	Beatrice_of_Bavaria
Charles_Duke_of_Vend_me	child	Princess_Maria_Antonia_of_the_Two_Sicilies
Charles_Duke_of_Vend_me	child	Marie_of_France_Duchess_of_Brabant
Charles_Duke_of_Vend_me	child	Peter_of_Castile_Lord_of_Cameros
Margaret_of_Foix	child	Anastasia_of_Kiev
Margaret_of_Foix	child	Louis_of_Toulouse
Prince_Philippe_Count_of_Paris	child	Conrad_I_of_Burgundy
Prince_Philippe_Count_of_Paris	child	Margaret_of_England
Prince_Philippe_Count_of_Paris	child	Margaret_Tudor
Prince_Philippe_Count_of_Paris	child	Louis_Duke_of_Guyenne
George_Gordon_4th_Earl_of_Huntly	child	Francis_II_of_France
George_Gordon_4th_Earl_of_Huntly	child	Maria_Theresa
George_Gordon_4th_Earl_of_Huntly	child	Igor_Yaroslavich
George_Gordon_4th_Earl_of_Huntly	child	Yolande_of_Valois
George_Gordon_4th_Earl_of_Huntly	child	Manuel_of_Castile
Agatha_wife_of_Edward_the_Exile	child	Maria_Anna_of_Bavaria_born_1551
Agatha_wife_of_Edward_the_Exile	child	Claude_of_France
Agatha_wife_of_Edward_the_Exile	child	Archduchess_Marie_Anne_of_Austria
Robert_II_of_France	child	Blanche_of_Navarre_Queen_of_France
Robert_II_of_France	child	Louis_de_Bourbon_Bishop_of_Li_ge
Robert_II_of_France	child	Vsevolod_I_of_Kiev
Robert_II_of_France	child	Duchess_Christiane_of_Mecklenburg
Hugh_IV_Duke_of_Burgundy	child	Empress_Matilda
Hugh_IV_Duke_of_Burgundy	child	Louis_Philippe_I_Duke_of_Orl_ans
Frederick_IV_Duke_of_Lorraine	child	Margaret_of_Valois_Countess_of_Blois
Elizabeth_of_Luxembourg	child	Louis_XV
Simon_I_Duke_of_Lorraine	child	Gerberga_of_Burgundy
Empress_Jos_phine	child	Beatrice_of_Navarre_Duchess_of_Burgundy
Empress_Jos_phine	child	Sviatoslav_II_of_Kiev
Maximilian_II_Holy_Roman_Emperor	child	Anne_of_Austria
Maximilian_II_Holy_Roman_Emperor	child	Victor_Amadeus_III_of_Sardinia
Maximilian_II_Holy_Roman_Emperor	child	Louis_Philippe_II_Duke_of_Orl_ans
Maximilian_II_Holy_Roman_Emperor	child	Philip_Duke_of_Parma
Maximilian_II_Holy_Roman_Emperor	child	Hugh_Count_of_Vermandois
Maximilian_II_Holy_Roman_Emperor	child	Anne_of_Orl_ans_Abbess_of_Fontevraud
Maximilian_II_Holy_Roman_Emperor	child	Marie_Th_r_se_of_France_1667_1672
Baldwin_V_Count_of_Flanders	child	James_VI_and_I
Baldwin_V_Count_of_Flanders	child	Conrad_of_Ivrea
Baldwin_V_Count_of_Flanders	child	Matthias_Holy_Roman_Emperor
Anne_Gonzaga	child	Louis_VII_of_France
Anne_Gonzaga	child	Catherine_of_Valois
Anne_Gonzaga	child	Philip_William_August_Count_Palatine_of_Neuburg
Anna_Maria_of_Mecklenburg_Schwerin	child	Richard_Count_of__tampes
Anna_Maria_of_Mecklenburg_Schwerin	child	Elizabeth_Tudor_1492_1495
Anna_Maria_of_Mecklenburg_Schwerin	child	Katherine_of_England
Anna_Maria_of_Mecklenburg_Schwerin	child	Peter_III_of_Aragon
Anna_Maria_of_Mecklenburg_Schwerin	child	Anne_of_Austria_Margravine_of_Brandenburg
Anna_Maria_of_Mecklenburg_Schwerin	child	Louis_of_Valois
Ramon_Berenguer_IV_Count_of_Provence	child	Ren__of_Anjou
Ramon_Berenguer_IV_Count_of_Provence	child	Louis_III_of_Anjou
Ramon_Berenguer_IV_Count_of_Provence	child	Charles_Orlando_Dauphin_of_France
Ramon_Berenguer_IV_Count_of_Provence	child	Geoffrey_Count_of_Nantes
Stephen_II_Duke_of_Bavaria	child	John_Count_of_Angoul_me
Stephen_II_Duke_of_Bavaria	child	Judith_of_Habsburg
Stephen_II_Duke_of_Bavaria	child	Louis_Duke_of_Burgundy_1751_1761
Agnes_of_France_Duchess_of_Burgundy	child	John_Prince_of_Asturias
Agnes_of_France_Duchess_of_Burgundy	child	Joan_of_France_1351_1371
Agnes_of_France_Duchess_of_Burgundy	child	John_I_Duke_of_Cleves
Louis_XVI	child	Henry_VI_of_England
Louis_XVI	child	_lfweard_of_Wessex
Louis_XVI	child	Prince_George_William_of_Great_Britain
Henry_VI_of_England	child	Eleanor_of_Castile_died_1244
Mary_of_Hungary_Queen_of_Naples	child	Maria_of_Naples
Mary_of_Hungary_Queen_of_Naples	child	Louise_of_Savoy
Mary_of_Hungary_Queen_of_Naples	child	Marie_Hedwig_of_Hesse_Darmstadt
Mary_of_Hungary_Queen_of_Naples	child	Cecile_of_France
Mary_of_Hungary_Queen_of_Naples	child	Henry_VI_of_England
Mary_of_Hungary_Queen_of_Naples	child	Ferdinand_Duke_of_Viseu
Mary_of_Hungary_Queen_of_Naples	child	Philippe_Emmanuel_Duke_of_Merc_ur
Mary_of_Hungary_Queen_of_Naples	child	Frederick_Christian_Elector_of_Saxony
Mary_of_Hungary_Queen_of_Naples	child	Archduchess_Maria_Anna_of_Austria_born_1770
Mary_of_Hungary_Queen_of_Naples	child	Anne_of_York_daughter_of_Edward_IV
Richard_Count_of__tampes	child	Louis_IV_of_France
Margaret_of_Valois_Angoul_me	child	Eleanor_of_Provence
Pepin_of_Herstal	child	Gisela_of_France
Pepin_of_Herstal	child	William_II_Duke_of_Bavaria
Pepin_of_Herstal	child	Ad_la_de_d_Orl_ans
Francesco_I_de_Medici_Grand_Duke_of_Tuscany	child	Louis_XI
Francesco_I_de_Medici_Grand_Duke_of_Tuscany	child	Sophia_of_Saxe_Weissenfels_Princess_of_Anhalt_Zerbst
Francesco_I_de_Medici_Grand_Duke_of_Tuscany	child	Archduke_Ernest_of_Austria
Francesco_I_de_Medici_Grand_Duke_of_Tuscany	child	Archduchess_Maria_Carolina_of_Austria_stillborn_1748
Elizabeth_Gordon_Countess_of_Huntly	child	Frederica_Louisa_of_Hesse_Darmstadt
Elizabeth_Gordon_Countess_of_Huntly	child	John_King_of_England
Elizabeth_Gordon_Countess_of_Huntly	child	Carloman_of_Bavaria
Elizabeth_Gordon_Countess_of_Huntly	child	Arnulf_Count_of_Holland
Joan_Countess_of_Ponthieu	child	Charles_the_Simple
Sophia_Eleonore_of_Saxony	child	Alice_Holland_Countess_of_Kent
Sophia_Eleonore_of_Saxony	child	Canute_VI_of_Denmark
Sophia_Eleonore_of_Saxony	child	Margaret_of_England_Duchess_of_Brabant
Sophia_Eleonore_of_Saxony	child	Francesco_I_de_Medici_Grand_Duke_of_Tuscany
Sophia_Eleonore_of_Saxony	child	Archduchess_Maria_Johanna_Gabriela_of_Austria
Louis_IV_Holy_Roman_Emperor	child	Hedwig_of_Saxony
Louis_IV_Holy_Roman_Emperor	child	Louis_Hereditary_Prince_of_Lorraine
Louis_IV_Holy_Roman_Emperor	child	Archduchess_Maria_Johanna_Gabriela_of_Austria
Louis_IV_Holy_Roman_Emperor	child	Catherine_of_Austria_Duchess_of_Calabria
Louis_IV_Holy_Roman_Emperor	child	Amalric_of_Jerusalem
Louis_IV_Holy_Roman_Emperor	child	Hucbert
Henry_Count_of_Portugal	child	Caroline_Matilda_of_Great_Britain
James_IV_of_Scotland	child	Louis_XIII
Ermengarde_of_Hesbaye	child	Eleanor_of_Austria
Ermengarde_of_Hesbaye	child	Eleanor_of_Navarre
Maria_Teresa_Felicitas_d_Este	child	Alix_of_France
Maria_Teresa_Felicitas_d_Este	child	Robert_III_Count_of_Dreux
Maria_Teresa_Felicitas_d_Este	child	Louis_of_France_1244_1260
Louise_Marie_Ad_la_de_de_Bourbon_Duchess_of_Orl_ans	child	Helie_of_Burgundy
Louise_Marie_Ad_la_de_de_Bourbon_Duchess_of_Orl_ans	child	Ferdinand_I_of_Portugal
Louise_Marie_Ad_la_de_de_Bourbon_Duchess_of_Orl_ans	child	Ferdinand_of_Castile_died_1211
John_the_Fearless	child	Roman_Catholic_Archdiocese_of_Cambrai
John_the_Fearless	child	Afonso_IV_of_Portugal
John_the_Fearless	child	Joan_of_England_Queen_of_Sicily
Eleanor_of_Aragon_Queen_of_Portugal	child	Wilhelmine_Amalie_of_Brunswick
Eleanor_of_Aragon_Queen_of_Portugal	child	Francis_I_Holy_Roman_Emperor
Eleanor_of_Aragon_Queen_of_Portugal	child	Prince_Philippe_Count_of_Paris
Eleanor_of_Aragon_Queen_of_Portugal	child	Isabel_of_Viseu
Afonso_III_of_Portugal	child	Charles_Frederick_Grand_Duke_of_Saxe_Weimar_Eisenach
Afonso_III_of_Portugal	child	Charles_X
Afonso_III_of_Portugal	child	Louis_XI
Afonso_III_of_Portugal	child	Gaston_Duke_of_Orl_ans
Afonso_III_of_Portugal	child	Wenceslaus_III_of_Bohemia
Afonso_III_of_Portugal	child	Maria_Anna_of_Savoy
Afonso_III_of_Portugal	child	Princess_H_l_ne_of_Orl_ans
Yolanda_Latin_Empress	child	Charles_VI_of_France
Yolanda_Latin_Empress	child	Philip_V_of_Spain
Yolanda_Latin_Empress	child	Hugh_Capet
Yolanda_Latin_Empress	child	Edwin_son_of_Edward_the_Elder
Yolanda_Latin_Empress	child	Louis_of_France_1244_1260
Yolanda_Latin_Empress	child	Martim_Afonso_Chichorro
Nicolas_Duke_of_Merc_ur	child	James_V_of_Scotland
Nicolas_Duke_of_Merc_ur	child	Andrew_Duke_of_Slavonia
Nicolas_Duke_of_Merc_ur	child	Archduchess_Gregoria_Maximiliana_of_Austria
Bertrade_of_Montfort	child	Henry_II_of_England
Bertrade_of_Montfort	child	Ernest_Augustus_King_of_Hanover
Beatrice_of_Silesia	child	Jean_Gordon_Countess_of_Bothwell
Ferdinand_Duke_of_Viseu	child	Elisabeth_of_Lorraine
Ferdinand_Duke_of_Viseu	child	Peter_of_Aragon_Count_of_Alburquerque
Ferdinand_Duke_of_Viseu	child	Louis_II_of_Hungary
Antoine_of_Navarre	child	Ferdinand_I_of_Aragon
Maria_Beatrice_of_Savoy	child	Louis_XIII
Maria_Beatrice_of_Savoy	child	Bertha_of_Holland
Maria_Beatrice_of_Savoy	child	Victor_Emmanuel_I_of_Sardinia
Henry_IV_of_France	child	Eleanor_of_Castile_Queen_of_Navarre
Henry_IV_of_France	child	Charles_the_Fat
Henry_IV_of_France	child	Louis_Duke_of_Burgundy_1751_1761
Henry_IV_of_France	child	Louis_the_Younger
Henry_IV_of_France	child	Catherine_of_Lorraine_1573_1648
Henry_IV_of_France	child	Pepin_of_Italy
Henry_IV_of_France	child	Charles_II_of_England
Conrad_I_of_Burgundy	child	Peter_of_Aragon_Count_of_Alburquerque
Conrad_I_of_Burgundy	child	Ermengarde_of_Anjou_d._1146
Conrad_I_of_Burgundy	child	Catherine_of_France_Countess_of_Charolais
Ferdinand_Karl_Archduke_of_Austria_Este	child	Maria_Carolina_of_Austria
Ferdinand_Karl_Archduke_of_Austria_Este	child	Sancho_IV_of_Castile
Ferdinand_Karl_Archduke_of_Austria_Este	child	Princess_Maria_Vittoria_Margherita_of_Savoy
Judith_of_Habsburg	child	Louis_XIV
Judith_of_Habsburg	child	Marie_Th_r_se_of_France
Margaret_of_Provence	child	Philip_IV_of_Spain
Margaret_of_Provence	child	Diogo_Duke_of_Viseu
Margaret_of_Provence	child	Infanta_Luisa_Fernanda_Duchess_of_Montpensier
Margaret_of_Provence	child	Victoire_of_France_1733_1799
Margaret_of_Provence	child	Peter_II_Duke_of_Bourbon
Margaret_of_Provence	child	Joseph_Bonaparte
Margaret_of_Provence	child	Fran_ois_III_d_Orl_ans_Duke_of_Longueville
Margaret_of_Provence	child	_lisabeth_of_France
Eleanor_of_Austria	child	Caroline_Bonaparte
Robert_Count_of_Clermont	child	Blanche_of_Castile
Robert_Count_of_Clermont	child	Igor_Yaroslavich
Robert_Count_of_Clermont	child	Eleanor_of_Aragon_Countess_of_Toulouse
Eadgifu_of_Wessex	child	Blanche_of_Burgundy_Countess_of_Savoy
Elisabeth_of_Austria_Queen_of_France	child	Archduchess_Maria_Josepha_of_Austria
Francis_I_of_France	child	Willa_of_Tuscany
Francis_I_of_France	child	Alphonso_Earl_of_Chester
Francis_I_of_France	child	Frederick_III_Duke_of_Saxe_Gotha_Altenburg
Francis_I_of_France	child	Theodoric_II_Duke_of_Lorraine
Francis_I_of_France	child	Constance_of_France_Princess_of_Antioch
Frederuna	child	Conrad_II_Duke_of_Transjurane_Burgundy
Philip_II_of_France	child	Johann_Adolf_I_Duke_of_Saxe_Weissenfels
Philip_II_of_France	child	Prince_Philippe_Duke_of_Orl_ans_1869_1926
Philip_II_of_France	child	Irmgard_of_Chiemsee
Charlemagne	child	Igor_of_Kiev
Charlemagne	child	Edward_I_of_England
Charlemagne	child	Anne_Marie_d_Orl_ans
Charlemagne	child	Archduke_Charles_Duke_of_Teschen
Louis_the_Pious	child	Marie_of_Luxembourg_Countess_of_Vend_me
Louis_the_Pious	child	Anna_de_Medici
Louis_the_Pious	child	Hedwig_of_Habsburg
Louis_the_Pious	child	Jean_de_Montagu
Robert_II_Count_of_Dreux	child	Afonso_I_of_Portugal
Robert_II_Count_of_Dreux	child	Catherine_de_Bourbon
Robert_II_Count_of_Dreux	child	Joan_of_France_Duchess_of_Berry
Robert_II_Count_of_Dreux	child	Louise_of_Orl_ans
Louis_Philippe_II_Duke_of_Orl_ans	child	Princess_Anne_Charlotte_of_Lorraine
Louis_Philippe_II_Duke_of_Orl_ans	child	Maria_Anna_of_Savoy_Duchess_of_Chablais
Louis_Philippe_II_Duke_of_Orl_ans	child	Alix_of_Brittany_Dame_de_Pontarcy
Jeanne_d_Albret	child	Beatrice_of_England
Jeanne_d_Albret	child	Francis_V_Duke_of_Modena
Elizabeth_the_Cuman	child	Charles_II_of_Navarre
Elizabeth_the_Cuman	child	Eadhild
Elizabeth_the_Cuman	child	Maria_Amalia_Holy_Roman_Empress
Elizabeth_the_Cuman	child	Blanche_of_France_Duchess_of_Austria
Elizabeth_the_Cuman	child	Ferdinand_II_Holy_Roman_Emperor
Elizabeth_the_Cuman	child	Louis_Alexandre_Prince_of_Lamballe
Philip_V_of_France	child	Alfonso_XI_of_Castile
Philip_V_of_France	child	Blanche_II_of_Navarre
Philip_V_of_France	child	Elizabeth_of_Hungary_Queen_of_Serbia
Salomea_of_Berg	child	Hugh_the_Abbot
Salomea_of_Berg	child	John_Woodville
Salomea_of_Berg	child	Louise__lisabeth_Duchess_of_Berry
Salomea_of_Berg	child	Philip_of_France_Archdeacon_of_Paris
Salomea_of_Berg	child	John_III_of_Portugal
Salomea_of_Berg	child	Henry_King_of_Portugal
Marie_of_Anjou	child	Mary_of_Burgundy
Marie_of_Anjou	child	Princess_Louise_d_Artois
Marie_of_Anjou	child	Eadgifu_of_Wessex
Marie_of_Anjou	child	Albert_Casimir_Duke_of_Teschen
Marie_of_Anjou	child	Joanna_of_Bavaria
Marie_of_Anjou	child	Afonso_Prince_of_Portugal
Marie_of_Anjou	child	Lucien_Bonaparte
Yolande_of_Aragon	child	Hugh_IV_Duke_of_Burgundy
Yolande_of_Aragon	child	_thelstan_of_Kent
Yolande_of_Aragon	child	Prince_Leopold_Count_of_Syracuse
Robert_I_of_France	child	Edward_King_of_Portugal
Robert_I_of_France	child	Maria_Cristina_of_Savoy
John_I_of_Castile	child	Carlo_Buonaparte
John_I_of_Castile	child	Matilda_of_Saxony_1172_1209_10
Henry_III_of_England	child	Arthur_Prince_of_Wales
Henry_III_of_England	child	John_Hereditary_Prince_of_Saxony
Henry_III_of_England	child	Philip_of_France_Archdeacon_of_Paris
Henry_III_of_England	child	Joan_of_Acre
Elizabeth_of_Austria_1436_1505	child	Arthur_II_Duke_of_Brittany
Elizabeth_of_Austria_1436_1505	child	Henry_I_of_France
Elizabeth_of_Austria_1436_1505	child	Edward_III_of_England
Elizabeth_of_Austria_1436_1505	child	Agust_n_Mar_a_Mu_oz_y_Borb_n_1st_Duke_of_Taranc_n
Elizabeth_of_Austria_1436_1505	child	Catherine_Woodville_Duchess_of_Buckingham
Elizabeth_of_Austria_1436_1505	child	Catherine_of_Foix_Countess_of_Candale
Elizabeth_of_Austria_1436_1505	child	Margaret_of_France_Queen_of_England
Hortense_de_Beauharnais	child	Yolande_of_Aragon
Hortense_de_Beauharnais	child	Louis_VI_Landgrave_of_Hesse_Darmstadt
Hortense_de_Beauharnais	child	Princess_Caroline_Louise_of_Saxe_Weimar_Eisenach
Anne_of_Kiev	child	Charles_II_de_Valois_Duke_of_Orl_ans
Louis_VIII_of_France	child	John_Constable_of_Portugal
Louis_VIII_of_France	child	Princess_Sophia_of_the_United_Kingdom
Louis_VIII_of_France	child	Archduchess_Maria_Amalia_of_Austria_1780_1798
Louis_VIII_of_France	child	Blanche_of_Bourbon
John_King_of_England	child	_thelbald_King_of_Wessex
John_King_of_England	child	Princess_Maria_Antonia_of_Naples_and_Sicily
John_King_of_England	child	John_Duke_of_Berry
John_King_of_England	child	Agnes_of_France_Byzantine_Empress
John_King_of_England	child	Joan_of_England_Queen_of_Sicily
John_King_of_England	child	Juan_de_Arag_n
Charles_Duke_of_Orl_ans	child	Pepin_I_of_Aquitaine
Charles_Duke_of_Orl_ans	child	Louis_VI_of_France
Charles_Duke_of_Orl_ans	child	Prince_Gennaro_of_Naples_and_Sicily
Charles_Duke_of_Orl_ans	child	Violant_of_Bar
Marie_of_Cleves_Duchess_of_Orl_ans	child	Princess_Maria_Carolina_of_Savoy
Marie_of_Cleves_Duchess_of_Orl_ans	child	Princess_Elizabeth_of_Great_Britain
Marie_of_Cleves_Duchess_of_Orl_ans	child	Blanche_of_France_Duchess_of_Orl_ans
Eleanor_of_England_Queen_of_Castile	child	Philippe_Duke_of_Anjou
Eleanor_of_England_Queen_of_Castile	child	Marie_of_France_Duchess_of_Brabant
Eleanor_of_England_Queen_of_Castile	child	Geoffrey_archbishop_of_York
Edward_the_Elder	child	Philip_II_Duke_of_Savoy
Edward_the_Elder	child	Theobald_II_Duke_of_Lorraine
Edward_the_Elder	child	Albert_II_Duke_of_Austria
Edward_the_Elder	child	Margaret_Countess_of_Anjou
Edward_the_Elder	child	Charles_III_Duke_of_Lorraine
Edward_the_Elder	child	Isabelle_of_France_saint
Maria_Theresa	child	Stephen_III_Duke_of_Bavaria
Maria_Theresa	child	Napoleon_III
Maria_Theresa	child	Ferdinand_I_Holy_Roman_Emperor
Maria_Theresa	child	Catherine_of_Austria_Queen_of_Poland
Maria_Theresa	child	Joan_of_Portugal
Maria_Theresa	child	Bona_of_Savoy
Maria_Theresa	child	Henry_Duke_of_Villena
Maria_Theresa	child	_thelswith
Maria_Theresa	child	Louise_Diane_Princess_of_Conti
Maria_Theresa	child	Charlotte_Princess_Royal
Louis_Bonaparte	child	Judith_of_Habsburg
Louis_Bonaparte	child	Adam_FitzRoy
Louis_Bonaparte	child	Duarte_Duke_of_Guimar_es_1515_1540
Isabella_of_Portugal	child	Margaret_of_Anjou
Isabella_of_Portugal	child	Baldwin_IV_Count_of_Flanders
Edward_II_of_England	child	Marie_Countess_of_Ponthieu
Edward_II_of_England	child	Frederick_IV_Duke_of_Lorraine
Edward_II_of_England	child	Bertha_of_Burgundy
Edward_II_of_England	child	Gerberga_of_Burgundy
George_III	child	Countess_Palatine_Dorothea_Sophie_of_Neuburg
George_III	child	Ferdinand_II_of_Le_n
George_III	child	William_FitzEmpress
George_III	child	Maximilian_II_Holy_Roman_Emperor
George_III	child	Louis_Antoine_Duke_of_Angoul_me
George_III	child	Maria_Leopoldina_of_Austria
George_III	child	Maria_Elisabetta_Carlotta_of_Savoy
George_III	child	Eleonore_Magdalene_of_Neuburg
George_III	child	Hugh_Count_of_Vermandois
George_III	child	Ren_e_of_France
George_III	child	Prince_Louis_Count_of_Aquila
George_III	child	Louis_Auguste_Duke_of_Maine
Elisabeth_of_Nuremberg	child	Elisabeth_of_France_1602_1644
Elisabeth_of_Nuremberg	child	John_Duke_of_Durazzo
Elisabeth_of_Nuremberg	child	Matilda_of_Anjou
Elisabeth_of_Nuremberg	child	Hedwig_of_France_Countess_of_Mons
Louis_II_of_Anjou	child	Alfonso_Fern_ndez_el_Ni_o
Louis_II_of_Anjou	child	Charles_Ferdinand_Duke_of_Berry
Louis_II_of_Anjou	child	Otto_I_Count_Palatine_of_Mosbach
Louis_II_of_Anjou	child	Charles_II_Grand_Duke_of_Mecklenburg_Strelitz
Christine_of_Saxony	child	Otto_III_Duke_of_Bavaria
Christine_of_Saxony	child	Louis_III_of_France
Christine_of_Saxony	child	Princess_Mary_Duchess_of_Gloucester_and_Edinburgh
Christine_of_Saxony	child	Marie_of_France_Countess_of_Champagne
Christine_of_Saxony	child	Marie_Louise_Duchess_of_Parma
Christine_of_Saxony	child	Frederick_III_Duke_of_Lorraine
Christine_of_Saxony	child	Beatrice_of_Provence
Christine_of_Saxony	child	Infanta_Branca_Lady_of_Guadalajara
Alpaida	child	Cardinal_Infante_Ferdinand_of_Austria
Alpaida	child	Rothilde
Princess_Augusta_of_Saxe_Gotha	child	Anna_of_Austria_Queen_of_Spain
Princess_Augusta_of_Saxe_Gotha	child	Henri_de_Dreux
Princess_Augusta_of_Saxe_Gotha	child	Archduchess_Maria_Theresa_of_Austria_Este_1817_1886
Princess_Augusta_of_Saxe_Gotha	child	Dorothea_of_Brunswic_L_neburg
Princess_Augusta_of_Saxe_Gotha	child	Ferdinand_Prince_of_Asturias
Princess_Augusta_of_Saxe_Gotha	child	Carloman_son_of_Charles_the_Bald
Francis_I_Duke_of_Lorraine	child	Philip_I_Count_of_Auvergne
Francis_I_Duke_of_Lorraine	child	Ladislaus_IV_of_Hungary
Louis_VII_of_France	child	Claude_of_France_1547_1575
Louis_VII_of_France	child	Eleanor_of_England_Countess_of_Leicester
Louis_VII_of_France	child	Jean_Marie_Duke_of_Ch_teauvillain
Louis_VII_of_France	child	Walter_Stewart_Lord_of_Fife
Matilda_of_France	child	Agnes_of_Burgundy_Duchess_of_Bourbon
Matilda_of_France	child	Henri_Count_of_Chambord
Matilda_of_France	child	Joan_of_Portugal
Elisabeth_of_Meissen	child	Joan_of_Brittany_Baroness_of_Drayton
Elisabeth_of_Meissen	child	Joan_III_Countess_of_Burgundy
Elisabeth_of_Meissen	child	Napol_on_Charles_Bonaparte
Elisabeth_of_Meissen	child	Princess_Mar_a_Cristina_of_Orl_ans
Elisabeth_of_Meissen	child	Henry_Beaumont_3rd_Baron_Beaumont
Louis_VI_of_France	child	Nicolas_Henri_Duke_of_Orl_ans
Louis_VI_of_France	child	Maria_of_Portugal_Duchess_of_Viseu
Louis_VI_of_France	child	Albert_II_Duke_of_Bavaria
Louis_VI_of_France	child	Joan_of_France_Duchess_of_Bourbon
Louis_VI_of_France	child	John_of_Burgundy_1231_68
Peter_I_Duke_of_Brittany	child	Judith_of_Flanders
Afonso_IV_of_Portugal	child	Charles_III_of_Spain
Afonso_IV_of_Portugal	child	John_Duke_of_Valencia_de_Campos
Afonso_IV_of_Portugal	child	Teresa_Cristina_of_the_Two_Sicilies
John_I_Duke_of_Lorraine	child	Prince_Ferdinand_Duke_of_Montpensier
John_I_Duke_of_Lorraine	child	Blanche_of_Burgundy_Countess_of_Savoy
Theobald_II_Duke_of_Lorraine	child	Vladimir_the_Great
Eleanor_of_Navarre	child	Margaret_of_Valois_Duchess_of_Berry
Eleanor_of_Navarre	child	Philip_the_Good
Eleanor_of_Navarre	child	Alfonso_VIII_of_Castile
Eleanor_of_Navarre	child	Archduchess_Clementina_of_Austria
Agnes_of_Merania	child	Philip_II_of_France
John_IV_Duke_of_Brittany	child	Marie_of_Valois_Duchess_of_Calabria
John_IV_Duke_of_Brittany	child	Izyaslav_of_Polotsk
John_IV_Duke_of_Brittany	child	Adolphus_Frederick_III_Duke_of_Mecklenburg_Strelitz
Henry_VII_of_England	child	Richard_of_Shrewsbury_Duke_of_York
Henry_VII_of_England	child	Margaret_I_Countess_of_Flanders
Henry_VII_of_England	child	Theobald_I_Duke_of_Lorraine
Henry_VII_of_England	child	Anne_of_France
Henry_VII_of_England	child	Princess_H_l_ne_of_Orl_ans
Mar_a_Isabella_of_Spain	child	Hedwig_Jagiellon_Duchess_of_Bavaria
Mar_a_Isabella_of_Spain	child	George_Duke_of_Brunswic_Calenberg
Mar_a_Isabella_of_Spain	child	Henri_Count_of_Chambord
Mar_a_Isabella_of_Spain	child	Maria_Beatrice_of_Savoy
Mar_a_Isabella_of_Spain	child	Berengaria_of_Castile
Mar_a_Isabella_of_Spain	child	Manuel_I_of_Portugal
Mar_a_Isabella_of_Spain	child	Charles_II_Archduke_of_Austria
Mar_a_Isabella_of_Spain	child	Margaret_of_Nevers
Mar_a_Isabella_of_Spain	child	Constance_of_Castile
Mar_a_Isabella_of_Spain	child	Louise_Ad_la_de_d_Orl_ans
Catherine_of_Valois	child	Matilda_of_France
Catherine_of_Valois	child	Richard_I_of_England
Catherine_of_Valois	child	Ethelred_of_Scotland
Margaret_of_the_Palatinate	child	Sophia_of_Minsk
Margaret_of_the_Palatinate	child	Violant_of_Aragon
Margaret_of_Brieg	child	Louis_the_Stammerer
Margaret_of_Brieg	child	Ferdinand_the_Holy_Prince
Margaret_of_Brieg	child	Duchess_Sophie_of_Prussia
Margaret_of_Brieg	child	Renata_of_Lorraine
Margaret_of_Brieg	child	Louis_Bonaparte
Margaret_of_Brieg	child	Vsevolod_I_of_Kiev
Margaret_of_Brieg	child	Afonso_of_Portugal_Lord_of_Portalegre
Sibylla_of_Anjou	child	Philip_II_Duke_of_Savoy
Sibylla_of_Anjou	child	Isabella_of_Aragon_Queen_of_France
Sibylla_of_Anjou	child	Fredericka_of_Saxe_Gotha_Altenburg
Sibylla_of_Anjou	child	Duchess_Helene_of_Mecklenburg_Schwerin
Sibylla_of_Anjou	child	Mafalda_of_Portugal
Princess_Louise_of_Hesse_Darmstadt_1757_1830	child	Rozala_of_Italy
Princess_Louise_of_Hesse_Darmstadt_1757_1830	child	Maximiliana_Maria_of_Bavaria
Princess_Louise_of_Hesse_Darmstadt_1757_1830	child	James_Stewart_Duke_of_Ross
James_V_of_Scotland	child	Ren__of_Anjou
James_V_of_Scotland	child	John_II_Duke_of_Bourbon
James_V_of_Scotland	child	Charles_Felix_of_Sardinia
Francis_II_Duke_of_Lorraine	child	Yolande_of_Aragon
Francis_II_Duke_of_Lorraine	child	Maria_of_Portugal_Marchioness_of_Tortosa
Francis_II_Duke_of_Lorraine	child	Napoleon
Anne_of_Cyprus	child	Charles_Emmanuel_II_Duke_of_Savoy
Anne_of_Cyprus	child	Carloman_II
Anne_of_Cyprus	child	Robert_I_of_France
Anne_of_Cyprus	child	Bonne_of_Luxembourg
Anne_of_Cyprus	child	William_Longesp_e_3rd_Earl_of_Salisbury
Anne_of_Cyprus	child	Louis_of_Anjou_Marquis_of_Pont___Mousson
Anne_of_Cyprus	child	Philip_Count_of_Longueville
Anne_of_Cyprus	child	Isabella_of_Portugal_Duchess_of_Burgundy
Louis_Duke_of_Savoy	child	Charles_X
Louis_Duke_of_Savoy	child	Charles_IX_of_France
Louis_Duke_of_Savoy	child	Margaret_of_Provence
Louis_Duke_of_Savoy	child	Philip_Duke_of_Nemours
Louis_Duke_of_Savoy	child	Princess_Elizabeth_of_the_United_Kingdom
Louis_Duke_of_Savoy	child	Archduchess_Maria_Leopoldine_of_Austria_Este
Louis_Duke_of_Savoy	child	Archduchess_Maria_Carolina_of_Austria_born_1740
Louis_Duke_of_Savoy	child	Adela_of_France
Alfonso_XI_of_Castile	child	Louis_Antoine_Duke_of_Angoul_me
Alfonso_XI_of_Castile	child	Giovanni_de_Medici_cardinal
Alfonso_XI_of_Castile	child	Alexander_Sigismund_von_der_Pfalz_Neuburg
Adolphus_Frederick_II_Duke_of_Mecklenburg_Strelitz	child	Archduchess_Maria_Elisabeth_of_Austria_born_1743
Adolphus_Frederick_II_Duke_of_Mecklenburg_Strelitz	child	Archduchess_Maria_Anna_of_Austria_born_1738
Adolphus_Frederick_II_Duke_of_Mecklenburg_Strelitz	child	Emma_of_Anjou
Bonne_of_Luxembourg	child	Archduchess_Maria_Clementina_of_Austria
Bonne_of_Luxembourg	child	Gaston_Duke_of_Orl_ans
Bonne_of_Luxembourg	child	Madeleine_of_Valois
Bonne_of_Luxembourg	child	Philip_de_Medici
Bonne_of_Luxembourg	child	Fadrique_Alfonso
Bonne_of_Luxembourg	child	Gertrude_of_Bavaria
Anne_of_Foix_Candale	child	Henrietta_Maria
Anne_of_Foix_Candale	child	James_VI_and_I
Fran_oise_Marie_de_Bourbon	child	Clemence_of_Austria
Fran_oise_Marie_de_Bourbon	child	Saint_Margaret_of_Scotland
Fran_oise_Marie_de_Bourbon	child	Gisela_of_France
Fran_oise_Marie_de_Bourbon	child	Charles_II_Duke_of_Bourbon
Fran_oise_Marie_de_Bourbon	child	Fernando_Lord_of_Serpa
Fran_oise_Marie_de_Bourbon	child	Charles_Orlando_Dauphin_of_France
Maria_Theresa_of_Savoy	child	Valdemar_II_of_Denmark
Maria_Theresa_of_Savoy	child	Elisabeth_of_Nuremberg
Elizabeth_of_Bohemia_1292_1330	child	Thomas_Francis_Prince_of_Carignano
Elizabeth_of_Bohemia_1292_1330	child	Thankmar
Elizabeth_of_Bohemia_1292_1330	child	Joan_of_Valois_Queen_of_Navarre
Henry_VI_Count_of_Luxembourg	child	Cardinal_Infante_Afonso_of_Portugal
Henry_VI_Count_of_Luxembourg	child	Lionel_Woodville
Philip_II_of_Spain	child	Marie_Ad_la_de_of_Savoy
Philip_II_of_Spain	child	Isabella_of_Austria
Philip_II_of_Spain	child	Frederick_III_Duke_of_Austria
Philip_II_of_Spain	child	Philip_Count_of_Vertus
Philip_II_of_Spain	child	Marie_of_Savoy_Countess_of_Saint_Pol
John_II_Duke_of_Brittany	child	Philip_IV_of_France
John_II_Duke_of_Brittany	child	Barbara_of_Hesse
John_II_Duke_of_Brittany	child	Iziaslav_I_of_Kiev
John_II_Duke_of_Brittany	child	Archduke_Joseph_of_Austria_Palatine_of_Hungary
Bertha_of_Holland	child	Joan_of__vreux
Bertha_of_Holland	child	Anne_of_Austria_Queen_of_Poland
Margaret_of_Burgundy_Queen_of_France	child	Barbara_Jagiellon
Valdemar_I_of_Denmark	child	Archduchess_Catherine_Renata_of_Austria
Valdemar_I_of_Denmark	child	Patrick_Gordon_of_Auchindoun
Valdemar_I_of_Denmark	child	Charles_IV_Holy_Roman_Emperor
Valdemar_I_of_Denmark	child	Jacques_of_Savoy_Count_of_Romont
Ingegerd_Olofsdotter_of_Sweden	child	Sviatoslav_I
Ingegerd_Olofsdotter_of_Sweden	child	Bertha_of_Burgundy
Ingegerd_Olofsdotter_of_Sweden	child	Heinrich_of_Saxe_Weissenfels_Count_of_Barby
Ingegerd_Olofsdotter_of_Sweden	child	Napoleon_II
Ingegerd_Olofsdotter_of_Sweden	child	Edward_III_Duke_of_Bar
Ingegerd_Olofsdotter_of_Sweden	child	Charles_Duke_of_Berry_1686_1714
Ingegerd_Olofsdotter_of_Sweden	child	Emanuele_Filiberto_Duke_of_Aosta_1731_1735
Ingegerd_Olofsdotter_of_Sweden	child	Maria_Elisabeth_of_Saxony_1736_1818
Napoleon	child	Prince_Adolphus_Duke_of_Cambridge
Arnulf_Count_of_Holland	child	Margaret_of_France_Duchess_of_Brabant
Dirk_I_Count_of_Holland	child	William_Adelin
Princess_Magdalena_Augusta_of_Anhalt_Zerbst	child	Eleanor_of_Viseu
Princess_Magdalena_Augusta_of_Anhalt_Zerbst	child	Adelaide_of_Burgundy_Duchess_of_Brabant
Princess_Magdalena_Augusta_of_Anhalt_Zerbst	child	Ferdinand_I_of_Austria
John_I_Duke_of_Brittany	child	Mary_Tudor_Queen_of_France
John_I_Duke_of_Brittany	child	Philippe_Charles_Duke_of_Valois
Lothair_of_France	child	Madame_Ad_la_de
Marie_of_France_Duchess_of_Bar	child	Jehan_de_Braine
Marie_of_France_Duchess_of_Bar	child	John_of_Eltham_Earl_of_Cornwall
Marie_of_France_Duchess_of_Bar	child	Archduchess_Maria_Anna_of_Austria_born_1738
Adelaide_of_Aquitaine	child	Robert_II_of_France
Adelaide_of_Aquitaine	child	Anna_of_Lorraine
Adelaide_of_Aquitaine	child	Auda_of_France
Albert_II_Duke_of_Austria	child	Charlotte_Christine_of_Brunswic_Wolfenb_ttel
Albert_II_Duke_of_Austria	child	Henry_son_of_Edward_I
Albert_II_Duke_of_Austria	child	Johann_Wilhelm_Elector_Palatine
Margaret_Countess_of_Anjou	child	John_I_of_Portugal
Margaret_Countess_of_Anjou	child	Hugh_the_Great
Margaret_Countess_of_Anjou	child	Princess_Louise_d_Artois
Margaret_Countess_of_Anjou	child	Louis_IV_Landgrave_of_Hesse_Marburg
Margaret_Countess_of_Anjou	child	John_IV_Duke_of_Brittany
Joanna_of_Castile	child	Albert_I_of_Germany
Joanna_of_Castile	child	Henry_II_of_France
Joanna_of_Castile	child	Sanchia_of_Provence
Joanna_of_Castile	child	Isabel_of_Viseu
Joanna_of_Castile	child	Anne_Princess_Royal_and_Princess_of_Orange
Joanna_of_Castile	child	Charlotte_Princess_Royal
George_II_of_Great_Britain	child	Alfonso_VII_of_Le_n_and_Castile
George_II_of_Great_Britain	child	John_III_Duke_of_Bavaria
George_II_of_Great_Britain	child	Sanchia_of_Provence
George_II_of_Great_Britain	child	Marie_of_Brittany_Countess_of_Saint_Pol
George_II_of_Great_Britain	child	John_I_of_France
George_II_of_Great_Britain	child	Philip_I_Count_of_Boulogne
George_II_of_Great_Britain	child	Archduchess_Clementina_of_Austria
Hemma	child	Duke_Charles_Louis_Frederick_of_Mecklenburg
Hemma	child	Lothair_I
Hemma	child	Adolphus_Frederick_IV_Duke_of_Mecklenburg_Strelitz
Infanta_Luisa_Fernanda_Duchess_of_Montpensier	child	Edwin_son_of_Edward_the_Elder
Infanta_Luisa_Fernanda_Duchess_of_Montpensier	child	Margaret_of_Burgundy_Queen_of_France
Infanta_Luisa_Fernanda_Duchess_of_Montpensier	child	Francis_Hyacinth_Duke_of_Savoy
Infanta_Luisa_Fernanda_Duchess_of_Montpensier	child	Sophie_of_France_1776_1783
Marie_Louise_Duchess_of_Parma	child	_thelwulf_King_of_Wessex
Sancho_IV_of_Castile	child	Louis_I_Duke_of_Bourbon
Sancho_IV_of_Castile	child	Princess_Antoinette_of_Brunswic_Wolfenb_ttel
Sancho_IV_of_Castile	child	Napoleon_II
Sancho_IV_of_Castile	child	Marie_of_Prussia_Margravine_of_Brandenburg_Bayreuth
Ecgberht_King_of_Wessex	child	Louis_Joseph_Dauphin_of_France
John_of_Bohemia	child	Canute_VI_of_Denmark
John_of_Bohemia	child	Ernest_II_Duke_of_Brunswic_L_neburg
John_of_Bohemia	child	Countess_Palatine_Hedwig_Elisabeth_of_Neuburg
John_of_Bohemia	child	Fran_ois_d_Orl_ans_Prince_of_Joinville
John_of_Bohemia	child	Louis_III_Elector_Palatine
Rurik	child	Napol_on_Prince_Imperial
Maria_of_Austria_Holy_Roman_Empress	child	Robert_I_Duke_of_Burgundy
Maria_of_Austria_Holy_Roman_Empress	child	Maria_of_Austria_Duchess_of_J_lich_Cleves_Berg
Maria_of_Austria_Holy_Roman_Empress	child	Charles_d_vreux
Maria_of_Austria_Holy_Roman_Empress	child	Fran_oise_Marie_de_Bourbon
Maria_of_Austria_Holy_Roman_Empress	child	Bernard_son_of_Charles_the_Fat
Maria_of_Austria_Holy_Roman_Empress	child	Ren__of_Savoy
Princess_Caroline_Louise_of_Saxe_Weimar_Eisenach	child	Philip_I_Count_of_Flanders
Boso_the_Elder	child	Prince_Philippe_Count_of_Paris
Beatrice_of_Savoy	child	Eleanor_of_Aragon_Queen_of_Portugal
Beatrice_of_Savoy	child	George_II_of_Great_Britain
Beatrice_of_Savoy	child	Charlotte_Agla__d_Orl_ans
Charles_III_Duke_of_Lorraine	child	Grimoald_the_Younger
Charles_III_Duke_of_Lorraine	child	Archduchess_Barbara_of_Austria
Charles_III_Duke_of_Lorraine	child	Louis_the_Pious
Charles_III_Duke_of_Lorraine	child	Margaret_of_France_Queen_of_England
Isabella_I_of_Castile	child	Edward_III_of_England
Isabella_I_of_Castile	child	Rudolf_IV_Duke_of_Austria
Isabella_I_of_Castile	child	Philip_of_Castile
Ferdinand_IV_of_Castile	child	John_of_Bohemia
Ferdinand_IV_of_Castile	child	Diego_Prince_of_Asturias
Frederick_III_Duke_of_Lorraine	child	Ren_e_of_France
Constance_of_Castile	child	Gisela_of_France_Countess_of_Ponthieu
Constance_of_Castile	child	Archduchess_Maria_Amalia_of_Austria_1780_1798
Alfonso_VIII_of_Castile	child	Louis_XV
Alfonso_VIII_of_Castile	child	Magdalena_Sibylla_of_Saxe_Weissenfels
Alfonso_VIII_of_Castile	child	Marie_Z_phyrine_of_France
Alfonso_VIII_of_Castile	child	Matilda_of_England_Duchess_of_Saxony
Alfonso_VIII_of_Castile	child	Henry_the_Young_King
Charlotte_Agla__d_Orl_ans	child	Margaret_II_Countess_of_Hainaut
Charlotte_Agla__d_Orl_ans	child	Charles_de_Valois_Duke_of_Angoul_me
Hugh_II_Duke_of_Burgundy	child	Christine_of_Saxony
Hugh_II_Duke_of_Burgundy	child	Archduke_Wenceslaus_of_Austria
Blanche_of_Artois	child	Philip_I_of_Castile
Blanche_of_Artois	child	Eleanor_of_Brittany_abbess
Blanche_of_Artois	child	Adolphus_Frederick_IV_Duke_of_Mecklenburg_Strelitz
Margaret_of_Savoy_Countess_of_Saint_Pol	child	Alexander_Jagiellon
Barbara_Jagiellon	child	Charles_the_Simple
Barbara_Jagiellon	child	Victor_Amadeus_I_Duke_of_Savoy
Barbara_Jagiellon	child	Elizabeth_of_Rhuddlan
Barbara_Jagiellon	child	Marie_of_Savoy_Countess_of_Saint_Pol
Peter_II_of_Aragon	child	Philibert_II_Duke_of_Savoy
Bona_of_Savoy	child	C_sar_Duke_of_Vend_me
Bona_of_Savoy	child	Otto_I_Holy_Roman_Emperor
Bona_of_Savoy	child	George_Gordon_5th_Earl_of_Huntly
Duchess_Helene_of_Mecklenburg_Schwerin	child	Catherine_de_Bourbon
Duchess_Helene_of_Mecklenburg_Schwerin	child	Louis_of_Anjou_Marquis_of_Pont___Mousson
Ferdinand_Philippe_Duke_of_Orl_ans	child	Pierre_de_Foix_le_jeune
Ferdinand_Philippe_Duke_of_Orl_ans	child	Sophie_of_Brunswic_L_neburg
Floris_I_Count_of_Holland	child	Charles_II_Duke_of_Lorraine
Francis_II_Duke_of_Brittany	child	Gisela_of_France_Countess_of_Ponthieu
Henry_Stuart_Lord_Darnley	child	Baldwin_II_Latin_Emperor
Joanna_of_Bourbon	child	Agnes_of_France_Byzantine_Empress
Joanna_of_Bourbon	child	Princess_Marie_of_Orl_ans_1813_1839
Joanna_of_Bourbon	child	Charles_II_Count_of_Alen_on
Barbara_of_Cilli	child	Prince_Christian_of_Hesse_Darmstadt
Joanna_of_Austria_Grand_Duchess_of_Tuscany	child	Antonio_de_Medici
Joanna_of_Austria_Grand_Duchess_of_Tuscany	child	Francis_II_Duke_of_Brittany
Louis_Philippe_I_Duke_of_Orl_ans	child	Pepin_the_Short
Louis_Philippe_I_Duke_of_Orl_ans	child	James_Stewart_1st_Earl_of_Moray
Maria_Antonia_Ferdinanda_of_Spain	child	Henry_I_of_Castile
Maria_Antonia_Ferdinanda_of_Spain	child	Charles_II_de_Valois_Duke_of_Orl_ans
Maria_Antonia_Ferdinanda_of_Spain	child	Marie_of_Anjou
Maria_Antonia_Ferdinanda_of_Spain	child	Princess_Mary_Duchess_of_Gloucester_and_Edinburgh
Maria_Antonia_Ferdinanda_of_Spain	child	Berengaria_of_Castile_Lady_of_Guadalajara
Maria_Antonia_Ferdinanda_of_Spain	child	Francis_I_of_the_Two_Sicilies
Maria_Antonia_Ferdinanda_of_Spain	child	Joan_of_France_Duchess_of_Bourbon
Maria_Antonia_Ferdinanda_of_Spain	child	Frederick_the_Fair
John_of_Gaunt	child	Rudolph_III_of_Burgundy
John_of_Gaunt	child	Eleanor_of_Aragon_Queen_of_Portugal
John_of_Gaunt	child	Princess_Louise_of_Hesse_Darmstadt_1757_1830
John_of_Gaunt	child	Edmund_Crouchback
John_of_Gaunt	child	Peter_II_Count_of_La_Marche
Adelaide_of_Paris	child	Isabella_of_France_Dauphine_of_Viennois
Countess_Palatine_Caroline_of_Zweibr_cken	child	Isabella_of_France_Queen_of_Navarre
Countess_Palatine_Caroline_of_Zweibr_cken	child	Charles_Martel_of_Anjou
Countess_Palatine_Caroline_of_Zweibr_cken	child	John_V_Duke_of_Brittany
Countess_Palatine_Caroline_of_Zweibr_cken	child	Blanche_of_France_Infanta_of_Castile
Countess_Palatine_Caroline_of_Zweibr_cken	child	Maria_of_Aragon_Queen_of_Castile
Countess_Palatine_Caroline_of_Zweibr_cken	child	Henriette_of_France_1727_1752
Mary_Tudor_Queen_of_France	child	Duchess_Charlotte_Felicitas_of_Brunswic_L_neburg
Mary_Tudor_Queen_of_France	child	Prince_Bernhard_of_Saxe_Weimar_Eisenach_1792_1862
Mary_Tudor_Queen_of_France	child	Maria_de_Medici_1540_1557
Odo_III_Duke_of_Burgundy	child	John_Joseph_of_Austria
Adela_of_Champagne	child	Margaret_of_Bourbon_Lady_of_Albret
Adela_of_Champagne	child	Berengaria_of_Castile
Fulk_IV_Count_of_Anjou	child	Dirk_II_Count_of_Holland
Fulk_IV_Count_of_Anjou	child	Afonso_III_of_Portugal
Fulk_IV_Count_of_Anjou	child	Margaret_Theresa_of_Spain
Robert_II_Duke_of_Burgundy	child	Antoine_Duke_of_Lorraine
Robert_II_Duke_of_Burgundy	child	Mary_of_Guise
Robert_II_Duke_of_Burgundy	child	Odo_IV_Duke_of_Burgundy
Robert_II_Duke_of_Burgundy	child	Alphonse_Count_of_Poitiers
Robert_II_Duke_of_Burgundy	child	Louis_Charles_Count_of_Beaujolais
Robert_II_Duke_of_Burgundy	child	Urraca_Afonso
James_I_Count_of_La_Marche	child	Alys_of_France_Countess_of_Vexin
James_I_Count_of_La_Marche	child	Princess_Caroline_Elizabeth_of_Great_Britain
James_I_Count_of_La_Marche	child	Archduke_Joseph_of_Austria_Palatine_of_Hungary
Letizia_Bonaparte	child	Charles_Ferdinand_Prince_of_Capua
Letizia_Bonaparte	child	Princess_Maria_Carolina_of_Bourbo_Two_Sicilies_1820_1861
Letizia_Bonaparte	child	Charles_Emmanuel_IV_of_Sardinia
Letizia_Bonaparte	child	Matilda_of_Flanders
Letizia_Bonaparte	child	Lothair_I
Letizia_Bonaparte	child	Francis_I_of_the_Two_Sicilies
Letizia_Bonaparte	child	Geoffrey_IV_Count_of_Anjou
Letizia_Bonaparte	child	Archduke_Maximilian_Ernest_of_Austria
Charles_Ferdinand_Duke_of_Berry	child	Princess_Mar_a_Cristina_of_Orl_ans
Charles_Ferdinand_Duke_of_Berry	child	Duchess_Gustave_Caroline_of_Mecklenburg_Strelitz
Charles_the_Bold	child	Marie_Elisabeth_of_France
Elizabeth_Woodville	child	Philip_IV_of_Spain
Elizabeth_Woodville	child	Ferdinand_Philippe_Duke_of_Orl_ans
Elizabeth_Woodville	child	Ferdinand_of_Bavaria_soldier
Elizabeth_Woodville	child	Cecily_of_York
Elizabeth_Woodville	child	Mercedes_of_Orl_ans
Elizabeth_Woodville	child	Berengaria_of_Portugal
Denis_of_Portugal	child	Edmund_of_Woodstock_1st_Earl_of_Kent
Violant_of_Bar	child	Beatrice_of_Hungary_Dauphine_of_Viennois
Richeza_of_Poland_Queen_of_Sweden	child	Marie_of_Orl_ans_Viscountess_of_Narbonne
Richeza_of_Poland_Queen_of_Sweden	child	Luise_Marie_of_the_Palatinate
Louise__lisabeth_of_France	child	Charles_III_of_Spain
Louise__lisabeth_of_France	child	Richeza_of_Denmark
Eleanor_of_Alburquerque	child	Charles_Emmanuel_III_of_Sardinia
Eleanor_of_Alburquerque	child	Mary_of_Burgundy
Eleanor_of_Alburquerque	child	Jeanne_d_Albret
Eleanor_of_Alburquerque	child	Margaret_of_the_Palatinate
Eleanor_of_Alburquerque	child	Joanna_of_Aragon_Queen_of_Naples
Eleanor_of_Alburquerque	child	Vyacheslav_Yaroslavich
Gerard_Duke_of_Lorraine	child	Constance_of_Aragon_Lady_of_Villena
Estrid_of_the_Obotrites	child	Louis_XVI
Maria_Christina_of_the_Two_Sicilies	child	Prince_Octavius_of_Great_Britain
Maria_Christina_of_the_Two_Sicilies	child	Simon_I_Duke_of_Lorraine
Maria_Christina_of_the_Two_Sicilies	child	Edmund_Crouchback
Isabella_of_Bourbon	child	Frederick_I_Duke_of_Lorraine
Theobald_I_Count_of_Blois	mother	Mary_of_Avesnes
Leopold_Duke_of_Lorraine	mother	Mar_a_de_Molina
Afonso_II_of_Portugal	mother	In_s_de_Castro
Charles_Emmanuel_III_of_Sardinia	mother	Joan_of_Geneva
Philip_IV_of_Spain	mother	Eleanor_of_Aquitaine
Margaret_of_Austria_Queen_of_Spain	mother	Infanta_Luisa_Fernanda_Duchess_of_Montpensier
Charles_Count_of_Valois	mother	Elizabeth_of_Luxembourg
Isabella_of_Valois_Duchess_of_Bourbon	mother	Marie_Louise_Duchess_of_Parma
Henry_II_of_Castile	mother	Marie_of_Luxembourg_Countess_of_Vend_me
Albert_I_of_Germany	mother	Waldrada_of_Worms
Matthias_I_Duke_of_Lorraine	mother	Urraca_of_Portugal
Frederick_II_Duke_of_Lorraine	mother	Jeanne_d_Albret
Henry_II_of_England	mother	Gisela_of_Burgundy_Marchioness_of_Montferrat
Frederick_Prince_of_Wales	mother	Anne_of_Cyprus
Maria_Beatrice_d_Este_Duchess_of_Massa	mother	Douce_I_Countess_of_Provence
Rudolph_of_France	mother	Caroline_of_Ansbach
Ren__II_Duke_of_Lorraine	mother	Antoinette_of_Bourbon
Antoine_Duke_of_Lorraine	mother	Constance_of_Castile
Henry_the_Fowler	mother	Heilika_of_Lengenfeld
Gerberga_of_Saxony	mother	Alix_Duchess_of_Brittany
Mary_of_Guise	mother	Margaret_of_Provence
Isabella_Duchess_of_Lorraine	mother	Alys_of_France_Countess_of_Vexin
Louis_XV	mother	Marie_Antoinette
Louis_Duke_of_Burgundy	mother	Elizabeth_Mure
Alice_Holland_Countess_of_Kent	mother	Bonne_of_Luxembourg
Eleanor_of_Lancaster	mother	Alfonsina_Orsini
Berenguer_Ramon_I_Count_of_Barcelona	mother	Blanche_of_Lancaster
Margaret_Stewart_Dauphine_of_France	mother	Margaret_I_Countess_of_Flanders
Francis_I_Holy_Roman_Emperor	mother	Lady_Margaret_Beaufort
Edward_I_of_England	mother	Wilhelmine_Amalie_of_Brunswick
Leopold_II_Holy_Roman_Emperor	mother	Countess_Palatine_Dorothea_Sophie_of_Neuburg
Marie_Ad_la_de_of_Savoy	mother	Anna_Eleonore_of_Hesse_Darmstadt
Odo_of_France	mother	Isabella_of_Portugal_Duchess_of_Burgundy
Henry_I_Count_of_Champagne	mother	Isabella_I_of_Castile
Louis_Philippe_I	mother	Amicie_de_Courtenay
Philip_I_of_France	mother	Maria_Luisa_of_Parma
Henrietta_of_England	mother	Countess_Amalia_Katharina_of_Waldeck
Lorenzo_de_Medici_Duke_of_Urbino	mother	Maria_Beatrice_d_Este_Duchess_of_Massa
Blanche_of_Navarre_Queen_of_France	mother	Margaret_Douglas
Philip_III_of_Navarre	mother	Christine_of_France
Sancho_I_of_Portugal	mother	Catherine_of_Valois
Maria_Josepha_of_Austria	mother	Ermengarde_Countess_of_Maine
Ramon_Berenguer_IV_Count_of_Barcelona	mother	Catherine_of_Vend_me
Ramon_Berenguer_III_Count_of_Barcelona	mother	Margaret_II_Countess_of_Flanders
Afonso_V_of_Portugal	mother	Isabella_of_Hainault
Edward_King_of_Portugal	mother	Maria_Anna_Victoria_of_Bavaria
Francis_II_Holy_Roman_Emperor	mother	Matilda_of_Boulogne_Duchess_of_Brabant
Philip_II_Duke_of_Savoy	mother	Alice_of_Normandy
John_II_of_France	mother	Eleanor_of_England_Queen_of_Castile
Joan_the_Lame	mother	Sibylla_of_Burgundy_Duchess_of_Burgundy
Louis_Dauphin_of_France_son_of_Louis_XIV	mother	Agnes_of_Loon
Princess_Marie_Isabelle_of_Orl_ans	mother	Rotrude_of_Hesbaye
Antoine_Duke_of_Montpensier	mother	Catherine_de_Medici
Joan_II_of_Navarre	mother	Eleanor_of_Portugal_Holy_Roman_Empress
Charles_IV_of_France	mother	Judith_of_Bavaria_died_843
Magdalene_Sibylle_of_Prussia	mother	Alice_Holland_Countess_of_Kent
Marie_Eleonore_of_Cleves	mother	Duchess_Helene_of_Mecklenburg_Schwerin
Victor_Amadeus_II_of_Sardinia	mother	Elisabeth_of_Nuremberg
Ferdinand_I_of_the_Two_Sicilies	mother	Ren_e_of_Bourbon
Alfonso_II_of_Aragon	mother	Margaret_of_Artois
Charles_Martel	mother	Charlotte_of_Bourbon_Queen_of_Cyprus
Marie_Countess_of_Ponthieu	mother	Judith_of_Habsburg
Louis_I_Duke_of_Orl_ans	mother	Margaret_of_Artois
Charles_V_of_France	mother	Gerloc
William_X_Duke_of_Aquitaine	mother	Louise_Marie_Ad_la_de_de_Bourbon_Duchess_of_Orl_ans
Eleanor_of_Provence	mother	Maria_Luisa_of_Spain
Charles_Emmanuel_II_Duke_of_Savoy	mother	Beatrice_of_Vermandois
John_II_of_Aragon	mother	Marie_Countess_of_Harcourt
James_III_of_Scotland	mother	Engeltrude_de_F_zensac
Philippa_of_Hainault	mother	Joan_Beaufort_Queen_of_Scots
Joan_of_Valois_Countess_of_Hainaut	mother	Beatrice_of_Silesia
Liudolf_Margrave_of_Frisia	mother	Ludmilla_of_Bohemia
Clementia_of_Hungary	mother	Margaret_Tudor
Charles_the_Simple	mother	Margaret_of_Bavaria
Countess_Palatine_Dorothea_Sophie_of_Neuburg	mother	Constance_of_Arles
Elisabeth_Farnese	mother	Joan_Fitzalan_Countess_of_Hereford
Ermentrude_of_Orl_ans	mother	Blanche_of_Brittany
Magnus_II_Duke_of_Brunswic_L_neburg	mother	Margaret_of_the_Palatinate
Beatrice_of_Portugal_died_1381	mother	Margaret_of_Savoy_Countess_of_Saint_Pol
Victor_Amadeus_I_Duke_of_Savoy	mother	Margaret_Countess_of_Anjou
Mary_of_Burgundy_Duchess_of_Cleves	mother	Anne_Gonzaga
Dirk_III_Count_of_Holland	mother	Blanche_of_Navarre_Countess_of_Champagne
Alfonso_X_of_Castile	mother	Margaret_of_Joinville
Louis_Duke_of_Orl_ans_1703_1752	mother	Wierzchoslawa_Ludmilla_of_Greater_Poland
Landgravine_Elisabeth_Amalie_of_Hesse_Darmstadt	mother	Marie_de_Medici
James_II_of_Scotland	mother	Joanna_of_Bourbon
Willa_of_Tuscany	mother	Anne_of_Bohemia_and_Hungary
Frederick_III_Holy_Roman_Emperor	mother	Elisabeth_Christine_of_Brunswic_Wolfenb_ttel
Maria_Luisa_of_Spain	mother	Bertha_Duchess_of_Lorraine
Charles_III_of_Spain	mother	Adela_of_Milan
Maria_Theresa_of_Spain	mother	Joanna_of_Pfirt
Henry_the_Lion	mother	Berengaria_of_Barcelona
Otto_IV_Count_of_Burgundy	mother	Gerberga_of_Saxony
Isabel_of_Barcelos	mother	Juana_Enr_quez
Ferdinand_II_of_Aragon	mother	Petronilla_of_Aragon
Hugh_of_Italy	mother	Gertrude_of_Hohenberg
Rudolph_II_of_Burgundy	mother	Joan_II_Countess_of_Burgundy
Eug_nie_de_Montijo	mother	Elisabeth_of_Swabia
Clemence_of_Austria	mother	Empress_Matilda
Peter_I_Duke_of_Bourbon	mother	Marie_Eleonore_of_Cleves
Charles_VI_of_France	mother	Anne_of_Kiev
Henry_V_of_England	mother	Margaret_III_Countess_of_Flanders
Joan_of__vreux	mother	Agnes_of_France_Duchess_of_Burgundy
Louis_Count_of__vreux	mother	Maria_Theresa_of_Naples_and_Sicily
Otto_I_Duke_of_Brunswic_L_neburg	mother	Viridis_Visconti
A_nor_de_Ch_tellerault	mother	Ermengarde_of_Auvergne
Claude_of_France	mother	Anna_Sophia_of_Prussia
Louis_I_Duke_of_Bourbon	mother	Agatha_wife_of_Edward_the_Exile
Marie_Antoinette	mother	Anne_of_Cyprus
Charles_X	mother	Henrietta_Maria
Margaret_of_Bourbon_1438_1483	mother	Garsenda_Countess_of_Forcalquier
Maria_Theresa_of_Austria_Este_Queen_of_Sardinia	mother	Bonne_of_Luxembourg
Fulk_King_of_Jerusalem	mother	Christina_of_Denmark
Geoffrey_Plantagenet_Count_of_Anjou	mother	Almodis_de_la_Marche
Catherine_de_Medici	mother	Maria_Anna_of_Bavaria_born_1551
Henry_III_of_France	mother	Eleanor_de_Guzm_n
Edward_III_of_England	mother	Valentina_Visconti_Duchess_of_Orl_ans
Victor_Amadeus_III_of_Sardinia	mother	Mary_of_Burgundy_Duchess_of_Savoy
Louis_XII	mother	Hemma
Philip_I_of_Castile	mother	Princess_Augusta_of_Saxe_Gotha
Frederick_II_Count_of_Vaud_mont	mother	Gerberga_of_Saxony
Alfonso_IX_of_Le_n	mother	Luitgarde_of_Vermandois
James_I_of_Scotland	mother	Countess_Palatine_Caroline_of_Zweibr_cken
Louis_XI	mother	Maria_Carolina_of_Austria
Henry_IV_of_England	mother	Mahaut_of_Ch_tillon
Mary_de_Bohun	mother	Anne_of_Bohemia_and_Hungary
Peter_I_of_Portugal	mother	Adele_of_Vermandois
Jacquetta_of_Luxembourg	mother	Margaret_of_Provence
Ernest_Augustus_Elector_of_Hanover	mother	Maria_Antonia_Ferdinanda_of_Spain
Margaret_of_Anjou	mother	Maria_Teresa_Felicitas_d_Este
Charlotte_of_Bourbon_Queen_of_Cyprus	mother	Adelaide_Countess_of_Burgundy
Anne_of_Bohemia_and_Hungary	mother	Richeza_of_Poland_Queen_of_Sweden
Louis_IV_of_France	mother	Philippa_of_Lancaster
Saint_Margaret_of_Scotland	mother	Isabel_of_Barcelos
Arnulf_I_Count_of_Flanders	mother	Marie_of_Blois_Duchess_of_Anjou
Charles_the_Bald	mother	Judith_of_Flanders_died_1095
Rudolph_Duke_of_Lorraine	mother	Auguste_of_Bade_Baden
John_I_of_Portugal	mother	Willa_of_Tuscany
Odo_IV_Duke_of_Burgundy	mother	Eleanor_of_Aquitaine
Joan_III_Countess_of_Burgundy	mother	Isabelle_de_Beauvau
Isabeau_of_Bavaria	mother	Matilda_of_Saxony_countess_of_Flanders
Elisabeth_of_France_1602_1644	mother	Cymburgis_of_Masovia
William_I_Count_of_Hainaut	mother	Margaret_of_Geneva
Yolanda_of_Courtenay	mother	Joan_of_Valois_Countess_of_Hainaut
Baldwin_II_Count_of_Hainaut	mother	Mary_of_Hungary_Queen_of_Naples
Adelaide_of_Auxerre_born_c._870	mother	Gerloc
Maria_Amalia_of_Naples_and_Sicily	mother	Willa_of_Burgundy
Marie_of_Brabant_Queen_of_France	mother	Margaret_of_Valois_Duchess_of_Berry
Charles_Emmanuel_I_Duke_of_Savoy	mother	Ren_e_of_Bourbon
Maria_Amalia_of_Saxony	mother	Hedwig_of_Saxony
Isabella_of_Hainault	mother	Yolande_Duchess_of_Lorraine
Margaret_I_Countess_of_Flanders	mother	Joan_I_of_Navarre
Maria_Theresa_of_Naples_and_Sicily	mother	Madeleine_de_La_Tour_d_Auvergne
Charles_VII_of_France	mother	Elisabeth_Farnese
Charles_IX_of_France	mother	Lucrezia_Tornabuoni
Francis_II_of_France	mother	Eleanor_of_Aragon_Queen_of_Portugal
Margaret_of_Brabant	mother	Fran_oise_Marie_de_Bourbon
Philip_III_of_France	mother	Anna_of_Nassau_Dillenburg
Baldwin_II_Margrave_of_Flanders	mother	Isabella_of_Portugal_Queen_of_Castile
Margaret_of_Bavaria	mother	Mary_of_Guise
Violant_of_Hungary	mother	Joan_Beaufort_Queen_of_Scots
Ferdinand_II_of_Le_n	mother	Eleanor_of_Toledo
Isabella_of_Aragon_Queen_of_France	mother	Princess_Elisabeth_Albertine_of_Saxe_Hildburghausen
Reginald_I_Count_of_Burgundy	mother	Guilla_of_Provence
Ferdinand_I_of_Aragon	mother	Hedwig_of_Formbach
Robert_I_Duke_of_Burgundy	mother	Princess_Caroline_Louise_of_Saxe_Weimar_Eisenach
Frederick_I_Duke_of_Lorraine	mother	Marie_Countess_of_Ponthieu
Robert_III_of_Scotland	mother	Princess_Christine_Louise_of_Oettinge_Oettingen
Louis_the_Stammerer	mother	Fran_oise_Marie_de_Bourbon
Rudolph_I_of_Burgundy	mother	Taddea_Visconti
Philippe_I_Duke_of_Orl_ans	mother	Louise_of_Savoy
Sophia_of_Minsk	mother	Marie_Jeanne_Baptiste_of_Savoy_Nemours
Ferdinand_III_of_Castile	mother	Mary_of_Avesnes
Maria_of_Aragon_Queen_of_Portugal	mother	Gertrude_of_S_pplingenburg
Adolphus_Frederick_I_Duke_of_Mecklenburg_Schwerin	mother	Joanna_of_Bourbon
Henry_III_Duke_of_Brabant	mother	Dulce_of_Aragon
Adelaide_of_Maurienne	mother	Charlotte_Agla__d_Orl_ans
Madeleine_de_La_Tour_d_Auvergne	mother	Maria_of_Austria_Duchess_of_J_lich_Cleves_Berg
Emmanuel_Philibert_Duke_of_Savoy	mother	Anna_Maria_of_Mecklenburg_Schwerin
Philip_V_of_Spain	mother	Mary_of_Guelders
Charlotte_of_Mecklenburg_Strelitz	mother	Jeanne_de_Bourbon_Duchess_of_Bourbon
Blanche_of_Castile	mother	Adelaide_of_Maurienne
Maximilian_I_Holy_Roman_Emperor	mother	Ida_Countess_of_Hainaut
Theobald_III_Count_of_Champagne	mother	Margaret_of_Denmark_Queen_of_Scotland
Louis_XVIII	mother	Sophia_of_Holstei_Gottorp
Maria_Josepha_of_Saxony_Dauphine_of_France	mother	Bonne_of_Luxembourg
Henrietta_Maria	mother	Richilde_Countess_of_Hainaut
Hugh_the_Great	mother	Ermengarde_of_Hesbaye
Louis_the_German	mother	Eleanor_of_Aragon_Queen_of_Portugal
Charles_the_Fat	mother	Louise__lisabeth_of_France
Hugh_Capet	mother	Margaret_I_Countess_of_Flanders
Theobald_I_of_Navarre	mother	Isabella_of_Portugal
Marie_Caroline_of_Bourbo_Two_Sicilies_Duchess_of_Berry	mother	Isabeau_of_Bavaria
Archduchess_Anna_of_Austria	mother	Elisabeth_Farnese
Louis_I_of_Anjou	mother	Joan_of_Ponthieu_Dame_of_Epernon
Charlotte_of_Savoy	mother	Maria_Josepha_of_Austria
Eleanor_of_Aquitaine	mother	Dorothea_of_Denmark_Duchess_of_Brunswic_L_neburg
Benedicta_Henrietta_of_the_Palatinate	mother	Philippa_of_Luxembourg
Mary_Queen_of_Scots	mother	Maria_Carolina_of_Austria
Anne_of_Brittany	mother	Richende_De_Bourges
Humbert_II_Count_of_Savoy	mother	Elizabeth_of_Portugal
Pepin_the_Short	mother	Anne_of_Bohemia_and_Hungary
Rozala_of_Italy	mother	Alice_of_Namur
Baldwin_III_Count_of_Flanders	mother	Maria_Theresa
Alfred_the_Great	mother	Alice_of_Vergy
Baldwin_VI_Count_of_Flanders	mother	Gerberga_of_M_con
Isabella_of_France	mother	Ermengarde_of_Anjou_Duchess_of_Burgundy
Joan_I_of_Navarre	mother	Marie_Antoinette
Elisabeth_Christine_of_Brunswic_Wolfenb_ttel	mother	Gertrude_of_Hohenberg
Berengaria_of_Barcelona	mother	Eleanor_of_Castile
Alys_of_France_Countess_of_Vexin	mother	Maria_Theresa
Catherine_of_Vend_me	mother	Anne_Marie_d_Orl_ans
Charles_Duke_of_Vend_me	mother	Marie_Ad_la_de_of_Savoy
Margaret_of_Foix	mother	Beatriz_Pereira_de_Alvim
Prince_Philippe_Count_of_Paris	mother	Maria_Amalia_of_Saxony
Robert_II_of_France	mother	Anne_of_Cyprus
Adelaide_of_Burgundy_Duchess_of_Brabant	mother	Mar_a_Isabella_of_Spain
Hugh_IV_Duke_of_Burgundy	mother	Matilda_of_Bavaria_Margravine_of_Meissen
Elizabeth_of_Luxembourg	mother	Mary_of_Burgundy
George_Duke_of_Brunswic_Calenberg	mother	Isabella_Duchess_of_Lorraine
Simon_I_Duke_of_Lorraine	mother	Eleanor_of_Aragon_Queen_of_Castile
Maximilian_II_Holy_Roman_Emperor	mother	Margaret_of_Brieg
Baldwin_V_Count_of_Flanders	mother	Salomea_of_Berg
Anna_of_Holstei_Gottorp	mother	Blanche_of_Artois
Anne_Gonzaga	mother	Eleanor_of_Alburquerque
Otto_II_Duke_of_Bavaria	mother	Joanna_of_Castile
Anna_Maria_of_Mecklenburg_Schwerin	mother	Constance_of_Portugal
Ramon_Berenguer_IV_Count_of_Provence	mother	Anne_of_Foix_Candale
Stephen_II_Duke_of_Bavaria	mother	Christine_of_Hesse
Louis_XVI	mother	Anabella_Drummond
Marie_Th_r_se_of_France	mother	Sophia_Eleonore_of_Saxony
Henry_VI_of_England	mother	Mary_of_Burgundy_Duchess_of_Cleves
Mary_of_Hungary_Queen_of_Naples	mother	Sibylla_of_Anjou
William_VIII_Duke_of_Aquitaine	mother	Maria_Amalia_of_Saxony
Richard_Count_of__tampes	mother	Marie_of_Cleves_Duchess_of_Orl_ans
John_VII_Duke_of_Mecklenburg_Schwerin	mother	Agnes_of_Burgundy_Duchess_of_Aquitaine
Margaret_of_Valois_Angoul_me	mother	Maria_Josepha_of_Saxony_Dauphine_of_France
Countess_Sophia_Albertine_of_Erbach_Erbach	mother	Urraca_of_Castile_Queen_of_Portugal
Pepin_of_Herstal	mother	Catherine_de_Medici
Francesco_I_de_Medici_Grand_Duke_of_Tuscany	mother	Catherine_of_Foix_Countess_of_Candale
Joan_Countess_of_Ponthieu	mother	Adelaide_of_Burgundy_Duchess_of_Brabant
William_V_Duke_of_Aquitaine	mother	Isabeau_of_Bavaria
Sophia_Eleonore_of_Saxony	mother	Anna_Maria_of_Ostfriesland
John_I_Count_of_Hainaut	mother	Beatrice_of_Portugal_Duchess_of_Savoy
Louis_III_of_France	mother	Sophia_Dorothea_of_Celle
Albert_I_Duke_of_Brunswic_L_neburg	mother	Margaret_of_Bar
James_IV_of_Scotland	mother	Elisabeth_of_Austria_Duchess_of_Lorraine
Philip_VI_of_France	mother	Agnes_de_Baudemont_Countess_of_Braine
Maria_Teresa_Felicitas_d_Este	mother	Isabella_of_Valois_Duchess_of_Bourbon
Louise_Marie_Ad_la_de_de_Bourbon_Duchess_of_Orl_ans	mother	Maria_Josepha_of_Saxony_Dauphine_of_France
John_the_Fearless	mother	Isabella_of_France
Eleanor_of_Aragon_Queen_of_Portugal	mother	Teresa_Louren_o
Afonso_III_of_Portugal	mother	Bianca_Maria_Visconti
Yolanda_Latin_Empress	mother	Adela_of_Champagne
Nicolas_Duke_of_Merc_ur	mother	Bertha_daughter_of_Lothair_II
Matthew_Stewart_2nd_Earl_of_Lennox	mother	Margaret_of_Foix
Blanche_of_Burgundy	mother	Sophia_of_Brandenburg
William_IV_Duke_of_Aquitaine	mother	Agnes_of_France_Duchess_of_Burgundy
Ferdinand_Duke_of_Viseu	mother	Yolanda_Latin_Empress
Margaret_of_Artois	mother	Matilda_of_Ringelheim
Taddea_Visconti	mother	Ermengarde_Countess_of_Maine
Otto_William_Count_of_Burgundy	mother	Blanca_of_Navarre_Queen_of_Castile
Maria_Beatrice_of_Savoy	mother	Margaret_of_Austria_Queen_of_Spain
Henry_IV_of_France	mother	Ansgarde_of_Burgundy
Conrad_I_of_Burgundy	mother	Philippa_of_Hainault
Baldwin_III_Count_of_Hainaut	mother	Elizabeth_of_Austria_1436_1505
Ferdinand_Karl_Archduke_of_Austria_Este	mother	Beatrice_Regina_della_Scala
Judith_of_Habsburg	mother	Mary_de_Bohun
Margaret_of_Provence	mother	Hedwig_of_Bavaria
Odo_I_Count_of_Blois	mother	Claude_Fran_oise_de_Lorraine
Bertha_of_Burgundy	mother	Matilda_of_Savoy_Queen_of_Portugal
Eleanor_of_Austria	mother	Marie_of_Brabant_Queen_of_France
Robert_Count_of_Clermont	mother	Eleanor_of_Navarre
Eadgifu_of_Wessex	mother	Helena_of_Denmark
Elisabeth_of_Austria_Queen_of_France	mother	Dangereuse_de_l_Isle_Bouchard
Philip_II_of_France	mother	Claude_of_France_1547_1575
Ernest_Duke_of_Austria	mother	Hedwig_of_Bavaria
Robert_II_Count_of_Dreux	mother	Eleanor_of_Navarre
Catherine_of_Foix_Countess_of_Candale	mother	Beatrice_of_Savoy
Yolande_of_Aragon	mother	Isabella_de_Beauchamp
John_I_of_Castile	mother	Isabella_of_Angoul_me
Albert_Azzo_II_Margrave_of_Milan	mother	Osburh
Henry_III_of_England	mother	Margaret_Countess_of_Anjou
Elizabeth_of_Austria_1436_1505	mother	Estrid_of_the_Obotrites
Anne_of_Kiev	mother	Maria_Christina_of_the_Two_Sicilies
Louis_VIII_of_France	mother	Polyxena_of_Hesse_Rotenburg
John_King_of_England	mother	Rozala_of_Italy
Otto_I_Duke_of_Bavaria	mother	Maria_Amalia_of_Naples_and_Sicily
Louis_XVII	mother	Yolande_of_Dreux_Duchess_of_Burgundy
Charles_Duke_of_Orl_ans	mother	Matilda_of_Carinthia
Marie_of_Cleves_Duchess_of_Orl_ans	mother	Maria_Theresa_of_Austria_Este_Queen_of_Sardinia
Eleanor_of_England_Queen_of_Castile	mother	A_nor_de_Ch_tellerault
Maria_Theresa	mother	Marie_de_Medici
Isabella_of_Portugal	mother	Adela_of_France
Edward_II_of_England	mother	Douce_I_Countess_of_Provence
George_III	mother	Margaret_of_Saxony_Duchess_of_Brunswic_L_neburg
Elisabeth_of_Nuremberg	mother	_lffl_d_wife_of_Edward_the_Elder
Galeazzo_Maria_Sforza	mother	Judith_of_Flanders
Henry_II_Duke_of_Brabant	mother	Maria_of_Austria_Holy_Roman_Empress
Baldwin_V_Count_of_Hainaut	mother	Ermesinde_of_Carcassonne
Maria_of_Austria_Duchess_of_J_lich_Cleves_Berg	mother	Barbara_Jagiellon
Louis_II_of_Anjou	mother	Yolanda_of_Courtenay
Christine_of_Saxony	mother	Elisabeth_of_France_1602_1644
Hugh_Magnus	mother	Ogive_of_Luxembourg
Princess_Augusta_of_Saxe_Gotha	mother	Bertha_of_Swabia
Francis_I_Duke_of_Lorraine	mother	Princess_Louise_of_Hesse_Darmstadt_1757_1830
Arnulf_II_Count_of_Flanders	mother	Beatrice_of_Burgundy_Lady_of_Bourbon
Matilda_of_France	mother	Joanna_of_Castile
Elisabeth_of_Meissen	mother	Agnes_of_Burgundy_Duchess_of_Bourbon
Louis_VI_of_France	mother	Adelaide_of_Maurienne
Henry_the_Middle_Duke_of_Brunswic_L_neburg	mother	Catherine_of_Mayenne
Henry_IX_Duke_of_Bavaria	mother	Margaret_of_Flanders_Duchess_of_Brabant
Afonso_IV_of_Portugal	mother	Berengaria_of_Castile
John_I_Duke_of_Lorraine	mother	Landgravine_Elisabeth_Amalie_of_Hesse_Darmstadt
Henry_VII_of_England	mother	Maria_Teresa_Cybo_Malaspina_Duchess_of_Massa
Mar_a_Isabella_of_Spain	mother	Princess_Magdalena_Augusta_of_Anhalt_Zerbst
Welf_I_Duke_of_Bavaria	mother	Margaret_Boswell
Napoleon_II	mother	Anne_of_Brittany
William_of_Winchester_Lord_of_Lunenburg	mother	Maria_Beatrice_of_Savoy
Jeanne_de_Bourbon_Duchess_of_Bourbon	mother	Clementia_of_Hungary
Catherine_of_Valois	mother	Maria_Theresa
Margaret_of_the_Palatinate	mother	Catherine_de_Medici
Sibylla_of_Anjou	mother	Ingegerd_Olofsdotter_of_Sweden
Sophia_of_Saxe_Weissenfels_Princess_of_Anhalt_Zerbst	mother	Hedwig_of_Babenberg
Princess_Louise_of_Hesse_Darmstadt_1757_1830	mother	Matilda_of_England_Duchess_of_Saxony
James_V_of_Scotland	mother	Marie_of_Anjou
Mahaut_Countess_of_Artois	mother	Mar_a_Manuela_Kirkpatrick_de_Grevign_e
Francis_II_Duke_of_Lorraine	mother	Marie_of_France_Countess_of_Champagne
Anne_of_Cyprus	mother	Eleanor_of_Lancaster
Louis_Duke_of_Savoy	mother	Beatrice_of_Savoy
Alfonso_XI_of_Castile	mother	Maria_Josepha_of_Saxony_Dauphine_of_France
Margaret_Holland_Duchess_of_Clarence	mother	Barbara_of_Cilli
Anne_of_Foix_Candale	mother	Elizabeth_the_Cuman
Antoine_Count_of_Vaud_mont	mother	Violant_of_Bar
Maria_Luisa_of_Parma	mother	Maria_of_Swabia
Maria_Theresa_of_Savoy	mother	Catalina_Micaela_of_Spain
Elizabeth_of_Bohemia_1292_1330	mother	Joan_II_of_Navarre
Henry_VI_Count_of_Luxembourg	mother	Sophia_of_Saxe_Weissenfels_Princess_of_Anhalt_Zerbst
Philip_II_of_Spain	mother	Adelaide_of_Aquitaine
Bertha_of_Holland	mother	Adelaide_of_Paris
Ingegerd_Olofsdotter_of_Sweden	mother	Elizabeth_of_York
Marie_of_Luxembourg_Countess_of_Vend_me	mother	Eleanor_of_Provence
Robert_I_Count_of_Dreux	mother	Anne_Marie_d_Orl_ans
Isabella_de_Beauchamp	mother	Gisela_of_Swabia
Princess_Magdalena_Augusta_of_Anhalt_Zerbst	mother	_lisabeth_Charlotte_d_Orl_ans
Gertrude_of_Saxony	mother	Beatrice_of_Castile_1242_1303
John_I_Duke_of_Brittany	mother	Anne_of_Austria
Lothair_of_France	mother	Gertrude_of_Saxony
Marie_of_France_Duchess_of_Bar	mother	Mahaut_Countess_of_Artois
Adelaide_of_Aquitaine	mother	Begga
Margaret_Countess_of_Anjou	mother	Archduchess_Maria_Clementina_of_Austria
Ramon_Berenguer_II_Count_of_Barcelona	mother	Matilda_of_France
Ernest_I_Duke_of_Brunswic_L_neburg	mother	Philippa_Countess_of_Toulouse
John_I_of_France	mother	Anne_of_Bohemia_and_Hungary
George_II_of_Great_Britain	mother	_lfthryth_Countess_of_Flanders
Hemma	mother	Joan_the_Lame
Judith_of_Bavaria_died_843	mother	Philippa_of_Guelders
Infanta_Luisa_Fernanda_Duchess_of_Montpensier	mother	Maud_FitzJohn_Countess_of_Warwick
Marie_Louise_Duchess_of_Parma	mother	Clemence_of_Austria
Baldwin_IV_Count_of_Flanders	mother	Bertha_of_Holland
Maria_of_Austria_Holy_Roman_Empress	mother	Ermentrude_de_Roucy
Princess_Caroline_Louise_of_Saxe_Weimar_Eisenach	mother	Marie_de_Ch_tillon_1323_1363
Beatrice_of_Savoy	mother	Margaret_Countess_of_Vertus
Charles_III_Duke_of_Lorraine	mother	Elisabeth_of_Meissen
Louis_I_Duke_of_Bavaria	mother	Isabella_of_Aragon_Queen_of_France
Isabella_I_of_Castile	mother	Maud_of_Apulia
Ferdinand_IV_of_Castile	mother	Eadgifu_of_Wessex
Charles_V_Holy_Roman_Emperor	mother	Margaret_of_Burgundy_Queen_of_France
Isabella_of_Portugal_Queen_of_Castile	mother	Christine_of_Saxony
Alfonso_VIII_of_Castile	mother	Sancha_of_Castile_Queen_of_Aragon
Charlotte_Agla__d_Orl_ans	mother	Joan_of_Navarre_Queen_of_England
Hugh_II_Duke_of_Burgundy	mother	Maud_Chaworth
Margaret_of_Savoy_Countess_of_Saint_Pol	mother	Agnes_of_Burgundy_Duchess_of_Bourbon
Charles_V_Duke_of_Lorraine	mother	Isabella_of_Portugal
Barbara_Jagiellon	mother	Bertrade_of_Montfort
Peter_II_of_Aragon	mother	Maria_Anna_Victoria_of_Bavaria
Piero_the_Unfortunate	mother	Eleonore_of_Austria_Queen_of_Poland
Duchess_Helene_of_Mecklenburg_Schwerin	mother	Countess_Caroline_of_Nassau_Saarbr_cken
Philip_of_France_1116_1131	mother	Helie_of_Semur
Matilda_of_Brabant_Countess_of_Artois	mother	Ermentrude_of_Orl_ans
Francis_II_Duke_of_Brittany	mother	Margaret_of_Baux
Lorenzo_de_Medici	mother	Adelaide_of_Leuven
Henry_Stuart_Lord_Darnley	mother	Eleanor_of_Alburquerque
Joanna_of_Bourbon	mother	Juana_Manuel
Joanna_of_Austria_Grand_Duchess_of_Tuscany	mother	Emma_of_Blois
Louis_Philippe_I_Duke_of_Orl_ans	mother	Maria_Theresa_of_Spain
Maria_Antonia_Ferdinanda_of_Spain	mother	Waldrada_of_Worms
Christine_of_Hesse	mother	Adelaide_of_Tours
John_of_Gaunt	mother	Gertrude_of_Hohenberg
Countess_Palatine_Caroline_of_Zweibr_cken	mother	Matilda_of_Brandenburg_Duchess_of_Brunswic_L_neburg
Mary_Tudor_Queen_of_France	mother	Alpaida
Henry_son_of_Robert_I_of_Burgundy	mother	Maria_Theresa_of_Savoy
Fulk_IV_Count_of_Anjou	mother	Catherine_de_Medici
James_I_Count_of_La_Marche	mother	Joan_I_of_Navarre
Leopold_III_Duke_of_Austria	mother	Clarice_Orsini
Charles_Ferdinand_Duke_of_Berry	mother	Maria_Josepha_of_Austria
Theobald_III_Count_of_Blois	mother	Magdalene_Sibylle_of_Prussia
Charles_the_Bold	mother	Matilda_of_B_thune
Elizabeth_Woodville	mother	Constance_of_Arles
Archduchess_Maria_Theresa_of_Austria_Este_1817_1886	mother	Lutgardis_of_Luxemburg
William_I_Count_of_Burgundy	mother	Jacquetta_of_Luxembourg
Margaret_of_Flanders_Duchess_of_Brabant	mother	Maria_of_Swabia
Denis_of_Portugal	mother	Maria_of_Aragon_Queen_of_Portugal
Richeza_of_Poland_Queen_of_Sweden	mother	Beatrice_of_Castile_1293_1359
Maria_Christina_of_the_Two_Sicilies	mother	Kunigunde_of_Altdorf
Isabella_of_Bourbon	mother	Eilika_of_Schweinfurt
Margaret_of_Valois	mother	Adelaide_of_Auxerre_born_c._870
Maud_Chaworth	mother	Violant_of_Hungary
Pierfrancesco_the_Elder	parent	Berthold_Duke_of_Merania
_thelwulf_King_of_Wessex	parent	Frederick_II_Count_of_Vaud_mont
Robert_II_of_Scotland	parent	K_ten
Robert_II_of_Scotland	parent	Carlo_Buonaparte
Theobald_I_Count_of_Blois	parent	Louis_Count_of_Vend_me
Theobald_I_Count_of_Blois	parent	Anna_Sophia_of_Prussia
Leopold_Duke_of_Lorraine	parent	Philip_VI_of_France
Afonso_II_of_Portugal	parent	Thomas_Holland_2nd_Earl_of_Kent
Afonso_II_of_Portugal	parent	Anna_of_Austria_Queen_of_Spain
Amicie_de_Courtenay	parent	Henry_II_Duke_of_Brabant
Charles_Emmanuel_III_of_Sardinia	parent	Richard_Count_of__tampes
Margaret_of_Austria_Queen_of_Spain	parent	Philippa_of_Hainault
Margaret_of_Austria_Queen_of_Spain	parent	Odoardo_Farnese_Hereditary_Prince_of_Parma
Charles_Count_of_Valois	parent	Philip_IV_of_France
Charles_Count_of_Valois	parent	Henry_IV_of_France
Isabella_of_Valois_Duchess_of_Bourbon	parent	Philip_of_Swabia
Isabella_of_Valois_Duchess_of_Bourbon	parent	Eleanor_de_Guzm_n
Anne_of_Austria	parent	Giovanni_di_Bicci_de_Medici
Philip_III_of_Spain	parent	Sophia_Eleonore_of_Saxony
Philip_III_of_Spain	parent	Ramon_Berenguer_I_Count_of_Barcelona
Henry_II_of_Castile	parent	Ramon_Berenguer_IV_Count_of_Provence
Henry_II_of_Castile	parent	Bonne_of_Luxembourg
Stephen_III_Duke_of_Bavaria	parent	Henry_the_Fowler
Stephen_III_Duke_of_Bavaria	parent	Louise_of_Savoy
Albert_I_of_Germany	parent	Catherine_de_Medici
Albert_I_of_Germany	parent	Henry_3rd_Earl_of_Lancaster
Igor_of_Kiev	parent	Ramon_Berenguer_III_Count_of_Barcelona
Matthias_I_Duke_of_Lorraine	parent	Joan_of_Ponthieu_Dame_of_Epernon
Matthias_I_Duke_of_Lorraine	parent	Otto_IV_Count_of_Scheyern
Wilhelmine_Amalie_of_Brunswick	parent	Louis_X_of_France
Wilhelmine_Amalie_of_Brunswick	parent	Anne_of_Cyprus
Philippe_II_Duke_of_Orl_ans	parent	Yolanda_Latin_Empress
Philippe_II_Duke_of_Orl_ans	parent	Philip_II_of_Spain
Frederick_II_Duke_of_Lorraine	parent	Henry_I_Duke_of_Brabant
Frederick_II_Duke_of_Lorraine	parent	Elizabeth_Woodville
Henry_II_of_England	parent	John_Frederick_Duke_of_Brunswic_Calenberg
Henry_II_of_England	parent	Adelaide_Countess_of_Burgundy
John_II_Count_of_Holland	parent	Theobald_the_Elder
John_II_Count_of_Holland	parent	Gerard_de_Bouzonville
Frederick_Prince_of_Wales	parent	Francis_I_Holy_Roman_Emperor
Frederick_Prince_of_Wales	parent	Antoine_Count_of_Vaud_mont
Maria_Beatrice_d_Este_Duchess_of_Massa	parent	Peter_II_of_Courtenay
Francis_IV_Duke_of_Modena	parent	Frederick_Prince_of_Wales
Rudolph_of_France	parent	Louis_IX_of_France
Rudolph_of_France	parent	Maria_of_Swabia
Ren__II_Duke_of_Lorraine	parent	Isabeau_of_Bavaria
Antoine_Duke_of_Lorraine	parent	Igor_of_Kiev
Antoine_Duke_of_Lorraine	parent	Mar_a_Manuela_Kirkpatrick_de_Grevign_e
Magnus_I_Duke_of_Brunswic_L_neburg	parent	Henry_VII_of_England
Henry_the_Fowler	parent	Francis_I_Holy_Roman_Emperor
Gerberga_of_Saxony	parent	Empress_Jos_phine
Gerberga_of_Saxony	parent	Matilda_of_Savoy_Queen_of_Portugal
Ren__of_Anjou	parent	Christina_of_Salm
Ren__of_Anjou	parent	Engelbert_Duke_of_Carinthia
Mary_of_Guise	parent	Contessina_de_Bardi
Joan_of_Ponthieu_Dame_of_Epernon	parent	Enno_III_Count_of_East_Frisia
Beatrice_of_England	parent	Afonso_I_of_Portugal
Arthur_II_Duke_of_Brittany	parent	Charles_V_of_France
Arthur_II_Duke_of_Brittany	parent	John_Count_of_Chalon
Isabella_Duchess_of_Lorraine	parent	Charles_Duke_of_Orl_ans
Isabella_Duchess_of_Lorraine	parent	John_Stewart_of_Darnley
Louis_XV	parent	Berengaria_of_Barcelona
Louis_Duke_of_Burgundy	parent	Ren__of_Anjou
Louis_Duke_of_Burgundy	parent	Charles_X
Louis_II_Duke_of_Bavaria	parent	Henrietta_Maria
Louis_II_Duke_of_Bavaria	parent	George_II_of_Great_Britain
Alice_Holland_Countess_of_Kent	parent	Adelaide_of_Paris
Eleanor_of_Lancaster	parent	Philip_III_of_Navarre
Eleanor_of_Lancaster	parent	Elisabeth_of_Austria_Duchess_of_Lorraine
Blanche_of_Brittany	parent	Marie_of_Luxembourg_Countess_of_Vend_me
Berenguer_Ramon_I_Count_of_Barcelona	parent	Ramon_Berenguer_IV_Count_of_Provence
Margaret_Stewart_Dauphine_of_France	parent	Margaret_of_Geneva
Margaret_Stewart_Dauphine_of_France	parent	Sunyer_Count_of_Barcelona
Francis_I_Holy_Roman_Emperor	parent	Ramon_Borrell_Count_of_Barcelona
Francis_I_Holy_Roman_Emperor	parent	Simon_I_Duke_of_Lorraine
Edward_I_of_England	parent	Adolphus_Frederick_I_Duke_of_Mecklenburg_Schwerin
Edward_I_of_England	parent	Margaret_of_Baux
Leopold_II_Holy_Roman_Emperor	parent	Henry_II_of_France
Leopold_II_Holy_Roman_Emperor	parent	Eleanor_of_Navarre
Marie_Ad_la_de_of_Savoy	parent	Adelaide_of_Burgundy_born_c._896
Odo_of_France	parent	Philip_V_of_Spain
Henry_I_Count_of_Champagne	parent	Marie_de_Medici
Louis_Philippe_I	parent	Ferdinand_II_of_Aragon
Louis_Philippe_I	parent	Marie_Jeanne_Baptiste_of_Savoy_Nemours
Henry_I_of_France	parent	Adelaide_of_Burgundy_Duchess_of_Brabant
Henry_I_of_France	parent	Francis_I_of_France
Philip_I_of_France	parent	Godfrey_II_Count_of_Louvain
Philip_I_of_France	parent	Alexander_Stewart_4th_High_Steward_of_Scotland
Henry_I_of_Navarre	parent	Philip_IV_of_France
Beatriz_Pereira_de_Alvim	parent	Matthew_Stewart_2nd_Earl_of_Lennox
Beatriz_Pereira_de_Alvim	parent	John_II_Duke_of_Brittany
Henrietta_of_England	parent	Gertrude_of_Hohenberg
Henrietta_of_England	parent	Yolande_of_Dreux_Duchess_of_Burgundy
Lorenzo_de_Medici_Duke_of_Urbino	parent	Joan_II_of_Navarre
Lorenzo_de_Medici_Duke_of_Urbino	parent	Arnulf_II_Count_of_Flanders
Blanche_of_Navarre_Queen_of_France	parent	Eleanor_of_Portugal_Holy_Roman_Empress
Blanche_of_Navarre_Queen_of_France	parent	Maredudd_ap_Tudur
Philip_III_of_Navarre	parent	Viridis_Visconti
Reginar_III_Count_of_Hainaut	parent	Louis_XIV
Reginar_III_Count_of_Hainaut	parent	Ferdinand_Karl_Archduke_of_Austria_Este
Sancho_I_of_Portugal	parent	Cosimo_de_Medici
Sancho_I_of_Portugal	parent	Isabella_de_Beauchamp
Afonso_I_of_Portugal	parent	Margaret_of_Valois_Angoul_me
Afonso_I_of_Portugal	parent	Louis_IX_Landgrave_of_Hesse_Darmstadt
Maria_Josepha_of_Austria	parent	Maria_Theresa_of_Spain
Maria_Josepha_of_Austria	parent	Otto_I_Duke_of_Brunswic_L_neburg
Ramon_Berenguer_IV_Count_of_Barcelona	parent	Sancho_Alfonso
Ramon_Berenguer_III_Count_of_Barcelona	parent	Christina_of_Denmark
Afonso_V_of_Portugal	parent	Matthias_I_Duke_of_Lorraine
Afonso_V_of_Portugal	parent	Arnulf_Count_of_Holland
Edward_King_of_Portugal	parent	Christian_III_Count_Palatine_of_Zweibr_cken
Francis_II_Holy_Roman_Emperor	parent	Berthold_I_of_Istria
Louise_of_Savoy	parent	Catherine_of_Vend_me
Philip_II_Duke_of_Savoy	parent	Louis_IV_of_France
Philip_II_Duke_of_Savoy	parent	William_III_Duke_of_Aquitaine
John_II_of_France	parent	Robert_I_of_France
John_II_of_France	parent	Joanna_of_Bourbon
Joan_the_Lame	parent	Robert_II_of_France
Baldwin_IV_Count_of_Hainaut	parent	Philippe_I_Duke_of_Orl_ans
Louis_Dauphin_of_France_son_of_Louis_XIV	parent	Philip_III_of_France
Louis_Dauphin_of_France_son_of_Louis_XIV	parent	Beatrice_of_Castile_1242_1303
Louis_XIV	parent	Edward_the_Exile
Louis_XIV	parent	Beatrice_of_Brandenburg
Princess_Marie_Isabelle_of_Orl_ans	parent	Isabella_of_France
Princess_Marie_Isabelle_of_Orl_ans	parent	Mastino_II_della_Scala
Antoine_Duke_of_Montpensier	parent	Nicholas_Francis_Duke_of_Lorraine
Antoine_Duke_of_Montpensier	parent	Philip_IV_of_France
John_Stewart_1st_Earl_of_Lennox	parent	Louis_Jean_Marie_de_Bourbon_Duke_of_Penthi_vre
Alan_Stewart_of_Darnley	parent	Anne_Marie_d_Orl_ans
Adelaide_of_Tours	parent	Borrell_II_Count_of_Barcelona
Joan_II_of_Navarre	parent	Elizabeth_Charlotte_Madame_Palatine
Joan_II_of_Navarre	parent	Giovanni_di_Bicci_de_Medici
Charles_IV_of_France	parent	In_s_de_Castro
Charles_IV_of_France	parent	Alfonso_VII_of_Le_n_and_Castile
Magdalene_Sibylle_of_Prussia	parent	Nicholas_d_Oisy_Lord_of_Avesnes
Marie_Eleonore_of_Cleves	parent	Ren_e_of_Bourbon
Yaroslav_the_Wise	parent	Blanche_of_Brittany
Yaroslav_the_Wise	parent	Richard_Fitzalan_3rd_Earl_of_Arundel
Yaroslav_the_Wise	parent	Albert_IV_Count_of_Habsburg
Victor_Amadeus_II_of_Sardinia	parent	Mary_of_Hungary_Queen_of_Naples
Victor_Amadeus_II_of_Sardinia	parent	Margaret_Countess_of_Anjou
Odo_II_Duke_of_Burgundy	parent	Henry_son_of_Robert_I_of_Burgundy
Hugh_III_Duke_of_Burgundy	parent	Thomas_Count_of_Savoy
Alfonso_II_of_Aragon	parent	Letizia_Bonaparte
Charles_Martel	parent	Charles_the_Simple
Charles_Martel	parent	Lutgardis_of_Luxemburg
Marie_Countess_of_Ponthieu	parent	Theobald_III_Count_of_Champagne
Marie_Countess_of_Ponthieu	parent	Joan_Countess_of_Ponthieu
Louis_I_Duke_of_Orl_ans	parent	Marie_Antoinette
Louis_I_Duke_of_Orl_ans	parent	Henry_III_Duke_of_Brabant
Charles_V_of_France	parent	Wierzchoslawa_Ludmilla_of_Greater_Poland
William_X_Duke_of_Aquitaine	parent	Ermentrude_of_Orl_ans
William_X_Duke_of_Aquitaine	parent	Elizabeth_of_Bohemia_1292_1330
John_VIII_Count_of_Vend_me	parent	Casimir_IV_Jagiellon
Eleanor_of_Provence	parent	Bertha_of_Burgundy
Eleanor_of_Provence	parent	Joanna_of_Flanders
Charles_Emmanuel_II_Duke_of_Savoy	parent	Hortense_de_Beauharnais
Charles_Emmanuel_II_Duke_of_Savoy	parent	Margaret_Tudor
Joan_II_Countess_of_Burgundy	parent	Agnes_de_Baudemont_Countess_of_Braine
Joan_II_Countess_of_Burgundy	parent	William_V_Duke_of_Aquitaine
John_II_of_Aragon	parent	George_Duke_of_Saxony
James_III_of_Scotland	parent	Louis_the_German
Joan_of_Valois_Countess_of_Hainaut	parent	Albert_V_Duke_of_Bavaria
Joan_of_Valois_Countess_of_Hainaut	parent	Benedicta_Henrietta_of_the_Palatinate
Matilda_of_Frisia	parent	Elizabeth_of_Portugal
Liudolf_Margrave_of_Frisia	parent	Bouchard_IV_of_Avesnes
Clementia_of_Hungary	parent	Henry_II_of_England
Clementia_of_Hungary	parent	John_II_Duke_of_Brittany
Louis_X_of_France	parent	Vladislaus_II_of_Hungary
Louis_X_of_France	parent	John_VII_Duke_of_Mecklenburg_Schwerin
Charles_the_Simple	parent	William_X_Duke_of_Aquitaine
Charles_the_Simple	parent	Burkhard_V_Count_of_Hohenberg
Countess_Palatine_Dorothea_Sophie_of_Neuburg	parent	Otto_IV_Count_of_Burgundy
Elisabeth_Farnese	parent	Matilda_of_Habsburg
Elisabeth_Farnese	parent	Peter_of_Courtenay_Lord_of_Conches
Ermentrude_of_Orl_ans	parent	Patrick_Hepburn_3rd_Earl_of_Bothwell
Ermentrude_of_Orl_ans	parent	Christine_of_France
Magnus_II_Duke_of_Brunswic_L_neburg	parent	Albert_I_of_Germany
Magnus_II_Duke_of_Brunswic_L_neburg	parent	Lorenzo_de_Medici_Duke_of_Urbino
Alfonso_II_Count_of_Provence	parent	Alan_Stewart_of_Darnley
Alfonso_II_Count_of_Provence	parent	Frederick_II_Duke_of_Brunswic_L_neburg
Rudolf_I_of_Germany	parent	Gisela_of_Burgundy_Marchioness_of_Montferrat
Gertrude_of_Hohenberg	parent	Robert_II_Duke_of_Burgundy
Beatrice_of_Portugal_died_1381	parent	Mary_of_Guelders
Beatrice_of_Portugal_died_1381	parent	Magdalene_of_Brandenburg_1412_1454
Victor_Amadeus_I_Duke_of_Savoy	parent	William_I_Count_of_Burgundy
Mary_of_Burgundy_Duchess_of_Cleves	parent	Charles_Count_of_Angoul_me
Mary_of_Burgundy_Duchess_of_Cleves	parent	John_IV_Duke_of_Brittany
Nicholas_Francis_Duke_of_Lorraine	parent	Waldrada_of_Worms
Nicholas_Francis_Duke_of_Lorraine	parent	Juana_Manuel
Dirk_III_Count_of_Holland	parent	Alfonso_II_Count_of_Provence
Dirk_III_Count_of_Holland	parent	Charles_I_Duke_of_Bourbon
Otto_I_Duke_of_Saxony	parent	John_VIII_Count_of_Vend_me
Alfonso_X_of_Castile	parent	Afonso_IV_of_Portugal
Louis_Duke_of_Orl_ans_1703_1752	parent	Maria_Carolina_of_Austria
Louis_Duke_of_Orl_ans_1703_1752	parent	Henry_Count_of_Portugal
Landgravine_Elisabeth_Amalie_of_Hesse_Darmstadt	parent	Philip_III_of_Spain
James_II_of_Scotland	parent	Agnes_of_the_Palatinate
Frederick_III_Holy_Roman_Emperor	parent	Margaret_of_Denmark_Queen_of_Scotland
Maria_Anna_of_Bavaria_born_1551	parent	Baldwin_II_Count_of_Hainaut
Maria_Luisa_of_Spain	parent	Louis_Philippe_I_Duke_of_Orl_ans
Maria_Luisa_of_Spain	parent	Gerolf_of_Holland
Charles_III_of_Spain	parent	Gerold_of_Vinzgau
Maria_Theresa_of_Spain	parent	Baldwin_III_Count_of_Flanders
Henry_the_Lion	parent	Douce_I_Countess_of_Provence
Otto_IV_Count_of_Burgundy	parent	Beatrice_of_Portugal_Duchess_of_Savoy
Otto_IV_Count_of_Burgundy	parent	Charlemagne
Beatriz_of_Portugal_Duchess_of_Viseu	parent	Maria_Christina_of_the_Two_Sicilies
Beatriz_of_Portugal_Duchess_of_Viseu	parent	Ingeborg_of_Kiev
Ferdinand_II_of_Aragon	parent	Adelaide_of_Aquitaine
Ferdinand_II_of_Aragon	parent	Ermengarde_of_Anjou_Duchess_of_Burgundy
Willa_of_Burgundy	parent	Yolanda_of_Courtenay
Hugh_of_Italy	parent	Guilla_of_Provence
Hugh_of_Italy	parent	Victor_Emmanuel_I_of_Sardinia
Rudolph_II_of_Burgundy	parent	John_the_Fearless
Henry_II_of_France	parent	Countess_Palatine_Dorothea_Sophie_of_Neuburg
Mahaut_of_Ch_tillon	parent	Alfonsina_Orsini
Eug_nie_de_Montijo	parent	Maria_Josepha_of_Austria
Eug_nie_de_Montijo	parent	Rudolph_Duke_of_Lorraine
Eug_nie_de_Montijo	parent	Eleonore_of_Austria_Queen_of_Poland
Napoleon_III	parent	Isabel_of_Barcelos
Napoleon_III	parent	Louise_Henriette_de_Bourbon
Clemence_of_Austria	parent	William_III_of_M_con
Clemence_of_Austria	parent	Constant_d_Aubign_
Peter_I_Duke_of_Bourbon	parent	Marie_Countess_of_Ponthieu
Peter_I_Duke_of_Bourbon	parent	Francis_II_Duke_of_Lorraine
Charles_VI_of_France	parent	Humbert_II_Count_of_Savoy
Charles_VI_of_France	parent	Leonor_de_Alvim
Duke_Charles_Louis_Frederick_of_Mecklenburg	parent	Beatrice_of_Burgundy_Lady_of_Bourbon
Joan_I_Countess_of_Auvergne	parent	Amicie_de_Courtenay
Henry_V_of_England	parent	Ramon_Berenguer_III_Count_of_Barcelona
Henry_V_of_England	parent	Afonso_V_of_Portugal
Joan_of__vreux	parent	Maria_of_Swabia
Louis_Count_of__vreux	parent	Beatrice_of_Savoy_Lady_of_Villena
Otto_I_Duke_of_Brunswic_L_neburg	parent	Charles_I_Gonzaga_Duke_of_Mantua
Otto_I_Duke_of_Brunswic_L_neburg	parent	Gisela_of_Friuli
A_nor_de_Ch_tellerault	parent	Francesco_I_Sforza
A_nor_de_Ch_tellerault	parent	Frederick_V_Burgrave_of_Nuremberg
Claude_of_France	parent	Conrad_I_of_Burgundy
Louis_I_Duke_of_Bourbon	parent	Hermann_Billung
Louis_I_Duke_of_Bourbon	parent	Teresa_Louren_o
Marie_Antoinette	parent	Judith_of_Habsburg
Marie_Antoinette	parent	Richeza_of_Poland_Queen_of_Sweden
Charles_X	parent	Louis_Duke_of_Savoy
Charles_X	parent	Wenceslaus_II_of_Bohemia
Charles_III_Duke_of_Savoy	parent	Hugh_Count_of_Burgundy
Margaret_of_Bourbon_1438_1483	parent	Walter_I_Lord_of_Avesnes
Margaret_of_Bourbon_1438_1483	parent	Edward_III_of_England
Maria_Theresa_of_Austria_Este_Queen_of_Sardinia	parent	Constance_of_Arles
Maria_Theresa_of_Austria_Este_Queen_of_Sardinia	parent	Alfonso_VII_of_Le_n_and_Castile
Vladimir_the_Great	parent	Nicolas_Duke_of_Merc_ur
Vladimir_the_Great	parent	John_Fitzgeoffrey
Sviatoslav_I	parent	William_the_Younger_Duke_of_Brunswic_L_neburg
John_of_Montfort	parent	Judith_of_Flanders_died_1095
Fulk_King_of_Jerusalem	parent	Eleanor_of_Aquitaine
Geoffrey_Plantagenet_Count_of_Anjou	parent	Joan_I_of_Navarre
Geoffrey_Plantagenet_Count_of_Anjou	parent	Piccarda_Bueri
Francis_Duke_of_Anjou	parent	Richard_Woodville_1st_Earl_Rivers
Francis_Duke_of_Anjou	parent	Hedwig_of_Bavaria
Catherine_de_Medici	parent	Margaret_of_Joinville
Henry_III_of_France	parent	Victor_Amadeus_III_of_Sardinia
Edward_III_of_England	parent	_lffl_d_wife_of_Edward_the_Elder
Edward_III_of_England	parent	Mar_a_Isabella_of_Spain
Louis_Count_of_Vend_me	parent	Stephen_II_Duke_of_Bavaria
Louis_Count_of_Vend_me	parent	Liudolf_Duke_of_Saxony
Emma_of_Italy	parent	Dirk_II_Count_of_Holland
Emma_of_Italy	parent	Joan_I_of_Navarre
Marie_Jos_phine_of_Savoy	parent	Margaret_I_Countess_of_Flanders
Marie_Jos_phine_of_Savoy	parent	Margaret_Holland_Duchess_of_Clarence
Victor_Amadeus_III_of_Sardinia	parent	Marie_of_Brabant_Queen_of_France
Victor_Amadeus_III_of_Sardinia	parent	Matilda_of_Ringelheim
Louis_XII	parent	Henry_III_of_England
Louis_XII	parent	Poppa_of_Bayeux
Philip_I_of_Castile	parent	Adalbert_I_of_Ivrea
Philip_I_of_Castile	parent	Fran_oise_Marie_de_Bourbon
Ramon_Borrell_Count_of_Barcelona	parent	Ermentrude_de_Roucy
Frederick_II_Count_of_Vaud_mont	parent	Louis_VI_of_France
Frederick_II_Count_of_Vaud_mont	parent	Eleanor_of_Aragon_Queen_of_Castile
Eleanor_of_Castile	parent	Berengar_II_of_Neustria
Alfonso_IX_of_Le_n	parent	Edward_II_of_England
Alfonso_IX_of_Le_n	parent	Anne_of_Cyprus
James_I_of_Scotland	parent	Otto_II_Duke_of_Bavaria
James_I_of_Scotland	parent	Yolande_of_Aragon
Charles_VIII_of_France	parent	George_Louis_I_Count_of_Erbach_Erbach
Louis_XI	parent	_lisabeth_Charlotte_d_Orl_ans
Louis_XI	parent	James_I_Count_of_La_Marche
Henry_IV_of_England	parent	John_Beaufort_1st_Earl_of_Somerset
Henry_IV_of_England	parent	Janus_of_Cyprus
Mary_de_Bohun	parent	Baldwin_IV_Count_of_Hainaut
Mary_de_Bohun	parent	Adalbert_of_Italy
Stephen_Count_of_Blois	parent	Maria_Theresa_of_Austria_Este_Queen_of_Sardinia
Cosimo_I_de_Medici_Grand_Duke_of_Tuscany	parent	John_Stewart_1st_Earl_of_Lennox
Cosimo_I_de_Medici_Grand_Duke_of_Tuscany	parent	Conrad_II_Duke_of_Transjurane_Burgundy
Peter_I_of_Portugal	parent	Constance_of_Arles
Peter_I_of_Portugal	parent	Valentina_Visconti_Duchess_of_Orl_ans
Raymond_of_Burgundy	parent	Maria_Teresa_Cybo_Malaspina_Duchess_of_Massa
Jacquetta_of_Luxembourg	parent	Marie_of_Brittany_Countess_of_Saint_Pol
Jacquetta_of_Luxembourg	parent	Petronilla_of_Aragon
George_I_of_Great_Britain	parent	Vladimir_the_Great
George_I_of_Great_Britain	parent	Berengaria_of_Castile
Ernest_Augustus_Elector_of_Hanover	parent	Princess_Caroline_Louise_of_Saxe_Weimar_Eisenach
Margaret_of_Anjou	parent	Charles_Count_of_Angoul_me
Margaret_of_Anjou	parent	Marie_of_France_Countess_of_Champagne
Charlotte_of_Bourbon_Queen_of_Cyprus	parent	Ernest_Duke_of_Austria
Charlotte_of_Bourbon_Queen_of_Cyprus	parent	Christine_of_Hesse
John_I_Count_of_La_Marche	parent	Maria_Beatrice_d_Este_Duchess_of_Massa
Princess_Elisabeth_Albertine_of_Saxe_Hildburghausen	parent	Rozala_of_Italy
Anne_of_Bohemia_and_Hungary	parent	Sophia_of_Holstei_Gottorp
Louis_IV_of_France	parent	Adelaide_of_Maurienne
Louis_IV_of_France	parent	Philippa_of_Guelders
William_III_of_M_con	parent	Rudolph_I_of_Burgundy
Louis_V_of_France	parent	Bonne_of_Luxembourg
Marie_of_Luxembourg_Queen_of_France	parent	William_VIII_Duke_of_Aquitaine
Henry_VII_Holy_Roman_Emperor	parent	Reginar_II_Count_of_Hainaut
Saint_Margaret_of_Scotland	parent	Gaston_IV_Count_of_Foix
Arnulf_I_Count_of_Flanders	parent	Henry_I_of_France
Arnulf_I_Count_of_Flanders	parent	Duchess_Helene_of_Mecklenburg_Schwerin
Louis_XIII	parent	Count_of_Montijo
Louis_XIII	parent	Princess_Augusta_of_Saxe_Gotha
Marie_de_Medici	parent	Peter_I_Duke_of_Bourbon
Charles_the_Bald	parent	Antoinette_of_Bourbon
Charles_the_Bald	parent	Margaret_of_Provence
Rudolph_Duke_of_Lorraine	parent	Charles_Martel
Rudolph_Duke_of_Lorraine	parent	Infanta_Luisa_Fernanda_Duchess_of_Montpensier
John_I_of_Portugal	parent	Walter_Stewart_6th_High_Steward_of_Scotland
John_I_of_Portugal	parent	Frederick_I_Duke_of_Lorraine
Eckhard_I_Count_of_Scheyern	parent	Sviatoslav_I
Piero_di_Cosimo_de_Medici	parent	Duke_Charles_Louis_Frederick_of_Mecklenburg
Piero_di_Cosimo_de_Medici	parent	Henry_IV_of_England
Odo_IV_Duke_of_Burgundy	parent	Louis_Philippe_II_Duke_of_Orl_ans
Joan_III_Countess_of_Burgundy	parent	Maud_FitzJohn_Countess_of_Warwick
Isabeau_of_Bavaria	parent	Ferdinand_I_of_the_Two_Sicilies
Isabeau_of_Bavaria	parent	Eadgifu_of_Wessex
Elisabeth_of_France_1602_1644	parent	Victor_Amadeus_III_of_Sardinia
Elisabeth_of_France_1602_1644	parent	Maria_Salviati
William_I_Count_of_Hainaut	parent	Eleanor_of_Castile
William_I_Count_of_Hainaut	parent	Louis_IV_of_France
Yolanda_of_Courtenay	parent	Gertrude_of_Hohenberg
Yolanda_of_Courtenay	parent	Elisabeth_of_Sicily_Duchess_of_Bavaria
Baldwin_II_Count_of_Hainaut	parent	Adele_of_Vermandois
Baldwin_II_Count_of_Hainaut	parent	Louis_Dauphin_of_France_son_of_Louis_XIV
Constance_of_Arles	parent	Gertrude_of_S_pplingenburg
Constance_of_Arles	parent	Baldwin_III_Count_of_Hainaut
Adelaide_of_Auxerre_born_c._870	parent	Rurik
James_I_of_Aragon	parent	Francis_I_Holy_Roman_Emperor
Fran_oise_d_Aubign__Marquise_de_Maintenon	parent	Margaret_of_Bourbon_1438_1483
Maria_Amalia_of_Naples_and_Sicily	parent	Catherine_de_Medici
Maria_Amalia_of_Naples_and_Sicily	parent	William_I_of_Geneva
Maria_Carolina_of_Austria	parent	Ferdinand_I_Holy_Roman_Emperor
Maria_Carolina_of_Austria	parent	Matilda_of_B_thune
Marie_of_Brabant_Queen_of_France	parent	Patrick_de_Chaworth_Lord_of_Kidwelly
Marie_of_Brabant_Queen_of_France	parent	Theobald_III_Count_of_Blois
Matilda_of_Scotland	parent	Reginar_Longneck
Charles_Emmanuel_I_Duke_of_Savoy	parent	Clemence_of_Austria
Charles_Emmanuel_I_Duke_of_Savoy	parent	Margaret_Douglas
Maria_Amalia_of_Saxony	parent	Beatrice_of_England
Maria_Amalia_of_Saxony	parent	Maria_Anna_of_Bavaria_born_1551
Hedwig_of_Saxony	parent	Agnes_of_Rochlitz
Henry_I_Duke_of_Brabant	parent	Mary_of_Avesnes
Isabella_of_Hainault	parent	Fran_oise_Ath_na_s_de_Rochechouart_Marquise_de_Montespan
Isabella_of_Hainault	parent	Fulk_III_Count_of_Anjou
Maria_Theresa_of_Naples_and_Sicily	parent	Henry_III_of_England
Archduchess_Maria_Clementina_of_Austria	parent	Geoffrey_Plantagenet_Count_of_Anjou
Charles_VII_of_France	parent	Liudolf_Margrave_of_Frisia
Charles_IX_of_France	parent	Louis_IX_of_France
Charles_IX_of_France	parent	Stephen_I_Count_of_Burgundy
Margaret_of_Brabant	parent	Margaret_of_Brabant
Margaret_of_Brabant	parent	Ingegerd_Olofsdotter_of_Sweden
Philip_IV_of_France	parent	Henry_II_of_France
Philip_IV_of_France	parent	Anne_of_Bohemia_and_Hungary
Philip_III_of_France	parent	Gaston_de_Foix_Count_of_Candale
Philip_III_of_France	parent	Muzio_Attendolo_Sforza
Baldwin_II_Margrave_of_Flanders	parent	Isabella_of_Aragon_Queen_of_France
Margaret_of_Bavaria	parent	Charles_Count_of_Valois
Louis_IX_of_France	parent	Marie_of_Cleves_Duchess_of_Orl_ans
Violant_of_Hungary	parent	Ernest_I_Duke_of_Brunswic_L_neburg
Ferdinand_II_of_Le_n	parent	Edward_Count_Palatine_of_Simmern
Alfonso_VII_of_Le_n_and_Castile	parent	Richende_De_Bourges
Alfonso_VII_of_Le_n_and_Castile	parent	Margaret_Stewart_Lady_Gordon
Reginald_I_Count_of_Burgundy	parent	Elisabeth_Christine_of_Brunswic_Wolfenb_ttel
Reginald_I_Count_of_Burgundy	parent	Margaret_of_Artois
Ferdinand_I_of_Aragon	parent	Agnes_of_Burgundy_Duchess_of_Bourbon
Robert_I_Duke_of_Burgundy	parent	Adolphus_Frederick_I_Duke_of_Mecklenburg_Schwerin
Robert_I_Duke_of_Burgundy	parent	Engeltrude_de_F_zensac
Frederick_I_Duke_of_Lorraine	parent	Theobald_I_Count_of_Blois
Robert_III_of_Scotland	parent	Philip_the_Bold
Louis_the_Stammerer	parent	Robert_I_Duke_of_Burgundy
Louis_the_Stammerer	parent	Robert_II_of_France
Rudolph_I_of_Burgundy	parent	George_I_of_Great_Britain
Rudolph_I_of_Burgundy	parent	Ren_e_of_Bourbon
Philippe_I_Duke_of_Orl_ans	parent	Polyxena_of_Hesse_Rotenburg
Sophia_of_Minsk	parent	Elisabeth_of_Carinthia_Queen_of_the_Romans
Ferdinand_III_of_Castile	parent	John_of_Montfort
Maria_of_Aragon_Queen_of_Portugal	parent	Maria_Josepha_of_Saxony_Dauphine_of_France
Adolphus_Frederick_I_Duke_of_Mecklenburg_Schwerin	parent	Louis_VII_of_France
Adolphus_Frederick_I_Duke_of_Mecklenburg_Schwerin	parent	Robert_II_Count_of_Hesbaye
Fran_oise_Ath_na_s_de_Rochechouart_Marquise_de_Montespan	parent	Ramon_Berenguer_II_Count_of_Barcelona
Henry_III_Duke_of_Brabant	parent	Maria_Theresa
Henry_III_Duke_of_Brabant	parent	William_Duke_of_J_lich_Cleves_Berg
Elizabeth_of_York	parent	Otto_I_Count_of_Scheyern
Adelaide_of_Maurienne	parent	Otto_IV_Count_of_Burgundy
Adelaide_of_Maurienne	parent	Alice_of_Normandy
Madeleine_de_La_Tour_d_Auvergne	parent	Margaret_of_Flanders_Duchess_of_Brabant
Emmanuel_Philibert_Duke_of_Savoy	parent	Joan_Fitzalan_Countess_of_Hereford
Emmanuel_Philibert_Duke_of_Savoy	parent	Mahaut_Countess_of_Artois
Owen_Tudor	parent	Charlotte_of_Savoy
Owen_Tudor	parent	Humphrey_de_Bohun_7th_Earl_of_Hereford
Philip_V_of_Spain	parent	Berengar_II_of_Italy
Philip_V_of_Spain	parent	Maria_Theresa
Charlotte_of_Mecklenburg_Strelitz	parent	Matthias_II_Duke_of_Lorraine
Charlotte_of_Mecklenburg_Strelitz	parent	Peter_I_Count_of_Saint_Pol
Blanche_of_Castile	parent	Maria_Amalia_of_Naples_and_Sicily
Maximilian_I_Holy_Roman_Emperor	parent	Anne_of_Bohemia_and_Hungary
Maximilian_I_Holy_Roman_Emperor	parent	John_I_of_Aragon
Eleanor_of_Viseu	parent	Charles_VII_of_France
Eleanor_of_Viseu	parent	Joan_I_of_Navarre
John_II_of_Portugal	parent	Princess_Elisabeth_Albertine_of_Saxe_Hildburghausen
John_II_of_Portugal	parent	Kunigunde_of_Altdorf
Theobald_III_Count_of_Champagne	parent	Luitgarde_of_Vermandois
Theobald_III_Count_of_Champagne	parent	Louis_the_Pious
Antoinette_of_Bourbon	parent	Alix_Duchess_of_Brittany
John_Count_of_Angoul_me	parent	Amadeus_II_Count_of_Savoy
Louis_XVIII	parent	Joan_Beaufort_Queen_of_Scots
Maria_Josepha_of_Saxony_Dauphine_of_France	parent	Isabella_of_Portugal
Joan_Beaufort_Queen_of_Scots	parent	Odo_II_Duke_of_Burgundy
Joan_Beaufort_Queen_of_Scots	parent	Charles_Prince_of_Anhalt_Zerbst
Henrietta_Maria	parent	Eleanor_of_Aragon_Queen_of_Portugal
Henrietta_Maria	parent	William_XII_Count_of_Auvergne
Hugh_the_Great	parent	Henry_II_of_Castile
Louis_the_German	parent	Anabella_Drummond
Louis_the_German	parent	Oberto_II_Margrave_of_Milan
Charles_the_Fat	parent	Blanche_of_Artois
Charles_the_Fat	parent	Maud_Chaworth
Hugh_Capet	parent	Louis_Dauphin_of_France_son_of_Louis_XIV
Theodoric_II_Duke_of_Lorraine	parent	Maria_Luisa_of_Spain
Carloman_II	parent	William_I_Count_of_Burgundy
Ferdinand_I_Holy_Roman_Emperor	parent	Mary_of_Burgundy
Ferdinand_I_Holy_Roman_Emperor	parent	Valdemar_I_of_Denmark
Louis_Dauphin_of_France_son_of_Louis_XV	parent	Richard_Duke_of_Burgundy
Theobald_I_of_Navarre	parent	Hedwig_of_Bavaria
Marie_Caroline_of_Bourbo_Two_Sicilies_Duchess_of_Berry	parent	Albert_III_Count_of_Habsburg
Agnes_of_Burgundy_Duchess_of_Bourbon	parent	Welf_I_Duke_of_Bavaria
Francesco_I_Sforza	parent	Marie_Countess_of_Harcourt
Francesco_I_Sforza	parent	Welf_father_of_Judith
Archduchess_Anna_of_Austria	parent	Marjorie_Bruce
Archduchess_Anna_of_Austria	parent	Robert_III_of_Scotland
Charlotte_of_Savoy	parent	Eilika_of_Schweinfurt
Charlotte_of_Savoy	parent	Marie_Louise_Duchess_of_Parma
Eleanor_of_Aquitaine	parent	Charles_III_Duke_of_Savoy
Benedicta_Henrietta_of_the_Palatinate	parent	Mary_of_Burgundy_Duchess_of_Savoy
Benedicta_Henrietta_of_the_Palatinate	parent	Piero_the_Unfortunate
Mary_Queen_of_Scots	parent	Ferdinand_I_of_the_Two_Sicilies
Hildegard_of_the_Vinzgau	parent	Anna_of_Holstei_Gottorp
_lffl_d_wife_of_Edward_the_Elder	parent	Beatrice_Regina_della_Scala
Humbert_II_Count_of_Savoy	parent	Stephen_Count_of_Blois
Humbert_II_Count_of_Savoy	parent	Anne_Gonzaga
Pepin_the_Short	parent	Maximilian_I_Holy_Roman_Emperor
Pepin_the_Short	parent	Yolande_of_Dreux_Duchess_of_Burgundy
Berengar_II_of_Italy	parent	Louis_I_of_Brzeg
Berengar_II_of_Italy	parent	Frederick_II_Margrave_of_Meissen
Rozala_of_Italy	parent	Maria_of_Aragon_Queen_of_Portugal
Rozala_of_Italy	parent	Dangereuse_de_l_Isle_Bouchard
Matilda_of_Saxony_countess_of_Flanders	parent	Charles_Emmanuel_II_Duke_of_Savoy
Baldwin_III_Count_of_Flanders	parent	Anne_Marie_d_Orl_ans
Baldwin_III_Count_of_Flanders	parent	Arnulf_I_Count_of_Flanders
Alfred_the_Great	parent	Sancho_I_of_Portugal
Alfred_the_Great	parent	Antoine_Duke_of_Montpensier
William_the_Younger_Duke_of_Brunswic_L_neburg	parent	William_I_Count_of_Burgundy
Baldwin_VI_Count_of_Flanders	parent	Gabriel_de_Rochechouart_de_Mortemart
Baldwin_VI_Count_of_Flanders	parent	Maria_Theresa_of_Savoy
Godfrey_I_Count_of_Louvain	parent	Maria_Amalia_of_Saxony
Godfrey_I_Count_of_Louvain	parent	Ermengarde_of_Auvergne
Isabella_of_France	parent	John_Constable_of_Portugal
Isabella_of_France	parent	Pepin_of_Herstal
Joan_I_of_Navarre	parent	Louis_II_Duke_of_Bavaria
Joan_I_of_Navarre	parent	Nuno__lvares_Pereira
Sancho_III_of_Castile	parent	John_VI_of_Vend_me
Sancho_III_of_Castile	parent	Verdun
Berengaria_of_Barcelona	parent	Maria_Theresa_of_Naples_and_Sicily
Berengaria_of_Barcelona	parent	Louis_the_Stammerer
Alys_of_France_Countess_of_Vexin	parent	Augustus_III_of_Poland
Alys_of_France_Countess_of_Vexin	parent	Philip_William_Elector_Palatine
Catherine_of_Vend_me	parent	Willa_of_Tuscany
Catherine_of_Vend_me	parent	Philip_III_of_France
James_Stewart_5th_High_Steward_of_Scotland	parent	Adelaide_of_Italy
Charles_Duke_of_Vend_me	parent	Osburh
Charles_Duke_of_Vend_me	parent	Lorenzo_the_Elder
Rudolf_II_Count_of_Habsburg	parent	Elizabeth_of_Luxembourg
Margaret_of_Foix	parent	Hugh_II_Duke_of_Burgundy
Margaret_of_Foix	parent	Adolph_I_Duke_of_Cleves
Prince_Philippe_Count_of_Paris	parent	Isabella_I_of_Castile
George_Gordon_4th_Earl_of_Huntly	parent	Louis_the_Stammerer
George_Gordon_4th_Earl_of_Huntly	parent	James_of_Avesnes
Robert_II_of_France	parent	Philip_IV_of_France
Adelaide_of_Burgundy_Duchess_of_Brabant	parent	Mahaut_of_Ch_tillon
Adelaide_of_Burgundy_Duchess_of_Brabant	parent	Louis_Dauphin_of_France_son_of_Louis_XV
Hugh_IV_Duke_of_Burgundy	parent	Maria_Beatrice_of_Savoy
Hugh_IV_Duke_of_Burgundy	parent	Baldwin_V_Count_of_Hainaut
Elizabeth_of_Luxembourg	parent	Charles_III_of_Spain
George_Duke_of_Brunswic_Calenberg	parent	Sancha_of_Castile_Queen_of_Aragon
George_Duke_of_Brunswic_Calenberg	parent	Elizabeth_of_Austria_1436_1505
Simon_I_Duke_of_Lorraine	parent	Denis_of_Portugal
Maximilian_II_Holy_Roman_Emperor	parent	Elisabeth_of_France_1602_1644
Maximilian_II_Holy_Roman_Emperor	parent	Matilda_of_Saxony_countess_of_Flanders
Baldwin_V_Count_of_Flanders	parent	Radbot_of_Klettgau
James_Hepburn_4th_Earl_of_Bothwell	parent	Maria_Antonia_Ferdinanda_of_Spain
Anna_of_Holstei_Gottorp	parent	Philip_I_of_Castile
Anna_of_Holstei_Gottorp	parent	George_Duke_of_Brunswic_Calenberg
Anne_Gonzaga	parent	Louis_I_Duke_of_Orl_ans
Otto_II_Duke_of_Bavaria	parent	Adela_of_Champagne
Maud_FitzJohn_Countess_of_Warwick	parent	Louis_XII
Anna_Maria_of_Mecklenburg_Schwerin	parent	Afonso_II_of_Portugal
Anna_Maria_of_Mecklenburg_Schwerin	parent	_lfthryth_Countess_of_Flanders
Ramon_Berenguer_IV_Count_of_Provence	parent	Otto_I_Duke_of_Saxony
Ramon_Berenguer_IV_Count_of_Provence	parent	Ansegisel
Stephen_II_Duke_of_Bavaria	parent	Rudolf_I_of_Germany
Stephen_II_Duke_of_Bavaria	parent	Ecgberht_King_of_Wessex
Agnes_of_France_Duchess_of_Burgundy	parent	Catalina_Micaela_of_Spain
Agnes_of_France_Duchess_of_Burgundy	parent	William_IX_Duke_of_Aquitaine
Stephen_I_Count_of_Burgundy	parent	Ren__II_Duke_of_Lorraine
Louis_XVI	parent	Helie_of_Semur
Marie_Th_r_se_of_France	parent	Robert_of_Courtenay_Lord_of_Champignelles
Marie_Th_r_se_of_France	parent	Isabelle_de_Beauvau
Henry_VI_of_England	parent	Beatrice_of_Portugal_died_1381
Henry_VI_of_England	parent	Baldwin_V_Count_of_Flanders
William_VIII_Duke_of_Aquitaine	parent	Joan_the_Lame
William_VIII_Duke_of_Aquitaine	parent	Adela_of_Normandy
Richard_Count_of__tampes	parent	Peter_I_of_Portugal
Richard_Count_of__tampes	parent	Bertrade_of_Montfort
John_VII_Duke_of_Mecklenburg_Schwerin	parent	Godfrey_III_Count_of_Louvain
John_VII_Duke_of_Mecklenburg_Schwerin	parent	Hugh_of_Tours
John_Count_of_Chalon	parent	Philip_I_of_Castile
John_Count_of_Chalon	parent	Lorenzo_de_Medici
Robert_III_of_Worms	parent	Louis_Duke_of_Burgundy
Margaret_of_Valois_Angoul_me	parent	Raymond_of_Burgundy
Margaret_of_Valois_Angoul_me	parent	Louis_Dauphin_of_France_son_of_Louis_XV
Charles_Count_of_Angoul_me	parent	Peter_I_of_Portugal
William_IX_Duke_of_Aquitaine	parent	Cumans
William_IX_Duke_of_Aquitaine	parent	John_of_Bohemia
Countess_Sophia_Albertine_of_Erbach_Erbach	parent	Emma_of_Italy
Pepin_of_Herstal	parent	Agnes_of_France_Duchess_of_Burgundy
Pepin_of_Herstal	parent	Odo_I_Count_of_Blois
Francesco_I_de_Medici_Grand_Duke_of_Tuscany	parent	Charles_Martel_of_Anjou
Joan_Countess_of_Ponthieu	parent	Odo_III_Duke_of_Burgundy
William_V_Duke_of_Aquitaine	parent	Maria_Anna_Victoria_of_Bavaria
John_Stewart_3rd_Earl_of_Lennox	parent	Henry_I_of_Navarre
Sophia_Eleonore_of_Saxony	parent	Louis_Philippe_I
Sophia_Eleonore_of_Saxony	parent	Henry_II_Count_of_Louvain
John_I_Count_of_Hainaut	parent	Maria_Theresa
John_I_Count_of_Hainaut	parent	Jeanne_de_Bourbon_Duchess_of_Bourbon
Louis_IV_Holy_Roman_Emperor	parent	Emma_of_Blois
Louis_IV_Holy_Roman_Emperor	parent	Fran_oise_d_Alen_on
Louis_III_of_France	parent	Gertrude_of_Hohenberg
Louis_III_of_France	parent	Kingdom_of_Navarre
Albert_II_Duke_of_Brunswic_L_neburg	parent	Bolko_I_the_Strict
Albert_I_Duke_of_Brunswic_L_neburg	parent	Rupert_King_of_the_Romans
James_of_Avesnes	parent	Henry_II_Duke_of_Brabant
Nicholas_d_Oisy_Lord_of_Avesnes	parent	Margaret_of_Bavaria
Henry_Count_of_Portugal	parent	Theobald_of_Arles
James_IV_of_Scotland	parent	Frederick_I_Count_of_Vaud_mont
James_IV_of_Scotland	parent	John_George_I_Elector_of_Saxony
Philip_VI_of_France	parent	Dedi_III_Margrave_of_Lusatia
Ermengarde_of_Hesbaye	parent	Margaret_Countess_of_Vertus
Maria_Teresa_Felicitas_d_Este	parent	Eleanor_of_Lancaster
Maria_Teresa_Felicitas_d_Este	parent	Hildegarde_of_Burgundy
Louise_Marie_Ad_la_de_de_Bourbon_Duchess_of_Orl_ans	parent	Magnus_I_Duke_of_Brunswic_L_neburg
Anna_Maria_of_Ostfriesland	parent	Anne_of_Cyprus
Anna_Maria_of_Ostfriesland	parent	Adolf_Duke_of_Holstei_Gottorp
John_the_Fearless	parent	Isabella_of_Hainault
Eleanor_of_Aragon_Queen_of_Portugal	parent	Anne_of_Austria
Afonso_III_of_Portugal	parent	John_Count_of_Angoul_me
Yolanda_Latin_Empress	parent	John_I_Count_of_La_Marche
Nicolas_Duke_of_Merc_ur	parent	Matthew_Stewart_4th_Earl_of_Lennox
Nicolas_Duke_of_Merc_ur	parent	Carlo_Buonaparte
Bertrade_of_Montfort	parent	Adolphus_Frederick_II_Duke_of_Mecklenburg_Strelitz
Simon_I_de_Montfort	parent	_thelhelm
Beatrice_of_Silesia	parent	Henry_IV_of_France
Beatrice_of_Silesia	parent	Ferdinand_VII_of_Spain
Matthew_Stewart_2nd_Earl_of_Lennox	parent	Boso_II_of_Italy
Blanche_of_Burgundy	parent	Albert_I_Duke_of_Brunswic_L_neburg
Blanche_of_Burgundy	parent	Floris_I_Count_of_Holland
William_IV_Duke_of_Aquitaine	parent	Elisabeth_of_Meissen
William_IV_Duke_of_Aquitaine	parent	Urraca_of_Le_n
Ferdinand_Duke_of_Viseu	parent	Ferdinand_I_Holy_Roman_Emperor
Ferdinand_Duke_of_Viseu	parent	Elias_I_Count_of_Maine
Margaret_of_Artois	parent	Anne_of_Austria
Margaret_of_Artois	parent	Agnes_of_Loon
Taddea_Visconti	parent	Alys_of_France_Countess_of_Vexin
Taddea_Visconti	parent	Amaury_I_de_Montfort
Beatrice_Regina_della_Scala	parent	Bivin_of_Gorze
Otto_William_Count_of_Burgundy	parent	Louis_the_Pious
Otto_William_Count_of_Burgundy	parent	Karl_August_Grand_Duke_of_Saxe_Weimar_Eisenach
Antoine_of_Navarre	parent	Sancha_of_Castile_Queen_of_Aragon
Antoine_of_Navarre	parent	Alexandre_de_Beauharnais
Maria_Beatrice_of_Savoy	parent	Elizabeth_Mure
Maria_Beatrice_of_Savoy	parent	Constance_of_Portugal
Henry_IV_of_France	parent	_thelwulf_King_of_Wessex
Conrad_I_of_Burgundy	parent	Anne_of_Kiev
Baldwin_III_Count_of_Hainaut	parent	Waldrada_of_Worms
Baldwin_III_Count_of_Hainaut	parent	Marie_of_Luxembourg_Countess_of_Vend_me
Ferdinand_Karl_Archduke_of_Austria_Este	parent	Alfonso_II_of_Aragon
Ferdinand_Karl_Archduke_of_Austria_Este	parent	Beatrice_of_Castile_1293_1359
Judith_of_Habsburg	parent	Rotrude_of_Hesbaye
Margaret_of_Provence	parent	Charlotte_of_Bourbon_Queen_of_Cyprus
Margaret_of_Provence	parent	Fulk_II_Count_of_Anjou
Odo_I_Count_of_Blois	parent	Ferdinand_I_Holy_Roman_Emperor
Odo_I_Count_of_Blois	parent	Ranulf_II_of_Aquitaine
Bertha_of_Burgundy	parent	Maximilian_II_Holy_Roman_Emperor
Bertha_of_Burgundy	parent	Albert_Azzo_II_Margrave_of_Milan
Eleanor_of_Austria	parent	Lucia_da_Torsano
Robert_Count_of_Clermont	parent	Maria_Amalia_of_Naples_and_Sicily
Eadgifu_of_Wessex	parent	Bianca_Maria_Visconti
Eadgifu_of_Wessex	parent	Garsenda_Countess_of_Forcalquier
Elisabeth_of_Austria_Queen_of_France	parent	Dirk_III_Count_of_Holland
Francis_I_of_France	parent	Ansgarde_of_Burgundy
Francis_I_of_France	parent	Alfonso_XI_of_Castile
Philip_II_of_France	parent	Maria_Beatrice_d_Este_Duchess_of_Massa
Philip_II_of_France	parent	Louis_II_of_Anjou
Charlemagne	parent	Philippa_Countess_of_Toulouse
Louis_the_Pious	parent	Francis_of_Baux
Ernest_Duke_of_Austria	parent	Lucrezia_Tornabuoni
Ernest_Duke_of_Austria	parent	Gerberga_of_M_con
Robert_II_Count_of_Dreux	parent	Anne_of_Bohemia_and_Hungary
Robert_II_Count_of_Dreux	parent	Ermengarde_Countess_of_Maine
Louis_Philippe_II_Duke_of_Orl_ans	parent	Joanna_of_Castile
Louis_Philippe_II_Duke_of_Orl_ans	parent	William_III_Duke_of_Aquitaine
Jeanne_d_Albret	parent	Louis_Bonaparte
Jeanne_d_Albret	parent	Gerard_Duke_of_Lorraine
Elizabeth_the_Cuman	parent	Robert_II_of_France
Elizabeth_the_Cuman	parent	Jeanne_d_Albret
Catherine_of_Foix_Countess_of_Candale	parent	James_V_of_Scotland
Philip_V_of_France	parent	Philippa_of_Luxembourg
Philip_V_of_France	parent	Eleanor_of_Aragon_Queen_of_Portugal
Salomea_of_Berg	parent	Philip_Duke_of_Parma
Marie_of_Brittany_Countess_of_Saint_Pol	parent	Beatriz_of_Portugal_Duchess_of_Viseu
Marie_of_Brittany_Countess_of_Saint_Pol	parent	Louis_I_Duke_of_Bavaria
Marie_of_Anjou	parent	Robert_the_Strong
Marie_of_Anjou	parent	William_I_of_Provence
Yolande_of_Aragon	parent	Dorothea_of_Denmark_Duchess_of_Brunswic_L_neburg
Joan_Fitzalan_Countess_of_Hereford	parent	Sophia_of_Brandenburg
John_I_of_Castile	parent	Marie_de_Medici
John_I_of_Castile	parent	Louis_IX_of_France
Albert_Azzo_II_Margrave_of_Milan	parent	Hemma
Henry_III_of_England	parent	Catherine_of_Vend_me
Elizabeth_of_Austria_1436_1505	parent	Gaston_IV_Count_of_Foix
Elizabeth_of_Austria_1436_1505	parent	Louise__lisabeth_of_France
Hortense_de_Beauharnais	parent	Gerloc
Hortense_de_Beauharnais	parent	Tribal_chief
Anne_of_Kiev	parent	Adelaide_of_Holland
Anne_of_Kiev	parent	Hugh_IV_Duke_of_Burgundy
Louis_VIII_of_France	parent	Louis_Count_of__vreux
Louis_VIII_of_France	parent	James_IV_of_Scotland
John_King_of_England	parent	Alfred_the_Great
Otto_I_Duke_of_Bavaria	parent	Fulk_I_Count_of_Anjou
Louis_XVII	parent	John_I_Count_of_Hainaut
Charles_Duke_of_Orl_ans	parent	Margaret_of_Bar
Marie_of_Cleves_Duchess_of_Orl_ans	parent	Reginar_III_Count_of_Hainaut
Marie_of_Cleves_Duchess_of_Orl_ans	parent	James_I_of_Scotland
Eleanor_of_England_Queen_of_Castile	parent	Philip_II_of_France
Edward_the_Elder	parent	Edward_King_of_Portugal
Edward_the_Elder	parent	Rixa_of_Werle
Maria_Theresa	parent	Bernard_I_Duke_of_Brunswic_L_neburg
Maria_Theresa	parent	Frederick_IV_Duke_of_Lorraine
Louis_Bonaparte	parent	Theodoric_II_Duke_of_Lorraine
Louis_Bonaparte	parent	Stephen_III_of_Auxonne
Amaury_I_de_Montfort	parent	Sancho_III_of_Castile
Isabella_of_Portugal	parent	Margaret_I_Countess_of_Flanders
Isabella_of_Portugal	parent	Charles_II_of_Naples
Edward_II_of_England	parent	Henry_II_of_France
Cosimo_de_Medici	parent	Eleanor_of_Aragon_Queen_of_Portugal
George_III	parent	Juana_Enr_quez
George_III	parent	Theobald_I_of_Navarre
Elisabeth_of_Nuremberg	parent	Louis_I_Duke_of_Bourbon
Elisabeth_of_Nuremberg	parent	Amadeus_VIII_Duke_of_Savoy
Reginar_II_Count_of_Hainaut	parent	Margaret_of_Valois_Duchess_of_Berry
Galeazzo_Maria_Sforza	parent	Ferdinand_I_Holy_Roman_Emperor
Galeazzo_Maria_Sforza	parent	Beatrice_of_Silesia
Henry_II_Duke_of_Brabant	parent	Edward_the_Elder
Ramon_Berenguer_I_Count_of_Barcelona	parent	Otto_I_Duke_of_Bavaria
Godfrey_III_Count_of_Louvain	parent	Wilhelmine_Amalie_of_Brunswick
Baldwin_V_Count_of_Hainaut	parent	Dulce_of_Aragon
Gisela_of_Burgundy_Marchioness_of_Montferrat	parent	Beatrice_of_Savoy
Maria_of_Austria_Duchess_of_J_lich_Cleves_Berg	parent	Leopold_II_Holy_Roman_Emperor
Maria_of_Austria_Duchess_of_J_lich_Cleves_Berg	parent	Margaret_of_Bavaria
Louis_II_of_Anjou	parent	Rudolph_II_of_Burgundy
Louis_II_of_Anjou	parent	Margaret_of_Bavaria
Christine_of_Saxony	parent	Louis_XVI
Hugh_Magnus	parent	Isabella_Duchess_of_Lorraine
Princess_Augusta_of_Saxe_Gotha	parent	Louis_XV
Princess_Augusta_of_Saxe_Gotha	parent	Odo_I_Duke_of_Burgundy
Francis_I_Duke_of_Lorraine	parent	Henry_IV_of_France
Francis_I_Duke_of_Lorraine	parent	Francesco_III_d_Este_Duke_of_Modena
Arnulf_II_Count_of_Flanders	parent	Yolande_of_Aragon
Arnulf_II_Count_of_Flanders	parent	Margaret_of_Saxony_Duchess_of_Brunswic_L_neburg
Louis_VII_of_France	parent	Francis_IV_Duke_of_Modena
Louis_VII_of_France	parent	Mary_de_Bohun
Lambert_I_Count_of_Louvain	parent	Mary_of_Avesnes
Matilda_of_France	parent	Antoine_Duke_of_Lorraine
Matilda_of_France	parent	Olof_Sk_tkonung
Elisabeth_of_Meissen	parent	Canute_Lavard
Elisabeth_of_Meissen	parent	Guy_Count_of_Flanders
Odo_II_Count_of_Blois	parent	Margaret_of_Bourbon_Queen_of_Navarre
Odo_II_Count_of_Blois	parent	Princess_Magdalena_Augusta_of_Anhalt_Zerbst
Louis_VI_of_France	parent	Charles_the_Bald
Bertrada_of_Laon	parent	Guillaume_de_Montfort_of_Hainaut
Philip_the_Good	parent	Philip_V_of_Spain
Philip_the_Good	parent	Peter_II_of_Aragon
Henry_the_Middle_Duke_of_Brunswic_L_neburg	parent	Marie_de_Ch_tillon_1323_1363
Henry_the_Middle_Duke_of_Brunswic_L_neburg	parent	Marie_of_Anjou
Henry_IX_Duke_of_Bavaria	parent	Fulk_King_of_Jerusalem
Henry_IX_Duke_of_Bavaria	parent	Constance_of_Castile
Afonso_IV_of_Portugal	parent	Louis_XIV
Afonso_IV_of_Portugal	parent	William_of_Winchester_Lord_of_Lunenburg
John_I_Duke_of_Lorraine	parent	Philip_I_of_Castile
John_I_Duke_of_Lorraine	parent	Jacquetta_of_Luxembourg
Poppa_of_Bayeux	parent	Anna_Maria_of_Ostfriesland
Theobald_II_Duke_of_Lorraine	parent	Elisabeth_Farnese
Theobald_II_Duke_of_Lorraine	parent	Louis_IV_Holy_Roman_Emperor
Agnes_of_Merania	parent	Sophia_of_Minsk
Agnes_of_Merania	parent	Mahaut_Countess_of_Artois
Berthold_Duke_of_Merania	parent	Welf_father_of_Judith
John_IV_Duke_of_Brittany	parent	Louis_XIII
John_IV_Duke_of_Brittany	parent	Margaret_of_Brabant
Henry_VII_of_England	parent	Otto_William_Count_of_Burgundy
Henry_VII_of_England	parent	Henry_the_Middle_Duke_of_Brunswic_L_neburg
Frederick_II_Duke_of_Brunswic_L_neburg	parent	Ingelger
Welf_I_Duke_of_Bavaria	parent	Leopold_Duke_of_Lorraine
Welf_I_Duke_of_Bavaria	parent	Charles_VI_Holy_Roman_Emperor
Philip_the_Bold	parent	Hugh_the_Great
Napoleon_II	parent	Antoine_Duke_of_Lorraine
Napoleon_II	parent	Ealhswith
Hugh_Count_of_Burgundy	parent	Margaret_of_Provence
William_of_Winchester_Lord_of_Lunenburg	parent	Agnes_of_Burgundy_Duchess_of_Bourbon
Jeanne_de_Bourbon_Duchess_of_Bourbon	parent	Caroline_of_Ansbach
Jeanne_de_Bourbon_Duchess_of_Bourbon	parent	Victor_Amadeus_I_Duke_of_Savoy
Margaret_of_the_Palatinate	parent	Isabella_of_Portugal
Margaret_of_the_Palatinate	parent	Judith_of_Bavaria_died_843
Lorenzo_the_Elder	parent	Charles_Duke_of_Vend_me
Lorenzo_the_Elder	parent	Louis_II_of_Anjou
Margaret_of_Brieg	parent	Joan_Beaufort_Queen_of_Scots
Sibylla_of_Anjou	parent	Fulk_King_of_Jerusalem
Sibylla_of_Anjou	parent	Averardo_de_Medici
Sophia_of_Saxe_Weissenfels_Princess_of_Anhalt_Zerbst	parent	John_the_Fearless
Princess_Louise_of_Hesse_Darmstadt_1757_1830	parent	Claude_Fran_oise_de_Lorraine
James_V_of_Scotland	parent	Ferdinand_Duke_of_Viseu
James_V_of_Scotland	parent	Louis_Crato_Count_of_Nassau_Saarbr_cken
Mahaut_Countess_of_Artois	parent	Sunifred_Count_of_Barcelona
Mahaut_Countess_of_Artois	parent	Isambart
Anne_of_Cyprus	parent	Clementia_of_Hungary
Anne_of_Cyprus	parent	Baldwin_II_Margrave_of_Flanders
Louis_Duke_of_Savoy	parent	Louise_of_Savoy
Louis_Duke_of_Savoy	parent	Cosimo_I_de_Medici_Grand_Duke_of_Tuscany
Alfonso_XI_of_Castile	parent	John_I_Duke_of_Lorraine
Margaret_Holland_Duchess_of_Clarence	parent	Philip_of_Artois
Adolphus_Frederick_II_Duke_of_Mecklenburg_Strelitz	parent	Bonne_of_Berry
Bonne_of_Luxembourg	parent	Adelaide_of_Maurienne
Bonne_of_Luxembourg	parent	Henry_II_of_Navarre
Anne_of_Foix_Candale	parent	Helena_of_Denmark
Anne_of_Foix_Candale	parent	Odo_I_Count_of_Orl_ans
Antoine_Count_of_Vaud_mont	parent	John_II_of_Aragon
Antoine_Count_of_Vaud_mont	parent	Alfonso_VIII_of_Castile
Fran_oise_Marie_de_Bourbon	parent	Philippe_II_Duke_of_Orl_ans
Fran_oise_Marie_de_Bourbon	parent	Edward_King_of_Portugal
Maria_Luisa_of_Parma	parent	Maria_Theresa
Maria_Luisa_of_Parma	parent	Sibylla_of_Burgundy_Duchess_of_Burgundy
Maria_Theresa_of_Savoy	parent	Ferdinand_I_of_Aragon
Elizabeth_of_Bohemia_1292_1330	parent	Louis_Philippe_I
Elizabeth_of_Bohemia_1292_1330	parent	Margaret_of_Brieg
Henry_VI_Count_of_Luxembourg	parent	Philippe_II_Duke_of_Orl_ans
Matilda_of_Bavaria_Margravine_of_Meissen	parent	Otto_V_Duke_of_Brunswic_L_neburg
Philip_II_of_Spain	parent	Frederick_III_Holy_Roman_Emperor
Philip_II_of_Spain	parent	Ealhmund_of_Kent
Werner_II_Count_of_Habsburg	parent	Joanna_of_Austria_Grand_Duchess_of_Tuscany
Bertha_of_Holland	parent	Isabella_of_Aragon_Queen_of_France
Bertha_of_Holland	parent	Joanna_of_Bourbon
Margaret_of_Burgundy_Queen_of_France	parent	Brun_I_Count_of_Brunswick
Valdemar_I_of_Denmark	parent	Alfonso_X_of_Castile
Valdemar_I_of_Denmark	parent	Manuel_I_of_Portugal
Ingegerd_Olofsdotter_of_Sweden	parent	James_III_of_Scotland
Ingegerd_Olofsdotter_of_Sweden	parent	Ernest_Frederick_I_Duke_of_Saxe_Hildburghausen
Marie_of_Luxembourg_Countess_of_Vend_me	parent	Adelaide_Blanche_of_Anjou
Napoleon	parent	Mar_a_de_Molina
Napoleon	parent	Margaret_Countess_of_Anjou
Arnulf_Count_of_Holland	parent	Beatrice_of_England
Robert_I_Count_of_Dreux	parent	Berthold_II_Count_of_Andechs
Dirk_I_Count_of_Holland	parent	Eleanor_of_Alburquerque
Isabella_de_Beauchamp	parent	Napoleon
Princess_Magdalena_Augusta_of_Anhalt_Zerbst	parent	Gerberga_of_Saxony
Gertrude_of_Saxony	parent	Gerberga_of_Saxony
John_I_Duke_of_Brittany	parent	Catherine_de_Medici
John_I_Duke_of_Brittany	parent	John_Gordon_Lord_Gordon
Lothair_of_France	parent	Isabel_of_Barcelos
Lothair_of_France	parent	Edmund_Tudor_1st_Earl_of_Richmond
Marie_of_France_Duchess_of_Bar	parent	Elisabeth_of_Swabia
Adelaide_of_Aquitaine	parent	Ermengarde_of_Hesbaye
Gerloc	parent	Charles_V_Holy_Roman_Emperor
Albert_II_Duke_of_Austria	parent	Charles_Emmanuel_III_of_Sardinia
Albert_II_Duke_of_Austria	parent	Arthur_II_Duke_of_Brittany
Margaret_Countess_of_Anjou	parent	Ernest_Augustus_Elector_of_Hanover
Margaret_Countess_of_Anjou	parent	Sophia_of_Hanover
Ramon_Berenguer_II_Count_of_Barcelona	parent	Matilda_of_Carinthia
Stephen_II_of_Auxonne	parent	Philip_I_Landgrave_of_Hesse
Joanna_of_Castile	parent	Louis_VI_of_France
Ernest_I_Duke_of_Brunswic_L_neburg	parent	Marie_Eleonore_of_Cleves
Ernest_I_Duke_of_Brunswic_L_neburg	parent	Anna_of_Nassau_Dillenburg
Albert_Azzo_I_Margrave_of_Milan	parent	Anne_of_Cyprus
John_I_of_France	parent	Francis_I_Holy_Roman_Emperor
John_I_of_France	parent	Maria_Josepha_of_Austria
George_II_of_Great_Britain	parent	Blanche_of_Castile
Hemma	parent	Louis_I_of_Anjou
Hemma	parent	Ermengarde_Countess_of_Maine
Judith_of_Bavaria_died_843	parent	John_I_Count_of_La_Marche
Judith_of_Bavaria_died_843	parent	Elisabeth_of_Nuremberg
Adelaide_Blanche_of_Anjou	parent	Begga
Fulk_II_Count_of_Anjou	parent	Beatrice_of_Savoy
Infanta_Luisa_Fernanda_Duchess_of_Montpensier	parent	Henry_I_Count_of_Berg
Infanta_Luisa_Fernanda_Duchess_of_Montpensier	parent	Matilda_of_Brabant_Countess_of_Artois
Marie_Louise_Duchess_of_Parma	parent	Berenguer_Ramon_I_Count_of_Barcelona
Sancho_IV_of_Castile	parent	Louis_XVI
Sancho_IV_of_Castile	parent	Schwerin
Margaret_of_Baux	parent	Simon_I_de_Montfort
Ecgberht_King_of_Wessex	parent	Ingerman_Count_of_Hesbaye
Henry_II_Count_of_Louvain	parent	Agnes_of_France_Duchess_of_Burgundy
Wilfred_the_Hairy	parent	Giovanni_il_Popolano
John_of_Bohemia	parent	Alfonso_II_of_Aragon
Baldwin_IV_Count_of_Flanders	parent	Alfonso_VII_of_Le_n_and_Castile
Baldwin_IV_Count_of_Flanders	parent	Frederick_II_Duke_of_Saxe_Gotha_Altenburg
Maria_of_Austria_Holy_Roman_Empress	parent	Francis_Count_of_Vend_me
Giovanni_delle_Bande_Nere	parent	Ferdinand_II_of_Le_n
Princess_Caroline_Louise_of_Saxe_Weimar_Eisenach	parent	Charles_Count_of_Valois
Boso_the_Elder	parent	Baldwin_VI_Count_of_Flanders
Beatrice_of_Savoy	parent	Violant_of_Aragon
Beatrice_of_Savoy	parent	Beatrice_of_Avesnes
Margaret_of_Geneva	parent	Augustus_Duke_of_Saxe_Weissenfels
Charles_III_Duke_of_Lorraine	parent	Judith_of_Flanders
Richard_Duke_of_Burgundy	parent	Bernab__Visconti
Louis_I_Duke_of_Bavaria	parent	Afonso_III_of_Portugal
Louis_I_Duke_of_Bavaria	parent	March_of_Friuli
Theobald_II_Count_of_Champagne	parent	Philip_I_of_France
Theobald_II_Count_of_Champagne	parent	Henry_V_of_England
Countess_Caroline_of_Nassau_Saarbr_cken	parent	Joan_of_Geneva
Isabella_I_of_Castile	parent	Margaret_ferch_Dafydd
Ermengarde_of_Anjou_Duchess_of_Burgundy	parent	Sigismund_Holy_Roman_Emperor
Ferdinand_IV_of_Castile	parent	John_I_Duke_of_Brabant
Frederick_III_Duke_of_Lorraine	parent	Charles_V_of_France
Charles_V_Holy_Roman_Emperor	parent	Albert_Azzo_I_Margrave_of_Milan
Isabella_of_Portugal_Queen_of_Castile	parent	Alpaida
Isabella_of_Portugal_Queen_of_Castile	parent	Maria_Anna_Victoria_of_Bavaria
Constance_of_Castile	parent	Louis_the_Stammerer
Alfonso_VIII_of_Castile	parent	Charibert_of_Laon
Charlotte_Agla__d_Orl_ans	parent	Rogneda_of_Polotsk
Hugh_II_Duke_of_Burgundy	parent	Catherine_of_Foix_Countess_of_Candale
Hugh_II_Duke_of_Burgundy	parent	Philippa_of_Lancaster
Borrell_II_Count_of_Barcelona	parent	Catherine_de_Medici
Blanche_of_Artois	parent	Louis_Duke_of_Orl_ans_1703_1752
Margaret_of_Savoy_Countess_of_Saint_Pol	parent	Henry_the_Fowler
Charles_V_Duke_of_Lorraine	parent	Rudolf_II_Count_of_Habsburg
Charles_V_Duke_of_Lorraine	parent	Adela_of_France
Barbara_Jagiellon	parent	John_II_Duke_of_Brittany
Barbara_Jagiellon	parent	Alice_of_Vergy
Frederick_I_Count_of_Vaud_mont	parent	Gertrude_of_Saxony
Peter_II_of_Aragon	parent	Henry_I_Count_of_Champagne
Peter_II_of_Aragon	parent	Francis_I_of_the_Two_Sicilies
Piero_the_Unfortunate	parent	Taddea_Visconti
Bona_of_Savoy	parent	Louis_VII_of_France
Duchess_Helene_of_Mecklenburg_Schwerin	parent	Catherine_of_Valois
Ferdinand_Philippe_Duke_of_Orl_ans	parent	Louis_XV
Ferdinand_Philippe_Duke_of_Orl_ans	parent	Isabella_of_Angoul_me
Philip_of_France_1116_1131	parent	Otto_II_Count_of_Habsburg
Bouchard_IV_of_Avesnes	parent	Archduchess_Maria_Clementina_of_Austria
Floris_I_Count_of_Holland	parent	Yaroslav_the_Wise
Matilda_of_Brabant_Countess_of_Artois	parent	Marie_of_Blois_Duchess_of_Anjou
Matilda_of_Brabant_Countess_of_Artois	parent	Wilfred_the_Hairy
Francis_II_Duke_of_Brittany	parent	Pepin_the_Short
Francis_II_Duke_of_Brittany	parent	Bertha_daughter_of_Lothair_II
Lorenzo_de_Medici	parent	Lothair_II_of_Italy
Lorenzo_de_Medici	parent	Charles_I_Duke_of_Bourbon
Henry_Stuart_Lord_Darnley	parent	Louise_Marie_Ad_la_de_de_Bourbon_Duchess_of_Orl_ans
Henry_Stuart_Lord_Darnley	parent	Blanche_of_Lancaster
Joanna_of_Bourbon	parent	Urraca_of_Portugal
Joanna_of_Austria_Grand_Duchess_of_Tuscany	parent	Frederick_III_Duke_of_Lorraine
Louis_Philippe_I_Duke_of_Orl_ans	parent	Malusha
Maria_Antonia_Ferdinanda_of_Spain	parent	Adelaide_of_Leuven
Maria_Antonia_Ferdinanda_of_Spain	parent	Magdalene_Sibylle_of_Prussia
Christine_of_Hesse	parent	John_Constable_of_Portugal
Christine_of_Hesse	parent	Christine_of_Saxony
John_of_Gaunt	parent	Louis_X_of_France
John_of_Gaunt	parent	Counts_and_dukes_of_Aumale
Agnes_of_Rochlitz	parent	Lambert_II_Count_of_Louvain
Louise_of_Lorraine	parent	Ida_Countess_of_Hainaut
Adelaide_of_Paris	parent	Eleanor_of_Provence
Adelaide_of_Paris	parent	Claudine_de_Brosse
Countess_Palatine_Caroline_of_Zweibr_cken	parent	Charles_II_Duke_of_Lorraine
Countess_Palatine_Caroline_of_Zweibr_cken	parent	Richilde_Countess_of_Hainaut
Matilda_of_Carinthia	parent	Agnes_of_Burgundy_Duchess_of_Aquitaine
Mary_Tudor_Queen_of_France	parent	Albert_II_of_Germany
Henry_son_of_Robert_I_of_Burgundy	parent	Mary_of_Burgundy_Duchess_of_Cleves
Henry_son_of_Robert_I_of_Burgundy	parent	Countess_Caroline_of_Nassau_Saarbr_cken
Ermengarde_Countess_of_Maine	parent	Robert_Count_of_Clermont
Fulk_IV_Count_of_Anjou	parent	John_II_Count_of_Holland
Robert_II_Duke_of_Burgundy	parent	Theresa_Countess_of_Portugal
Robert_II_Duke_of_Burgundy	parent	Margaret_of_the_Palatinate
Amadeus_VIII_Duke_of_Savoy	parent	Matilda_of_Bavaria_Margravine_of_Meissen
James_I_Count_of_La_Marche	parent	Rudolf_I_of_Germany
James_I_Count_of_La_Marche	parent	Robert_II_Count_of_Artois
Eleanor_of_Portugal_Holy_Roman_Empress	parent	Piero_di_Cosimo_de_Medici
Charles_Ferdinand_Duke_of_Berry	parent	Henry_the_Lion
Charles_Ferdinand_Duke_of_Berry	parent	Margaret_II_Countess_of_Flanders
Theobald_III_Count_of_Blois	parent	Adelaide_of_Auxerre_born_c._870
Elizabeth_Woodville	parent	Louis_I_Duke_of_Bourbon
Elizabeth_Woodville	parent	Peter_I_Duke_of_Brittany
Archduchess_Maria_Theresa_of_Austria_Este_1817_1886	parent	Empress_Matilda
Archduchess_Maria_Theresa_of_Austria_Este_1817_1886	parent	Marged_ferch_Tomos
William_I_Count_of_Burgundy	parent	Ogive_of_Luxembourg
Margaret_of_Flanders_Duchess_of_Brabant	parent	Beatrice_of_Silesia
Margaret_of_Flanders_Duchess_of_Brabant	parent	Leopold_III_Duke_of_Austria
Denis_of_Portugal	parent	Hugh_IV_Duke_of_Burgundy
Denis_of_Portugal	parent	Charles_I_of_England
Maria_of_Swabia	parent	Saint_Margaret_of_Scotland
Maredudd_ap_Tudur	parent	Lady_Margaret_Beaufort
Berthold_I_of_Istria	parent	Bonne_of_Luxembourg
Peter_of_Courtenay_Lord_of_Conches	parent	Joan_of_Navarre_Queen_of_England
Louise__lisabeth_of_France	parent	Charlotte_Agla__d_Orl_ans
Eleanor_of_Alburquerque	parent	Maria_Josepha_of_Saxony_Dauphine_of_France
Eleanor_of_Alburquerque	parent	Charles_II_Archduke_of_Austria
Gerard_Duke_of_Lorraine	parent	Matilda_of_France
Giovanni_di_Bicci_de_Medici	parent	Stephen_III_Duke_of_Bavaria
Albert_IV_Count_of_Habsburg	parent	Letizia_Bonaparte
Ebalus_Duke_of_Aquitaine	parent	Robert_I_Count_of_Dreux
Estrid_of_the_Obotrites	parent	Cipriano_de_Palafox_8th_Count_of_Montijo
Maria_Christina_of_the_Two_Sicilies	parent	Marie_de_Medici
Maria_Christina_of_the_Two_Sicilies	parent	Margaret_of_Savoy_Countess_of_Saint_Pol
Isabella_of_Bourbon	parent	Joan_II_Countess_of_Burgundy
Isabella_of_Bourbon	parent	Isabel_of_Coimbra
Hedwig_of_Bavaria	parent	Adalard_of_Paris
Fulk_I_Count_of_Anjou	parent	John_of_Gaunt
Margaret_of_Valois	parent	William_IV_Count_of_Ponthieu
Margaret_of_Valois	parent	Louis_Duke_of_Savoy
Otto_V_Duke_of_Brunswic_L_neburg	parent	Aimery_I_Viscount_of_Ch_tellerault
Otto_V_Duke_of_Brunswic_L_neburg	parent	John_II_of_Castile
Sunyer_Count_of_Barcelona	parent	Joan_I_of_Navarre
Werner_I_Count_of_Klettgau	parent	Giovanni_delle_Bande_Nere
Maud_Chaworth	parent	Joseph_I_Holy_Roman_Emperor
Maud_Chaworth	parent	Estrid_of_the_Obotrites
Ingeborg_of_Denmark_Queen_of_France	parent	Emmanuel_Philibert_Duke_of_Savoy
Ingeborg_of_Denmark_Queen_of_France	parent	Anna_Porphyrogenita
Henry_II_of_Castile	predecessor	Henry_VII_Holy_Roman_Emperor
Willa_of_Tuscany	predecessor	Peter_of_Castile
Hugh_of_Italy	predecessor	Dirk_IV_Count_of_Holland
Louis_XI	predecessor	Philip_II_of_France
Henry_VII_Holy_Roman_Emperor	predecessor	Henry_II_of_Castile
Dirk_IV_Count_of_Holland	predecessor	Hugh_of_Italy
Philip_II_of_France	predecessor	Louis_XI
Peter_of_Castile	predecessor	Willa_of_Tuscany
