Giovanni_il_Popolano	father	Pierfrancesco_the_Elder
Pierfrancesco_the_Elder	father	Lorenzo_the_Elder
_thelwulf_King_of_Wessex	father	Ecgberht_King_of_Wessex
Robert_II_of_Scotland	father	Walter_Stewart_6th_High_Steward_of_Scotland
Walter_Stewart_6th_High_Steward_of_Scotland	father	James_Stewart_5th_High_Steward_of_Scotland
Luitgarde_of_Vermandois	father	Herbert_II_Count_of_Vermandois
Theobald_I_Count_of_Blois	father	Theobald_the_Elder
Leopold_Duke_of_Lorraine	father	Charles_V_Duke_of_Lorraine
Afonso_II_of_Portugal	father	Sancho_I_of_Portugal
Amicie_de_Courtenay	father	Peter_of_Courtenay_Lord_of_Conches
Charles_Emmanuel_III_of_Sardinia	father	Victor_Amadeus_II_of_Sardinia
Philip_IV_of_Spain	father	Philip_III_of_Spain
Margaret_of_Austria_Queen_of_Spain	father	Charles_II_Archduke_of_Austria
Isabella_of_Valois_Duchess_of_Bourbon	father	Charles_Count_of_Valois
Anne_of_Austria	father	Philip_III_of_Spain
Henry_II_of_Castile	father	Alfonso_XI_of_Castile
Stephen_III_Duke_of_Bavaria	father	Stephen_II_Duke_of_Bavaria
Albert_I_of_Germany	father	Rudolf_I_of_Germany
Igor_of_Kiev	father	Rurik
Wilhelmine_Amalie_of_Brunswick	father	John_Frederick_Duke_of_Brunswic_Calenberg
Philippe_II_Duke_of_Orl_ans	father	Philippe_I_Duke_of_Orl_ans
Empress_Matilda	father	Henry_I_of_England
John_II_Count_of_Holland	father	John_I_Count_of_Hainaut
Maria_Beatrice_d_Este_Duchess_of_Massa	father	Ercole_III_d_Este_Duke_of_Modena
Francis_IV_Duke_of_Modena	father	Ferdinand_Karl_Archduke_of_Austria_Este
Rudolph_of_France	father	Richard_Duke_of_Burgundy
Ren__II_Duke_of_Lorraine	father	Frederick_II_Count_of_Vaud_mont
Magnus_I_Duke_of_Brunswic_L_neburg	father	Albert_II_Duke_of_Brunswic_L_neburg
Gerberga_of_Saxony	father	Henry_the_Fowler
Henry_X_Duke_of_Bavaria	father	Henry_IX_Duke_of_Bavaria
Isabella_Duchess_of_Lorraine	father	Charles_II_Duke_of_Lorraine
Louis_Duke_of_Burgundy	father	Louis_Dauphin_of_France_son_of_Louis_XIV
Louis_II_Duke_of_Bavaria	father	Otto_II_Duke_of_Bavaria
Alice_Holland_Countess_of_Kent	father	Richard_Fitzalan_3rd_Earl_of_Arundel
Eleanor_of_Lancaster	father	Henry_3rd_Earl_of_Lancaster
Blanche_of_Brittany	father	John_II_Duke_of_Brittany
Berenguer_Ramon_I_Count_of_Barcelona	father	Ramon_Borrell_Count_of_Barcelona
Margaret_Stewart_Dauphine_of_France	father	James_I_of_Scotland
Francis_I_Holy_Roman_Emperor	father	Leopold_Duke_of_Lorraine
Edward_I_of_England	father	Henry_III_of_England
Leopold_II_Holy_Roman_Emperor	father	Francis_I_Holy_Roman_Emperor
Marie_Ad_la_de_of_Savoy	father	Victor_Amadeus_II_of_Sardinia
Odo_of_France	father	Robert_the_Strong
Henry_I_Count_of_Champagne	father	Theobald_II_Count_of_Champagne
Louis_Philippe_I	father	Louis_Philippe_II_Duke_of_Orl_ans
Henry_I_of_France	father	Robert_II_of_France
Beatriz_Pereira_de_Alvim	father	Nuno__lvares_Pereira
Anne_Marie_d_Orl_ans	father	Philippe_I_Duke_of_Orl_ans
Lorenzo_de_Medici_Duke_of_Urbino	father	Piero_the_Unfortunate
Blanche_of_Navarre_Queen_of_France	father	Philip_III_of_Navarre
Philip_III_of_Navarre	father	Louis_Count_of__vreux
Reginar_III_Count_of_Hainaut	father	Reginar_II_Count_of_Hainaut
Sancho_I_of_Portugal	father	Afonso_I_of_Portugal
Afonso_I_of_Portugal	father	Henry_Count_of_Portugal
Maria_Josepha_of_Austria	father	Joseph_I_Holy_Roman_Emperor
Ramon_Berenguer_IV_Count_of_Barcelona	father	Ramon_Berenguer_III_Count_of_Barcelona
Ramon_Berenguer_III_Count_of_Barcelona	father	Ramon_Berenguer_II_Count_of_Barcelona
Afonso_V_of_Portugal	father	Edward_King_of_Portugal
Edward_King_of_Portugal	father	John_I_of_Portugal
Francis_II_Holy_Roman_Emperor	father	Leopold_II_Holy_Roman_Emperor
Louise_of_Savoy	father	Philip_II_Duke_of_Savoy
Philip_II_Duke_of_Savoy	father	Louis_Duke_of_Savoy
John_II_of_France	father	Philip_VI_of_France
Joan_the_Lame	father	Robert_II_Duke_of_Burgundy
Baldwin_IV_Count_of_Hainaut	father	Baldwin_III_Count_of_Hainaut
Louis_Dauphin_of_France_son_of_Louis_XIV	father	Louis_XIV
Louis_XIV	father	Louis_XIII
Princess_Marie_Isabelle_of_Orl_ans	father	Antoine_Duke_of_Montpensier
John_Stewart_1st_Earl_of_Lennox	father	Alan_Stewart_of_Darnley
Alan_Stewart_of_Darnley	father	John_Stewart_of_Darnley
Adelaide_of_Tours	father	Hugh_of_Tours
Robert_the_Strong	father	Robert_III_of_Worms
Magdalene_Sibylle_of_Prussia	father	Albert_Frederick_Duke_of_Prussia
Yaroslav_the_Wise	father	Vladimir_the_Great
Victor_Amadeus_II_of_Sardinia	father	Charles_Emmanuel_II_Duke_of_Savoy
Ferdinand_I_of_the_Two_Sicilies	father	Charles_III_of_Spain
Odo_II_Duke_of_Burgundy	father	Hugh_II_Duke_of_Burgundy
Alfonso_II_of_Aragon	father	Ramon_Berenguer_IV_Count_of_Barcelona
Charles_Martel	father	Pepin_of_Herstal
Marie_Countess_of_Ponthieu	father	William_IV_Count_of_Ponthieu
Louis_I_Duke_of_Orl_ans	father	Charles_V_of_France
Charles_V_of_France	father	John_II_of_France
William_X_Duke_of_Aquitaine	father	William_IX_Duke_of_Aquitaine
John_VIII_Count_of_Vend_me	father	Louis_Count_of_Vend_me
Eleanor_of_Provence	father	Ramon_Berenguer_IV_Count_of_Provence
Charles_Emmanuel_II_Duke_of_Savoy	father	Victor_Amadeus_I_Duke_of_Savoy
Joan_II_Countess_of_Burgundy	father	Otto_IV_Count_of_Burgundy
John_II_of_Aragon	father	Ferdinand_I_of_Aragon
James_III_of_Scotland	father	James_II_of_Scotland
Philippa_of_Hainault	father	William_I_Count_of_Hainaut
Joan_of_Valois_Countess_of_Hainaut	father	Charles_Count_of_Valois
Matilda_of_Frisia	father	Liudolf_Margrave_of_Frisia
Liudolf_Margrave_of_Frisia	father	Brun_I_Count_of_Brunswick
Clementia_of_Hungary	father	Charles_Martel_of_Anjou
Countess_Palatine_Dorothea_Sophie_of_Neuburg	father	Philip_William_Elector_Palatine
Elisabeth_Farnese	father	Odoardo_Farnese_Hereditary_Prince_of_Parma
Ermentrude_of_Orl_ans	father	Odo_I_Count_of_Orl_ans
Magnus_II_Duke_of_Brunswic_L_neburg	father	Magnus_I_Duke_of_Brunswic_L_neburg
Rudolf_I_of_Germany	father	Albert_IV_Count_of_Habsburg
Gertrude_of_Hohenberg	father	Burkhard_V_Count_of_Hohenberg
Dirk_II_Count_of_Holland	father	Dirk_I_Count_of_Holland
Mary_of_Burgundy_Duchess_of_Cleves	father	John_the_Fearless
Nicholas_Francis_Duke_of_Lorraine	father	Francis_II_Duke_of_Lorraine
Otto_I_Duke_of_Saxony	father	Liudolf_Duke_of_Saxony
Alfonso_X_of_Castile	father	Ferdinand_III_of_Castile
Louis_Duke_of_Orl_ans_1703_1752	father	Philippe_II_Duke_of_Orl_ans
James_II_of_Scotland	father	James_I_of_Scotland
Willa_of_Tuscany	father	Boso_Margrave_of_Tuscany
Frederick_III_Holy_Roman_Emperor	father	Ernest_Duke_of_Austria
Maria_Anna_of_Bavaria_born_1551	father	Albert_V_Duke_of_Bavaria
Charles_III_of_Spain	father	Philip_V_of_Spain
Henry_the_Lion	father	Henry_X_Duke_of_Bavaria
Otto_IV_Count_of_Burgundy	father	Hugh_Count_of_Burgundy
Beatriz_of_Portugal_Duchess_of_Viseu	father	John_Constable_of_Portugal
Isabel_of_Barcelos	father	Afonso_I_Duke_of_Braganza
Ferdinand_II_of_Aragon	father	John_II_of_Aragon
Hugh_of_Italy	father	Theobald_of_Arles
Henry_II_of_France	father	Francis_I_of_France
Mahaut_of_Ch_tillon	father	Guy_IV_Count_of_Saint_Pol
Napoleon_III	father	Louis_Bonaparte
Clemence_of_Austria	father	Rudolf_I_of_Germany
Peter_I_Duke_of_Bourbon	father	Louis_I_Duke_of_Bourbon
Duke_Charles_Louis_Frederick_of_Mecklenburg	father	Adolphus_Frederick_II_Duke_of_Mecklenburg_Strelitz
Joan_I_Countess_of_Auvergne	father	William_XII_Count_of_Auvergne
Henry_V_of_England	father	Henry_IV_of_England
Joan_of__vreux	father	Louis_Count_of__vreux
Louis_Count_of__vreux	father	Philip_III_of_France
Otto_I_Duke_of_Brunswic_L_neburg	father	William_of_Winchester_Lord_of_Lunenburg
A_nor_de_Ch_tellerault	father	Aimery_I_Viscount_of_Ch_tellerault
Claude_of_France	father	Louis_XII
Louis_I_Duke_of_Bourbon	father	Robert_Count_of_Clermont
Marie_Antoinette	father	Francis_I_Holy_Roman_Emperor
Charles_X	father	Louis_Dauphin_of_France_son_of_Louis_XV
Charles_III_Duke_of_Savoy	father	Philip_II_Duke_of_Savoy
Vladimir_the_Great	father	Sviatoslav_I
Sviatoslav_I	father	Igor_of_Kiev
John_of_Montfort	father	Arthur_II_Duke_of_Brittany
Geoffrey_Plantagenet_Count_of_Anjou	father	Fulk_King_of_Jerusalem
Francis_Duke_of_Anjou	father	Henry_II_of_France
Henry_III_of_France	father	Henry_II_of_France
Edward_III_of_England	father	Edward_II_of_England
Louis_Count_of_Vend_me	father	John_I_Count_of_La_Marche
Marie_Jos_phine_of_Savoy	father	Victor_Amadeus_III_of_Sardinia
Victor_Amadeus_III_of_Sardinia	father	Charles_Emmanuel_III_of_Sardinia
Louis_XII	father	Charles_Duke_of_Orl_ans
Philip_I_of_Castile	father	Maximilian_I_Holy_Roman_Emperor
Ramon_Borrell_Count_of_Barcelona	father	Borrell_II_Count_of_Barcelona
Frederick_II_Count_of_Vaud_mont	father	Antoine_Count_of_Vaud_mont
Eleanor_of_Castile	father	Ferdinand_III_of_Castile
Alfonso_IX_of_Le_n	father	Ferdinand_II_of_Le_n
James_I_of_Scotland	father	Robert_III_of_Scotland
Louis_XI	father	Charles_VII_of_France
Henry_IV_of_England	father	John_of_Gaunt
Mary_de_Bohun	father	Humphrey_de_Bohun_7th_Earl_of_Hereford
Stephen_Count_of_Blois	father	Theobald_III_Count_of_Blois
Cosimo_I_de_Medici_Grand_Duke_of_Tuscany	father	Giovanni_delle_Bande_Nere
Peter_I_of_Portugal	father	Afonso_IV_of_Portugal
Raymond_of_Burgundy	father	William_I_Count_of_Burgundy
Lothair_II_of_Italy	father	Hugh_of_Italy
Jacquetta_of_Luxembourg	father	Peter_I_Count_of_Saint_Pol
George_I_of_Great_Britain	father	Ernest_Augustus_Elector_of_Hanover
Ernest_Augustus_Elector_of_Hanover	father	George_Duke_of_Brunswic_Calenberg
Charlotte_of_Bourbon_Queen_of_Cyprus	father	John_I_Count_of_La_Marche
John_I_Count_of_La_Marche	father	James_I_Count_of_La_Marche
Princess_Elisabeth_Albertine_of_Saxe_Hildburghausen	father	Ernest_Frederick_I_Duke_of_Saxe_Hildburghausen
Anne_of_Bohemia_and_Hungary	father	Vladislaus_II_of_Hungary
In_s_de_Castro	father	Pedro_Fern_ndez_de_Castro
William_III_of_M_con	father	Stephen_I_Count_of_Burgundy
Louis_V_of_France	father	Lothair_of_France
Marie_of_Luxembourg_Queen_of_France	father	Henry_VII_Holy_Roman_Emperor
Saint_Margaret_of_Scotland	father	Edward_the_Exile
Arnulf_I_Count_of_Flanders	father	Baldwin_II_Margrave_of_Flanders
Louis_XIII	father	Henry_IV_of_France
Marie_de_Medici	father	Francesco_I_de_Medici_Grand_Duke_of_Tuscany
Charles_the_Bald	father	Louis_the_Pious
Francis_Count_of_Vend_me	father	John_VIII_Count_of_Vend_me
Rudolph_Duke_of_Lorraine	father	Frederick_IV_Duke_of_Lorraine
John_I_of_Portugal	father	Peter_I_of_Portugal
Otto_IV_Count_of_Scheyern	father	Eckhard_I_Count_of_Scheyern
Eckhard_I_Count_of_Scheyern	father	Otto_I_Count_of_Scheyern
Piero_di_Cosimo_de_Medici	father	Cosimo_de_Medici
Odo_IV_Duke_of_Burgundy	father	Robert_II_Duke_of_Burgundy
Isabeau_of_Bavaria	father	Stephen_III_Duke_of_Bavaria
Elisabeth_of_France_1602_1644	father	Henry_IV_of_France
William_I_Count_of_Hainaut	father	John_II_Count_of_Holland
Yolanda_of_Courtenay	father	Peter_II_of_Courtenay
Baldwin_II_Count_of_Hainaut	father	Baldwin_VI_Count_of_Flanders
Constance_of_Arles	father	William_I_of_Provence
Adelaide_of_Auxerre_born_c._870	father	Conrad_II_Duke_of_Transjurane_Burgundy
Fran_oise_d_Aubign__Marquise_de_Maintenon	father	Constant_d_Aubign_
Maria_Carolina_of_Austria	father	Francis_I_Holy_Roman_Emperor
Marie_of_Brabant_Queen_of_France	father	Henry_III_Duke_of_Brabant
Matilda_of_Scotland	father	Malcolm_III_of_Scotland
Maria_Amalia_of_Saxony	father	Augustus_III_of_Poland
Hedwig_of_Saxony	father	Henry_the_Fowler
Henry_I_Duke_of_Brabant	father	Godfrey_III_Count_of_Louvain
Isabella_of_Hainault	father	Baldwin_V_Count_of_Hainaut
Margaret_I_Countess_of_Flanders	father	Thierry_Count_of_Flanders
Maria_Theresa_of_Naples_and_Sicily	father	Ferdinand_I_of_the_Two_Sicilies
Charles_VII_of_France	father	Charles_VI_of_France
Francis_II_of_France	father	Henry_II_of_France
Philip_IV_of_France	father	Philip_III_of_France
Philip_III_of_France	father	Louis_IX_of_France
Baldwin_II_Margrave_of_Flanders	father	Baldwin_I_Margrave_of_Flanders
Margaret_of_Bavaria	father	Albert_I_Duke_of_Bavaria
Louis_IX_of_France	father	Louis_VIII_of_France
Violant_of_Hungary	father	Andrew_II_of_Hungary
Ferdinand_II_of_Le_n	father	Alfonso_VII_of_Le_n_and_Castile
Isabella_of_Aragon_Queen_of_France	father	James_I_of_Aragon
Reginald_I_Count_of_Burgundy	father	Otto_William_Count_of_Burgundy
Ferdinand_I_of_Aragon	father	John_I_of_Castile
Robert_I_Duke_of_Burgundy	father	Robert_II_of_France
Rudolph_I_of_Burgundy	father	Conrad_II_Duke_of_Transjurane_Burgundy
Philippe_I_Duke_of_Orl_ans	father	Louis_XIII
Sophia_of_Minsk	father	Volodar_Glebovich_Prince_of_Minsk
Ferdinand_III_of_Castile	father	Alfonso_IX_of_Le_n
Maria_of_Aragon_Queen_of_Portugal	father	Ferdinand_II_of_Aragon
Adolphus_Frederick_I_Duke_of_Mecklenburg_Schwerin	father	John_VII_Duke_of_Mecklenburg_Schwerin
Fran_oise_Ath_na_s_de_Rochechouart_Marquise_de_Montespan	father	Gabriel_de_Rochechouart_de_Mortemart
Henry_III_Duke_of_Brabant	father	Henry_II_Duke_of_Brabant
Adelaide_of_Maurienne	father	Humbert_II_Count_of_Savoy
Madeleine_de_La_Tour_d_Auvergne	father	John_III_Count_of_Auvergne
Emmanuel_Philibert_Duke_of_Savoy	father	Charles_III_Duke_of_Savoy
Owen_Tudor	father	Maredudd_ap_Tudur
Philip_V_of_Spain	father	Louis_Dauphin_of_France_son_of_Louis_XIV
Blanche_of_Castile	father	Alfonso_VIII_of_Castile
Maximilian_I_Holy_Roman_Emperor	father	Frederick_III_Holy_Roman_Emperor
John_II_of_Portugal	father	Afonso_V_of_Portugal
Theobald_III_Count_of_Champagne	father	Henry_I_Count_of_Champagne
Odo_I_Duke_of_Burgundy	father	Henry_son_of_Robert_I_of_Burgundy
Antoinette_of_Bourbon	father	Francis_Count_of_Vend_me
John_Count_of_Angoul_me	father	Louis_I_Duke_of_Orl_ans
Louis_XVIII	father	Louis_Dauphin_of_France_son_of_Louis_XV
Maria_Josepha_of_Saxony_Dauphine_of_France	father	Augustus_III_of_Poland
Joan_Beaufort_Queen_of_Scots	father	John_Beaufort_1st_Earl_of_Somerset
Henrietta_Maria	father	Henry_IV_of_France
Hugh_the_Great	father	Robert_I_of_France
Louis_the_German	father	Louis_the_Pious
Charles_the_Fat	father	Louis_the_German
Theodoric_II_Duke_of_Lorraine	father	Gerard_Duke_of_Lorraine
Carloman_II	father	Louis_the_Stammerer
Ferdinand_I_Holy_Roman_Emperor	father	Philip_I_of_Castile
Theobald_I_of_Navarre	father	Theobald_III_Count_of_Champagne
Marie_Caroline_of_Bourbo_Two_Sicilies_Duchess_of_Berry	father	Francis_I_of_the_Two_Sicilies
Francesco_I_Sforza	father	Muzio_Attendolo_Sforza
Archduchess_Anna_of_Austria	father	Ferdinand_I_Holy_Roman_Emperor
Louis_I_of_Anjou	father	John_II_of_France
Charlotte_of_Savoy	father	Louis_Duke_of_Savoy
Eleanor_of_Aquitaine	father	William_X_Duke_of_Aquitaine
Mary_Queen_of_Scots	father	James_V_of_Scotland
Hildegard_of_the_Vinzgau	father	Gerold_of_Vinzgau
Anne_of_Brittany	father	Francis_II_Duke_of_Brittany
Humbert_II_Count_of_Savoy	father	Amadeus_II_Count_of_Savoy
Pepin_the_Short	father	Charles_Martel
Berengar_II_of_Italy	father	Adalbert_I_of_Ivrea
Rozala_of_Italy	father	Berengar_II_of_Italy
Matilda_of_Saxony_countess_of_Flanders	father	Hermann_Billung
Baldwin_III_Count_of_Flanders	father	Arnulf_I_Count_of_Flanders
Alfred_the_Great	father	_thelwulf_King_of_Wessex
William_the_Younger_Duke_of_Brunswic_L_neburg	father	Ernest_I_Duke_of_Brunswic_L_neburg
Baldwin_VI_Count_of_Flanders	father	Baldwin_V_Count_of_Flanders
Godfrey_I_Count_of_Louvain	father	Henry_II_Count_of_Louvain
Isabella_of_France	father	Philip_IV_of_France
Elisabeth_Christine_of_Brunswic_Wolfenb_ttel	father	Louis_Rudolph_Duke_of_Brunswic_L_neburg
Sancho_III_of_Castile	father	Alfonso_VII_of_Le_n_and_Castile
Berengaria_of_Barcelona	father	Ramon_Berenguer_III_Count_of_Barcelona
Alys_of_France_Countess_of_Vexin	father	Louis_VII_of_France
Catherine_of_Vend_me	father	John_VI_of_Vend_me
Bernard_I_Duke_of_Brunswic_L_neburg	father	Magnus_II_Duke_of_Brunswic_L_neburg
James_Stewart_5th_High_Steward_of_Scotland	father	Alexander_Stewart_4th_High_Steward_of_Scotland
Charles_Duke_of_Vend_me	father	Francis_Count_of_Vend_me
Rudolf_II_Count_of_Habsburg	father	Albert_III_Count_of_Habsburg
Margaret_of_Foix	father	Gaston_IV_Count_of_Foix
Prince_Philippe_Count_of_Paris	father	Ferdinand_Philippe_Duke_of_Orl_ans
Robert_II_of_France	father	Hugh_Capet
Adelaide_of_Burgundy_Duchess_of_Brabant	father	Hugh_IV_Duke_of_Burgundy
Hugh_IV_Duke_of_Burgundy	father	Odo_III_Duke_of_Burgundy
Frederick_IV_Duke_of_Lorraine	father	Theobald_II_Duke_of_Lorraine
Elizabeth_of_Luxembourg	father	Sigismund_Holy_Roman_Emperor
George_Duke_of_Brunswic_Calenberg	father	William_the_Younger_Duke_of_Brunswic_L_neburg
Simon_I_Duke_of_Lorraine	father	Theodoric_II_Duke_of_Lorraine
Maximilian_II_Holy_Roman_Emperor	father	Ferdinand_I_Holy_Roman_Emperor
James_Hepburn_4th_Earl_of_Bothwell	father	Patrick_Hepburn_3rd_Earl_of_Bothwell
Anna_of_Holstei_Gottorp	father	Adolf_Duke_of_Holstei_Gottorp
Anne_Gonzaga	father	Charles_I_Gonzaga_Duke_of_Mantua
Otto_II_Duke_of_Bavaria	father	Louis_I_Duke_of_Bavaria
Anna_Maria_of_Mecklenburg_Schwerin	father	Adolphus_Frederick_I_Duke_of_Mecklenburg_Schwerin
Ramon_Berenguer_IV_Count_of_Provence	father	Alfonso_II_Count_of_Provence
Stephen_II_Duke_of_Bavaria	father	Louis_IV_Holy_Roman_Emperor
Agnes_of_France_Duchess_of_Burgundy	father	Louis_IX_of_France
Stephen_I_Count_of_Burgundy	father	William_I_Count_of_Burgundy
Louis_XVI	father	Louis_Dauphin_of_France_son_of_Louis_XV
Marie_Th_r_se_of_France	father	Louis_XVI
Henry_VI_of_England	father	Henry_V_of_England
Mary_of_Hungary_Queen_of_Naples	father	Stephen_V_of_Hungary
William_VIII_Duke_of_Aquitaine	father	William_V_Duke_of_Aquitaine
Richard_Count_of__tampes	father	John_IV_Duke_of_Brittany
John_Count_of_Chalon	father	Stephen_III_of_Auxonne
Robert_III_of_Worms	father	Robert_II_Count_of_Hesbaye
Charles_Count_of_Angoul_me	father	John_Count_of_Angoul_me
William_IX_Duke_of_Aquitaine	father	William_VIII_Duke_of_Aquitaine
Albert_III_Count_of_Habsburg	father	Werner_II_Count_of_Habsburg
Countess_Sophia_Albertine_of_Erbach_Erbach	father	George_Louis_I_Count_of_Erbach_Erbach
Pepin_of_Herstal	father	Ansegisel
Francesco_I_de_Medici_Grand_Duke_of_Tuscany	father	Cosimo_I_de_Medici_Grand_Duke_of_Tuscany
William_V_Duke_of_Aquitaine	father	William_IV_Duke_of_Aquitaine
Matthew_Stewart_4th_Earl_of_Lennox	father	John_Stewart_3rd_Earl_of_Lennox
John_Stewart_3rd_Earl_of_Lennox	father	Matthew_Stewart_2nd_Earl_of_Lennox
Sophia_Eleonore_of_Saxony	father	John_George_I_Elector_of_Saxony
John_I_Count_of_Hainaut	father	Bouchard_IV_of_Avesnes
Henri_Count_of_Chambord	father	Charles_Ferdinand_Duke_of_Berry
Louis_IV_Holy_Roman_Emperor	father	Louis_II_Duke_of_Bavaria
Louis_III_of_France	father	Louis_the_Stammerer
Albert_II_Duke_of_Brunswic_L_neburg	father	Albert_I_Duke_of_Brunswic_L_neburg
Albert_I_Duke_of_Brunswic_L_neburg	father	Otto_I_Duke_of_Brunswic_L_neburg
James_of_Avesnes	father	Nicholas_d_Oisy_Lord_of_Avesnes
Nicholas_d_Oisy_Lord_of_Avesnes	father	Walter_I_Lord_of_Avesnes
Henry_Count_of_Portugal	father	Henry_son_of_Robert_I_of_Burgundy
James_IV_of_Scotland	father	James_III_of_Scotland
Philip_VI_of_France	father	Charles_Count_of_Valois
Ermengarde_of_Hesbaye	father	Ingerman_Count_of_Hesbaye
Maria_Teresa_Felicitas_d_Este	father	Francesco_III_d_Este_Duke_of_Modena
Louise_Marie_Ad_la_de_de_Bourbon_Duchess_of_Orl_ans	father	Louis_Jean_Marie_de_Bourbon_Duke_of_Penthi_vre
Anna_Maria_of_Ostfriesland	father	Enno_III_Count_of_East_Frisia
John_the_Fearless	father	Philip_the_Bold
Eleanor_of_Aragon_Queen_of_Portugal	father	Ferdinand_I_of_Aragon
Nicolas_Duke_of_Merc_ur	father	Antoine_Duke_of_Lorraine
Bertrade_of_Montfort	father	Simon_I_de_Montfort
Simon_I_de_Montfort	father	Amaury_I_de_Montfort
Beatrice_of_Silesia	father	Bolko_I_the_Strict
Matthew_Stewart_2nd_Earl_of_Lennox	father	John_Stewart_1st_Earl_of_Lennox
Blanche_of_Burgundy	father	Otto_IV_Count_of_Burgundy
William_IV_Duke_of_Aquitaine	father	William_III_Duke_of_Aquitaine
Ferdinand_Duke_of_Viseu	father	Edward_King_of_Portugal
Louis_Antoine_Duke_of_Angoul_me	father	Charles_X
Margaret_of_Artois	father	Philip_of_Artois
Beatrice_Regina_della_Scala	father	Mastino_II_della_Scala
Otto_William_Count_of_Burgundy	father	Adalbert_of_Italy
Antoine_of_Navarre	father	Charles_Duke_of_Vend_me
Maria_Beatrice_of_Savoy	father	Victor_Emmanuel_I_of_Sardinia
Henry_IV_of_France	father	Antoine_of_Navarre
Conrad_I_of_Burgundy	father	Rudolph_II_of_Burgundy
Baldwin_III_Count_of_Hainaut	father	Baldwin_II_Count_of_Hainaut
Ferdinand_Karl_Archduke_of_Austria_Este	father	Francis_I_Holy_Roman_Emperor
Judith_of_Habsburg	father	Rudolf_I_of_Germany
Margaret_of_Provence	father	Ramon_Berenguer_IV_Count_of_Provence
Odo_I_Count_of_Blois	father	Theobald_I_Count_of_Blois
Bertha_of_Burgundy	father	Conrad_I_of_Burgundy
Robert_Count_of_Clermont	father	Louis_IX_of_France
Eadgifu_of_Wessex	father	Edward_the_Elder
Philip_II_of_France	father	Louis_VII_of_France
Louis_the_Pious	father	Charlemagne
Ernest_Duke_of_Austria	father	Leopold_III_Duke_of_Austria
Robert_II_Count_of_Dreux	father	Robert_I_Count_of_Dreux
Catherine_of_Foix_Countess_of_Candale	father	Gaston_IV_Count_of_Foix
Marie_of_Brittany_Countess_of_Saint_Pol	father	John_II_Duke_of_Brittany
Marie_of_Anjou	father	Louis_II_of_Anjou
Yolande_of_Aragon	father	John_I_of_Aragon
Joan_Fitzalan_Countess_of_Hereford	father	Richard_Fitzalan_3rd_Earl_of_Arundel
Robert_I_of_France	father	Robert_the_Strong
John_I_of_Castile	father	Henry_II_of_Castile
Albert_Azzo_II_Margrave_of_Milan	father	Albert_Azzo_I_Margrave_of_Milan
Henry_III_of_England	father	John_King_of_England
Elizabeth_of_Austria_1436_1505	father	Albert_II_of_Germany
Hortense_de_Beauharnais	father	Alexandre_de_Beauharnais
Louis_VIII_of_France	father	Philip_II_of_France
Otto_I_Duke_of_Bavaria	father	Otto_IV_Count_of_Scheyern
Louis_XVII	father	Louis_XVI
Charles_Duke_of_Orl_ans	father	Louis_I_Duke_of_Orl_ans
Marie_of_Cleves_Duchess_of_Orl_ans	father	Adolph_I_Duke_of_Cleves
Eleanor_of_England_Queen_of_Castile	father	Henry_II_of_England
Edward_the_Elder	father	Alfred_the_Great
Amaury_I_de_Montfort	father	Guillaume_de_Montfort_of_Hainaut
Isabella_of_Portugal	father	Manuel_I_of_Portugal
Edward_II_of_England	father	Edward_I_of_England
Cosimo_de_Medici	father	Giovanni_di_Bicci_de_Medici
Godfrey_II_Count_of_Louvain	father	Godfrey_I_Count_of_Louvain
Elisabeth_of_Nuremberg	father	Frederick_V_Burgrave_of_Nuremberg
Reginar_II_Count_of_Hainaut	father	Reginar_Longneck
Galeazzo_Maria_Sforza	father	Francesco_I_Sforza
Henry_II_Duke_of_Brabant	father	Henry_I_Duke_of_Brabant
Ramon_Berenguer_I_Count_of_Barcelona	father	Berenguer_Ramon_I_Count_of_Barcelona
Godfrey_III_Count_of_Louvain	father	Godfrey_II_Count_of_Louvain
Baldwin_V_Count_of_Hainaut	father	Baldwin_IV_Count_of_Hainaut
Gisela_of_Burgundy_Marchioness_of_Montferrat	father	William_I_Count_of_Burgundy
Maria_of_Austria_Duchess_of_J_lich_Cleves_Berg	father	Ferdinand_I_Holy_Roman_Emperor
Louis_II_of_Anjou	father	Louis_I_of_Anjou
Christine_of_Saxony	father	George_Duke_of_Saxony
Hugh_Magnus	father	Robert_II_of_France
Yolande_of_Dreux_Duchess_of_Burgundy	father	Robert_III_Count_of_Dreux
Francis_I_Duke_of_Lorraine	father	Antoine_Duke_of_Lorraine
Arnulf_II_Count_of_Flanders	father	Baldwin_III_Count_of_Flanders
Louis_VII_of_France	father	Louis_VI_of_France
Lambert_I_Count_of_Louvain	father	Reginar_III_Count_of_Hainaut
Matilda_of_France	father	Louis_IV_of_France
Elisabeth_of_Meissen	father	Frederick_II_Margrave_of_Meissen
Odo_II_Count_of_Blois	father	Odo_I_Count_of_Blois
Louis_VI_of_France	father	Philip_I_of_France
Beatrice_of_Brandenburg	father	Otto_V_Margrave_of_Brandenburg_Salzwedel
Bertrada_of_Laon	father	Charibert_of_Laon
Philip_the_Good	father	John_the_Fearless
Henry_the_Middle_Duke_of_Brunswic_L_neburg	father	Otto_V_Duke_of_Brunswic_L_neburg
Henry_IX_Duke_of_Bavaria	father	Welf_I_Duke_of_Bavaria
Afonso_IV_of_Portugal	father	Denis_of_Portugal
John_I_Duke_of_Lorraine	father	Rudolph_Duke_of_Lorraine
Agnes_of_Merania	father	Berthold_Duke_of_Merania
Berthold_Duke_of_Merania	father	Berthold_I_of_Istria
Mar_a_Isabella_of_Spain	father	Charles_IV_of_Spain
Frederick_II_Duke_of_Brunswic_L_neburg	father	Bernard_I_Duke_of_Brunswic_L_neburg
Welf_I_Duke_of_Bavaria	father	Albert_Azzo_II_Margrave_of_Milan
Philip_the_Bold	father	John_II_of_France
Napoleon_II	father	Napoleon
William_of_Winchester_Lord_of_Lunenburg	father	Henry_the_Lion
Jeanne_de_Bourbon_Duchess_of_Bourbon	father	John_VIII_Count_of_Vend_me
Catherine_of_Valois	father	Charles_VI_of_France
Margaret_of_the_Palatinate	father	Rupert_King_of_the_Romans
Lorenzo_the_Elder	father	Giovanni_di_Bicci_de_Medici
Margaret_of_Brieg	father	Louis_I_of_Brzeg
Sibylla_of_Anjou	father	Fulk_King_of_Jerusalem
Sophia_of_Saxe_Weissenfels_Princess_of_Anhalt_Zerbst	father	Augustus_Duke_of_Saxe_Weissenfels
Princess_Louise_of_Hesse_Darmstadt_1757_1830	father	Louis_IX_Landgrave_of_Hesse_Darmstadt
Mahaut_Countess_of_Artois	father	Robert_II_Count_of_Artois
Francis_II_Duke_of_Lorraine	father	Charles_III_Duke_of_Lorraine
Louis_Duke_of_Savoy	father	Amadeus_VIII_Duke_of_Savoy
Margaret_Holland_Duchess_of_Clarence	father	Thomas_Holland_2nd_Earl_of_Kent
Adolphus_Frederick_II_Duke_of_Mecklenburg_Strelitz	father	Adolphus_Frederick_I_Duke_of_Mecklenburg_Schwerin
Bonne_of_Luxembourg	father	John_of_Bohemia
Anne_of_Foix_Candale	father	Gaston_de_Foix_Count_of_Candale
Antoine_Count_of_Vaud_mont	father	Frederick_I_Count_of_Vaud_mont
Fran_oise_Marie_de_Bourbon	father	Louis_XIV
Maria_Luisa_of_Parma	father	Philip_Duke_of_Parma
Maria_Theresa_of_Savoy	father	Victor_Amadeus_III_of_Sardinia
Elizabeth_of_Bohemia_1292_1330	father	Wenceslaus_II_of_Bohemia
Henry_VI_Count_of_Luxembourg	father	Henry_V_Count_of_Luxembourg
Matilda_of_Bavaria_Margravine_of_Meissen	father	Louis_IV_Holy_Roman_Emperor
Philip_II_of_Spain	father	Charles_V_Holy_Roman_Emperor
Werner_II_Count_of_Habsburg	father	Otto_II_Count_of_Habsburg
Bertha_of_Holland	father	Floris_I_Count_of_Holland
Margaret_of_Burgundy_Queen_of_France	father	Robert_II_Duke_of_Burgundy
Ingegerd_Olofsdotter_of_Sweden	father	Olof_Sk_tkonung
Marie_of_Luxembourg_Countess_of_Vend_me	father	Peter_II_Count_of_Saint_Pol
Dangereuse_de_l_Isle_Bouchard	father	Bartholomew_de_L_Isle_Bouchard
Arnulf_Count_of_Holland	father	Dirk_II_Count_of_Holland
Robert_I_Count_of_Dreux	father	Louis_VI_of_France
Isabella_de_Beauchamp	father	William_de_Beauchamp_9th_Earl_of_Warwick
Princess_Magdalena_Augusta_of_Anhalt_Zerbst	father	Charles_Prince_of_Anhalt_Zerbst
Gertrude_of_Saxony	father	Bernard_II_Duke_of_Saxony
John_I_Duke_of_Brittany	father	Peter_I_Duke_of_Brittany
Lothair_of_France	father	Louis_IV_of_France
Marie_of_France_Duchess_of_Bar	father	John_II_of_France
Adelaide_of_Aquitaine	father	William_III_Duke_of_Aquitaine
Gerloc	father	Rollo
Albert_II_Duke_of_Austria	father	Albert_I_of_Germany
Margaret_Countess_of_Anjou	father	Charles_II_of_Naples
Ramon_Berenguer_II_Count_of_Barcelona	father	Ramon_Berenguer_I_Count_of_Barcelona
Stephen_II_of_Auxonne	father	William_III_of_M_con
Ernest_I_Duke_of_Brunswic_L_neburg	father	Henry_the_Middle_Duke_of_Brunswic_L_neburg
Albert_Azzo_I_Margrave_of_Milan	father	Oberto_II_Margrave_of_Milan
John_I_of_France	father	Louis_X_of_France
George_II_of_Great_Britain	father	George_I_of_Great_Britain
Hemma	father	Welf_father_of_Judith
Judith_of_Bavaria_died_843	father	Welf_father_of_Judith
Adelaide_Blanche_of_Anjou	father	Fulk_II_Count_of_Anjou
Fulk_II_Count_of_Anjou	father	Fulk_I_Count_of_Anjou
Marie_Louise_Duchess_of_Parma	father	Francis_II_Holy_Roman_Emperor
Sancho_IV_of_Castile	father	Alfonso_X_of_Castile
Margaret_of_Baux	father	Francis_of_Baux
Ecgberht_King_of_Wessex	father	Ealhmund_of_Kent
Henry_II_Count_of_Louvain	father	Lambert_II_Count_of_Louvain
Wilfred_the_Hairy	father	Sunifred_Count_of_Barcelona
Carlo_Buonaparte	father	Giuseppe_Maria_Buonaparte
John_of_Bohemia	father	Henry_VII_Holy_Roman_Emperor
Baldwin_IV_Count_of_Flanders	father	Arnulf_II_Count_of_Flanders
Lambert_II_Count_of_Louvain	father	Lambert_I_Count_of_Louvain
Maria_of_Austria_Holy_Roman_Empress	father	Charles_V_Holy_Roman_Emperor
Giovanni_delle_Bande_Nere	father	Giovanni_il_Popolano
Boso_the_Elder	father	Boso_II_of_Italy
Beatrice_of_Savoy	father	Thomas_Count_of_Savoy
Margaret_of_Geneva	father	William_I_of_Geneva
Charles_III_Duke_of_Lorraine	father	Francis_I_Duke_of_Lorraine
Richard_Duke_of_Burgundy	father	Bivin_of_Gorze
Louis_I_Duke_of_Bavaria	father	Otto_I_Duke_of_Bavaria
Theobald_II_Count_of_Champagne	father	Stephen_Count_of_Blois
Countess_Caroline_of_Nassau_Saarbr_cken	father	Louis_Crato_Count_of_Nassau_Saarbr_cken
Ermengarde_of_Anjou_Duchess_of_Burgundy	father	Fulk_III_Count_of_Anjou
Ferdinand_IV_of_Castile	father	Sancho_IV_of_Castile
Frederick_III_Duke_of_Lorraine	father	Matthias_II_Duke_of_Lorraine
Charles_V_Holy_Roman_Emperor	father	Philip_I_of_Castile
Isabella_of_Portugal_Queen_of_Castile	father	John_Constable_of_Portugal
Constance_of_Castile	father	Alfonso_VII_of_Le_n_and_Castile
Alfonso_VIII_of_Castile	father	Sancho_III_of_Castile
Charlotte_Agla__d_Orl_ans	father	Philippe_II_Duke_of_Orl_ans
Hugh_II_Duke_of_Burgundy	father	Odo_I_Duke_of_Burgundy
Borrell_II_Count_of_Barcelona	father	Sunyer_Count_of_Barcelona
Blanche_of_Artois	father	Robert_I_Count_of_Artois
Margaret_of_Savoy_Countess_of_Saint_Pol	father	Louis_Duke_of_Savoy
Charles_V_Duke_of_Lorraine	father	Nicholas_Francis_Duke_of_Lorraine
Engeltrude_de_F_zensac	father	Leuthard_I_of_Paris
Barbara_Jagiellon	father	Casimir_IV_Jagiellon
Frederick_I_Count_of_Vaud_mont	father	John_I_Duke_of_Lorraine
Peter_II_of_Aragon	father	Alfonso_II_of_Aragon
Piero_the_Unfortunate	father	Lorenzo_de_Medici
John_Stewart_of_Darnley	father	Alexander_Stewart_of_Darnley_died_1404
Bona_of_Savoy	father	Louis_Duke_of_Savoy
Duchess_Helene_of_Mecklenburg_Schwerin	father	Frederick_Louis_Hereditary_Grand_Duke_of_Mecklenburg_Schwerin
Philip_of_France_1116_1131	father	Louis_VI_of_France
Bouchard_IV_of_Avesnes	father	James_of_Avesnes
Matilda_of_Brabant_Countess_of_Artois	father	Henry_II_Duke_of_Brabant
Lorenzo_de_Medici	father	Piero_di_Cosimo_de_Medici
Henry_Stuart_Lord_Darnley	father	Matthew_Stewart_4th_Earl_of_Lennox
Joanna_of_Bourbon	father	Peter_I_Duke_of_Bourbon
Joanna_of_Austria_Grand_Duchess_of_Tuscany	father	Ferdinand_I_Holy_Roman_Emperor
Louis_Philippe_I_Duke_of_Orl_ans	father	Louis_Duke_of_Orl_ans_1703_1752
Maria_Antonia_Ferdinanda_of_Spain	father	Philip_V_of_Spain
Christine_of_Hesse	father	Philip_I_Landgrave_of_Hesse
John_of_Gaunt	father	Edward_III_of_England
Agnes_of_Rochlitz	father	Dedi_III_Margrave_of_Lusatia
Louise_of_Lorraine	father	Nicolas_Duke_of_Merc_ur
Countess_Palatine_Caroline_of_Zweibr_cken	father	Christian_III_Count_Palatine_of_Zweibr_cken
Stephen_III_of_Auxonne	father	Stephen_II_of_Auxonne
Matilda_of_Carinthia	father	Engelbert_Duke_of_Carinthia
Mary_Tudor_Queen_of_France	father	Henry_VII_of_England
Odo_III_Duke_of_Burgundy	father	Hugh_III_Duke_of_Burgundy
Adela_of_Champagne	father	Theobald_II_Count_of_Champagne
Henry_son_of_Robert_I_of_Burgundy	father	Robert_I_Duke_of_Burgundy
Ermengarde_Countess_of_Maine	father	Elias_I_Count_of_Maine
Fulk_IV_Count_of_Anjou	father	Geoffrey_II_Count_of_G_tinais
Robert_II_Duke_of_Burgundy	father	Hugh_IV_Duke_of_Burgundy
James_I_Count_of_La_Marche	father	Louis_I_Duke_of_Bourbon
Eleanor_of_Portugal_Holy_Roman_Empress	father	Edward_King_of_Portugal
Leopold_III_Duke_of_Austria	father	Albert_II_Duke_of_Austria
William_III_Duke_of_Aquitaine	father	Ebalus_Duke_of_Aquitaine
Charles_Ferdinand_Duke_of_Berry	father	Charles_X
Theobald_III_Count_of_Blois	father	Odo_II_Count_of_Blois
Charles_the_Bold	father	Philip_the_Good
Elizabeth_Woodville	father	Richard_Woodville_1st_Earl_Rivers
Archduchess_Maria_Theresa_of_Austria_Este_1817_1886	father	Francis_IV_Duke_of_Modena
William_I_Count_of_Burgundy	father	Reginald_I_Count_of_Burgundy
Margaret_of_Flanders_Duchess_of_Brabant	father	Guy_Count_of_Flanders
Denis_of_Portugal	father	Afonso_III_of_Portugal
Maria_of_Swabia	father	Philip_of_Swabia
Violant_of_Bar	father	Robert_Duke_of_Bar
Berthold_I_of_Istria	father	Berthold_II_Count_of_Andechs
Peter_of_Courtenay_Lord_of_Conches	father	Robert_of_Courtenay_Lord_of_Champignelles
Matilda_of_B_thune	father	Robert_VII_Lord_of_B_thune
Louise__lisabeth_of_France	father	Louis_XV
Eleanor_of_Alburquerque	father	Sancho_Alfonso
Gerard_Duke_of_Lorraine	father	Gerard_de_Bouzonville
Giovanni_di_Bicci_de_Medici	father	Averardo_de_Medici
Albert_IV_Count_of_Habsburg	father	Rudolf_II_Count_of_Habsburg
Ebalus_Duke_of_Aquitaine	father	Ranulf_II_of_Aquitaine
Maria_Christina_of_the_Two_Sicilies	father	Francis_I_of_the_Two_Sicilies
Hedwig_of_Bavaria	father	Isambart
Margaret_of_Valois	father	Henry_II_of_France
Otto_V_Duke_of_Brunswic_L_neburg	father	Frederick_II_Duke_of_Brunswic_L_neburg
Sunyer_Count_of_Barcelona	father	Wilfred_the_Hairy
Werner_I_Count_of_Klettgau	father	Radbot_of_Klettgau
Maud_Chaworth	father	Patrick_de_Chaworth_Lord_of_Kidwelly
Otto_II_Count_of_Habsburg	father	Werner_I_Count_of_Klettgau
Oberto_II_Margrave_of_Milan	father	Oberto_I
Ingeborg_of_Denmark_Queen_of_France	father	Valdemar_I_of_Denmark
Giovanni_il_Popolano	spouse	Caterina_Sforza
_thelwulf_King_of_Wessex	spouse	Judith_of_Flanders
_thelwulf_King_of_Wessex	spouse	Osburh
Robert_II_of_Scotland	spouse	Elizabeth_Mure
Walter_Stewart_6th_High_Steward_of_Scotland	spouse	Marjorie_Bruce
Luitgarde_of_Vermandois	spouse	Theobald_I_Count_of_Blois
Luitgarde_of_Vermandois	spouse	William_Longsword
Leopold_Duke_of_Lorraine	spouse	_lisabeth_Charlotte_d_Orl_ans
Afonso_II_of_Portugal	spouse	Urraca_of_Castile_Queen_of_Portugal
Amicie_de_Courtenay	spouse	Robert_II_Count_of_Artois
Charles_Emmanuel_III_of_Sardinia	spouse	Anne_Christine_of_Sulzbach_Princess_of_Piedmont
Charles_Emmanuel_III_of_Sardinia	spouse	Polyxena_of_Hesse_Rotenburg
Margaret_of_Austria_Queen_of_Spain	spouse	Philip_III_of_Spain
Charles_Count_of_Valois	spouse	Mahaut_of_Ch_tillon
Charles_Count_of_Valois	spouse	Margaret_Countess_of_Anjou
Charles_Count_of_Valois	spouse	Catherine_I_Latin_Empress
Isabella_of_Valois_Duchess_of_Bourbon	spouse	Peter_I_Duke_of_Bourbon
Anne_of_Austria	spouse	Louis_XIII
Henry_II_of_Castile	spouse	Juana_Manuel
Lucrezia_Tornabuoni	spouse	Piero_di_Cosimo_de_Medici
Stephen_III_Duke_of_Bavaria	spouse	Taddea_Visconti
Albert_I_of_Germany	spouse	Elisabeth_of_Carinthia_Queen_of_the_Romans
Igor_of_Kiev	spouse	Olga_of_Kiev
Olga_of_Kiev	spouse	Igor_of_Kiev
Matthias_I_Duke_of_Lorraine	spouse	Bertha_Duchess_of_Lorraine
Adelaide_of_Leuven	spouse	Simon_I_Duke_of_Lorraine
Wilhelmine_Amalie_of_Brunswick	spouse	Joseph_I_Holy_Roman_Emperor
Philippe_II_Duke_of_Orl_ans	spouse	Fran_oise_Marie_de_Bourbon
Empress_Matilda	spouse	Geoffrey_Plantagenet_Count_of_Anjou
Philippa_of_Luxembourg	spouse	John_II_Count_of_Holland
John_II_Count_of_Holland	spouse	Philippa_of_Luxembourg
Frederick_Prince_of_Wales	spouse	Princess_Augusta_of_Saxe_Gotha
Caroline_of_Ansbach	spouse	George_II_of_Great_Britain
Maria_Beatrice_d_Este_Duchess_of_Massa	spouse	Ferdinand_Karl_Archduke_of_Austria_Este
Francis_IV_Duke_of_Modena	spouse	Maria_Beatrice_of_Savoy
Rudolph_of_France	spouse	Emma_of_France
Ren__II_Duke_of_Lorraine	spouse	Philippa_of_Guelders
Sophia_of_Brandenburg	spouse	Magnus_I_Duke_of_Brunswic_L_neburg
Henry_the_Fowler	spouse	Matilda_of_Ringelheim
Gerberga_of_Saxony	spouse	Louis_IV_of_France
Gerberga_of_Saxony	spouse	Gilbert_Duke_of_Lorraine
Gertrude_of_S_pplingenburg	spouse	Henry_X_Duke_of_Bavaria
Ren__of_Anjou	spouse	Isabella_Duchess_of_Lorraine
Ren__of_Anjou	spouse	Jeanne_de_Laval
Mary_of_Guise	spouse	James_V_of_Scotland
John_VI_of_Vend_me	spouse	Joan_of_Ponthieu_Dame_of_Epernon
Maria_of_Montpellier	spouse	Peter_II_of_Aragon
Beatrice_of_England	spouse	John_II_Duke_of_Brittany
Arthur_II_Duke_of_Brittany	spouse	Yolande_of_Dreux_Queen_of_Scotland
Louis_Duke_of_Burgundy	spouse	Marie_Ad_la_de_of_Savoy
Philip_I_Landgrave_of_Hesse	spouse	Christine_of_Saxony
Louis_II_Duke_of_Bavaria	spouse	Matilda_of_Habsburg
Louis_II_Duke_of_Bavaria	spouse	Anna_of_Glogau
Maria_of_Brabant_Duchess_of_Bavaria	spouse	Louis_II_Duke_of_Bavaria
Alice_Holland_Countess_of_Kent	spouse	Thomas_Holland_2nd_Earl_of_Kent
Eleanor_of_Lancaster	spouse	Richard_Fitzalan_3rd_Earl_of_Arundel
Blanche_of_Brittany	spouse	Philip_of_Artois
Margaret_Stewart_Dauphine_of_France	spouse	Louis_XI
Francis_I_Holy_Roman_Emperor	spouse	Maria_Theresa
Maria_Teresa_Cybo_Malaspina_Duchess_of_Massa	spouse	Ercole_III_d_Este_Duke_of_Modena
Maria_Teresa_Cybo_Malaspina_Duchess_of_Massa	spouse	Eugene_Jean_Count_of_Soissons
Leopold_II_Holy_Roman_Emperor	spouse	Maria_Luisa_of_Spain
Margaret_II_Countess_of_Hainaut	spouse	Louis_IV_Holy_Roman_Emperor
Elisabeth_of_Cleves	spouse	Stephen_III_Duke_of_Bavaria
Marie_Ad_la_de_of_Savoy	spouse	Louis_Duke_of_Burgundy
Odo_of_France	spouse	Th_odrate_of_Troyes
Henry_I_Count_of_Champagne	spouse	Marie_of_France_Countess_of_Champagne
Princess_Christine_Louise_of_Oettinge_Oettingen	spouse	Louis_Rudolph_Duke_of_Brunswic_L_neburg
Henry_I_of_France	spouse	Matilda_of_Frisia
Henry_I_of_France	spouse	Anne_of_Kiev
Philip_I_of_France	spouse	Bertrade_of_Montfort
Philip_I_of_France	spouse	Bertha_of_Holland
Beatriz_Pereira_de_Alvim	spouse	Afonso_I_Duke_of_Braganza
Anne_Marie_d_Orl_ans	spouse	Victor_Amadeus_II_of_Sardinia
Henrietta_of_England	spouse	Philippe_I_Duke_of_Orl_ans
Lorenzo_de_Medici_Duke_of_Urbino	spouse	Madeleine_de_La_Tour_d_Auvergne
Blanche_of_Navarre_Queen_of_France	spouse	Philip_VI_of_France
Philip_III_of_Navarre	spouse	Joan_II_of_Navarre
Richardis	spouse	Charles_the_Fat
Sancho_I_of_Portugal	spouse	Dulce_of_Aragon
Afonso_I_of_Portugal	spouse	Matilda_of_Savoy_Queen_of_Portugal
Thierry_Count_of_Flanders	spouse	Sibylla_of_Anjou
Maria_Josepha_of_Austria	spouse	Augustus_III_of_Poland
Ramon_Berenguer_IV_Count_of_Barcelona	spouse	Petronilla_of_Aragon
Ramon_Berenguer_III_Count_of_Barcelona	spouse	Douce_I_Countess_of_Provence
Louise_of_Savoy	spouse	Charles_Count_of_Angoul_me
Philip_II_Duke_of_Savoy	spouse	Claudine_de_Brosse
John_II_of_France	spouse	Joan_I_Countess_of_Auvergne
Joan_the_Lame	spouse	Philip_VI_of_France
Baldwin_IV_Count_of_Hainaut	spouse	Alice_of_Namur
Louis_Dauphin_of_France_son_of_Louis_XIV	spouse	Maria_Anna_Victoria_of_Bavaria
Louis_Dauphin_of_France_son_of_Louis_XIV	spouse	Marie__milie_de_Joly_de_Choin
Louis_XIV	spouse	Maria_Theresa_of_Spain
Louis_XIV	spouse	Fran_oise_d_Aubign__Marquise_de_Maintenon
Louis_XIV	spouse	Fran_oise_Ath_na_s_de_Rochechouart_Marquise_de_Montespan
Adelaide_of_Tours	spouse	Robert_the_Strong
Adelaide_of_Tours	spouse	Conrad_I_Count_of_Auxerre
Robert_the_Strong	spouse	Adelaide_of_Tours
Joan_II_of_Navarre	spouse	Philip_III_of_Navarre
Charles_IV_of_France	spouse	Joan_of__vreux
Charles_IV_of_France	spouse	Marie_of_Luxembourg_Queen_of_France
Charles_IV_of_France	spouse	Blanche_of_Burgundy
Magdalene_Sibylle_of_Prussia	spouse	John_George_I_Elector_of_Saxony
Marie_Eleonore_of_Cleves	spouse	Albert_Frederick_Duke_of_Prussia
Yaroslav_the_Wise	spouse	Ingegerd_Olofsdotter_of_Sweden
Charles_VI_Holy_Roman_Emperor	spouse	Elisabeth_Christine_of_Brunswic_Wolfenb_ttel
Victor_Amadeus_II_of_Sardinia	spouse	Anna_Canalis_di_Cumiana
Ferdinand_I_of_the_Two_Sicilies	spouse	Maria_Carolina_of_Austria
Ferdinand_I_of_the_Two_Sicilies	spouse	Lucia_Migliaccio
Hugh_III_Duke_of_Burgundy	spouse	Beatrice_of_Albon
Hugh_III_Duke_of_Burgundy	spouse	John_Count_of_Chalon
Marie_Countess_of_Ponthieu	spouse	Simon_Count_of_Ponthieu
William_IV_Count_of_Ponthieu	spouse	Alys_of_France_Countess_of_Vexin
Louis_I_Duke_of_Orl_ans	spouse	Valentina_Visconti_Duchess_of_Orl_ans
Charles_V_of_France	spouse	Joanna_of_Bourbon
William_X_Duke_of_Aquitaine	spouse	A_nor_de_Ch_tellerault
Philippa_Countess_of_Toulouse	spouse	William_IX_Duke_of_Aquitaine
John_VIII_Count_of_Vend_me	spouse	Isabelle_de_Beauvau
Eleanor_of_Provence	spouse	Henry_III_of_England
Charles_Emmanuel_II_Duke_of_Savoy	spouse	Marie_Jeanne_Baptiste_of_Savoy_Nemours
Charles_Emmanuel_II_Duke_of_Savoy	spouse	Fran_oise_Madeleine_d_Orl_ans
Joan_II_Countess_of_Burgundy	spouse	Philip_V_of_France
John_II_of_Aragon	spouse	Juana_Enr_quez
John_II_of_Aragon	spouse	Blanche_I_of_Navarre
James_III_of_Scotland	spouse	Margaret_of_Denmark_Queen_of_Scotland
Mary_of_Guelders	spouse	James_II_of_Scotland
Philippa_of_Hainault	spouse	Edward_III_of_England
Joan_of_Valois_Countess_of_Hainaut	spouse	William_I_Count_of_Hainaut
Matilda_of_Frisia	spouse	Henry_I_of_France
Clementia_of_Hungary	spouse	Louis_X_of_France
Louis_X_of_France	spouse	Margaret_of_Burgundy_Queen_of_France
Maud_of_Apulia	spouse	Ramon_Berenguer_II_Count_of_Barcelona
Charles_the_Simple	spouse	Eadgifu_of_Wessex
Countess_Palatine_Dorothea_Sophie_of_Neuburg	spouse	Odoardo_Farnese_Hereditary_Prince_of_Parma
Elisabeth_Farnese	spouse	Philip_V_of_Spain
Ermentrude_of_Orl_ans	spouse	Charles_the_Bald
Magnus_II_Duke_of_Brunswic_L_neburg	spouse	Catherine_of_Anhalt_Bernburg
Alfonso_II_Count_of_Provence	spouse	Garsenda_Countess_of_Forcalquier
Rudolf_I_of_Germany	spouse	Gertrude_of_Hohenberg
Rudolf_I_of_Germany	spouse	Isabella_of_Burgundy_Queen_of_Germany
Gertrude_of_Hohenberg	spouse	Rudolf_I_of_Germany
Beatrice_of_Portugal_died_1381	spouse	Sancho_Alfonso
Catalina_Micaela_of_Spain	spouse	Charles_Emmanuel_I_Duke_of_Savoy
Mary_of_Burgundy_Duchess_of_Cleves	spouse	Adolph_I_Duke_of_Cleves
Mary_of_Burgundy	spouse	Maximilian_I_Holy_Roman_Emperor
Claude_Fran_oise_de_Lorraine	spouse	Nicholas_Francis_Duke_of_Lorraine
Nicholas_Francis_Duke_of_Lorraine	spouse	Claude_Fran_oise_de_Lorraine
Lutgardis_of_Luxemburg	spouse	Arnulf_Count_of_Holland
Otto_I_Duke_of_Saxony	spouse	Hedwig_of_Babenberg
Hedwig_of_Babenberg	spouse	Otto_I_Duke_of_Saxony
Alfonso_X_of_Castile	spouse	Violant_of_Aragon
Landgravine_Elisabeth_Amalie_of_Hesse_Darmstadt	spouse	Philip_William_Elector_Palatine
James_II_of_Scotland	spouse	Mary_of_Guelders
Willa_of_Tuscany	spouse	Berengar_II_of_Italy
Boso_Margrave_of_Tuscany	spouse	Willa_of_Burgundy
Frederick_III_Holy_Roman_Emperor	spouse	Eleanor_of_Portugal_Holy_Roman_Empress
Cymburgis_of_Masovia	spouse	Ernest_Duke_of_Austria
Maria_Anna_of_Bavaria_born_1551	spouse	Charles_II_Archduke_of_Austria
Albert_V_Duke_of_Bavaria	spouse	Archduchess_Anna_of_Austria
Maria_Luisa_of_Spain	spouse	Leopold_II_Holy_Roman_Emperor
Charles_III_of_Spain	spouse	Maria_Amalia_of_Saxony
Henry_the_Lion	spouse	Clementia_of_Z_hringen
Henry_the_Lion	spouse	Matilda_of_England_Duchess_of_Saxony
Otto_IV_Count_of_Burgundy	spouse	Mahaut_Countess_of_Artois
Isabel_of_Barcelos	spouse	John_Constable_of_Portugal
Ferdinand_II_of_Aragon	spouse	Germaine_of_Foix
Ferdinand_II_of_Aragon	spouse	Isabella_I_of_Castile
Willa_of_Burgundy	spouse	Boso_Margrave_of_Tuscany
Rudolph_II_of_Burgundy	spouse	Bertha_of_Swabia
Mahaut_of_Ch_tillon	spouse	Charles_Count_of_Valois
Eug_nie_de_Montijo	spouse	Napoleon_III
Clemence_of_Austria	spouse	Charles_Martel_of_Anjou
Peter_I_Duke_of_Bourbon	spouse	Isabella_of_Valois_Duchess_of_Bourbon
Mary_of_Avesnes	spouse	Louis_I_Duke_of_Bourbon
Joan_I_Countess_of_Auvergne	spouse	John_II_of_France
Henry_V_of_England	spouse	Catherine_of_Valois
Albert_II_of_Germany	spouse	Elizabeth_of_Luxembourg
Joan_of__vreux	spouse	Charles_IV_of_France
Louis_Count_of__vreux	spouse	Margaret_of_Artois
Otto_I_Duke_of_Brunswic_L_neburg	spouse	Matilda_of_Brandenburg_Duchess_of_Brunswic_L_neburg
A_nor_de_Ch_tellerault	spouse	William_X_Duke_of_Aquitaine
Louis_I_Duke_of_Bourbon	spouse	Mary_of_Avesnes
Osburh	spouse	_thelwulf_King_of_Wessex
Marie_Antoinette	spouse	Louis_XVI
Charles_III_Duke_of_Savoy	spouse	Beatrice_of_Portugal_Duchess_of_Savoy
Margaret_of_Bourbon_1438_1483	spouse	Philip_II_Duke_of_Savoy
Maria_Theresa_of_Austria_Este_Queen_of_Sardinia	spouse	Victor_Emmanuel_I_of_Sardinia
Vladimir_the_Great	spouse	Ingegerd_Olofsdotter_of_Sweden
Vladimir_the_Great	spouse	Anna_Porphyrogenita
John_of_Montfort	spouse	Joanna_of_Flanders
Fulk_King_of_Jerusalem	spouse	Ermengarde_Countess_of_Maine
Geoffrey_Plantagenet_Count_of_Anjou	spouse	Empress_Matilda
Henry_III_of_France	spouse	Louise_of_Lorraine
Edward_III_of_England	spouse	Philippa_of_Hainault
Marjorie_Bruce	spouse	Walter_Stewart_6th_High_Steward_of_Scotland
Emma_of_Italy	spouse	Lothair_of_France
Marie_Jos_phine_of_Savoy	spouse	Louis_XVIII
Victor_Amadeus_III_of_Sardinia	spouse	Maria_Antonia_Ferdinanda_of_Spain
Louis_XII	spouse	Anne_of_Brittany
Louis_XII	spouse	Mary_Tudor_Queen_of_France
Philip_I_of_Castile	spouse	Joanna_of_Castile
Ramon_Borrell_Count_of_Barcelona	spouse	Ermesinde_of_Carcassonne
Edward_Count_Palatine_of_Simmern	spouse	Anne_Gonzaga
Frederick_II_Count_of_Vaud_mont	spouse	Yolande_Duchess_of_Lorraine
Eleanor_of_Castile	spouse	Edward_I_of_England
Alfonso_IX_of_Le_n	spouse	Berengaria_of_Castile
Alfonso_IX_of_Le_n	spouse	Theresa_of_Portugal_Queen_of_Le_n
Urraca_of_Portugal	spouse	Ferdinand_II_of_Le_n
Charles_VIII_of_France	spouse	Anne_of_Brittany
Louis_XI	spouse	Margaret_Stewart_Dauphine_of_France
Henry_IV_of_England	spouse	Joan_of_Navarre_Queen_of_England
Adela_of_Normandy	spouse	Stephen_Count_of_Blois
Stephen_Count_of_Blois	spouse	Adela_of_Normandy
Cosimo_I_de_Medici_Grand_Duke_of_Tuscany	spouse	Eleanor_of_Toledo
Camilla_Martelli	spouse	Cosimo_I_de_Medici_Grand_Duke_of_Tuscany
Raymond_of_Burgundy	spouse	Urraca_of_Le_n
Marie_Countess_of_Harcourt	spouse	Antoine_Count_of_Vaud_mont
Lothair_II_of_Italy	spouse	Adelaide_of_Italy
Jacquetta_of_Luxembourg	spouse	Richard_Woodville_1st_Earl_Rivers
Ernest_Augustus_Elector_of_Hanover	spouse	Sophia_of_Hanover
Margaret_of_Anjou	spouse	Henry_VI_of_England
Charlotte_of_Bourbon_Queen_of_Cyprus	spouse	Janus_of_Cyprus
John_I_Count_of_La_Marche	spouse	Catherine_of_Vend_me
Matilda_II_Countess_of_Boulogne	spouse	Afonso_III_of_Portugal
Louis_IV_of_France	spouse	Gerberga_of_Saxony
Rogneda_of_Polotsk	spouse	Vladimir_the_Great
In_s_de_Castro	spouse	Peter_I_of_Portugal
Louis_V_of_France	spouse	Adelaide_Blanche_of_Anjou
Marie_of_Luxembourg_Queen_of_France	spouse	Charles_IV_of_France
Henry_VII_Holy_Roman_Emperor	spouse	Margaret_of_Brabant
Saint_Margaret_of_Scotland	spouse	Malcolm_III_of_Scotland
Malcolm_III_of_Scotland	spouse	Saint_Margaret_of_Scotland
_lfthryth_Countess_of_Flanders	spouse	Baldwin_II_Margrave_of_Flanders
Adela_of_Milan	spouse	Albert_Azzo_I_Margrave_of_Milan
Louis_XIII	spouse	Anne_of_Austria
Charles_the_Bald	spouse	Ermentrude_of_Orl_ans
Rudolph_Duke_of_Lorraine	spouse	Marie_de_Ch_tillon_1323_1363
Otto_IV_Count_of_Scheyern	spouse	Heilika_of_Lengenfeld
Beatrice_of_Albon	spouse	Hugh_III_Duke_of_Burgundy
Piero_di_Cosimo_de_Medici	spouse	Lucrezia_Tornabuoni
Contessina_de_Bardi	spouse	Cosimo_de_Medici
Odo_IV_Duke_of_Burgundy	spouse	Joan_III_Countess_of_Burgundy
Joan_III_Countess_of_Burgundy	spouse	Odo_IV_Duke_of_Burgundy
Elisabeth_of_France_1602_1644	spouse	Philip_IV_of_Spain
William_I_Count_of_Hainaut	spouse	Joan_of_Valois_Countess_of_Hainaut
Yolanda_of_Courtenay	spouse	Andrew_II_of_Hungary
Baldwin_II_Count_of_Hainaut	spouse	Ida_Countess_of_Hainaut
Constance_of_Arles	spouse	Robert_II_of_France
Adelaide_of_Auxerre_born_c._870	spouse	Richard_Duke_of_Burgundy
Waldrada_of_Worms	spouse	Robert_III_of_Worms
James_I_of_Aragon	spouse	Teresa_Gil_de_Vidaure
James_I_of_Aragon	spouse	Violant_of_Hungary
James_I_of_Aragon	spouse	Eleanor_of_Castile_died_1244
Teresa_Gil_de_Vidaure	spouse	James_I_of_Aragon
Fran_oise_d_Aubign__Marquise_de_Maintenon	spouse	Louis_XIV
Fran_oise_d_Aubign__Marquise_de_Maintenon	spouse	Paul_Scarron
Maria_Amalia_of_Naples_and_Sicily	spouse	Louis_Philippe_I
Matilda_of_Scotland	spouse	Henry_I_of_England
John_Beaufort_1st_Earl_of_Somerset	spouse	Margaret_Holland_Duchess_of_Clarence
Charles_Emmanuel_I_Duke_of_Savoy	spouse	Catalina_Micaela_of_Spain
Maria_Amalia_of_Saxony	spouse	Charles_III_of_Spain
Henry_I_Duke_of_Brabant	spouse	Matilda_of_Boulogne_Duchess_of_Brabant
Henry_I_Duke_of_Brabant	spouse	Marie_of_France_Duchess_of_Brabant
Isabella_of_Hainault	spouse	Philip_II_of_France
Margaret_I_Countess_of_Flanders	spouse	Baldwin_V_Count_of_Hainaut
Archduchess_Maria_Clementina_of_Austria	spouse	Francis_I_of_the_Two_Sicilies
Charles_VII_of_France	spouse	Marie_of_Anjou
Urraca_L_pez_de_Haro	spouse	Ferdinand_II_of_Le_n
Charles_IX_of_France	spouse	Elisabeth_of_Austria_Queen_of_France
Francis_II_of_France	spouse	Mary_Queen_of_Scots
Margaret_of_Brabant	spouse	Henry_VII_Holy_Roman_Emperor
Philip_IV_of_France	spouse	Joan_I_of_Navarre
Philip_III_of_France	spouse	Isabella_of_Aragon_Queen_of_France
Baldwin_II_Margrave_of_Flanders	spouse	_lfthryth_Countess_of_Flanders
Margaret_of_Bavaria	spouse	John_the_Fearless
Louis_IX_of_France	spouse	Margaret_of_Provence
Violant_of_Hungary	spouse	James_I_of_Aragon
Ferdinand_II_of_Le_n	spouse	Urraca_of_Portugal
Ferdinand_II_of_Le_n	spouse	Urraca_L_pez_de_Haro
Ferdinand_II_of_Le_n	spouse	Teresa_Fern_ndez_de_Traba
Alfonso_VII_of_Le_n_and_Castile	spouse	Berengaria_of_Barcelona
Isabella_of_Aragon_Queen_of_France	spouse	Philip_III_of_France
Juana_Enr_quez	spouse	John_II_of_Aragon
Reginald_I_Count_of_Burgundy	spouse	Alice_of_Normandy
Ermentrude_de_Roucy	spouse	Otto_William_Count_of_Burgundy
Charles_Prince_of_Anhalt_Zerbst	spouse	Sophia_of_Saxe_Weissenfels_Princess_of_Anhalt_Zerbst
Ferdinand_I_of_Aragon	spouse	Eleanor_of_Alburquerque
Robert_I_Duke_of_Burgundy	spouse	Helie_of_Semur
Robert_I_Duke_of_Burgundy	spouse	Ermengarde_of_Anjou_Duchess_of_Burgundy
Robert_III_of_Scotland	spouse	Anabella_Drummond
Louis_the_Stammerer	spouse	Ansgarde_of_Burgundy
Louis_the_Stammerer	spouse	Adelaide_of_Paris
Guilla_of_Provence	spouse	Rudolph_I_of_Burgundy
Rudolph_I_of_Burgundy	spouse	Guilla_of_Provence
Philippe_I_Duke_of_Orl_ans	spouse	Henrietta_of_England
Philippe_I_Duke_of_Orl_ans	spouse	Elizabeth_Charlotte_Madame_Palatine
Helie_of_Semur	spouse	Robert_I_Duke_of_Burgundy
Marie_Jeanne_Baptiste_of_Savoy_Nemours	spouse	Charles_Emmanuel_II_Duke_of_Savoy
Sophia_of_Minsk	spouse	Louis_III_Landgrave_of_Thuringia
Sophia_of_Minsk	spouse	Valdemar_I_of_Denmark
Ferdinand_III_of_Castile	spouse	Joan_Countess_of_Ponthieu
Ferdinand_III_of_Castile	spouse	Elisabeth_of_Swabia
Maria_of_Aragon_Queen_of_Portugal	spouse	Manuel_I_of_Portugal
Adolphus_Frederick_I_Duke_of_Mecklenburg_Schwerin	spouse	Anna_Maria_of_Ostfriesland
Fran_oise_Ath_na_s_de_Rochechouart_Marquise_de_Montespan	spouse	Louis_XIV
Fran_oise_Ath_na_s_de_Rochechouart_Marquise_de_Montespan	spouse	Louis_Henri_de_Pardaillan_de_Gondrin
Henry_III_Duke_of_Brabant	spouse	Adelaide_of_Burgundy_Duchess_of_Brabant
Adelaide_of_Maurienne	spouse	Matthew_I_of_Montmorency
Adelaide_of_Maurienne	spouse	Louis_VI_of_France
Matilda_of_Habsburg	spouse	Louis_II_Duke_of_Bavaria
Beatrice_of_Castile_1293_1359	spouse	Afonso_IV_of_Portugal
Madeleine_de_La_Tour_d_Auvergne	spouse	Lorenzo_de_Medici_Duke_of_Urbino
Emmanuel_Philibert_Duke_of_Savoy	spouse	Margaret_of_Valois_Duchess_of_Berry
Margaret_of_Valois_Duchess_of_Berry	spouse	Emmanuel_Philibert_Duke_of_Savoy
Owen_Tudor	spouse	Catherine_of_Valois
Philip_V_of_Spain	spouse	Maria_Amalia_of_Saxony
Philip_V_of_Spain	spouse	Maria_Luisa_Gabriella_of_Savoy
Charlotte_of_Mecklenburg_Strelitz	spouse	George_III
Blanche_of_Castile	spouse	Louis_VIII_of_France
Maximilian_I_Holy_Roman_Emperor	spouse	Mary_of_Burgundy
Maximilian_I_Holy_Roman_Emperor	spouse	Anne_of_Brittany
Bianca_Maria_Sforza	spouse	Maximilian_I_Holy_Roman_Emperor
John_II_of_Portugal	spouse	Eleanor_of_Viseu
Theobald_III_Count_of_Champagne	spouse	Blanche_of_Navarre_Countess_of_Champagne
Odo_I_Duke_of_Burgundy	spouse	Sibylla_of_Burgundy_Duchess_of_Burgundy
Antoinette_of_Bourbon	spouse	Claude_Duke_of_Guise
Louis_XVIII	spouse	Marie_Jos_phine_of_Savoy
Maria_Josepha_of_Saxony_Dauphine_of_France	spouse	Louis_Dauphin_of_France_son_of_Louis_XV
Joan_Beaufort_Queen_of_Scots	spouse	James_I_of_Scotland
Hugh_the_Great	spouse	Hedwig_of_Saxony
Louis_the_German	spouse	Hemma
Charles_the_Fat	spouse	Richardis
Margaret_Lyle	spouse	Matthew_Stewart_2nd_Earl_of_Lennox
Gertrude_of_Flanders_Duchess_of_Lorraine	spouse	Theodoric_II_Duke_of_Lorraine
Theodoric_II_Duke_of_Lorraine	spouse	Hedwig_of_Formbach
Ferdinand_I_Holy_Roman_Emperor	spouse	Anne_of_Bohemia_and_Hungary
Louis_Dauphin_of_France_son_of_Louis_XV	spouse	Maria_Josepha_of_Saxony_Dauphine_of_France
Theobald_I_of_Navarre	spouse	Gertrude_of_Dagsburg
Theobald_I_of_Navarre	spouse	Frederick_III_Duke_of_Lorraine
Blanche_of_Navarre_Countess_of_Champagne	spouse	Theobald_III_Count_of_Champagne
Marie_Caroline_of_Bourbo_Two_Sicilies_Duchess_of_Berry	spouse	Charles_Ferdinand_Duke_of_Berry
Charles_I_Duke_of_Bourbon	spouse	Agnes_of_Burgundy_Duchess_of_Bourbon
Agnes_of_Burgundy_Duchess_of_Bourbon	spouse	Charles_I_Duke_of_Bourbon
Bianca_Maria_Visconti	spouse	Francesco_I_Sforza
Francesco_I_Sforza	spouse	Bianca_Maria_Visconti
Archduchess_Anna_of_Austria	spouse	Albert_V_Duke_of_Bavaria
Charlotte_of_Savoy	spouse	Louis_XI
Elisabeth_of_Sicily_Duchess_of_Bavaria	spouse	Stephen_II_Duke_of_Bavaria
Eleanor_of_Aquitaine	spouse	Henry_II_of_England
Benedicta_Henrietta_of_the_Palatinate	spouse	John_Frederick_Duke_of_Brunswic_Calenberg
Richard_Woodville_1st_Earl_Rivers	spouse	Jacquetta_of_Luxembourg
Mary_Queen_of_Scots	spouse	Francis_II_of_France
Mary_Queen_of_Scots	spouse	James_Hepburn_4th_Earl_of_Bothwell
Mary_Queen_of_Scots	spouse	Henry_Stuart_Lord_Darnley
Hildegard_of_the_Vinzgau	spouse	Charlemagne
Anne_of_Brittany	spouse	Louis_XII
Anne_of_Brittany	spouse	Charles_VIII_of_France
Anne_of_Brittany	spouse	Maximilian_I_Holy_Roman_Emperor
_lffl_d_wife_of_Edward_the_Elder	spouse	Edward_the_Elder
Eadhild	spouse	Hugh_the_Great
Humbert_II_Count_of_Savoy	spouse	Gisela_of_Burgundy_Marchioness_of_Montferrat
Rozala_of_Italy	spouse	Arnulf_II_Count_of_Flanders
Adelaide_of_Holland	spouse	John_I_Count_of_Hainaut
Matilda_of_Saxony_countess_of_Flanders	spouse	Godfrey_I_Count_of_Verdun
Baldwin_III_Count_of_Flanders	spouse	Matilda_of_Saxony_countess_of_Flanders
Alfred_the_Great	spouse	Ealhswith
Dorothea_of_Denmark_Duchess_of_Brunswic_L_neburg	spouse	William_the_Younger_Duke_of_Brunswic_L_neburg
William_the_Younger_Duke_of_Brunswic_L_neburg	spouse	Dorothea_of_Denmark_Duchess_of_Brunswic_L_neburg
Godfrey_I_Count_of_Louvain	spouse	Otto_II_Count_of_Chiny
Godfrey_I_Count_of_Louvain	spouse	Clementia_of_Burgundy
Isabella_of_France	spouse	Edward_II_of_England
Joan_I_of_Navarre	spouse	Philip_IV_of_France
Valentina_Visconti_Duchess_of_Orl_ans	spouse	Louis_I_Duke_of_Orl_ans
Elisabeth_Christine_of_Brunswic_Wolfenb_ttel	spouse	Charles_VI_Holy_Roman_Emperor
Sancho_III_of_Castile	spouse	Blanca_of_Navarre_Queen_of_Castile
Berengaria_of_Barcelona	spouse	Alfonso_VII_of_Le_n_and_Castile
Conrad_I_Count_of_Auxerre	spouse	Adelaide_of_Tours
Alys_of_France_Countess_of_Vexin	spouse	William_IV_Count_of_Ponthieu
Maria_Manuela_Princess_of_Portugal	spouse	Philip_II_of_Spain
Catherine_of_Vend_me	spouse	John_I_Count_of_La_Marche
Charles_Duke_of_Vend_me	spouse	Fran_oise_d_Alen_on
Andrew_II_of_Hungary	spouse	Yolanda_of_Courtenay
Margaret_of_Foix	spouse	Richard_Count_of__tampes
Margaret_of_Foix	spouse	Francis_II_Duke_of_Brittany
Margaret_of_Foix	spouse	Margaret_Countess_of_Vertus
Prince_Philippe_Count_of_Paris	spouse	Princess_Marie_Isabelle_of_Orl_ans
Constanza_Manuel	spouse	Alfonso_XI_of_Castile
Elizabeth_Charlotte_Madame_Palatine	spouse	Philippe_I_Duke_of_Orl_ans
William_Longsword	spouse	Luitgarde_of_Vermandois
Elisabeth_Therese_of_Lorraine	spouse	Charles_Emmanuel_III_of_Sardinia
Agatha_wife_of_Edward_the_Exile	spouse	Edward_the_Exile
Yolande_Duchess_of_Lorraine	spouse	Frederick_II_Count_of_Vaud_mont
Robert_II_of_France	spouse	Constance_of_Arles
Robert_II_of_France	spouse	Rozala_of_Italy
Robert_II_of_France	spouse	Bertha_of_Burgundy
Hugh_IV_Duke_of_Burgundy	spouse	Yolande_of_Dreux_Duchess_of_Burgundy
Hugh_IV_Duke_of_Burgundy	spouse	Beatrice_of_Navarre_Duchess_of_Burgundy
Frederick_IV_Duke_of_Lorraine	spouse	Elisabeth_of_Austria_Duchess_of_Lorraine
Elizabeth_of_Luxembourg	spouse	Albert_II_of_Germany
Anna_Eleonore_of_Hesse_Darmstadt	spouse	George_Duke_of_Brunswic_Calenberg
Simon_I_Duke_of_Lorraine	spouse	Adelaide_of_Leuven
Empress_Jos_phine	spouse	Alexandre_de_Beauharnais
James_Hepburn_4th_Earl_of_Bothwell	spouse	Mary_Queen_of_Scots
Ludmilla_of_Bohemia	spouse	Louis_I_Duke_of_Bavaria
William_de_Beauchamp_9th_Earl_of_Warwick	spouse	Maud_FitzJohn_Countess_of_Warwick
Maud_FitzJohn_Countess_of_Warwick	spouse	William_de_Beauchamp_9th_Earl_of_Warwick
Anna_Maria_of_Mecklenburg_Schwerin	spouse	Augustus_Duke_of_Saxe_Weissenfels
Stephen_II_Duke_of_Bavaria	spouse	Elisabeth_of_Sicily_Duchess_of_Bavaria
Agnes_of_France_Duchess_of_Burgundy	spouse	Robert_II_Duke_of_Burgundy
Louis_XVI	spouse	Marie_Antoinette
Louis_XVI	spouse	Charles_X
Marie_Th_r_se_of_France	spouse	Louis_Antoine_Duke_of_Angoul_me
Sophia_of_Istria	spouse	Berthold_II_Count_of_Andechs
Henry_VI_of_England	spouse	Margaret_of_Anjou
William_VIII_Duke_of_Aquitaine	spouse	Hildegarde_of_Burgundy
Richard_Count_of__tampes	spouse	Margaret_of_Foix
Richard_Count_of__tampes	spouse	Margaret_Countess_of_Vertus
John_VII_Duke_of_Mecklenburg_Schwerin	spouse	Sophia_of_Holstei_Gottorp
John_Count_of_Chalon	spouse	Hugh_de_Courtenay
Margaret_of_Valois_Angoul_me	spouse	Henry_II_of_Navarre
William_IX_Duke_of_Aquitaine	spouse	Philippa_Countess_of_Toulouse
William_IX_Duke_of_Aquitaine	spouse	Ermengarde_of_Anjou_d._1146
Hildegarde_of_Burgundy	spouse	William_VIII_Duke_of_Aquitaine
Herbert_III_of_Omois	spouse	Eadgifu_of_Wessex
Countess_Sophia_Albertine_of_Erbach_Erbach	spouse	Ernest_Frederick_I_Duke_of_Saxe_Hildburghausen
Francesco_I_de_Medici_Grand_Duke_of_Tuscany	spouse	Bianca_Cappello
Matilda_of_Brandenburg_Duchess_of_Brunswic_L_neburg	spouse	Otto_I_Duke_of_Brunswic_L_neburg
Malusha	spouse	Sviatoslav_I
Helena_of_Denmark	spouse	William_of_Winchester_Lord_of_Lunenburg
Elizabeth_Gordon_Countess_of_Huntly	spouse	George_Gordon_4th_Earl_of_Huntly
Jean_Gordon_Countess_of_Bothwell	spouse	James_Hepburn_4th_Earl_of_Bothwell
Joan_Countess_of_Ponthieu	spouse	Ferdinand_III_of_Castile
John_de_Beaumont_2nd_Baron_Beaumont	spouse	Eleanor_of_Lancaster
William_V_Duke_of_Aquitaine	spouse	Agnes_of_Burgundy_Duchess_of_Aquitaine
George_II_Landgrave_of_Hesse_Darmstadt	spouse	Sophia_Eleonore_of_Saxony
John_I_Count_of_Hainaut	spouse	Adelaide_of_Holland
Otto_I_Count_of_Scheyern	spouse	Haziga_of_Diessen
Henri_Count_of_Chambord	spouse	Archduchess_Maria_Theresa_of_Austria_Este_1817_1886
Elisabeth_of_Austria_Duchess_of_Lorraine	spouse	Frederick_IV_Duke_of_Lorraine
Louis_IV_Holy_Roman_Emperor	spouse	Margaret_II_Countess_of_Hainaut
Louis_IV_Holy_Roman_Emperor	spouse	Beatrice_of_Silesia
Albert_II_Duke_of_Brunswic_L_neburg	spouse	Rixa_of_Werle
Bolko_I_the_Strict	spouse	Beatrice_of_Brandenburg
Philip_VI_of_France	spouse	Blanche_of_Navarre_Queen_of_France
Philip_VI_of_France	spouse	Joan_the_Lame
Margaret_of_Brittany	spouse	Francis_II_Duke_of_Brittany
Maria_Teresa_Felicitas_d_Este	spouse	Louis_Jean_Marie_de_Bourbon_Duke_of_Penthi_vre
Anna_Maria_of_Ostfriesland	spouse	Adolphus_Frederick_I_Duke_of_Mecklenburg_Schwerin
John_the_Fearless	spouse	Margaret_of_Bavaria
Afonso_III_of_Portugal	spouse	Matilda_II_Countess_of_Boulogne
Afonso_III_of_Portugal	spouse	Beatrice_of_Castile_1242_1303
Haziga_of_Diessen	spouse	Otto_I_Count_of_Scheyern
Beatrice_of_Silesia	spouse	Louis_IV_Holy_Roman_Emperor
Matthew_Stewart_2nd_Earl_of_Lennox	spouse	Margaret_Lyle
Blanche_of_Burgundy	spouse	Charles_IV_of_France
Frederick_II_Duke_of_Saxe_Gotha_Altenburg	spouse	Princess_Magdalena_Augusta_of_Anhalt_Zerbst
Louis_Antoine_Duke_of_Angoul_me	spouse	Marie_Th_r_se_of_France
Margaret_of_Artois	spouse	Louis_Count_of__vreux
Taddea_Visconti	spouse	Stephen_III_Duke_of_Bavaria
Otto_William_Count_of_Burgundy	spouse	Ermentrude_de_Roucy
Maria_Beatrice_of_Savoy	spouse	Francis_IV_Duke_of_Modena
Henry_IV_of_France	spouse	Marie_de_Medici
Henry_IV_of_France	spouse	Margaret_of_Valois
Conrad_I_of_Burgundy	spouse	Matilda_of_France
Ferdinand_Karl_Archduke_of_Austria_Este	spouse	Maria_Beatrice_d_Este_Duchess_of_Massa
Berengaria_of_Castile	spouse	Alfonso_IX_of_Le_n
Judith_of_Habsburg	spouse	Wenceslaus_II_of_Bohemia
Margaret_of_Provence	spouse	Louis_IX_of_France
Bertha_of_Burgundy	spouse	Robert_II_of_France
Bertha_of_Burgundy	spouse	Odo_I_Count_of_Blois
Rixa_of_Werle	spouse	Albert_II_Duke_of_Brunswic_L_neburg
Eleanor_of_Austria	spouse	Francis_I_of_France
Eleanor_of_Austria	spouse	Manuel_I_of_Portugal
Robert_Count_of_Clermont	spouse	Beatrice_of_Burgundy_Lady_of_Bourbon
Eadgifu_of_Wessex	spouse	Charles_the_Simple
Eadgifu_of_Wessex	spouse	Herbert_III_of_Omois
Elisabeth_of_Austria_Queen_of_France	spouse	Charles_IX_of_France
Francis_I_of_France	spouse	Eleanor_of_Austria
Isabella_of_Burgundy_Queen_of_Germany	spouse	Rudolf_I_of_Germany
Clementia_of_Z_hringen	spouse	Henry_the_Lion
Philip_II_of_France	spouse	Isabella_of_Hainault
Philip_II_of_France	spouse	Agnes_of_Merania
Philip_II_of_France	spouse	Ingeborg_of_Denmark_Queen_of_France
Louis_the_Pious	spouse	Ermengarde_of_Hesbaye
Ernest_Duke_of_Austria	spouse	Cymburgis_of_Masovia
Louis_Philippe_II_Duke_of_Orl_ans	spouse	Louise_Marie_Ad_la_de_de_Bourbon_Duchess_of_Orl_ans
Jeanne_d_Albret	spouse	Antoine_of_Navarre
Jeanne_d_Albret	spouse	William_Duke_of_J_lich_Cleves_Berg
Catherine_of_Foix_Countess_of_Candale	spouse	Gaston_de_Foix_Count_of_Candale
Wierzchoslawa_Ludmilla_of_Greater_Poland	spouse	Frederick_I_Duke_of_Lorraine
Francesco_III_d_Este_Duke_of_Modena	spouse	Charlotte_Agla__d_Orl_ans
Ida_Countess_of_Hainaut	spouse	Baldwin_II_Count_of_Hainaut
Marie_of_Brittany_Countess_of_Saint_Pol	spouse	Guy_IV_Count_of_Saint_Pol
Yolande_of_Aragon	spouse	Louis_II_of_Anjou
Joan_Fitzalan_Countess_of_Hereford	spouse	Humphrey_de_Bohun_7th_Earl_of_Hereford
Robert_I_of_France	spouse	Aelis
Sophie_of_Thuringia_Duchess_of_Brabant	spouse	Henry_II_Duke_of_Brabant
Claude_of_France_1547_1575	spouse	Charles_III_Duke_of_Lorraine
Philippa_of_Lancaster	spouse	John_I_of_Portugal
John_I_of_Castile	spouse	Eleanor_of_Aragon_Queen_of_Castile
John_I_of_Castile	spouse	Beatrice_of_Portugal
Albert_Azzo_II_Margrave_of_Milan	spouse	Kunigunde_of_Altdorf
Henry_III_of_England	spouse	Eleanor_of_Provence
Louis_VIII_of_France	spouse	Blanche_of_Castile
John_King_of_England	spouse	Isabella_Countess_of_Gloucester
John_King_of_England	spouse	Isabella_of_Angoul_me
Edward_the_Exile	spouse	Agatha_wife_of_Edward_the_Exile
Otto_I_Duke_of_Bavaria	spouse	Agnes_of_Loon
Heilika_of_Lengenfeld	spouse	Otto_IV_Count_of_Scheyern
Charles_Duke_of_Orl_ans	spouse	Marie_of_Cleves_Duchess_of_Orl_ans
Charles_Duke_of_Orl_ans	spouse	Isabella_of_Valois
Marie_of_Cleves_Duchess_of_Orl_ans	spouse	Charles_Duke_of_Orl_ans
Eleanor_of_England_Queen_of_Castile	spouse	Alfonso_VIII_of_Castile
Odoardo_Farnese_Hereditary_Prince_of_Parma	spouse	Countess_Palatine_Dorothea_Sophie_of_Neuburg
Louis_Bonaparte	spouse	Hortense_de_Beauharnais
Sancho_Alfonso	spouse	Beatrice_of_Portugal_died_1381
Isabella_of_Portugal	spouse	Charles_V_Holy_Roman_Emperor
Manuel_I_of_Portugal	spouse	Maria_of_Aragon_Queen_of_Portugal
Manuel_I_of_Portugal	spouse	Eleanor_of_Austria
Cosimo_de_Medici	spouse	Contessina_de_Bardi
Emma_of_Blois	spouse	William_IV_Duke_of_Aquitaine
George_III	spouse	Charlotte_of_Mecklenburg_Strelitz
Elisabeth_of_Nuremberg	spouse	Rupert_King_of_the_Romans
Galeazzo_Maria_Sforza	spouse	Dorotea_Gonzaga
Galeazzo_Maria_Sforza	spouse	Bona_of_Savoy
Dorotea_Gonzaga	spouse	Galeazzo_Maria_Sforza
Henry_II_Duke_of_Brabant	spouse	Maria_of_Swabia
Anna_of_Austria_Queen_of_Spain	spouse	Philip_II_of_Spain
Jeanne_de_Laval	spouse	Ren__of_Anjou
Hugh_Despenser_the_Elder	spouse	Isabella_de_Beauchamp
Margaret_of_Denmark_Queen_of_Scotland	spouse	James_III_of_Scotland
Baldwin_V_Count_of_Hainaut	spouse	Margaret_I_Countess_of_Flanders
Douce_I_Countess_of_Provence	spouse	Ramon_Berenguer_III_Count_of_Barcelona
Gisela_of_Burgundy_Marchioness_of_Montferrat	spouse	Humbert_II_Count_of_Savoy
Gisela_of_Burgundy_Marchioness_of_Montferrat	spouse	Rainier_Marquis_of_Montferrat
Germaine_of_Foix	spouse	Ferdinand_II_of_Aragon
Louis_II_of_Anjou	spouse	John_I_of_Aragon
Louis_II_of_Anjou	spouse	Violant_of_Bar
Christine_of_Saxony	spouse	Philip_I_Landgrave_of_Hesse
Adam_Albert_von_Neipperg	spouse	Marie_Louise_Duchess_of_Parma
Elisabeth_of_Swabia	spouse	Ferdinand_III_of_Castile
Yolande_of_Dreux_Duchess_of_Burgundy	spouse	Hugh_IV_Duke_of_Burgundy
Princess_Augusta_of_Saxe_Gotha	spouse	Frederick_Prince_of_Wales
Francis_I_Duke_of_Lorraine	spouse	Christina_of_Denmark
William_Duke_of_J_lich_Cleves_Berg	spouse	Jeanne_d_Albret
William_Duke_of_J_lich_Cleves_Berg	spouse	Maria_of_Austria_Duchess_of_J_lich_Cleves_Berg
Agnes_of_Beaujeu	spouse	Theobald_I_of_Navarre
Arnulf_II_Count_of_Flanders	spouse	Rozala_of_Italy
Philip_Duke_of_Parma	spouse	Louise__lisabeth_of_France
Lambert_I_Count_of_Louvain	spouse	Gerberga_of_Lower_Lorraine
Gerberga_of_Lower_Lorraine	spouse	Lambert_I_Count_of_Louvain
Robert_I_Count_of_Flanders	spouse	Gertrude_of_Saxony
Eleanor_of_Toledo	spouse	Cosimo_I_de_Medici_Grand_Duke_of_Tuscany
Philip_of_Artois	spouse	Blanche_of_Brittany
Louise_Henriette_de_Bourbon	spouse	Louis_Philippe_I_Duke_of_Orl_ans
Mar_a_de_Molina	spouse	Sancho_IV_of_Castile
Elisabeth_of_Meissen	spouse	Frederick_V_Burgrave_of_Nuremberg
John_I_of_Aragon	spouse	Louis_II_of_Anjou
John_I_of_Aragon	spouse	Violant_of_Bar
Louis_VI_of_France	spouse	Adelaide_of_Maurienne
Louis_VI_of_France	spouse	Lucienne_of_Rochefort
Peter_I_Duke_of_Brittany	spouse	Alix_Duchess_of_Brittany
Henry_3rd_Earl_of_Lancaster	spouse	Maud_Chaworth
Matilda_of_Boulogne_Duchess_of_Brabant	spouse	Henry_I_Duke_of_Brabant
Beatrice_of_Brandenburg	spouse	Bolko_I_the_Strict
Bertrada_of_Laon	spouse	Pepin_the_Short
Philip_the_Good	spouse	Bonne_of_Artois
Philip_the_Good	spouse	Isabella_of_Portugal_Duchess_of_Burgundy
Michelle_of_Valois	spouse	Philip_the_Good
Henry_the_Middle_Duke_of_Brunswic_L_neburg	spouse	Anna_von_Campe
Henry_IX_Duke_of_Bavaria	spouse	Wulfhilde_of_Saxony
John_I_Duke_of_Lorraine	spouse	Eberhard_II_Count_of_W_rttemberg
Eleanor_of_Navarre	spouse	Gaston_IV_Count_of_Foix
Ercole_III_d_Este_Duke_of_Modena	spouse	Maria_Teresa_Cybo_Malaspina_Duchess_of_Massa
Agnes_of_Merania	spouse	Philip_II_of_France
John_IV_Duke_of_Brittany	spouse	Mary_of_Waltham
Joan_of_France_Duchess_of_Berry	spouse	Louis_XII
Henry_V_Holy_Roman_Emperor	spouse	Empress_Matilda
Henry_VII_of_England	spouse	Elizabeth_of_York
Mar_a_Isabella_of_Spain	spouse	Francis_I_of_the_Two_Sicilies
Charles_II_Archduke_of_Austria	spouse	Maria_Anna_of_Bavaria_born_1551
Welf_I_Duke_of_Bavaria	spouse	Ethelinde_of_Northeim
William_of_Winchester_Lord_of_Lunenburg	spouse	Helena_of_Denmark
Jeanne_de_Bourbon_Duchess_of_Bourbon	spouse	John_II_Duke_of_Bourbon
Jeanne_de_Bourbon_Duchess_of_Bourbon	spouse	John_III_Count_of_Auvergne
Catherine_of_Valois	spouse	Henry_V_of_England
Catherine_of_Valois	spouse	Owen_Tudor
Margaret_of_the_Palatinate	spouse	Charles_II_Duke_of_Lorraine
Isabella_Countess_of_Gloucester	spouse	John_King_of_England
Piccarda_Bueri	spouse	Giovanni_di_Bicci_de_Medici
Margaret_of_Brieg	spouse	Albert_I_Duke_of_Bavaria
Sophia_of_Saxe_Weissenfels_Princess_of_Anhalt_Zerbst	spouse	Charles_Prince_of_Anhalt_Zerbst
Princess_Louise_of_Hesse_Darmstadt_1757_1830	spouse	Karl_August_Grand_Duke_of_Saxe_Weimar_Eisenach
Louis_IX_Landgrave_of_Hesse_Darmstadt	spouse	Countess_Palatine_Caroline_of_Zweibr_cken
Eleonore_of_Austria_Queen_of_Poland	spouse	Charles_V_Duke_of_Lorraine
Joanna_of_Pfirt	spouse	Albert_II_Duke_of_Austria
James_V_of_Scotland	spouse	Mary_of_Guise
James_V_of_Scotland	spouse	Madeleine_of_Valois
Maria_Anna_Victoria_of_Bavaria	spouse	Louis_Dauphin_of_France_son_of_Louis_XIV
Mahaut_Countess_of_Artois	spouse	Otto_IV_Count_of_Burgundy
Francis_II_Duke_of_Lorraine	spouse	Christina_of_Salm
Alfonso_XI_of_Castile	spouse	Constanza_Manuel
Alfonso_XI_of_Castile	spouse	Eleanor_de_Guzm_n
Alfonso_XI_of_Castile	spouse	Maria_of_Portugal_Queen_of_Castile
Margaret_Douglas	spouse	Matthew_Stewart_4th_Earl_of_Lennox
Margaret_Holland_Duchess_of_Clarence	spouse	John_Beaufort_1st_Earl_of_Somerset
Bonne_of_Luxembourg	spouse	John_II_of_France
Anne_of_Foix_Candale	spouse	Vladislaus_II_of_Hungary
Antoine_Count_of_Vaud_mont	spouse	Marie_Countess_of_Harcourt
Maria_Luisa_of_Parma	spouse	Charles_IV_of_Spain
Maria_Theresa_of_Savoy	spouse	Charles_X
Isabella_of_Valois	spouse	Charles_Duke_of_Orl_ans
Henry_VI_Count_of_Luxembourg	spouse	Beatrice_of_Avesnes
Matilda_of_Bavaria_Margravine_of_Meissen	spouse	Frederick_II_Margrave_of_Meissen
Philip_II_of_Spain	spouse	Maria_Manuela_Princess_of_Portugal
Philip_II_of_Spain	spouse	Anna_of_Austria_Queen_of_Spain
Philip_II_of_Spain	spouse	Elisabeth_of_Valois
John_II_Duke_of_Brittany	spouse	Beatrice_of_England
Bertha_of_Holland	spouse	Philip_I_of_France
Margaret_of_Burgundy_Queen_of_France	spouse	Louis_X_of_France
Margaret_of_Burgundy_Queen_of_France	spouse	Kingdom_of_Navarre
Valdemar_I_of_Denmark	spouse	Sophia_of_Minsk
Ingegerd_Olofsdotter_of_Sweden	spouse	Yaroslav_the_Wise
Bonne_of_Armagnac	spouse	Charles_Duke_of_Orl_ans
Marie_of_Luxembourg_Countess_of_Vend_me	spouse	Francis_Count_of_Vend_me
Dangereuse_de_l_Isle_Bouchard	spouse	Aimery_I_Viscount_of_Ch_tellerault
Philippa_of_Bar	spouse	Otto_IV_Count_of_Burgundy
Lady_Margaret_Beaufort	spouse	Edmund_Tudor_1st_Earl_of_Richmond
Napoleon	spouse	Marie_Louise_Duchess_of_Parma
Arnulf_Count_of_Holland	spouse	Lutgardis_of_Luxemburg
Adelaide_of_Italy	spouse	Lothair_II_of_Italy
Isabella_de_Beauchamp	spouse	Hugh_Despenser_the_Elder
Princess_Magdalena_Augusta_of_Anhalt_Zerbst	spouse	Frederick_II_Duke_of_Saxe_Gotha_Altenburg
Elizabeth_Mure	spouse	Robert_II_of_Scotland
Guy_Count_of_Flanders	spouse	Matilda_of_B_thune
Gertrude_of_Saxony	spouse	Floris_I_Count_of_Holland
John_I_Duke_of_Brittany	spouse	Blanche_of_Navarre_Duchess_of_Brittany
Lothair_of_France	spouse	Emma_of_Italy
Gerloc	spouse	William_III_Duke_of_Aquitaine
Alice_of_Vergy	spouse	Odo_III_Duke_of_Burgundy
Albert_II_Duke_of_Austria	spouse	Joanna_of_Pfirt
Charles_II_of_Naples	spouse	Mary_of_Hungary_Queen_of_Naples
Margaret_Countess_of_Anjou	spouse	Charles_Count_of_Valois
Ramon_Berenguer_II_Count_of_Barcelona	spouse	Maud_of_Apulia
Joanna_of_Castile	spouse	Philip_I_of_Castile
Albert_Azzo_I_Margrave_of_Milan	spouse	Adela_of_Milan
George_II_of_Great_Britain	spouse	Caroline_of_Ansbach
Marie_of_France_Countess_of_Champagne	spouse	Henry_I_Count_of_Champagne
Hemma	spouse	Louis_the_German
Judith_of_Bavaria_died_843	spouse	Louis_the_Pious
Adelaide_Blanche_of_Anjou	spouse	Louis_V_of_France
Enno_III_Count_of_East_Frisia	spouse	Anna_of_Holstei_Gottorp
Infanta_Luisa_Fernanda_Duchess_of_Montpensier	spouse	Antoine_Duke_of_Montpensier
Ren_e_of_Bourbon	spouse	Antoine_Duke_of_Lorraine
Matilda_of_England_Duchess_of_Saxony	spouse	Henry_the_Lion
Marie_Louise_Duchess_of_Parma	spouse	Adam_Albert_von_Neipperg
Marie_Louise_Duchess_of_Parma	spouse	Napoleon
Garsenda_Countess_of_Forcalquier	spouse	Alfonso_II_Count_of_Provence
Melisende_Queen_of_Jerusalem	spouse	Fulk_King_of_Jerusalem
Sancho_IV_of_Castile	spouse	Mar_a_de_Molina
Violant_of_Aragon	spouse	Alfonso_X_of_Castile
Isabella_of_Angoul_me	spouse	John_King_of_England
Claude_Duke_of_Guise	spouse	Antoinette_of_Bourbon
Marie__milie_de_Joly_de_Choin	spouse	Louis_Dauphin_of_France_son_of_Louis_XIV
Henry_II_of_Navarre	spouse	Margaret_of_Valois_Angoul_me
Sibylla_of_Burgundy_Duchess_of_Burgundy	spouse	Odo_I_Duke_of_Burgundy
Almodis_de_la_Marche	spouse	Ramon_Berenguer_I_Count_of_Barcelona
John_of_Bohemia	spouse	Beatrice_of_Bourbon_Queen_of_Bohemia
Olof_Sk_tkonung	spouse	Estrid_of_the_Obotrites
Baldwin_IV_Count_of_Flanders	spouse	Ogive_of_Luxembourg
Maria_of_Austria_Holy_Roman_Empress	spouse	Maximilian_II_Holy_Roman_Emperor
Giovanni_delle_Bande_Nere	spouse	Maria_Salviati
Princess_Caroline_Louise_of_Saxe_Weimar_Eisenach	spouse	Frederick_Louis_Hereditary_Grand_Duke_of_Mecklenburg_Schwerin
Margaret_of_Geneva	spouse	Thomas_Count_of_Savoy
Alice_of_Normandy	spouse	Reginald_I_Count_of_Burgundy
Berthold_II_Count_of_Andechs	spouse	Sophia_of_Istria
Aimery_I_Viscount_of_Ch_tellerault	spouse	Dangereuse_de_l_Isle_Bouchard
Richard_Duke_of_Burgundy	spouse	Adelaide_of_Auxerre_born_c._870
Guisla_de_Llu__	spouse	Berenguer_Ramon_I_Count_of_Barcelona
Constance_of_Portugal	spouse	Ferdinand_IV_of_Castile
Louis_I_Duke_of_Bavaria	spouse	Ludmilla_of_Bohemia
Theobald_II_Count_of_Champagne	spouse	Matilda_of_Carinthia
Countess_Caroline_of_Nassau_Saarbr_cken	spouse	Christian_III_Count_Palatine_of_Zweibr_cken
Margaret_of_Saxony_Duchess_of_Brunswic_L_neburg	spouse	Henry_the_Middle_Duke_of_Brunswic_L_neburg
Isabella_I_of_Castile	spouse	Ferdinand_II_of_Aragon
Gertrude_of_Dagsburg	spouse	Theobald_I_of_Navarre
Ermengarde_of_Anjou_Duchess_of_Burgundy	spouse	Geoffrey_II_Count_of_G_tinais
Afonso_I_Duke_of_Braganza	spouse	Beatriz_Pereira_de_Alvim
Louis_Jean_Marie_de_Bourbon_Duke_of_Penthi_vre	spouse	Maria_Teresa_Felicitas_d_Este
Ferdinand_IV_of_Castile	spouse	Constance_of_Portugal
Beatrice_of_Bourbon_Queen_of_Bohemia	spouse	John_of_Bohemia
Frederick_III_Duke_of_Lorraine	spouse	Theobald_I_of_Navarre
Charles_V_Holy_Roman_Emperor	spouse	Isabella_of_Portugal
Francesco_Farnese_Duke_of_Parma	spouse	Countess_Palatine_Dorothea_Sophie_of_Neuburg
Charles_Martel_of_Anjou	spouse	Clemence_of_Austria
Adolf_Duke_of_Holstei_Gottorp	spouse	Christine_of_Hesse
Joan_of_Navarre_Queen_of_England	spouse	Henry_IV_of_England
Joan_of_Navarre_Queen_of_England	spouse	John_IV_Duke_of_Brittany
Guy_IV_Count_of_Saint_Pol	spouse	Marie_of_Brittany_Countess_of_Saint_Pol
Alfonso_VIII_of_Castile	spouse	Eleanor_of_England_Queen_of_Castile
Charlotte_Agla__d_Orl_ans	spouse	Francesco_III_d_Este_Duke_of_Modena
Isabelle_de_Beauvau	spouse	John_VIII_Count_of_Vend_me
Peter_II_of_Courtenay	spouse	Yolanda_Latin_Empress
Claudine_de_Brosse	spouse	Philip_II_Duke_of_Savoy
Viridis_Visconti	spouse	Leopold_III_Duke_of_Austria
Blanche_of_Artois	spouse	Edmund_Crouchback
Margaret_of_Savoy_Countess_of_Saint_Pol	spouse	John_IV_Marquis_of_Montferrat
Charles_V_Duke_of_Lorraine	spouse	Eleonore_of_Austria_Queen_of_Poland
Alix_Duchess_of_Brittany	spouse	Peter_I_Duke_of_Brittany
Agnes_of_Loon	spouse	Otto_I_Duke_of_Bavaria
Charles_II_Duke_of_Lorraine	spouse	Margaret_of_the_Palatinate
Petronilla_of_Aragon	spouse	Ramon_Berenguer_IV_Count_of_Barcelona
Engeltrude_de_F_zensac	spouse	Odo_I_Count_of_Orl_ans
Barbara_Jagiellon	spouse	George_Duke_of_Saxony
Rupert_King_of_the_Romans	spouse	Elisabeth_of_Nuremberg
Peter_II_of_Aragon	spouse	Maria_of_Montpellier
Sigismund_Holy_Roman_Emperor	spouse	Barbara_of_Cilli
Piero_the_Unfortunate	spouse	Alfonsina_Orsini
Clarice_Orsini	spouse	Lorenzo_de_Medici
Bona_of_Savoy	spouse	Galeazzo_Maria_Sforza
Eleanor_de_Guzm_n	spouse	Alfonso_XI_of_Castile
Paul_Scarron	spouse	Fran_oise_d_Aubign__Marquise_de_Maintenon
Duchess_Helene_of_Mecklenburg_Schwerin	spouse	Ferdinand_Philippe_Duke_of_Orl_ans
Eleanor_of_Normandy	spouse	Baldwin_IV_Count_of_Flanders
Ferdinand_Philippe_Duke_of_Orl_ans	spouse	Duchess_Helene_of_Mecklenburg_Schwerin
Bouchard_IV_of_Avesnes	spouse	Margaret_II_Countess_of_Flanders
Ermesinde_of_Carcassonne	spouse	Ramon_Borrell_Count_of_Barcelona
Floris_I_Count_of_Holland	spouse	Gertrude_of_Saxony
Christian_III_Count_Palatine_of_Zweibr_cken	spouse	Countess_Caroline_of_Nassau_Saarbr_cken
Francis_II_Duke_of_Brittany	spouse	Margaret_of_Brittany
Eleanor_of_Castile_died_1244	spouse	James_I_of_Aragon
Lorenzo_de_Medici	spouse	Clarice_Orsini
Henry_Stuart_Lord_Darnley	spouse	Mary_Queen_of_Scots
Philip_I_Count_of_Auvergne	spouse	Joan_I_Countess_of_Auvergne
Geoffrey_II_Count_of_G_tinais	spouse	Ermengarde_of_Anjou_Duchess_of_Burgundy
John_George_I_Elector_of_Saxony	spouse	Magdalene_Sibylle_of_Prussia
Barbara_of_Cilli	spouse	Sigismund_Holy_Roman_Emperor
Joanna_of_Austria_Grand_Duchess_of_Tuscany	spouse	Francesco_I_de_Medici_Grand_Duke_of_Tuscany
Robert_II_Count_of_Artois	spouse	Amicie_de_Courtenay
Simon_Count_of_Ponthieu	spouse	Marie_Countess_of_Ponthieu
Louis_Philippe_I_Duke_of_Orl_ans	spouse	Louise_Henriette_de_Bourbon
Louis_Philippe_I_Duke_of_Orl_ans	spouse	Madame_de_Montesson
Maria_Antonia_Ferdinanda_of_Spain	spouse	Victor_Amadeus_III_of_Sardinia
Christine_of_Hesse	spouse	Adolf_Duke_of_Holstei_Gottorp
Hugh_de_Courtenay	spouse	John_Count_of_Chalon
Victor_Emmanuel_I_of_Sardinia	spouse	Maria_Theresa_of_Austria_Este_Queen_of_Sardinia
John_of_Gaunt	spouse	Blanche_of_Lancaster
Marie_of_France_Duchess_of_Brabant	spouse	Henry_I_Duke_of_Brabant
Agnes_of_Rochlitz	spouse	Berthold_Duke_of_Merania
Louise_of_Lorraine	spouse	Henry_III_of_France
Adelaide_of_Paris	spouse	Louis_the_Stammerer
Francis_I_of_the_Two_Sicilies	spouse	Archduchess_Maria_Clementina_of_Austria
Francis_I_of_the_Two_Sicilies	spouse	Mar_a_Isabella_of_Spain
Lucienne_of_Rochefort	spouse	Louis_VI_of_France
Philip_William_Elector_Palatine	spouse	Landgravine_Elisabeth_Amalie_of_Hesse_Darmstadt
Urraca_of_Le_n	spouse	Raymond_of_Burgundy
Polyxena_of_Hesse_Rotenburg	spouse	Charles_Emmanuel_III_of_Sardinia
Maria_of_Portugal_Queen_of_Castile	spouse	Alfonso_XI_of_Castile
Matilda_of_Carinthia	spouse	Theobald_II_Count_of_Champagne
Ernest_Frederick_I_Duke_of_Saxe_Hildburghausen	spouse	Countess_Sophia_Albertine_of_Erbach_Erbach
Jacques_of_Savoy_Count_of_Romont	spouse	Marie_of_Luxembourg_Countess_of_Vend_me
Mary_Tudor_Queen_of_France	spouse	Louis_XII
Mary_Tudor_Queen_of_France	spouse	Charles_Brandon_1st_Duke_of_Suffolk
Fran_oise_Madeleine_d_Orl_ans	spouse	Charles_Emmanuel_II_Duke_of_Savoy
Odo_III_Duke_of_Burgundy	spouse	Alice_of_Vergy
Odo_III_Duke_of_Burgundy	spouse	Theresa_of_Portugal_Countess_of_Flanders
Maria_Luisa_Gabriella_of_Savoy	spouse	Philip_V_of_Spain
Adela_of_Champagne	spouse	Louis_VII_of_France
Ermengarde_Countess_of_Maine	spouse	Fulk_King_of_Jerusalem
Fulk_IV_Count_of_Anjou	spouse	Bertrade_of_Montfort
Sophia_of_Holstei_Gottorp	spouse	John_VII_Duke_of_Mecklenburg_Schwerin
Edward_IV_of_England	spouse	Elizabeth_Woodville
Matilda_of_Savoy_Queen_of_Portugal	spouse	Afonso_I_of_Portugal
Blanca_of_Navarre_Queen_of_Castile	spouse	Sancho_III_of_Castile
Robert_II_Duke_of_Burgundy	spouse	Agnes_of_France_Duchess_of_Burgundy
Bonne_of_Artois	spouse	Philip_the_Good
Charles_Ren__de_Bombelles	spouse	Marie_Louise_Duchess_of_Parma
Bertha_Duchess_of_Lorraine	spouse	Matthias_I_Duke_of_Lorraine
Madame_de_Montesson	spouse	Louis_Philippe_I_Duke_of_Orl_ans
Sophia_of_Hanover	spouse	Ernest_Augustus_Elector_of_Hanover
Agust_n_Fernando_Mu_oz_y_S_nchez_1st_Duke_of_Ri_nsares	spouse	Maria_Christina_of_the_Two_Sicilies
Peter_II_Count_of_Saint_Pol	spouse	Margaret_of_Savoy_Countess_of_Saint_Pol
Blanche_I_of_Navarre	spouse	John_II_of_Aragon
Hedwig_of_Formbach	spouse	Theodoric_II_Duke_of_Lorraine
Letizia_Bonaparte	spouse	Carlo_Buonaparte
William_III_Duke_of_Aquitaine	spouse	Gerloc
Charles_Ferdinand_Duke_of_Berry	spouse	Marie_Caroline_of_Bourbo_Two_Sicilies_Duchess_of_Berry
Theobald_III_Count_of_Blois	spouse	Gersende_of_Maine
Charles_the_Bold	spouse	Isabella_of_Bourbon
Catherine_I_Latin_Empress	spouse	Charles_Count_of_Valois
Louis_II_d_Orl_ans_Duke_of_Longueville	spouse	Mary_of_Guise
Elizabeth_Woodville	spouse	Edward_IV_of_England
Archduchess_Maria_Theresa_of_Austria_Este_1817_1886	spouse	Henri_Count_of_Chambord
Madeleine_of_Valois	spouse	James_V_of_Scotland
Ealhswith	spouse	Alfred_the_Great
Elisabeth_of_Valois	spouse	Philip_II_of_Spain
John_III_Count_of_Auvergne	spouse	Jeanne_de_Bourbon_Duchess_of_Bourbon
Margaret_of_Flanders_Duchess_of_Brabant	spouse	John_I_Duke_of_Brabant
Magdalene_of_Brandenburg_1412_1454	spouse	Frederick_II_Duke_of_Brunswic_L_neburg
Charles_Brandon_1st_Duke_of_Suffolk	spouse	Mary_Tudor_Queen_of_France
Dulce_of_Aragon	spouse	Sancho_I_of_Portugal
Violant_of_Bar	spouse	Louis_II_of_Anjou
Violant_of_Bar	spouse	John_I_of_Aragon
Joan_Holland_Duchess_of_Brittany	spouse	John_IV_Duke_of_Brittany
Richeza_of_Poland_Queen_of_Sweden	spouse	Sverker_I_of_Sweden
Richeza_of_Poland_Queen_of_Sweden	spouse	Magnus_the_Strong
Richeza_of_Poland_Queen_of_Sweden	spouse	Volodar_Glebovich_Prince_of_Minsk
Agnes_of_the_Palatinate	spouse	Otto_II_Duke_of_Bavaria
Margaret_Countess_of_Vertus	spouse	Margaret_of_Foix
Margaret_Countess_of_Vertus	spouse	Richard_Count_of__tampes
Auguste_of_Bade_Baden	spouse	Louis_Duke_of_Orl_ans_1703_1752
Odo_I_Count_of_Orl_ans	spouse	Engeltrude_de_F_zensac
Teresa_Fern_ndez_de_Traba	spouse	Ferdinand_II_of_Le_n
Gersende_of_Maine	spouse	Theobald_III_Count_of_Blois
Rotrude_of_Hesbaye	spouse	Charles_Martel
Matilda_of_B_thune	spouse	Guy_Count_of_Flanders
Louise__lisabeth_of_France	spouse	Philip_Duke_of_Parma
Euphemia_de_Ross	spouse	Robert_II_of_Scotland
Richilde_Countess_of_Hainaut	spouse	Baldwin_VI_Count_of_Flanders
Anna_Porphyrogenita	spouse	Vladimir_the_Great
George_Duke_of_Saxony	spouse	Barbara_Jagiellon
Eleanor_of_Alburquerque	spouse	Ferdinand_I_of_Aragon
Giovanni_di_Bicci_de_Medici	spouse	Piccarda_Bueri
Albert_I_Duke_of_Bavaria	spouse	Margaret_of_Brieg
Bernab__Visconti	spouse	Beatrice_Regina_della_Scala
Estrid_of_the_Obotrites	spouse	Olof_Sk_tkonung
Otto_II_Count_of_Chiny	spouse	Godfrey_I_Count_of_Louvain
Maria_Christina_of_the_Two_Sicilies	spouse	Agust_n_Fernando_Mu_oz_y_S_nchez_1st_Duke_of_Ri_nsares
Maria_Christina_of_the_Two_Sicilies	spouse	Ferdinand_VII_of_Spain
Thomas_Count_of_Savoy	spouse	Margaret_of_Geneva
Ermengarde_of_Anjou_d._1146	spouse	William_IX_Duke_of_Aquitaine
Anna_Canalis_di_Cumiana	spouse	Victor_Amadeus_II_of_Sardinia
Isabella_of_Portugal_Duchess_of_Burgundy	spouse	Philip_the_Good
Beatrice_of_Burgundy_Lady_of_Bourbon	spouse	Robert_Count_of_Clermont
Isabella_of_Bourbon	spouse	Charles_the_Bold
Sverker_I_of_Sweden	spouse	Richeza_of_Poland_Queen_of_Sweden
Beatrice_of_Castile_1242_1303	spouse	Afonso_III_of_Portugal
Edmund_Crouchback	spouse	Blanche_of_Artois
Magnus_the_Strong	spouse	Richeza_of_Poland_Queen_of_Sweden
Augustus_Duke_of_Saxe_Weissenfels	spouse	Anna_Maria_of_Mecklenburg_Schwerin
Maria_Salviati	spouse	Giovanni_delle_Bande_Nere
Fran_oise_d_Alen_on	spouse	Charles_Duke_of_Vend_me
Christine_of_France	spouse	Victor_Amadeus_I_Duke_of_Savoy
Kingdom_of_Navarre	spouse	Margaret_of_Burgundy_Queen_of_France
Theresa_of_Portugal_Countess_of_Flanders	spouse	Odo_III_Duke_of_Burgundy
Otto_V_Duke_of_Brunswic_L_neburg	spouse	Anna_of_Nassau_Dillenburg
Margaret_of_France_Queen_of_England	spouse	Edward_I_of_England
Maud_of_Normandy	spouse	Odo_II_Count_of_Blois
Blanche_of_Navarre_Duchess_of_Brittany	spouse	John_I_Duke_of_Brittany
Plectrude	spouse	Pepin_of_Herstal
Bertha_of_Swabia	spouse	Rudolph_II_of_Burgundy
Rainier_Marquis_of_Montferrat	spouse	Gisela_of_Burgundy_Marchioness_of_Montferrat
John_of_Lancaster_1st_Duke_of_Bedford	spouse	Jacquetta_of_Luxembourg
Maud_Chaworth	spouse	Henry_3rd_Earl_of_Lancaster
Karl_August_Grand_Duke_of_Saxe_Weimar_Eisenach	spouse	Princess_Louise_of_Hesse_Darmstadt_1757_1830
Ginevra_Cavalcanti	spouse	Lorenzo_the_Elder
Gilbert_Duke_of_Lorraine	spouse	Gerberga_of_Saxony
Louis_Henri_de_Pardaillan_de_Gondrin	spouse	Fran_oise_Ath_na_s_de_Rochechouart_Marquise_de_Montespan
Clementia_of_Burgundy	spouse	Godfrey_I_Count_of_Louvain
Ferdinand_VII_of_Spain	spouse	Maria_Christina_of_the_Two_Sicilies
Volodar_Glebovich_Prince_of_Minsk	spouse	Richeza_of_Poland_Queen_of_Sweden
Ingeborg_of_Denmark_Queen_of_France	spouse	Philip_II_of_France
Adele_of_Valois	spouse	Theobald_III_Count_of_Blois
Joanna_of_Flanders	spouse	John_of_Montfort
Anna_of_Glogau	spouse	Louis_II_Duke_of_Bavaria
_thelwulf_King_of_Wessex	successor	_thelbald_King_of_Wessex
Leopold_Duke_of_Lorraine	successor	Francis_I_Holy_Roman_Emperor
Sancho_II_of_Portugal	successor	Afonso_III_of_Portugal
Charles_Emmanuel_III_of_Sardinia	successor	Victor_Amadeus_III_of_Sardinia
Philip_IV_of_Spain	successor	Charles_II_of_Spain
Philip_IV_of_Spain	successor	John_IV_of_Portugal
Charles_Count_of_Valois	successor	Philip_VI_of_France
Philip_III_of_Spain	successor	Philip_IV_of_Spain
Henry_II_of_Castile	successor	John_I_of_Castile
Igor_of_Kiev	successor	Olga_of_Kiev
Olga_of_Kiev	successor	Sviatoslav_I
John_Frederick_Duke_of_Brunswic_Calenberg	successor	Ernest_Augustus_Elector_of_Hanover
Philippe_II_Duke_of_Orl_ans	successor	Louis_Duke_of_Orl_ans_1703_1752
Frederick_II_Duke_of_Lorraine	successor	Theobald_I_Duke_of_Lorraine
Henry_II_of_England	successor	Richard_I_of_England
Ren__II_Duke_of_Lorraine	successor	Antoine_Duke_of_Lorraine
Ren__of_Anjou	successor	Charles_IV_of_Anjou
Ren__of_Anjou	successor	Alfonso_V_of_Aragon
Arthur_II_Duke_of_Brittany	successor	John_III_Duke_of_Brittany
Isabella_Duchess_of_Lorraine	successor	John_II_Duke_of_Lorraine
Louis_XV	successor	Louis_XVI
Nuno_Mendes_count	successor	Raymond_of_Burgundy
Francis_I_Holy_Roman_Emperor	successor	Joseph_II_Holy_Roman_Emperor
Francis_I_Holy_Roman_Emperor	successor	Leopold_II_Holy_Roman_Emperor
Joseph_II_Holy_Roman_Emperor	successor	Leopold_II_Holy_Roman_Emperor
Maria_Teresa_Cybo_Malaspina_Duchess_of_Massa	successor	Maria_Beatrice_d_Este_Duchess_of_Massa
Leopold_II_Holy_Roman_Emperor	successor	Ferdinand_III_Grand_Duke_of_Tuscany
_thelred_I_King_of_Wessex	successor	Alfred_the_Great
Odo_of_France	successor	Charles_the_Simple
Louis_Philippe_I	successor	Napoleon_III
Louis_Philippe_I	successor	Jacques_Charles_Dupont_de_l_Eure
Louis_Philippe_I	successor	Ferdinand_Philippe_Duke_of_Orl_ans
Louis_Philippe_I	successor	French_Revolution_of_1848
Henry_I_of_France	successor	Philip_I_of_France
Henry_I_of_France	successor	Robert_I_Duke_of_Burgundy
Philip_I_of_France	successor	Louis_VI_of_France
Henry_I_of_Navarre	successor	Joan_I_of_Navarre
Lorenzo_de_Medici_Duke_of_Urbino	successor	Pope_Clement_VII
Philip_III_of_Navarre	successor	Joan_II_of_Navarre
Sancho_I_of_Portugal	successor	Afonso_II_of_Portugal
Afonso_I_of_Portugal	successor	Sancho_I_of_Portugal
Ramon_Berenguer_IV_Count_of_Barcelona	successor	Alfonso_II_of_Aragon
Ramon_Berenguer_III_Count_of_Barcelona	successor	Ramon_Berenguer_IV_Count_of_Barcelona
Edward_King_of_Portugal	successor	Afonso_V_of_Portugal
Francis_II_Holy_Roman_Emperor	successor	Ferdinand_I_of_Austria
John_II_of_France	successor	Charles_V_of_France
John_II_of_France	successor	Philip_the_Bold
Princess_Marie_Isabelle_of_Orl_ans	successor	Archduchess_Maria_Dorothea_of_Austria
Antoine_Duke_of_Montpensier	successor	Prince_Ferdinand_Duke_of_Montpensier
Ladislaus_of_Naples	successor	Louis_II_of_Anjou
Sweyn_III_of_Denmark	successor	Valdemar_I_of_Denmark
Joan_II_of_Navarre	successor	Charles_II_of_Navarre
Charles_IV_of_France	successor	Philip_III_of_Navarre
Charles_IV_of_France	successor	Joan_II_of_Navarre
Sviatopolk_I_of_Kiev	successor	Yaroslav_the_Wise
Victor_Amadeus_II_of_Sardinia	successor	Charles_Emmanuel_III_of_Sardinia
Ferdinand_I_of_the_Two_Sicilies	successor	Francis_I_of_the_Two_Sicilies
Odo_II_Duke_of_Burgundy	successor	Hugh_III_Duke_of_Burgundy
Hugh_III_Duke_of_Burgundy	successor	Odo_III_Duke_of_Burgundy
Charles_Martel	successor	Pepin_the_Short
Marie_Countess_of_Ponthieu	successor	Joan_Countess_of_Ponthieu
Louis_I_Duke_of_Orl_ans	successor	Charles_Duke_of_Orl_ans
Charles_V_of_France	successor	Charles_VI_of_France
William_X_Duke_of_Aquitaine	successor	Eleanor_of_Aquitaine
Charles_Emmanuel_II_Duke_of_Savoy	successor	Victor_Amadeus_II_of_Sardinia
Joan_II_Countess_of_Burgundy	successor	Joan_III_Countess_of_Burgundy
John_II_of_Aragon	successor	Ferdinand_II_of_Aragon
John_II_of_Aragon	successor	Eleanor_of_Navarre
Louis_X_of_France	successor	John_I_of_France
Charles_the_Simple	successor	Robert_I_of_France
Alfonso_II_Count_of_Provence	successor	Ramon_Berenguer_IV_Count_of_Provence
Rudolf_I_of_Germany	successor	Adolf_King_of_the_Romans
Dirk_II_Count_of_Holland	successor	Arnulf_Count_of_Holland
Victor_Amadeus_I_Duke_of_Savoy	successor	Francis_Hyacinth_Duke_of_Savoy
Dirk_III_Count_of_Holland	successor	Dirk_IV_Count_of_Holland
Otto_I_Duke_of_Saxony	successor	Henry_the_Fowler
Alfonso_X_of_Castile	successor	Sancho_IV_of_Castile
Baldwin_II_of_Jerusalem	successor	Fulk_King_of_Jerusalem
Louis_Duke_of_Orl_ans_1703_1752	successor	Louis_Philippe_I_Duke_of_Orl_ans
Willa_of_Tuscany	successor	Gerberga_of_M_con
Frederick_III_Holy_Roman_Emperor	successor	Maximilian_I_Holy_Roman_Emperor
Conrad_IV_of_Germany	successor	Henry_VII_Holy_Roman_Emperor
Charles_III_of_Spain	successor	Charles_VI_Holy_Roman_Emperor
Charles_III_of_Spain	successor	Charles_IV_of_Spain
Henry_the_Lion	successor	Bernhard_Count_of_Anhalt
Henry_the_Lion	successor	Otto_I_Duke_of_Bavaria
Otto_IV_Count_of_Burgundy	successor	Joan_II_Countess_of_Burgundy
Ferdinand_II_of_Aragon	successor	Joanna_of_Castile
Hugh_of_Italy	successor	Lothair_II_of_Italy
Rudolph_II_of_Burgundy	successor	Hugh_of_Italy
Henry_II_of_France	successor	Francis_II_of_France
Joan_I_Countess_of_Auvergne	successor	Philip_I_Duke_of_Burgundy
Henry_V_of_England	successor	Henry_VI_of_England
Albert_II_of_Germany	successor	Frederick_III_Holy_Roman_Emperor
Otto_I_Duke_of_Brunswic_L_neburg	successor	Albert_I_Duke_of_Brunswic_L_neburg
Otto_I_Duke_of_Brunswic_L_neburg	successor	John_Duke_of_Brunswic_L_neburg
Claude_of_France	successor	Francis_III_Duke_of_Brittany
Charles_X	successor	Louis_Philippe_I
Charles_X	successor	Henri_Count_of_Chambord
Vladimir_the_Great	successor	Sviatopolk_I_of_Kiev
Sviatoslav_I	successor	Vladimir_the_Great
John_of_Montfort	successor	John_IV_Duke_of_Brittany
Fulk_King_of_Jerusalem	successor	Geoffrey_Plantagenet_Count_of_Anjou
Geoffrey_Plantagenet_Count_of_Anjou	successor	Henry_II_of_England
Henry_III_of_France	successor	Henry_IV_of_France
Louis_Count_of_Vend_me	successor	John_VIII_Count_of_Vend_me
Louis_XII	successor	Ferdinand_II_of_Aragon
Louis_XII	successor	Maximilian_Sforza
Philip_I_of_Castile	successor	Charles_V_Holy_Roman_Emperor
Alfonso_IX_of_Le_n	successor	Ferdinand_III_of_Castile
Charles_VIII_of_France	successor	Louis_XII
Louis_XI	successor	Charles_VIII_of_France
Henry_IV_of_England	successor	Henry_V_of_England
Agnes_de_Baudemont	successor	Robert_II_Count_of_Dreux
Cosimo_I_de_Medici_Grand_Duke_of_Tuscany	successor	Francesco_I_de_Medici_Grand_Duke_of_Tuscany
Peter_I_of_Portugal	successor	Ferdinand_I_of_Portugal
Lothair_II_of_Italy	successor	Berengar_II_of_Italy
George_I_of_Great_Britain	successor	George_II_of_Great_Britain
Ernest_Augustus_Elector_of_Hanover	successor	George_I_of_Great_Britain
Louis_V_of_France	successor	Hugh_Capet
Henry_VII_Holy_Roman_Emperor	successor	Louis_IV_Holy_Roman_Emperor
Henry_VII_Holy_Roman_Emperor	successor	John_of_Bohemia
Louis_XIII	successor	Louis_XIV
Charles_the_Bald	successor	Charles_the_Fat
Amadeus_II_Count_of_Savoy	successor	Humbert_II_Count_of_Savoy
John_I_of_Portugal	successor	Edward_King_of_Portugal
Odo_IV_Duke_of_Burgundy	successor	Philip_I_Duke_of_Burgundy
Joan_III_Countess_of_Burgundy	successor	Philip_I_Duke_of_Burgundy
James_I_of_Aragon	successor	Peter_III_of_Aragon
Maria_Amalia_of_Naples_and_Sicily	successor	Princess_Marie_Isabelle_of_Orl_ans
John_III_Duke_of_Brittany	successor	John_of_Montfort
Charles_VII_of_France	successor	Louis_XI
Charles_IX_of_France	successor	Henry_III_of_France
Francis_II_of_France	successor	Charles_IX_of_France
Philip_IV_of_France	successor	Louis_X_of_France
Louis_IX_of_France	successor	Philip_III_of_France
Alfonso_VII_of_Le_n_and_Castile	successor	Ferdinand_II_of_Le_n
Alfonso_VII_of_Le_n_and_Castile	successor	Sancho_III_of_Castile
Martin_of_Aragon	successor	Ferdinand_I_of_Aragon
Ferdinand_I_of_Aragon	successor	Alfonso_V_of_Aragon
Robert_I_Duke_of_Burgundy	successor	Hugh_I_Duke_of_Burgundy
Hugh_I_Duke_of_Burgundy	successor	Odo_I_Duke_of_Burgundy
Simon_II_Duke_of_Lorraine	successor	Frederick_I_Duke_of_Lorraine
Frederick_I_Duke_of_Lorraine	successor	Frederick_II_Duke_of_Lorraine
Robert_III_of_Scotland	successor	James_I_of_Scotland
Louis_the_Stammerer	successor	Carloman_II
Louis_the_Stammerer	successor	Louis_III_of_France
Rudolph_I_of_Burgundy	successor	Rudolph_II_of_Burgundy
Emmanuel_Philibert_Duke_of_Savoy	successor	Charles_Emmanuel_I_Duke_of_Savoy
Philip_V_of_Spain	successor	Ferdinand_VI_of_Spain
Philip_V_of_Spain	successor	Louis_I_of_Spain
Charles_II_of_Spain	successor	Philip_V_of_Spain
Maximilian_I_Holy_Roman_Emperor	successor	Charles_V_Holy_Roman_Emperor
John_II_of_Portugal	successor	Manuel_I_of_Portugal
Louis_XVIII	successor	Charles_X
Louis_the_German	successor	Charles_the_Fat
Louis_the_German	successor	Carloman_of_Bavaria
Louis_the_German	successor	Louis_the_Younger
Charles_the_Fat	successor	Berengar_I_of_Italy
Theodoric_II_Duke_of_Lorraine	successor	Simon_I_Duke_of_Lorraine
Ferdinand_I_Holy_Roman_Emperor	successor	Maximilian_II_Holy_Roman_Emperor
Ferdinand_I_Holy_Roman_Emperor	successor	Charles_II_Archduke_of_Austria
Ferdinand_I_Holy_Roman_Emperor	successor	Ferdinand_II_Archduke_of_Austria
Theobald_I_of_Navarre	successor	Theobald_II_of_Navarre
Louis_I_of_Anjou	successor	Louis_II_of_Anjou
Eleanor_of_Aquitaine	successor	John_King_of_England
Mary_Queen_of_Scots	successor	James_VI_and_I
Adolf_King_of_the_Romans	successor	Albert_I_of_Germany
Anne_of_Brittany	successor	Claude_of_France
Theobald_I_Duke_of_Lorraine	successor	Matthias_II_Duke_of_Lorraine
Humbert_II_Count_of_Savoy	successor	Amadeus_III_Count_of_Savoy
Carloman_mayor_of_the_palace	successor	Pepin_the_Short
Berengar_II_of_Italy	successor	Otto_I_Holy_Roman_Emperor
Alfred_the_Great	successor	Edward_the_Elder
William_the_Younger_Duke_of_Brunswic_L_neburg	successor	Ernest_II_Duke_of_Brunswic_L_neburg
Rudolf_I_Duke_of_Bavaria	successor	Louis_IV_Holy_Roman_Emperor
Joan_I_of_Navarre	successor	Louis_X_of_France
Joan_I_of_Navarre	successor	Philip_IV_of_France
Sancho_III_of_Castile	successor	Alfonso_VIII_of_Castile
Prince_Philippe_Count_of_Paris	successor	Prince_Philippe_Duke_of_Orl_ans_1869_1926
Prince_Philippe_Count_of_Paris	successor	French_Revolution_of_1848
Hugh_V_Duke_of_Burgundy	successor	Odo_IV_Duke_of_Burgundy
Robert_II_of_France	successor	Henry_I_of_France
Hugh_IV_Duke_of_Burgundy	successor	Robert_II_Duke_of_Burgundy
Maximilian_II_Holy_Roman_Emperor	successor	Rudolf_II_Holy_Roman_Emperor
Ramon_Berenguer_IV_Count_of_Provence	successor	Beatrice_of_Provence
Berenguer_Ramon_II_Count_of_Barcelona	successor	Ramon_Berenguer_III_Count_of_Barcelona
Pepin_of_Herstal	successor	Charles_Martel
Pepin_of_Herstal	successor	Grimoald_the_Younger
Pepin_of_Herstal	successor	Drogo_of_Champagne
Pepin_of_Herstal	successor	Theudoald
Francesco_I_de_Medici_Grand_Duke_of_Tuscany	successor	Ferdinando_I_de_Medici_Grand_Duke_of_Tuscany
Joan_Countess_of_Ponthieu	successor	Eleanor_of_Castile
Joan_Countess_of_Ponthieu	successor	John_I_Count_of_Aumale
Henri_Count_of_Chambord	successor	Louis_Philippe_I
Henri_Count_of_Chambord	successor	Prince_Philippe_Count_of_Paris
Louis_IV_Holy_Roman_Emperor	successor	Charles_IV_Holy_Roman_Emperor
Henry_Count_of_Portugal	successor	Afonso_I_of_Portugal
James_IV_of_Scotland	successor	James_V_of_Scotland
Philip_VI_of_France	successor	John_II_of_France
Marie_Duchess_of_Auvergne	successor	Agnes_of_Burgundy_Duchess_of_Bourbon
Yaropolk_I_of_Kiev	successor	Vladimir_the_Great
Afonso_III_of_Portugal	successor	Denis_of_Portugal
Yolanda_Latin_Empress	successor	Robert_I_Latin_Emperor
Dirk_IV_Count_of_Holland	successor	Floris_I_Count_of_Holland
Simon_I_de_Montfort	successor	Amaury_II_de_Montfort
Louis_Antoine_Duke_of_Angoul_me	successor	Henri_Count_of_Chambord
Antoine_of_Navarre	successor	Jeanne_d_Albret
Henry_IV_of_France	successor	Louis_XIII
Conrad_I_of_Burgundy	successor	Rudolph_III_of_Burgundy
Philip_II_of_France	successor	Louis_VIII_of_France
Charlemagne	successor	Louis_the_Pious
Louis_the_Pious	successor	Louis_the_German
Louis_the_Pious	successor	Pepin_I_of_Aquitaine
Louis_the_Pious	successor	Lothair_I
Ernest_Duke_of_Austria	successor	Frederick_III_Holy_Roman_Emperor
Robert_II_Count_of_Dreux	successor	Robert_III_Count_of_Dreux
William_XII_Count_of_Auvergne	successor	Joan_I_Countess_of_Auvergne
Louis_Philippe_II_Duke_of_Orl_ans	successor	Louis_Philippe_I
Jeanne_d_Albret	successor	Henry_IV_of_France
Philip_V_of_France	successor	Charles_IV_of_France
Richard_II_of_England	successor	Henry_IV_of_England
Robert_I_of_France	successor	Rudolph_of_France
John_I_of_Castile	successor	Henry_III_of_Castile
Gaston_Duke_of_Orl_ans	successor	Philippe_I_Duke_of_Orl_ans
Louis_VIII_of_France	successor	Louis_IX_of_France
Louis_VIII_of_France	successor	Henry_III_of_England
John_King_of_England	successor	Henry_III_of_England
John_King_of_England	successor	Louis_VIII_of_France
Louis_XVII	successor	Louis_XVIII
Charles_Duke_of_Orl_ans	successor	Louis_XII
Maria_Theresa	successor	Francis_I_Holy_Roman_Emperor
Maria_Theresa	successor	Joseph_II_Holy_Roman_Emperor
Louis_Bonaparte	successor	Napol_on_Louis_Bonaparte
Amaury_I_de_Montfort	successor	Simon_I_de_Montfort
Edward_II_of_England	successor	Edward_III_of_England
Cosimo_de_Medici	successor	Piero_di_Cosimo_de_Medici
Galeazzo_Maria_Sforza	successor	Gian_Galeazzo_Sforza
Theresa_Countess_of_Portugal	successor	Afonso_I_of_Portugal
Hugh_Magnus	successor	Henry_I_of_France
Francis_I_Duke_of_Lorraine	successor	Charles_III_Duke_of_Lorraine
Carloman_of_Bavaria	successor	Charles_the_Fat
Louis_VII_of_France	successor	Philip_II_of_France
Stephen_King_of_England	successor	Henry_II_of_England
Stephen_King_of_England	successor	Geoffrey_Plantagenet_Count_of_Anjou
Louis_VI_of_France	successor	Louis_VII_of_France
Peter_I_Duke_of_Brittany	successor	John_I_Duke_of_Brittany
John_IV_Duke_of_Brittany	successor	John_V_Duke_of_Brittany
Henry_VII_of_England	successor	Henry_VIII
Philip_the_Bold	successor	John_the_Fearless
Childeric_III	successor	Pepin_the_Short
James_V_of_Scotland	successor	Mary_Queen_of_Scots
Mahaut_Countess_of_Artois	successor	Joan_II_Countess_of_Burgundy
Alfonso_XI_of_Castile	successor	Peter_of_Castile
Adolphus_Frederick_II_Duke_of_Mecklenburg_Strelitz	successor	Adolphus_Frederick_III_Duke_of_Mecklenburg_Strelitz
Frederick_William_Duke_of_Mecklenburg_Schwerin	successor	Adolphus_Frederick_II_Duke_of_Mecklenburg_Strelitz
Henry_VI_Count_of_Luxembourg	successor	Henry_VII_Holy_Roman_Emperor
Henry_V_Count_of_Luxembourg	successor	Henry_VI_Count_of_Luxembourg
Mary_I_of_England	successor	Philip_II_of_Spain
Philip_II_of_Spain	successor	Philip_III_of_Spain
John_II_Duke_of_Brittany	successor	Arthur_II_Duke_of_Brittany
Wulfoald	successor	Pepin_of_Herstal
Valdemar_I_of_Denmark	successor	Canute_VI_of_Denmark
Napoleon	successor	Louis_XVIII
Napoleon	successor	Napoleon_II
Arnulf_Count_of_Holland	successor	Dirk_III_Count_of_Holland
Robert_I_Count_of_Dreux	successor	Robert_II_Count_of_Dreux
Dirk_I_Count_of_Holland	successor	Dirk_II_Count_of_Holland
John_I_Duke_of_Brittany	successor	John_II_Duke_of_Brittany
Lothair_of_France	successor	Louis_V_of_France
Charles_II_of_Naples	successor	Margaret_Countess_of_Anjou
Margaret_Countess_of_Anjou	successor	Philip_VI_of_France
Charles_VII_Holy_Roman_Emperor	successor	Francis_I_Holy_Roman_Emperor
Charles_VII_Holy_Roman_Emperor	successor	Maria_Theresa
Joanna_of_Castile	successor	Charles_V_Holy_Roman_Emperor
Ernest_I_Duke_of_Brunswic_L_neburg	successor	William_the_Younger_Duke_of_Brunswic_L_neburg
John_I_of_France	successor	Philip_V_of_France
George_II_of_Great_Britain	successor	George_III
Arthur_III_Duke_of_Brittany	successor	Francis_II_Duke_of_Brittany
Sancho_IV_of_Castile	successor	Ferdinand_IV_of_Castile
Conrad_I_of_Germany	successor	Henry_the_Fowler
Ecgberht_King_of_Wessex	successor	_thelwulf_King_of_Wessex
Henri_Jules_Prince_of_Cond_	successor	Louis_Duke_of_Orl_ans_1703_1752
Philibert_II_Duke_of_Savoy	successor	Charles_III_Duke_of_Savoy
Henry_II_of_Navarre	successor	Jeanne_d_Albret
John_of_Bohemia	successor	Charles_IV_Holy_Roman_Emperor
Henry_of_Bohemia	successor	Albert_II_Duke_of_Austria
Henry_of_Bohemia	successor	John_of_Bohemia
Rurik	successor	Oleg_of_Novgorod
Louis_II_of_Italy	successor	Charles_the_Bald
Theobald_II_of_Navarre	successor	Henry_I_of_Navarre
Charles_III_Duke_of_Lorraine	successor	Henry_II_Duke_of_Lorraine
Isabella_I_of_Castile	successor	Ferdinand_II_of_Aragon
Isabella_I_of_Castile	successor	Joanna_of_Castile
Gian_Gastone_de_Medici_Grand_Duke_of_Tuscany	successor	Francis_I_Holy_Roman_Emperor
Ermengarde_of_Tuscany	successor	Willa_of_Tuscany
Peter_of_Castile	successor	Henry_II_of_Castile
Charles_V_Holy_Roman_Emperor	successor	Philip_II_of_Spain
Alderano_I_Cybo_Malaspina	successor	Maria_Teresa_Cybo_Malaspina_Duchess_of_Massa
Guillaume_de_Montfort_of_Hainaut	successor	Amaury_I_de_Montfort
Alfonso_VIII_of_Castile	successor	Henry_I_of_Castile
Peter_II_of_Courtenay	successor	Yolanda_Latin_Empress
Alix_Duchess_of_Brittany	successor	John_I_Duke_of_Brittany
Petronilla_of_Aragon	successor	Alfonso_II_of_Aragon
Piero_the_Unfortunate	successor	Girolamo_Savonarola
John_Stewart_of_Darnley	successor	John_Stewart_3rd_Lord_of_Aubigny
Floris_I_Count_of_Holland	successor	Dirk_V_Count_of_Holland
Francis_II_Duke_of_Brittany	successor	Anne_of_Brittany
Richard_I_of_England	successor	John_King_of_England
Lorenzo_de_Medici	successor	Piero_the_Unfortunate
Charles_II_Duke_of_Savoy	successor	Philip_II_Duke_of_Savoy
Robert_II_Count_of_Artois	successor	Mahaut_Countess_of_Artois
Simon_Count_of_Ponthieu	successor	Joan_Countess_of_Ponthieu
Louis_Philippe_I_Duke_of_Orl_ans	successor	Louis_Philippe_II_Duke_of_Orl_ans
John_of_Gaunt	successor	Henry_IV_of_England
Beorhtric_of_Wessex	successor	Ecgberht_King_of_Wessex
Odo_III_Duke_of_Burgundy	successor	Hugh_IV_Duke_of_Burgundy
Fulk_IV_Count_of_Anjou	successor	Fulk_King_of_Jerusalem
Geoffrey_III_Count_of_Anjou	successor	Fulk_IV_Count_of_Anjou
Robert_II_Duke_of_Burgundy	successor	Hugh_V_Duke_of_Burgundy
Amadeus_VIII_Duke_of_Savoy	successor	Louis_Duke_of_Savoy
Blanche_I_of_Navarre	successor	John_II_of_Aragon
Charles_the_Bold	successor	Mary_of_Burgundy
Anne_Queen_of_Great_Britain	successor	George_I_of_Great_Britain
Francis_Hyacinth_Duke_of_Savoy	successor	Charles_Emmanuel_II_Duke_of_Savoy
Berengar_I_of_Italy	successor	Rudolph_II_of_Burgundy
1383_1385_Portuguese_interregnum	successor	John_I_of_Portugal
Ragenfrid	successor	Charles_Martel
Desiderius	successor	Charlemagne
Bernard_of_Gothia	successor	Wilfred_the_Hairy
Baldred_of_Kent	successor	Ecgberht_King_of_Wessex
Golden_Ambrosian_Republic	successor	Francesco_I_Sforza
Henry_II_Duke_of_Austria	successor	Henry_the_Lion
Henry_IV_of_Castile	successor	Isabella_I_of_Castile
Louis_II_of_Hungary	successor	Ferdinand_I_Holy_Roman_Emperor
Ludovico_Sforza	successor	Louis_XII
Marozia	successor	Willa_of_Burgundy
Theudoald	successor	Charles_Martel
Alexander_Stewart_4th_High_Steward_of_Scotland	successor	James_Stewart_5th_High_Steward_of_Scotland
Frederick_the_Fair	successor	Albert_II_Duke_of_Austria
Adelaide_Countess_of_Burgundy	successor	Otto_IV_Count_of_Burgundy
David_II_of_Scotland	successor	Robert_II_of_Scotland
Frederick_of_Naples	successor	Louis_XII
Peter_II_Count_of_Savoy	successor	John_I_Duke_of_Brittany
Antonio_Farnese_Duke_of_Parma	successor	Charles_III_of_Spain
Alessandro_de_Medici_Duke_of_Florence	successor	Cosimo_I_de_Medici_Grand_Duke_of_Tuscany
Joanna_II_of_Naples	successor	Ren__of_Anjou
_thelwulf_King_of_Wessex	child	Alfred_the_Great
_thelwulf_King_of_Wessex	child	_thelbald_King_of_Wessex
_thelwulf_King_of_Wessex	child	_thelstan_of_Kent
_thelwulf_King_of_Wessex	child	_thelswith
_thelwulf_King_of_Wessex	child	_thelberht_King_of_Wessex
Robert_II_of_Scotland	child	Robert_Stewart_Duke_of_Albany
Robert_II_of_Scotland	child	Alexander_Stewart_Earl_of_Buchan
Robert_II_of_Scotland	child	Walter_Stewart_Lord_of_Fife
Robert_II_of_Scotland	child	David_Stewart_Earl_of_Strathearn
Leopold_Duke_of_Lorraine	child	Francis_I_Holy_Roman_Emperor
Leopold_Duke_of_Lorraine	child	Elisabeth_Therese_of_Lorraine
Leopold_Duke_of_Lorraine	child	Princess_Anne_Charlotte_of_Lorraine
Leopold_Duke_of_Lorraine	child	Louis_Hereditary_Prince_of_Lorraine
Leopold_Duke_of_Lorraine	child	Prince_Charles_Alexander_of_Lorraine
Afonso_II_of_Portugal	child	Sancho_II_of_Portugal
Afonso_II_of_Portugal	child	Afonso_III_of_Portugal
Afonso_II_of_Portugal	child	Fernando_Lord_of_Serpa
Charles_Emmanuel_III_of_Sardinia	child	Princess_Eleonora_of_Savoy
Charles_Emmanuel_III_of_Sardinia	child	Victor_Amadeus_III_of_Sardinia
Charles_Emmanuel_III_of_Sardinia	child	Prince_Carlo_Francesco_Duke_of_Aosta
Charles_Emmanuel_III_of_Sardinia	child	Prince_Vittorio_Amedeo_Teodoro_Duke_of_Aosta
Charles_Emmanuel_III_of_Sardinia	child	Emanuele_Filiberto_Duke_of_Aosta_1731_1735
Charles_Emmanuel_III_of_Sardinia	child	Princess_Maria_Vittoria_Margherita_of_Savoy
Philip_IV_of_Spain	child	John_Joseph_of_Austria
Philip_IV_of_Spain	child	Maria_Theresa_of_Spain
Philip_IV_of_Spain	child	Charles_II_of_Spain
Philip_IV_of_Spain	child	Balthasar_Charles_Prince_of_Asturias
Philip_IV_of_Spain	child	Margaret_Theresa_of_Spain
Margaret_of_Austria_Queen_of_Spain	child	Philip_IV_of_Spain
Margaret_of_Austria_Queen_of_Spain	child	Anne_of_Austria
Margaret_of_Austria_Queen_of_Spain	child	Infante_Carlos_of_Spain_1607_1632
Margaret_of_Austria_Queen_of_Spain	child	Maria_Anna_of_Spain
Charles_Count_of_Valois	child	Isabella_of_Valois_Duchess_of_Bourbon
Charles_Count_of_Valois	child	Blanche_of_Valois
Charles_Count_of_Valois	child	Marie_of_Valois_Duchess_of_Calabria
Charles_Count_of_Valois	child	Catherine_of_Valois_Courtenay
Isabella_of_Valois_Duchess_of_Bourbon	child	Margaret_of_Bourbon_Lady_of_Albret
Isabella_of_Valois_Duchess_of_Bourbon	child	Blanche_of_Bourbon
Isabella_of_Valois_Duchess_of_Bourbon	child	Bonne_of_Bourbon
Isabella_of_Valois_Duchess_of_Bourbon	child	Louis_II_Duke_of_Bourbon
Philip_III_of_Spain	child	Philip_IV_of_Spain
Philip_III_of_Spain	child	Anne_of_Austria
Philip_III_of_Spain	child	Cardinal_Infante_Ferdinand_of_Austria
Philip_III_of_Spain	child	Infante_Carlos_of_Spain_1607_1632
Philip_III_of_Spain	child	Maria_Anna_of_Spain
Henry_II_of_Castile	child	Eleanor_of_Castile_Queen_of_Navarre
Albert_I_of_Germany	child	Elisabeth_of_Austria_Duchess_of_Lorraine
Albert_I_of_Germany	child	Agnes_of_Austria_1281_1364
Albert_I_of_Germany	child	Albert_II_Duke_of_Austria
Albert_I_of_Germany	child	Otto_Duke_of_Austria
Albert_I_of_Germany	child	Leopold_I_Duke_of_Austria
Albert_I_of_Germany	child	Anne_of_Austria_Margravine_of_Brandenburg
Albert_I_of_Germany	child	Frederick_the_Fair
Albert_I_of_Germany	child	Catherine_of_Austria_Duchess_of_Calabria
Albert_I_of_Germany	child	Rudolf_I_of_Bohemia
Igor_of_Kiev	child	Sviatoslav_I
Matthias_I_Duke_of_Lorraine	child	Simon_II_Duke_of_Lorraine
Matthias_I_Duke_of_Lorraine	child	Frederick_I_Duke_of_Lorraine
Wilhelmine_Amalie_of_Brunswick	child	Maria_Amalia_Holy_Roman_Empress
Philippe_II_Duke_of_Orl_ans	child	Louis_Duke_of_Orl_ans_1703_1752
Philippe_II_Duke_of_Orl_ans	child	Louise__lisabeth_d_Orl_ans
Philippe_II_Duke_of_Orl_ans	child	Charlotte_Agla__d_Orl_ans
Philippe_II_Duke_of_Orl_ans	child	Louise_Ad_la_de_d_Orl_ans
Philippe_II_Duke_of_Orl_ans	child	Philippine__lisabeth_d_Orl_ans
Philippe_II_Duke_of_Orl_ans	child	Louise__lisabeth_Duchess_of_Berry
Philippe_II_Duke_of_Orl_ans	child	Louise_Diane_Princess_of_Conti
Matthias_II_Duke_of_Lorraine	child	Frederick_III_Duke_of_Lorraine
Frederick_II_Duke_of_Lorraine	child	Matthias_II_Duke_of_Lorraine
Frederick_II_Duke_of_Lorraine	child	Theobald_I_Duke_of_Lorraine
Empress_Matilda	child	Henry_II_of_England
Empress_Matilda	child	William_FitzEmpress
Empress_Matilda	child	Geoffrey_Count_of_Nantes
Henry_II_of_England	child	William_IX_Count_of_Poitiers
Henry_II_of_England	child	John_King_of_England
Henry_II_of_England	child	Eleanor_of_England_Queen_of_Castile
Henry_II_of_England	child	William_Longesp_e_3rd_Earl_of_Salisbury
Henry_II_of_England	child	Richard_I_of_England
Henry_II_of_England	child	Joan_of_England_Queen_of_Sicily
Henry_II_of_England	child	Geoffrey_archbishop_of_York
Henry_II_of_England	child	Geoffrey_II_Duke_of_Brittany
Frederick_Prince_of_Wales	child	Princess_Elizabeth_of_Great_Britain
Frederick_Prince_of_Wales	child	George_III
Frederick_Prince_of_Wales	child	Prince_Henry_Duke_of_Cumberland_and_Strathearn
Frederick_Prince_of_Wales	child	Caroline_Matilda_of_Great_Britain
Frederick_Prince_of_Wales	child	Princess_Augusta_of_Great_Britain
Frederick_Prince_of_Wales	child	Prince_William_Henry_Duke_of_Gloucester_and_Edinburgh
Maria_Beatrice_d_Este_Duchess_of_Massa	child	Francis_IV_Duke_of_Modena
Maria_Beatrice_d_Este_Duchess_of_Massa	child	Maria_Theresa_of_Austria_Este_Queen_of_Sardinia
Maria_Beatrice_d_Este_Duchess_of_Massa	child	Archduke_Karl_Ambrosius_of_Austria_Este
Maria_Beatrice_d_Este_Duchess_of_Massa	child	Maria_Ludovika_of_Austria_Este
Maria_Beatrice_d_Este_Duchess_of_Massa	child	Archduchess_Maria_Leopoldine_of_Austria_Este
Francis_IV_Duke_of_Modena	child	Archduchess_Maria_Theresa_of_Austria_Este_1817_1886
Francis_IV_Duke_of_Modena	child	Archduke_Ferdinand_Karl_Viktor_of_Austria_Este
Ren__II_Duke_of_Lorraine	child	Antoine_Duke_of_Lorraine
Ren__II_Duke_of_Lorraine	child	Jean_Cardinal_of_Lorraine
Ren__II_Duke_of_Lorraine	child	Fran_ois_de_Lorraine
Ren__II_Duke_of_Lorraine	child	Louis_Count_of_Vaud_mont
Antoine_Duke_of_Lorraine	child	Nicolas_Duke_of_Merc_ur
Antoine_Duke_of_Lorraine	child	Anna_of_Lorraine
Antoine_Duke_of_Lorraine	child	Francis_I_Duke_of_Lorraine
Henry_the_Fowler	child	Gerberga_of_Saxony
Henry_the_Fowler	child	Henry_I_Duke_of_Bavaria
Henry_the_Fowler	child	Hedwig_of_Saxony
Henry_the_Fowler	child	Otto_I_Holy_Roman_Emperor
Henry_the_Fowler	child	Thankmar
Henry_the_Fowler	child	Archbishop_of_Cologne
Gerberga_of_Saxony	child	Charles_Duke_of_Lower_Lorraine
Gerberga_of_Saxony	child	Matilda_of_France
Gerberga_of_Saxony	child	Lothair_of_France
Ren__of_Anjou	child	John_II_Duke_of_Lorraine
Ren__of_Anjou	child	Margaret_of_Anjou
Ren__of_Anjou	child	Louis_of_Anjou_Marquis_of_Pont___Mousson
Mary_of_Guise	child	James_Duke_of_Rothesay_born_1540
Mary_of_Guise	child	Fran_ois_III_d_Orl_ans_Duke_of_Longueville
Beatrice_of_England	child	Arthur_II_Duke_of_Brittany
Beatrice_of_England	child	Marie_of_Brittany_Countess_of_Saint_Pol
Arthur_II_Duke_of_Brittany	child	John_III_Duke_of_Brittany
Isabella_Duchess_of_Lorraine	child	John_II_Duke_of_Lorraine
Isabella_Duchess_of_Lorraine	child	Margaret_of_Anjou
Isabella_Duchess_of_Lorraine	child	Louis_of_Anjou_Marquis_of_Pont___Mousson
Louis_XV	child	Sophie_of_France_1734_1782
Louis_XV	child	Louis_Dauphin_of_France_son_of_Louis_XV
Louis_XV	child	Madame_Ad_la_de
Louis_XV	child	Louise_of_France_1737_1787
Louis_XV	child	Philippe_Duke_of_Anjou
Louis_XV	child	Victoire_of_France_1733_1799
Louis_XV	child	Louise__lisabeth_of_France
Louis_XV	child	Marie_Louise_of_France_1728_1733
Louis_XV	child	Henriette_of_France_1727_1752
Louis_Duke_of_Burgundy	child	Louis_XV
Eleanor_of_Lancaster	child	Alice_Holland_Countess_of_Kent
Eleanor_of_Lancaster	child	Thomas_Arundel
Eleanor_of_Lancaster	child	Henry_Beaumont_3rd_Baron_Beaumont
Eleanor_of_Lancaster	child	John_FitzAlan_1st_Baron_Arundel
Eleanor_of_Lancaster	child	Archbishop_of_Canterbury
Francis_I_Holy_Roman_Emperor	child	Leopold_II_Holy_Roman_Emperor
Francis_I_Holy_Roman_Emperor	child	Marie_Antoinette
Francis_I_Holy_Roman_Emperor	child	Archduke_Charles_Joseph_of_Austria_born_1745
Francis_I_Holy_Roman_Emperor	child	Maria_Carolina_of_Austria
Francis_I_Holy_Roman_Emperor	child	Archduchess_Maria_Elisabeth_of_Austria_born_1743
Francis_I_Holy_Roman_Emperor	child	Ferdinand_Karl_Archduke_of_Austria_Este
Francis_I_Holy_Roman_Emperor	child	Archduchess_Maria_Johanna_Gabriela_of_Austria
Francis_I_Holy_Roman_Emperor	child	Archduchess_Maria_Elisabeth_of_Austria_born_1737
Francis_I_Holy_Roman_Emperor	child	Archduke_Maximilian_Francis_of_Austria
Francis_I_Holy_Roman_Emperor	child	Maria_Amalia_Duchess_of_Parma
Francis_I_Holy_Roman_Emperor	child	Archduchess_Maria_Anna_of_Austria_born_1738
Francis_I_Holy_Roman_Emperor	child	Archduchess_Maria_Carolina_of_Austria_born_1740
Francis_I_Holy_Roman_Emperor	child	Archduchess_Maria_Carolina_of_Austria_stillborn_1748
Edward_I_of_England	child	Edmund_of_Woodstock_1st_Earl_of_Kent
Edward_I_of_England	child	Alphonso_Earl_of_Chester
Edward_I_of_England	child	Margaret_of_England_Duchess_of_Brabant
Edward_I_of_England	child	Henry_son_of_Edward_I
Edward_I_of_England	child	Joan_of_Acre
Edward_I_of_England	child	Thomas_of_Brotherton_1st_Earl_of_Norfolk
Maria_Teresa_Cybo_Malaspina_Duchess_of_Massa	child	Maria_Beatrice_d_Este_Duchess_of_Massa
Leopold_II_Holy_Roman_Emperor	child	Maria_Theresa_of_Austria_1767_1827
Leopold_II_Holy_Roman_Emperor	child	Francis_II_Holy_Roman_Emperor
Leopold_II_Holy_Roman_Emperor	child	Archduke_Rudolf_of_Austria
Leopold_II_Holy_Roman_Emperor	child	Archduke_Charles_Duke_of_Teschen
Leopold_II_Holy_Roman_Emperor	child	Ferdinand_III_Grand_Duke_of_Tuscany
Leopold_II_Holy_Roman_Emperor	child	Archduchess_Maria_Amalia_of_Austria_1780_1798
Leopold_II_Holy_Roman_Emperor	child	Archduke_Rainer_Joseph_of_Austria
Leopold_II_Holy_Roman_Emperor	child	Archduke_Joseph_of_Austria_Palatine_of_Hungary
Leopold_II_Holy_Roman_Emperor	child	Archduke_John_of_Austria
Leopold_II_Holy_Roman_Emperor	child	Archduchess_Maria_Anna_of_Austria_born_1770
Leopold_II_Holy_Roman_Emperor	child	Archduke_Anton_Victor_of_Austria
Marie_Ad_la_de_of_Savoy	child	Louis_XV
Princess_Christine_Louise_of_Oettinge_Oettingen	child	Elisabeth_Christine_of_Brunswic_Wolfenb_ttel
Princess_Christine_Louise_of_Oettinge_Oettingen	child	Charlotte_Christine_of_Brunswic_Wolfenb_ttel
Princess_Christine_Louise_of_Oettinge_Oettingen	child	Princess_Antoinette_of_Brunswic_Wolfenb_ttel
Henry_I_of_France	child	Hugh_Count_of_Vermandois
Philip_I_of_France	child	Cecile_of_France
Philip_I_of_France	child	Constance_of_France_Princess_of_Antioch
Giuseppe_Maria_Buonaparte	child	Carlo_Buonaparte
Henry_I_of_Navarre	child	Joan_I_of_Navarre
Anne_Marie_d_Orl_ans	child	Charles_Emmanuel_III_of_Sardinia
Anne_Marie_d_Orl_ans	child	Maria_Luisa_Gabriella_of_Savoy
Anne_Marie_d_Orl_ans	child	Victor_Amadeus_Prince_of_Piedmont
Henrietta_of_England	child	Anne_Marie_d_Orl_ans
Henrietta_of_England	child	Philippe_Charles_Duke_of_Valois
Blanche_of_Navarre_Queen_of_France	child	Joan_of_France_1351_1371
Philip_III_of_Navarre	child	Blanche_of_Navarre_Queen_of_France
Philip_III_of_Navarre	child	Charles_II_of_Navarre
Philip_III_of_Navarre	child	Philip_Count_of_Longueville
Sancho_I_of_Portugal	child	Afonso_II_of_Portugal
Sancho_I_of_Portugal	child	Theresa_of_Portugal_Queen_of_Le_n
Sancho_I_of_Portugal	child	Sancha_Lady_of_Alenquer
Sancho_I_of_Portugal	child	Ferdinand_Count_of_Flanders
Sancho_I_of_Portugal	child	Mafalda_of_Portugal
Sancho_I_of_Portugal	child	Berengaria_of_Portugal
Sancho_I_of_Portugal	child	Infanta_Branca_Lady_of_Guadalajara
Maria_Josepha_of_Austria	child	Maria_Amalia_of_Saxony
Maria_Josepha_of_Austria	child	Maria_Josepha_of_Saxony_Dauphine_of_France
Maria_Josepha_of_Austria	child	Albert_Casimir_Duke_of_Teschen
Maria_Josepha_of_Austria	child	Maria_Kunigunde_of_Saxony
Maria_Josepha_of_Austria	child	Frederick_Christian_Elector_of_Saxony
Maria_Josepha_of_Austria	child	Maria_Elisabeth_of_Saxony_1736_1818
Maria_Josepha_of_Austria	child	Princess_Maria_Christina_of_Saxony_1735_1782
Edward_King_of_Portugal	child	Afonso_V_of_Portugal
Edward_King_of_Portugal	child	Joan_of_Portugal
Edward_King_of_Portugal	child	Ferdinand_Duke_of_Viseu
Edward_King_of_Portugal	child	Eleanor_of_Portugal_Holy_Roman_Empress
Francis_II_Holy_Roman_Emperor	child	Archduke_Joseph_Franz_of_Austria
Francis_II_Holy_Roman_Emperor	child	Archduke_Franz_Karl_of_Austria
Francis_II_Holy_Roman_Emperor	child	Maria_Leopoldina_of_Austria
Francis_II_Holy_Roman_Emperor	child	Marie_Louise_Duchess_of_Parma
Francis_II_Holy_Roman_Emperor	child	Ferdinand_I_of_Austria
Francis_II_Holy_Roman_Emperor	child	Archduchess_Clementina_of_Austria
Louise_of_Savoy	child	Margaret_of_Valois_Angoul_me
Louise_of_Savoy	child	Francis_I_of_France
Philip_II_Duke_of_Savoy	child	Charles_III_Duke_of_Savoy
Philip_II_Duke_of_Savoy	child	Antonia_of_Savoy
Philip_II_Duke_of_Savoy	child	Philip_Duke_of_Nemours
Philip_II_Duke_of_Savoy	child	Ren__of_Savoy
John_II_of_France	child	Charles_V_of_France
John_II_of_France	child	Isabella_Countess_of_Vertus
John_II_of_France	child	Marie_of_France_Duchess_of_Bar
John_II_of_France	child	John_Duke_of_Berry
John_II_of_France	child	Joan_of_Valois_Queen_of_Navarre
Joan_the_Lame	child	John_II_of_France
Joan_the_Lame	child	Philip_Duke_of_Orl_ans
Louis_Dauphin_of_France_son_of_Louis_XIV	child	Louis_Duke_of_Burgundy
Louis_Dauphin_of_France_son_of_Louis_XIV	child	Philip_V_of_Spain
Louis_Dauphin_of_France_son_of_Louis_XIV	child	Charles_Duke_of_Berry_1686_1714
Louis_XIV	child	Louis_Dauphin_of_France_son_of_Louis_XIV
Louis_XIV	child	Louise_Marie_Anne_de_Bourbon
Louis_XIV	child	Fran_oise_Marie_de_Bourbon
Louis_XIV	child	Louis_C_sar_Count_of_Vexin
Louis_XIV	child	Louis_Count_of_Vermandois
Louis_XIV	child	Marie_Th_r_se_of_France_1667_1672
Louis_XIV	child	Louis_Auguste_Duke_of_Maine
Princess_Marie_Isabelle_of_Orl_ans	child	Prince_Ferdinand_Duke_of_Montpensier
Princess_Marie_Isabelle_of_Orl_ans	child	Prince_Philippe_Duke_of_Orl_ans_1869_1926
Princess_Marie_Isabelle_of_Orl_ans	child	Princess_H_l_ne_of_Orl_ans
Princess_Marie_Isabelle_of_Orl_ans	child	Am_lie_of_Orl_ans
Antoine_Duke_of_Montpensier	child	Princess_Marie_Isabelle_of_Orl_ans
Antoine_Duke_of_Montpensier	child	Infante_Antonio_Duke_of_Galliera
Antoine_Duke_of_Montpensier	child	Princess_Mar_a_Cristina_of_Orl_ans
Antoine_Duke_of_Montpensier	child	Mercedes_of_Orl_ans
Adelaide_of_Tours	child	Odo_of_France
Adelaide_of_Tours	child	Robert_I_of_France
Adelaide_of_Tours	child	Conrad_II_Duke_of_Transjurane_Burgundy
Adelaide_of_Tours	child	Hugh_the_Abbot
Adelaide_of_Tours	child	Welf_I
Joan_II_of_Navarre	child	Blanche_of_Navarre_Queen_of_France
Joan_II_of_Navarre	child	Louis_Duke_of_Durazzo
Joan_II_of_Navarre	child	Philip_Count_of_Longueville
Joan_II_of_Navarre	child	Agnes_of_Navarre
Charles_IV_of_France	child	Blanche_of_France_Duchess_of_Orl_ans
Marie_Eleonore_of_Cleves	child	Magdalene_Sibylle_of_Prussia
Marie_Eleonore_of_Cleves	child	Duchess_Sophie_of_Prussia
Marie_Eleonore_of_Cleves	child	Duchess_Anna_of_Prussia
Marie_Eleonore_of_Cleves	child	Marie_of_Prussia_Margravine_of_Brandenburg_Bayreuth
Yaroslav_the_Wise	child	Agatha_wife_of_Edward_the_Exile
Yaroslav_the_Wise	child	Anne_of_Kiev
Yaroslav_the_Wise	child	Vsevolod_I_of_Kiev
Yaroslav_the_Wise	child	Igor_Yaroslavich
Yaroslav_the_Wise	child	Sviatoslav_II_of_Kiev
Yaroslav_the_Wise	child	Iziaslav_I_of_Kiev
Yaroslav_the_Wise	child	Vladimir_of_Novgorod
Yaroslav_the_Wise	child	Vyacheslav_Yaroslavich
Victor_Amadeus_II_of_Sardinia	child	Charles_Emmanuel_III_of_Sardinia
Victor_Amadeus_II_of_Sardinia	child	Marie_Ad_la_de_of_Savoy
Victor_Amadeus_II_of_Sardinia	child	Maria_Luisa_Gabriella_of_Savoy
Victor_Amadeus_II_of_Sardinia	child	Maria_Vittoria_of_Savoy
Victor_Amadeus_II_of_Sardinia	child	Victor_Amadeus_Prince_of_Piedmont
Ferdinand_I_of_the_Two_Sicilies	child	Princess_Maria_Isabella_of_Naples_and_Sicily
Ferdinand_I_of_the_Two_Sicilies	child	Maria_Amalia_of_Naples_and_Sicily
Ferdinand_I_of_the_Two_Sicilies	child	Carlo_Duke_of_Calabria
Ferdinand_I_of_the_Two_Sicilies	child	Maria_Clotilde_of_Naples_and_Sicily
Ferdinand_I_of_the_Two_Sicilies	child	Luisa_of_Naples_and_Sicily
Ferdinand_I_of_the_Two_Sicilies	child	Maria_Henrietta_of_Naples_and_Sicily
Ferdinand_I_of_the_Two_Sicilies	child	Princess_Maria_Antonia_of_Naples_and_Sicily
Ferdinand_I_of_the_Two_Sicilies	child	Francis_I_of_the_Two_Sicilies
Ferdinand_I_of_the_Two_Sicilies	child	Maria_Cristina_of_Naples_and_Sicily
Ferdinand_I_of_the_Two_Sicilies	child	Prince_Alberto_of_Naples_and_Sicily
Ferdinand_I_of_the_Two_Sicilies	child	Prince_Giuseppe_of_Naples_and_Sicily
Odo_II_Duke_of_Burgundy	child	Hugh_III_Duke_of_Burgundy
Hugh_III_Duke_of_Burgundy	child	Guigues_VI_of_Viennois
Alfonso_II_of_Aragon	child	Alfonso_II_Count_of_Provence
Alfonso_II_of_Aragon	child	Sancha_of_Aragon_Countess_of_Toulouse
Alfonso_II_of_Aragon	child	Peter_II_of_Aragon
Alfonso_II_of_Aragon	child	Eleanor_of_Aragon_Countess_of_Toulouse
Charles_Martel	child	Grifo_noble
Charles_Martel	child	Pepin_the_Short
Charles_Martel	child	Auda_of_France
Charles_Martel	child	Remigius_of_Rouen
Charles_Martel	child	Hiltrud
Louis_I_Duke_of_Orl_ans	child	John_Count_of_Angoul_me
Louis_I_Duke_of_Orl_ans	child	Charles_Duke_of_Orl_ans
Louis_I_Duke_of_Orl_ans	child	Philip_Count_of_Vertus
Charles_V_of_France	child	Louis_I_Duke_of_Orl_ans
Charles_V_of_France	child	Charles_VI_of_France
Charles_V_of_France	child	Jean_de_Montagu
Charles_V_of_France	child	Catherine_of_France_Countess_of_Montpensier
Eleanor_of_Provence	child	Beatrice_of_England
Eleanor_of_Provence	child	Margaret_of_England
Eleanor_of_Provence	child	Katherine_of_England
Eleanor_of_Provence	child	Edmund_Crouchback
Charles_Emmanuel_II_Duke_of_Savoy	child	Victor_Amadeus_II_of_Sardinia
Joan_II_Countess_of_Burgundy	child	Joan_III_Countess_of_Burgundy
Joan_II_Countess_of_Burgundy	child	Blanche_of_France_nun
Joan_II_Countess_of_Burgundy	child	Margaret_I_Countess_of_Burgundy
John_II_of_Aragon	child	Ferdinand_II_of_Aragon
John_II_of_Aragon	child	Eleanor_of_Navarre
John_II_of_Aragon	child	Blanche_II_of_Navarre
John_II_of_Aragon	child	Joanna_of_Aragon_Queen_of_Naples
John_II_of_Aragon	child	Alfonso_de_Arag_n_y_Escobar
John_II_of_Aragon	child	Juan_de_Arag_n
James_III_of_Scotland	child	James_IV_of_Scotland
James_III_of_Scotland	child	James_Stewart_Duke_of_Ross
Joan_of_Valois_Countess_of_Hainaut	child	Margaret_II_Countess_of_Hainaut
Joan_of_Valois_Countess_of_Hainaut	child	Joanna_of_Hainaut
Joan_of_Valois_Countess_of_Hainaut	child	William_II_Count_of_Hainaut
Clementia_of_Hungary	child	John_I_of_France
Charles_the_Simple	child	Gisela_of_France
Countess_Palatine_Dorothea_Sophie_of_Neuburg	child	Elisabeth_Farnese
Elisabeth_Farnese	child	Charles_III_of_Spain
Elisabeth_Farnese	child	Mariana_Victoria_of_Spain
Elisabeth_Farnese	child	Philip_Duke_of_Parma
Elisabeth_Farnese	child	Maria_Teresa_Rafaela_of_Spain
Elisabeth_Farnese	child	Maria_Antonia_Ferdinanda_of_Spain
Ermentrude_of_Orl_ans	child	Judith_of_Flanders
Ermentrude_of_Orl_ans	child	Louis_the_Stammerer
Ermentrude_of_Orl_ans	child	Charles_the_Child
Ermentrude_of_Orl_ans	child	Carloman_son_of_Charles_the_Bald
Alfonso_II_Count_of_Provence	child	Ramon_Berenguer_IV_Count_of_Provence
Rudolf_I_of_Germany	child	Albert_I_of_Germany
Rudolf_I_of_Germany	child	Clemence_of_Austria
Rudolf_I_of_Germany	child	Otto_III_Duke_of_Bavaria
Rudolf_I_of_Germany	child	Matilda_of_Habsburg
Rudolf_I_of_Germany	child	Judith_of_Habsburg
Rudolf_I_of_Germany	child	Rudolf_II_Duke_of_Austria
Rudolf_I_of_Germany	child	Hedwig_of_Habsburg
Gertrude_of_Hohenberg	child	Albert_I_of_Germany
Gertrude_of_Hohenberg	child	Clemence_of_Austria
Gertrude_of_Hohenberg	child	Judith_of_Habsburg
Gertrude_of_Hohenberg	child	Rudolf_II_Duke_of_Austria
Gertrude_of_Hohenberg	child	Hedwig_of_Habsburg
Gertrude_of_Hohenberg	child	Albert_II_Duke_of_Saxony
Dirk_II_Count_of_Holland	child	Arnulf_Count_of_Holland
Dirk_II_Count_of_Holland	child	Egbert_archbishop_of_Trier
Beatrice_of_Portugal_died_1381	child	Eleanor_of_Alburquerque
Victor_Amadeus_I_Duke_of_Savoy	child	Charles_Emmanuel_II_Duke_of_Savoy
Victor_Amadeus_I_Duke_of_Savoy	child	Princess_Catherine_Beatrice_of_Savoy
Victor_Amadeus_I_Duke_of_Savoy	child	Francis_Hyacinth_Duke_of_Savoy
Victor_Amadeus_I_Duke_of_Savoy	child	Princess_Margaret_Yolande_of_Savoy
Victor_Amadeus_I_Duke_of_Savoy	child	Princess_Luisa_Cristina_of_Savoy
Mary_of_Burgundy_Duchess_of_Cleves	child	Marie_of_Cleves_Duchess_of_Orl_ans
Mary_of_Burgundy_Duchess_of_Cleves	child	Catherine_of_Cleves_1417_1479
Mary_of_Burgundy_Duchess_of_Cleves	child	Adolph_of_Cleves_Lord_of_Ravenstein
Mary_of_Burgundy_Duchess_of_Cleves	child	John_I_Duke_of_Cleves
Mary_of_Burgundy_Duchess_of_Cleves	child	Margaret_of_Cleves_Duchess_of_Bavaria_Munich
Nicholas_Francis_Duke_of_Lorraine	child	Charles_V_Duke_of_Lorraine
Nicholas_Francis_Duke_of_Lorraine	child	Anne_Marie_Th_r_se_de_Lorraine
Dirk_III_Count_of_Holland	child	Dirk_IV_Count_of_Holland
Alfonso_X_of_Castile	child	Alfonso_Fern_ndez_el_Ni_o
Alfonso_X_of_Castile	child	John_of_Castile_Lord_of_Valencia_de_Campos
Alfonso_X_of_Castile	child	Sancho_IV_of_Castile
Alfonso_X_of_Castile	child	Berengaria_of_Castile_Lady_of_Guadalajara
Alfonso_X_of_Castile	child	James_of_Castile_Lord_of_Cameros
Alfonso_X_of_Castile	child	Violant_of_Castile
Louis_Duke_of_Orl_ans_1703_1752	child	Louis_Philippe_I_Duke_of_Orl_ans
Landgravine_Elisabeth_Amalie_of_Hesse_Darmstadt	child	Francis_Louis_of_Palatinate_Neuburg
Landgravine_Elisabeth_Amalie_of_Hesse_Darmstadt	child	Countess_Palatine_Dorothea_Sophie_of_Neuburg
Landgravine_Elisabeth_Amalie_of_Hesse_Darmstadt	child	Maria_Sophia_of_Neuburg
Landgravine_Elisabeth_Amalie_of_Hesse_Darmstadt	child	Countess_Palatine_Hedwig_Elisabeth_of_Neuburg
Landgravine_Elisabeth_Amalie_of_Hesse_Darmstadt	child	Eleonore_Magdalene_of_Neuburg
Landgravine_Elisabeth_Amalie_of_Hesse_Darmstadt	child	Johann_Wilhelm_Elector_Palatine
Landgravine_Elisabeth_Amalie_of_Hesse_Darmstadt	child	Alexander_Sigismund_von_der_Pfalz_Neuburg
Landgravine_Elisabeth_Amalie_of_Hesse_Darmstadt	child	Philip_William_August_Count_Palatine_of_Neuburg
Landgravine_Elisabeth_Amalie_of_Hesse_Darmstadt	child	Charles_III_Philip_Elector_Palatine
James_II_of_Scotland	child	David_Stewart_Earl_of_Moray
James_II_of_Scotland	child	Alexander_Stewart_Duke_of_Albany
James_II_of_Scotland	child	John_Stewart_Earl_of_Mar_died_1479
Willa_of_Tuscany	child	Rozala_of_Italy
Willa_of_Tuscany	child	Conrad_of_Ivrea
Willa_of_Tuscany	child	Adalbert_of_Italy
Willa_of_Tuscany	child	Guy_of_Ivrea
Maria_Anna_of_Bavaria_born_1551	child	Archduchess_Catherine_Renata_of_Austria
Maria_Anna_of_Bavaria_born_1551	child	Charles_of_Austria_Bishop_of_Wroclaw
Maria_Anna_of_Bavaria_born_1551	child	Archduchess_Maria_Maddalena_of_Austria
Maria_Anna_of_Bavaria_born_1551	child	Ferdinand_II_Holy_Roman_Emperor
Maria_Anna_of_Bavaria_born_1551	child	Archduchess_Eleanor_of_Austria_1582_1620
Maria_Anna_of_Bavaria_born_1551	child	Archduke_Maximilian_Ernest_of_Austria
Maria_Anna_of_Bavaria_born_1551	child	Anne_of_Austria_Queen_of_Poland
Maria_Anna_of_Bavaria_born_1551	child	Archduchess_Gregoria_Maximiliana_of_Austria
Maria_Luisa_of_Spain	child	Francis_II_Holy_Roman_Emperor
Maria_Luisa_of_Spain	child	Archduchess_Maria_Clementina_of_Austria
Maria_Luisa_of_Spain	child	Archduke_Rudolf_of_Austria
Maria_Luisa_of_Spain	child	Archduke_Charles_Duke_of_Teschen
Maria_Luisa_of_Spain	child	Archduchess_Maria_Amalia_of_Austria_1780_1798
Maria_Luisa_of_Spain	child	Archduke_Alexander_Leopold_of_Austria
Maria_Luisa_of_Spain	child	Archduke_Rainer_Joseph_of_Austria
Maria_Luisa_of_Spain	child	Archduke_Joseph_of_Austria_Palatine_of_Hungary
Maria_Luisa_of_Spain	child	Archduke_John_of_Austria
Maria_Luisa_of_Spain	child	Archduke_Louis_of_Austria
Maria_Theresa_of_Spain	child	Louis_Dauphin_of_France_son_of_Louis_XIV
Maria_Theresa_of_Spain	child	Marie_Th_r_se_of_France_1667_1672
Henry_the_Lion	child	William_of_Winchester_Lord_of_Lunenburg
Henry_the_Lion	child	Gertrude_of_Bavaria
Henry_the_Lion	child	Matilda_of_Saxony_1172_1209_10
Beatriz_of_Portugal_Duchess_of_Viseu	child	Eleanor_of_Viseu
Beatriz_of_Portugal_Duchess_of_Viseu	child	Manuel_I_of_Portugal
Beatriz_of_Portugal_Duchess_of_Viseu	child	Isabel_of_Viseu
Ferdinand_II_of_Aragon	child	Maria_of_Aragon_Queen_of_Portugal
Ferdinand_II_of_Aragon	child	John_Prince_of_Asturias
Ferdinand_II_of_Aragon	child	Joanna_of_Castile
Ferdinand_II_of_Aragon	child	Alonso_de_Arag_n
Ferdinand_II_of_Aragon	child	Catherine_of_Aragon
Ferdinand_II_of_Aragon	child	Isabella_of_Aragon_Queen_of_Portugal
Willa_of_Burgundy	child	Willa_of_Tuscany
Hugh_of_Italy	child	Lothair_II_of_Italy
Rudolph_II_of_Burgundy	child	Conrad_I_of_Burgundy
Rudolph_II_of_Burgundy	child	Adelaide_of_Italy
Henry_II_of_France	child	Francis_Duke_of_Anjou
Henry_II_of_France	child	Henry_III_of_France
Henry_II_of_France	child	Charles_IX_of_France
Henry_II_of_France	child	Francis_II_of_France
Henry_II_of_France	child	Claude_of_France_1547_1575
Henry_II_of_France	child	Elisabeth_of_Valois
Henry_II_of_France	child	Louis_of_Valois
Eug_nie_de_Montijo	child	Napol_on_Prince_Imperial
Napoleon_III	child	Napol_on_Prince_Imperial
Clemence_of_Austria	child	Charles_I_of_Hungary
Clemence_of_Austria	child	Beatrice_of_Hungary_Dauphine_of_Viennois
Charles_VI_of_France	child	Michelle_of_Valois
Charles_VI_of_France	child	John_Duke_of_Touraine
Charles_VI_of_France	child	Catherine_of_Valois
Charles_VI_of_France	child	Isabella_of_Valois
Charles_VI_of_France	child	Marie_of_Valois_Prioress_of_Poissy
Charles_VI_of_France	child	Louis_Duke_of_Guyenne
Duke_Charles_Louis_Frederick_of_Mecklenburg	child	Charlotte_of_Mecklenburg_Strelitz
Duke_Charles_Louis_Frederick_of_Mecklenburg	child	Duke_George_Augustus_of_Mecklenburg
Duke_Charles_Louis_Frederick_of_Mecklenburg	child	Duchess_Christiane_of_Mecklenburg
Duke_Charles_Louis_Frederick_of_Mecklenburg	child	Charles_II_Grand_Duke_of_Mecklenburg_Strelitz
Duke_Charles_Louis_Frederick_of_Mecklenburg	child	Adolphus_Frederick_IV_Duke_of_Mecklenburg_Strelitz
Joan_I_Countess_of_Auvergne	child	Philip_I_Duke_of_Burgundy
Henry_V_of_England	child	Henry_VI_of_England
Joan_of__vreux	child	Blanche_of_France_Duchess_of_Orl_ans
Louis_Count_of__vreux	child	Philip_III_of_Navarre
Louis_Count_of__vreux	child	Joan_of__vreux
Louis_Count_of__vreux	child	Charles_d_vreux
Claude_of_France	child	Henry_II_of_France
Claude_of_France	child	Margaret_of_Valois_Duchess_of_Berry
Claude_of_France	child	Charles_II_de_Valois_Duke_of_Orl_ans
Claude_of_France	child	Madeleine_of_Valois
Claude_of_France	child	Charlotte_of_France
Louis_I_Duke_of_Bourbon	child	Beatrice_of_Bourbon_Queen_of_Bohemia
Louis_I_Duke_of_Bourbon	child	James_I_Count_of_La_Marche
Marie_Antoinette	child	Louis_XVII
Marie_Antoinette	child	Louis_Joseph_Dauphin_of_France
Marie_Antoinette	child	Sophie_of_France_1786_1787
Charles_X	child	Louis_Antoine_Duke_of_Angoul_me
Charles_X	child	Charles_Ferdinand_Duke_of_Berry
Charles_X	child	Sophie_of_France_1776_1783
Charles_III_Duke_of_Savoy	child	Emmanuel_Philibert_Duke_of_Savoy
Margaret_of_Bourbon_1438_1483	child	Louise_of_Savoy
Margaret_of_Bourbon_1438_1483	child	Philibert_II_Duke_of_Savoy
Maria_Theresa_of_Austria_Este_Queen_of_Sardinia	child	Maria_Cristina_of_Savoy
Maria_Theresa_of_Austria_Este_Queen_of_Sardinia	child	Maria_Beatrice_of_Savoy
Maria_Theresa_of_Austria_Este_Queen_of_Sardinia	child	Maria_Anna_of_Savoy
Maria_Theresa_of_Austria_Este_Queen_of_Sardinia	child	Maria_Teresa_of_Savoy_1803_1879
Vladimir_the_Great	child	Boris_and_Gleb
Vladimir_the_Great	child	Agatha_wife_of_Edward_the_Exile
Vladimir_the_Great	child	Izyaslav_of_Polotsk
Vladimir_the_Great	child	Sudislav
Vladimir_the_Great	child	Mstislav_of_Chernigov
Sviatoslav_I	child	Vladimir_the_Great
Sviatoslav_I	child	Oleg_of_Drelinia
John_of_Montfort	child	Joan_of_Brittany_Baroness_of_Drayton
John_of_Montfort	child	John_IV_Duke_of_Brittany
Fulk_King_of_Jerusalem	child	Geoffrey_Plantagenet_Count_of_Anjou
Fulk_King_of_Jerusalem	child	Matilda_of_Anjou
Fulk_King_of_Jerusalem	child	Baldwin_III_of_Jerusalem
Fulk_King_of_Jerusalem	child	Elias_II_Count_of_Maine
Fulk_King_of_Jerusalem	child	Amalric_of_Jerusalem
Geoffrey_Plantagenet_Count_of_Anjou	child	William_FitzEmpress
Geoffrey_Plantagenet_Count_of_Anjou	child	Geoffrey_Count_of_Nantes
Geoffrey_Plantagenet_Count_of_Anjou	child	Emma_of_Anjou
Catherine_de_Medici	child	Henry_III_of_France
Catherine_de_Medici	child	Charles_IX_of_France
Catherine_de_Medici	child	Francis_II_of_France
Catherine_de_Medici	child	Claude_of_France_1547_1575
Catherine_de_Medici	child	Elisabeth_of_Valois
Catherine_de_Medici	child	Margaret_of_Valois
Emma_of_Italy	child	Louis_V_of_France
Victor_Amadeus_III_of_Sardinia	child	Princess_Maria_Carolina_of_Savoy
Victor_Amadeus_III_of_Sardinia	child	Marie_Jos_phine_of_Savoy
Victor_Amadeus_III_of_Sardinia	child	Prince_Maurizio_Duke_of_Montferrat
Victor_Amadeus_III_of_Sardinia	child	Maria_Theresa_of_Savoy
Victor_Amadeus_III_of_Sardinia	child	Charles_Felix_of_Sardinia
Victor_Amadeus_III_of_Sardinia	child	Charles_Emmanuel_IV_of_Sardinia
Victor_Amadeus_III_of_Sardinia	child	Victor_Emmanuel_I_of_Sardinia
Victor_Amadeus_III_of_Sardinia	child	Maria_Anna_of_Savoy_Duchess_of_Chablais
Louis_XII	child	Claude_of_France
Louis_XII	child	Ren_e_of_France
Philip_I_of_Castile	child	Isabella_of_Austria
Philip_I_of_Castile	child	Ferdinand_I_Holy_Roman_Emperor
Philip_I_of_Castile	child	Eleanor_of_Austria
Philip_I_of_Castile	child	Catherine_of_Austria_Queen_of_Portugal
Philip_I_of_Castile	child	Mary_of_Hungary_governor_of_the_Netherlands
Eleanor_of_Castile	child	Alphonso_Earl_of_Chester
Eleanor_of_Castile	child	Eleanor_of_England_Countess_of_Bar
Eleanor_of_Castile	child	Elizabeth_of_Rhuddlan
Eleanor_of_Castile	child	Joan_of_Acre
Alfonso_IX_of_Le_n	child	Berengaria_of_Le_n
Alfonso_IX_of_Le_n	child	Alfonso_of_Molina
Alfonso_IX_of_Le_n	child	Ferdinand_III_of_Castile
James_I_of_Scotland	child	Margaret_Stewart_Dauphine_of_France
James_I_of_Scotland	child	James_II_of_Scotland
James_I_of_Scotland	child	Mary_Stewart_Countess_of_Buchan
James_I_of_Scotland	child	Eleanor_of_Scotland
James_I_of_Scotland	child	Alexander_Stewart_Duke_of_Rothesay
James_I_of_Scotland	child	Isabella_of_Scotland_Duchess_of_Brittany
Charles_VIII_of_France	child	Charles_Orlando_Dauphin_of_France
Louis_XI	child	Charles_VIII_of_France
Louis_XI	child	Anne_of_France
Louis_XI	child	Joan_of_France_Duchess_of_Berry
Cosimo_I_de_Medici_Grand_Duke_of_Tuscany	child	Virginia_de_Medici
Cosimo_I_de_Medici_Grand_Duke_of_Tuscany	child	Francesco_I_de_Medici_Grand_Duke_of_Tuscany
Cosimo_I_de_Medici_Grand_Duke_of_Tuscany	child	Lucrezia_de_Medici_Duchess_of_Ferrara
Cosimo_I_de_Medici_Grand_Duke_of_Tuscany	child	Giovanni_de_Medici_cardinal
Cosimo_I_de_Medici_Grand_Duke_of_Tuscany	child	Portrait_of_Bia_de_Medici
Cosimo_I_de_Medici_Grand_Duke_of_Tuscany	child	Garzia_de_Medici
Cosimo_I_de_Medici_Grand_Duke_of_Tuscany	child	Maria_de_Medici_1540_1557
Cosimo_I_de_Medici_Grand_Duke_of_Tuscany	child	Ferdinando_I_de_Medici_Grand_Duke_of_Tuscany
Peter_I_of_Portugal	child	Beatrice_of_Portugal_died_1381
Peter_I_of_Portugal	child	John_Duke_of_Valencia_de_Campos
Peter_I_of_Portugal	child	John_I_of_Portugal
Peter_I_of_Portugal	child	Denis_Lord_of_Cifuentes
Peter_I_of_Portugal	child	Maria_of_Portugal_Marchioness_of_Tortosa
Peter_I_of_Portugal	child	Ferdinand_I_of_Portugal
Raymond_of_Burgundy	child	Sancha_Raim_ndez
Raymond_of_Burgundy	child	Alfonso_VII_of_Le_n_and_Castile
Lothair_II_of_Italy	child	Emma_of_Italy
Jacquetta_of_Luxembourg	child	Anne_Woodville
Jacquetta_of_Luxembourg	child	Catherine_Woodville_Duchess_of_Buckingham
Jacquetta_of_Luxembourg	child	John_Woodville
Jacquetta_of_Luxembourg	child	Richard_Woodville_3rd_Earl_Rivers
Jacquetta_of_Luxembourg	child	Elizabeth_Woodville
Jacquetta_of_Luxembourg	child	Lionel_Woodville
Jacquetta_of_Luxembourg	child	Countess_of_Pembroke
Jacquetta_of_Luxembourg	child	Edward_Woodville_Lord_Scales
George_I_of_Great_Britain	child	George_II_of_Great_Britain
Ernest_Augustus_Elector_of_Hanover	child	George_I_of_Great_Britain
Ernest_Augustus_Elector_of_Hanover	child	Ernest_Augustus_Duke_of_York_and_Albany
Ernest_Augustus_Elector_of_Hanover	child	Sophia_Charlotte_of_Hanover
Ernest_Augustus_Elector_of_Hanover	child	Maximilian_William_of_Brunswic_L_neburg
Margaret_of_Anjou	child	Edward_of_Westminster_Prince_of_Wales
Charlotte_of_Bourbon_Queen_of_Cyprus	child	Anne_of_Cyprus
Princess_Elisabeth_Albertine_of_Saxe_Hildburghausen	child	Charlotte_of_Mecklenburg_Strelitz
Princess_Elisabeth_Albertine_of_Saxe_Hildburghausen	child	Duke_George_Augustus_of_Mecklenburg
Princess_Elisabeth_Albertine_of_Saxe_Hildburghausen	child	Charles_II_Grand_Duke_of_Mecklenburg_Strelitz
Princess_Elisabeth_Albertine_of_Saxe_Hildburghausen	child	Adolphus_Frederick_IV_Duke_of_Mecklenburg_Strelitz
Anne_of_Bohemia_and_Hungary	child	Archduchess_Anna_of_Austria
Anne_of_Bohemia_and_Hungary	child	Maximilian_II_Holy_Roman_Emperor
Anne_of_Bohemia_and_Hungary	child	Archduchess_Barbara_of_Austria
Anne_of_Bohemia_and_Hungary	child	Maria_of_Austria_Duchess_of_J_lich_Cleves_Berg
Anne_of_Bohemia_and_Hungary	child	Charles_II_Archduke_of_Austria
Anne_of_Bohemia_and_Hungary	child	Ferdinand_II_Archduke_of_Austria
Anne_of_Bohemia_and_Hungary	child	Joanna_of_Austria_Grand_Duchess_of_Tuscany
Louis_IV_of_France	child	Charles_Duke_of_Lower_Lorraine
Louis_IV_of_France	child	Matilda_of_France
Henry_VII_Holy_Roman_Emperor	child	Marie_of_Luxembourg_Queen_of_France
Henry_VII_Holy_Roman_Emperor	child	Beatrice_of_Luxembourg
Henry_VII_Holy_Roman_Emperor	child	John_of_Bohemia
Saint_Margaret_of_Scotland	child	Alexander_I_of_Scotland
Saint_Margaret_of_Scotland	child	David_I_of_Scotland
Saint_Margaret_of_Scotland	child	Edmund_of_Scotland
Saint_Margaret_of_Scotland	child	Ethelred_of_Scotland
Louis_XIII	child	Louis_XIV
Marie_de_Medici	child	Louis_XIII
Marie_de_Medici	child	Elisabeth_of_France_1602_1644
Marie_de_Medici	child	Henrietta_Maria
Marie_de_Medici	child	Gaston_Duke_of_Orl_ans
Marie_de_Medici	child	Nicolas_Henri_Duke_of_Orl_ans
Marie_de_Medici	child	Christine_of_France
Charles_the_Bald	child	Charles_the_Child
Charles_the_Bald	child	Carloman_son_of_Charles_the_Bald
Charles_the_Bald	child	Rothilde
Charles_the_Bald	child	Lothair_the_Lame
Rudolph_Duke_of_Lorraine	child	John_I_Duke_of_Lorraine
John_I_of_Portugal	child	Prince_Henry_the_Navigator
John_I_of_Portugal	child	Edward_King_of_Portugal
John_I_of_Portugal	child	John_Constable_of_Portugal
John_I_of_Portugal	child	Ferdinand_the_Holy_Prince
John_I_of_Portugal	child	Beatrice_Countess_of_Arundel
John_I_of_Portugal	child	Afonso_I_Duke_of_Braganza
John_I_of_Portugal	child	Isabella_of_Portugal_Duchess_of_Burgundy
John_I_of_Portugal	child	Peter_Duke_of_Coimbra
Odo_IV_Duke_of_Burgundy	child	Philip_I_Count_of_Auvergne
Joan_III_Countess_of_Burgundy	child	Philip_I_Count_of_Auvergne
Elisabeth_of_France_1602_1644	child	Maria_Theresa_of_Spain
Elisabeth_of_France_1602_1644	child	Balthasar_Charles_Prince_of_Asturias
Yolanda_of_Courtenay	child	Violant_of_Hungary
Constance_of_Arles	child	Henry_I_of_France
Constance_of_Arles	child	Robert_I_Duke_of_Burgundy
Constance_of_Arles	child	Hugh_Magnus
Constance_of_Arles	child	Adela_of_France
James_I_of_Aragon	child	Isabella_of_Aragon_Queen_of_France
James_I_of_Aragon	child	Violant_of_Aragon
James_I_of_Aragon	child	Peter_III_of_Aragon
James_I_of_Aragon	child	James_II_of_Majorca
James_I_of_Aragon	child	Constance_of_Aragon_Lady_of_Villena
Maria_Amalia_of_Naples_and_Sicily	child	Antoine_Duke_of_Montpensier
Maria_Amalia_of_Naples_and_Sicily	child	Prince_Louis_Duke_of_Nemours
Maria_Amalia_of_Naples_and_Sicily	child	Charles_d_Orl_ans_Duke_of_Penthi_vre
Maria_Amalia_of_Naples_and_Sicily	child	Ferdinand_Philippe_Duke_of_Orl_ans
Maria_Amalia_of_Naples_and_Sicily	child	Fran_ois_d_Orl_ans_Prince_of_Joinville
Maria_Amalia_of_Naples_and_Sicily	child	Louise_of_Orl_ans
Maria_Amalia_of_Naples_and_Sicily	child	Princess_Marie_of_Orl_ans_1813_1839
Maria_Amalia_of_Naples_and_Sicily	child	Henri_d_Orl_ans_Duke_of_Aumale
Maria_Carolina_of_Austria	child	Princess_Maria_Isabella_of_Naples_and_Sicily
Maria_Carolina_of_Austria	child	Maria_Amalia_of_Naples_and_Sicily
Maria_Carolina_of_Austria	child	Maria_Theresa_of_Naples_and_Sicily
Maria_Carolina_of_Austria	child	Carlo_Duke_of_Calabria
Maria_Carolina_of_Austria	child	Maria_Henrietta_of_Naples_and_Sicily
Maria_Carolina_of_Austria	child	Princess_Maria_Antonia_of_Naples_and_Sicily
Maria_Carolina_of_Austria	child	Prince_Gennaro_of_Naples_and_Sicily
Maria_Carolina_of_Austria	child	Francis_I_of_the_Two_Sicilies
Maria_Carolina_of_Austria	child	Leopold_Prince_of_Salerno
Maria_Carolina_of_Austria	child	Prince_Alberto_of_Naples_and_Sicily
Marie_of_Brabant_Queen_of_France	child	Louis_Count_of__vreux
Marie_of_Brabant_Queen_of_France	child	Blanche_of_France_Duchess_of_Austria
Marie_of_Brabant_Queen_of_France	child	Margaret_of_France_Queen_of_England
Matilda_of_Scotland	child	Empress_Matilda
Matilda_of_Scotland	child	William_Adelin
Charles_Emmanuel_I_Duke_of_Savoy	child	Victor_Amadeus_I_Duke_of_Savoy
Charles_Emmanuel_I_Duke_of_Savoy	child	Emanuel_Filibert_of_Savoy
Charles_Emmanuel_I_Duke_of_Savoy	child	Thomas_Francis_Prince_of_Carignano
Charles_Emmanuel_I_Duke_of_Savoy	child	Margaret_of_Savoy_Vicereine_of_Portugal
Charles_Emmanuel_I_Duke_of_Savoy	child	Prince_Maurice_of_Savoy
Maria_Amalia_of_Saxony	child	Ferdinand_I_of_the_Two_Sicilies
Maria_Amalia_of_Saxony	child	Maria_Luisa_of_Spain
Maria_Amalia_of_Saxony	child	Infante_Antonio_Pascual_of_Spain
Maria_Amalia_of_Saxony	child	Infante_Philip_Duke_of_Calabria
Maria_Amalia_of_Saxony	child	Infante_Gabriel_of_Spain
Maria_Amalia_of_Saxony	child	Infanta_Maria_Josefa_of_Spain
Maria_Amalia_of_Saxony	child	Charles_IV_of_Spain
Hedwig_of_Saxony	child	Hugh_Capet
Hedwig_of_Saxony	child	Otto_Duke_of_Burgundy
Hedwig_of_Saxony	child	Emma_of_Paris_Duchess_of_Normandy
Isabella_of_Hainault	child	Louis_VIII_of_France
Maria_Theresa_of_Naples_and_Sicily	child	Archduke_Joseph_Franz_of_Austria
Maria_Theresa_of_Naples_and_Sicily	child	Archduke_Franz_Karl_of_Austria
Maria_Theresa_of_Naples_and_Sicily	child	Archduchess_Marie_Anne_of_Austria
Maria_Theresa_of_Naples_and_Sicily	child	Maria_Leopoldina_of_Austria
Maria_Theresa_of_Naples_and_Sicily	child	Marie_Louise_Duchess_of_Parma
Maria_Theresa_of_Naples_and_Sicily	child	Ferdinand_I_of_Austria
Maria_Theresa_of_Naples_and_Sicily	child	Archduchess_Clementina_of_Austria
Maria_Theresa_of_Naples_and_Sicily	child	Archduchess_Marie_Caroline_of_Austria
Archduchess_Maria_Clementina_of_Austria	child	Marie_Caroline_of_Bourbo_Two_Sicilies_Duchess_of_Berry
Charles_VII_of_France	child	Louis_XI
Charles_VII_of_France	child	Radegonde_of_Valois
Charles_VII_of_France	child	Charlotte_de_Br_z_
Charles_VII_of_France	child	Charles_of_Valois_Duke_of_Berry
Charles_VII_of_France	child	Joan_of_France_Duchess_of_Bourbon
Charles_VII_of_France	child	Yolande_of_Valois
Charles_VII_of_France	child	Catherine_of_France_Countess_of_Charolais
Charles_IX_of_France	child	Marie_Elisabeth_of_France
Charles_IX_of_France	child	Charles_de_Valois_Duke_of_Angoul_me
Margaret_of_Brabant	child	Marie_of_Luxembourg_Queen_of_France
Margaret_of_Brabant	child	Beatrice_of_Luxembourg
Philip_III_of_France	child	Louis_Count_of__vreux
Philip_III_of_France	child	Philip_IV_of_France
Philip_III_of_France	child	Blanche_of_France_Duchess_of_Austria
Philip_III_of_France	child	Margaret_of_France_Queen_of_England
Philip_III_of_France	child	Louis_of_France_1264_1276
Margaret_of_Bavaria	child	Agnes_of_Burgundy_Duchess_of_Bourbon
Margaret_of_Bavaria	child	Philip_the_Good
Margaret_of_Bavaria	child	Margaret_of_Nevers
Margaret_of_Bavaria	child	Anne_of_Burgundy
Louis_IX_of_France	child	Philip_III_of_France
Louis_IX_of_France	child	Agnes_of_France_Duchess_of_Burgundy
Louis_IX_of_France	child	Robert_Count_of_Clermont
Louis_IX_of_France	child	Isabella_of_France_Queen_of_Navarre
Louis_IX_of_France	child	John_Tristan_Count_of_Valois
Louis_IX_of_France	child	Peter_I_Count_of_Alen_on
Louis_IX_of_France	child	Louis_of_France_1244_1260
Louis_IX_of_France	child	Blanche_of_France_Infanta_of_Castile
Violant_of_Hungary	child	Isabella_of_Aragon_Queen_of_France
Violant_of_Hungary	child	James_II_of_Majorca
Violant_of_Hungary	child	Constance_of_Aragon_Lady_of_Villena
Ferdinand_II_of_Le_n	child	Alfonso_IX_of_Le_n
Alfonso_VII_of_Le_n_and_Castile	child	Ferdinand_II_of_Le_n
Alfonso_VII_of_Le_n_and_Castile	child	Sancho_III_of_Castile
Alfonso_VII_of_Le_n_and_Castile	child	Constance_of_Castile
Alfonso_VII_of_Le_n_and_Castile	child	Urraca_of_Castile_Queen_of_Navarre
Alfonso_VII_of_Le_n_and_Castile	child	Stephanie_Alfonso_of_Castile
Alfonso_VII_of_Le_n_and_Castile	child	Sancha_of_Castile_Queen_of_Navarre
Isabella_of_Aragon_Queen_of_France	child	Charles_Count_of_Valois
Isabella_of_Aragon_Queen_of_France	child	Louis_of_France_1264_1276
Ferdinand_I_of_Aragon	child	John_II_of_Aragon
Ferdinand_I_of_Aragon	child	Alfonso_V_of_Aragon
Ferdinand_I_of_Aragon	child	Eleanor_of_Aragon_Queen_of_Portugal
Ferdinand_I_of_Aragon	child	Peter_of_Aragon_Count_of_Alburquerque
Ferdinand_I_of_Aragon	child	Henry_Duke_of_Villena
Ferdinand_I_of_Aragon	child	Maria_of_Aragon_Queen_of_Castile
Robert_I_Duke_of_Burgundy	child	Constance_of_Burgundy
Frederick_I_Duke_of_Lorraine	child	Frederick_II_Duke_of_Lorraine
Robert_III_of_Scotland	child	David_Stewart_Duke_of_Rothesay
Louis_the_Stammerer	child	Charles_the_Simple
Louis_the_Stammerer	child	Carloman_II
Louis_the_Stammerer	child	Louis_III_of_France
Rudolph_I_of_Burgundy	child	Willa_of_Burgundy
Rudolph_I_of_Burgundy	child	Rudolph_II_of_Burgundy
Philippe_I_Duke_of_Orl_ans	child	Anne_Marie_d_Orl_ans
Sophia_of_Minsk	child	Valdemar_II_of_Denmark
Sophia_of_Minsk	child	Richeza_of_Denmark
Sophia_of_Minsk	child	Canute_VI_of_Denmark
Ferdinand_III_of_Castile	child	Alfonso_X_of_Castile
Ferdinand_III_of_Castile	child	Ferdinand_of_Castile_born_1238
Ferdinand_III_of_Castile	child	Frederick_of_Castile
Ferdinand_III_of_Castile	child	Manuel_of_Castile
Ferdinand_III_of_Castile	child	Sancho_of_Castile_bishop
Ferdinand_III_of_Castile	child	Philip_of_Castile
Maria_of_Aragon_Queen_of_Portugal	child	Beatrice_of_Portugal_Duchess_of_Savoy
Maria_of_Aragon_Queen_of_Portugal	child	Isabella_of_Portugal
Maria_of_Aragon_Queen_of_Portugal	child	Cardinal_Infante_Afonso_of_Portugal
Maria_of_Aragon_Queen_of_Portugal	child	Duarte_Duke_of_Guimar_es_1515_1540
Maria_of_Aragon_Queen_of_Portugal	child	John_III_of_Portugal
Maria_of_Aragon_Queen_of_Portugal	child	Henry_King_of_Portugal
Elizabeth_of_York	child	Margaret_Tudor
Elizabeth_of_York	child	Arthur_Prince_of_Wales
Elizabeth_of_York	child	Edmund_Tudor_Duke_of_Somerset
Elizabeth_of_York	child	Mary_Tudor_Queen_of_France
Adelaide_of_Maurienne	child	Louis_VII_of_France
Adelaide_of_Maurienne	child	Henry_of_France_Archbishop_of_Reims
Adelaide_of_Maurienne	child	Philip_of_France_Archdeacon_of_Paris
Adelaide_of_Maurienne	child	Constance_of_France_Countess_of_Toulouse
Emmanuel_Philibert_Duke_of_Savoy	child	Charles_Emmanuel_I_Duke_of_Savoy
Charlotte_of_Mecklenburg_Strelitz	child	Ernest_Augustus_King_of_Hanover
Charlotte_of_Mecklenburg_Strelitz	child	Prince_Octavius_of_Great_Britain
Charlotte_of_Mecklenburg_Strelitz	child	George_IV
Charlotte_of_Mecklenburg_Strelitz	child	Prince_Alfred_of_Great_Britain
Charlotte_of_Mecklenburg_Strelitz	child	Princess_Sophia_of_the_United_Kingdom
Charlotte_of_Mecklenburg_Strelitz	child	Princess_Elizabeth_of_the_United_Kingdom
Charlotte_of_Mecklenburg_Strelitz	child	Princess_Mary_Duchess_of_Gloucester_and_Edinburgh
Charlotte_of_Mecklenburg_Strelitz	child	Princess_Amelia_of_the_United_Kingdom
Charlotte_of_Mecklenburg_Strelitz	child	Prince_Edward_Duke_of_Kent_and_Strathearn
Charlotte_of_Mecklenburg_Strelitz	child	Prince_Frederick_Duke_of_York_and_Albany
Charlotte_of_Mecklenburg_Strelitz	child	Charlotte_Princess_Royal
Charlotte_of_Mecklenburg_Strelitz	child	Prince_Adolphus_Duke_of_Cambridge
Blanche_of_Castile	child	Louis_IX_of_France
Blanche_of_Castile	child	Alphonse_Count_of_Poitiers
Blanche_of_Castile	child	Charles_I_of_Anjou
Blanche_of_Castile	child	Isabelle_of_France_saint
Maximilian_I_Holy_Roman_Emperor	child	Philip_I_of_Castile
Maximilian_I_Holy_Roman_Emperor	child	Margaret_of_Austria_Duchess_of_Savoy
Eleanor_of_Viseu	child	Afonso_Prince_of_Portugal
John_II_of_Portugal	child	Afonso_Prince_of_Portugal
Odo_I_Duke_of_Burgundy	child	Helie_of_Burgundy
Odo_I_Duke_of_Burgundy	child	Hugh_II_Duke_of_Burgundy
Odo_I_Duke_of_Burgundy	child	Florine_of_Burgundy
Antoinette_of_Bourbon	child	Mary_of_Guise
Antoinette_of_Bourbon	child	Claude_Duke_of_Aumale
Antoinette_of_Bourbon	child	Ren__Marquis_of_Elbeuf
Antoinette_of_Bourbon	child	Francis_Duke_of_Guise
Antoinette_of_Bourbon	child	Charles_Cardinal_of_Lorraine
Maria_Josepha_of_Saxony_Dauphine_of_France	child	Charles_X
Maria_Josepha_of_Saxony_Dauphine_of_France	child	Louis_XVI
Maria_Josepha_of_Saxony_Dauphine_of_France	child	Marie_Z_phyrine_of_France
Maria_Josepha_of_Saxony_Dauphine_of_France	child	Louis_Duke_of_Burgundy_1751_1761
Maria_Josepha_of_Saxony_Dauphine_of_France	child	_lisabeth_of_France
Henrietta_Maria	child	Elizabeth_Stuart_daughter_of_Charles_I
Henrietta_Maria	child	Anne_Stuart_born_1637
Henrietta_Maria	child	Charles_II_of_England
Louis_the_German	child	Charles_the_Fat
Louis_the_German	child	Carloman_of_Bavaria
Louis_the_German	child	Louis_the_Younger
Charles_the_Fat	child	Bernard_son_of_Charles_the_Fat
Hugh_Capet	child	Gisela_of_France_Countess_of_Ponthieu
Theodoric_II_Duke_of_Lorraine	child	Simon_I_Duke_of_Lorraine
Ferdinand_I_Holy_Roman_Emperor	child	Archduchess_Magdalena_of_Austria
Ferdinand_I_Holy_Roman_Emperor	child	Archduchess_Eleanor_of_Austria
Ferdinand_I_Holy_Roman_Emperor	child	Archduchess_Margaret_of_Austria_nun
Ferdinand_I_Holy_Roman_Emperor	child	Archduchess_Anna_of_Austria
Ferdinand_I_Holy_Roman_Emperor	child	Catherine_of_Austria_Queen_of_Poland
Ferdinand_I_Holy_Roman_Emperor	child	Archduchess_Barbara_of_Austria
Ferdinand_I_Holy_Roman_Emperor	child	Maria_of_Austria_Duchess_of_J_lich_Cleves_Berg
Ferdinand_I_Holy_Roman_Emperor	child	Charles_II_Archduke_of_Austria
Louis_Dauphin_of_France_son_of_Louis_XV	child	Clotilde_of_France
Louis_Dauphin_of_France_son_of_Louis_XV	child	Charles_X
Louis_Dauphin_of_France_son_of_Louis_XV	child	Louis_XVIII
Louis_Dauphin_of_France_son_of_Louis_XV	child	Louis_XVI
Louis_Dauphin_of_France_son_of_Louis_XV	child	Marie_Z_phyrine_of_France
Louis_Dauphin_of_France_son_of_Louis_XV	child	Louis_Duke_of_Burgundy_1751_1761
Theobald_I_of_Navarre	child	Beatrice_of_Navarre_Duchess_of_Burgundy
Theobald_I_of_Navarre	child	Theobald_II_of_Navarre
Theobald_I_of_Navarre	child	Blanche_of_Navarre_Duchess_of_Brittany
Marie_Caroline_of_Bourbo_Two_Sicilies_Duchess_of_Berry	child	Henri_Count_of_Chambord
Marie_Caroline_of_Bourbo_Two_Sicilies_Duchess_of_Berry	child	Princess_Louise_d_Artois
Agnes_of_Burgundy_Duchess_of_Bourbon	child	Margaret_of_Bourbon_1438_1483
Agnes_of_Burgundy_Duchess_of_Bourbon	child	Louis_de_Bourbon_Bishop_of_Li_ge
Agnes_of_Burgundy_Duchess_of_Bourbon	child	John_II_Duke_of_Bourbon
Agnes_of_Burgundy_Duchess_of_Bourbon	child	Charles_II_Duke_of_Bourbon
Agnes_of_Burgundy_Duchess_of_Bourbon	child	Peter_II_Duke_of_Bourbon
Archduchess_Anna_of_Austria	child	Maria_Anna_of_Bavaria_born_1551
Archduchess_Anna_of_Austria	child	William_V_Duke_of_Bavaria
Archduchess_Anna_of_Austria	child	Maximiliana_Maria_of_Bavaria
Archduchess_Anna_of_Austria	child	Ferdinand_of_Bavaria_soldier
Archduchess_Anna_of_Austria	child	Ernest_of_Bavaria
Louis_I_of_Anjou	child	Charles_Prince_of_Taranto
Louis_I_of_Anjou	child	Louis_II_of_Anjou
Charlotte_of_Savoy	child	Anne_of_France
Eleanor_of_Aquitaine	child	William_IX_Count_of_Poitiers
Eleanor_of_Aquitaine	child	John_King_of_England
Eleanor_of_Aquitaine	child	Eleanor_of_England_Queen_of_Castile
Eleanor_of_Aquitaine	child	Marie_of_France_Countess_of_Champagne
Eleanor_of_Aquitaine	child	Matilda_of_England_Duchess_of_Saxony
Eleanor_of_Aquitaine	child	Richard_I_of_England
Eleanor_of_Aquitaine	child	Alix_of_France
Eleanor_of_Aquitaine	child	Joan_of_England_Queen_of_Sicily
Eleanor_of_Aquitaine	child	Henry_the_Young_King
Eleanor_of_Aquitaine	child	Geoffrey_II_Duke_of_Brittany
Benedicta_Henrietta_of_the_Palatinate	child	Wilhelmine_Amalie_of_Brunswick
Benedicta_Henrietta_of_the_Palatinate	child	Duchess_Charlotte_Felicitas_of_Brunswic_L_neburg
Mary_Queen_of_Scots	child	James_VI_and_I
Anne_of_Brittany	child	Claude_of_France
Anne_of_Brittany	child	Ren_e_of_France
Anne_of_Brittany	child	Charles_Orlando_Dauphin_of_France
_lffl_d_wife_of_Edward_the_Elder	child	Eadhild
_lffl_d_wife_of_Edward_the_Elder	child	Eadgifu_of_Wessex
_lffl_d_wife_of_Edward_the_Elder	child	Edwin_son_of_Edward_the_Elder
_lffl_d_wife_of_Edward_the_Elder	child	_lfweard_of_Wessex
Pepin_the_Short	child	Carloman_I
Pepin_the_Short	child	Gisela_Abbess_of_Chelles
Berengar_II_of_Italy	child	Rozala_of_Italy
Berengar_II_of_Italy	child	Conrad_of_Ivrea
Berengar_II_of_Italy	child	Adalbert_of_Italy
Berengar_II_of_Italy	child	Guy_of_Ivrea
Rozala_of_Italy	child	Baldwin_IV_Count_of_Flanders
Alfred_the_Great	child	_thelfl_d
Alfred_the_Great	child	Edward_the_Elder
Alfred_the_Great	child	_thelweard_son_of_Alfred
William_the_Younger_Duke_of_Brunswic_L_neburg	child	George_Duke_of_Brunswic_Calenberg
William_the_Younger_Duke_of_Brunswic_L_neburg	child	Ernest_II_Duke_of_Brunswic_L_neburg
William_the_Younger_Duke_of_Brunswic_L_neburg	child	Frederick_IV_Duke_of_Brunswic_L_neburg
William_the_Younger_Duke_of_Brunswic_L_neburg	child	Dorothea_of_Brunswic_L_neburg
William_the_Younger_Duke_of_Brunswic_L_neburg	child	Augustus_the_Elder_Duke_of_Brunswic_L_neburg
William_the_Younger_Duke_of_Brunswic_L_neburg	child	Margaret_of_Brunswic_L_neburg
William_the_Younger_Duke_of_Brunswic_L_neburg	child	Sophie_of_Brunswic_L_neburg
Isabella_of_France	child	Edward_III_of_England
Isabella_of_France	child	Joan_of_the_Tower
Isabella_of_France	child	Eleanor_of_Woodstock
Isabella_of_France	child	John_of_Eltham_Earl_of_Cornwall
Joan_I_of_Navarre	child	Charles_IV_of_France
Joan_I_of_Navarre	child	Louis_X_of_France
Joan_I_of_Navarre	child	Isabella_of_France
Joan_I_of_Navarre	child	Philip_V_of_France
Elisabeth_Christine_of_Brunswic_Wolfenb_ttel	child	Maria_Theresa
Elisabeth_Christine_of_Brunswic_Wolfenb_ttel	child	Archduchess_Maria_Anna_of_Austria_governor
Sancho_III_of_Castile	child	Alfonso_VIII_of_Castile
Alys_of_France_Countess_of_Vexin	child	Marie_Countess_of_Ponthieu
Charles_Duke_of_Vend_me	child	John_Count_of_Soissons_and_Enghien
Charles_Duke_of_Vend_me	child	Antoine_of_Navarre
Charles_Duke_of_Vend_me	child	Louis_Prince_of_Cond__1530_1569
Charles_Duke_of_Vend_me	child	Charles_de_Bourbon_cardinal
Charles_Duke_of_Vend_me	child	Francis_Count_of_Enghien
Margaret_of_Foix	child	Anne_of_Brittany
Prince_Philippe_Count_of_Paris	child	Princess_Isabelle_of_Orl_ans_1878_1961
Prince_Philippe_Count_of_Paris	child	Prince_Philippe_Duke_of_Orl_ans_1869_1926
Prince_Philippe_Count_of_Paris	child	Princess_H_l_ne_of_Orl_ans
Prince_Philippe_Count_of_Paris	child	Am_lie_of_Orl_ans
George_Gordon_4th_Earl_of_Huntly	child	Patrick_Gordon_of_Auchindoun
George_Gordon_4th_Earl_of_Huntly	child	Jean_Gordon_Countess_of_Bothwell
George_Gordon_4th_Earl_of_Huntly	child	George_Gordon_5th_Earl_of_Huntly
George_Gordon_4th_Earl_of_Huntly	child	Adam_Gordon_of_Auchindoun
George_Gordon_4th_Earl_of_Huntly	child	James_Gordon_Jesuit
Agatha_wife_of_Edward_the_Exile	child	Saint_Margaret_of_Scotland
Agatha_wife_of_Edward_the_Exile	child	Cristina_daughter_of_Edward_the_Exile
Agatha_wife_of_Edward_the_Exile	child	Edgar__theling
Robert_II_of_France	child	Henry_I_of_France
Robert_II_of_France	child	Robert_I_Duke_of_Burgundy
Robert_II_of_France	child	Hugh_Magnus
Robert_II_of_France	child	Adela_of_France
Hugh_IV_Duke_of_Burgundy	child	Adelaide_of_Burgundy_Duchess_of_Brabant
Hugh_IV_Duke_of_Burgundy	child	John_of_Burgundy_1231_68
Frederick_IV_Duke_of_Lorraine	child	Rudolph_Duke_of_Lorraine
Elizabeth_of_Luxembourg	child	Anne_of_Austria_Landgravine_of_Thuringia
Simon_I_Duke_of_Lorraine	child	Agatha_of_Lorraine
Empress_Jos_phine	child	Eug_ne_de_Beauharnais
Empress_Jos_phine	child	Hortense_de_Beauharnais
Maximilian_II_Holy_Roman_Emperor	child	Elisabeth_of_Austria_Queen_of_France
Maximilian_II_Holy_Roman_Emperor	child	Anna_of_Austria_Queen_of_Spain
Maximilian_II_Holy_Roman_Emperor	child	Archduke_Wenceslaus_of_Austria
Maximilian_II_Holy_Roman_Emperor	child	Albert_VII_Archduke_of_Austria
Maximilian_II_Holy_Roman_Emperor	child	Rudolf_II_Holy_Roman_Emperor
Maximilian_II_Holy_Roman_Emperor	child	Matthias_Holy_Roman_Emperor
Maximilian_II_Holy_Roman_Emperor	child	Archduke_Ernest_of_Austria
Baldwin_V_Count_of_Flanders	child	Baldwin_VI_Count_of_Flanders
Baldwin_V_Count_of_Flanders	child	Robert_I_Count_of_Flanders
Baldwin_V_Count_of_Flanders	child	Matilda_of_Flanders
Anne_Gonzaga	child	Benedicta_Henrietta_of_the_Palatinate
Anne_Gonzaga	child	Luise_Marie_of_the_Palatinate
Anne_Gonzaga	child	Anne_Henriette_of_Bavaria
Anna_Maria_of_Mecklenburg_Schwerin	child	Magdalena_Sibylla_of_Saxe_Weissenfels
Anna_Maria_of_Mecklenburg_Schwerin	child	Johann_Adolf_I_Duke_of_Saxe_Weissenfels
Anna_Maria_of_Mecklenburg_Schwerin	child	Heinrich_of_Saxe_Weissenfels_Count_of_Barby
Anna_Maria_of_Mecklenburg_Schwerin	child	Sophia_of_Saxe_Weissenfels_Princess_of_Anhalt_Zerbst
Anna_Maria_of_Mecklenburg_Schwerin	child	August_of_Saxe_Weissenfels_1650_1674
Anna_Maria_of_Mecklenburg_Schwerin	child	Albrecht_of_Saxe_Weissenfels
Ramon_Berenguer_IV_Count_of_Provence	child	Eleanor_of_Provence
Ramon_Berenguer_IV_Count_of_Provence	child	Margaret_of_Provence
Ramon_Berenguer_IV_Count_of_Provence	child	Sanchia_of_Provence
Ramon_Berenguer_IV_Count_of_Provence	child	Beatrice_of_Provence
Stephen_II_Duke_of_Bavaria	child	Stephen_III_Duke_of_Bavaria
Stephen_II_Duke_of_Bavaria	child	John_II_Duke_of_Bavaria
Stephen_II_Duke_of_Bavaria	child	Frederick_Duke_of_Bavaria
Agnes_of_France_Duchess_of_Burgundy	child	Hugh_V_Duke_of_Burgundy
Agnes_of_France_Duchess_of_Burgundy	child	Blanche_of_Burgundy_Countess_of_Savoy
Agnes_of_France_Duchess_of_Burgundy	child	Margaret_of_Burgundy_Queen_of_France
Louis_XVI	child	Marie_Th_r_se_of_France
Louis_XVI	child	Louis_Joseph_Dauphin_of_France
Louis_XVI	child	Sophie_of_France_1786_1787
Henry_VI_of_England	child	Edward_of_Westminster_Prince_of_Wales
Mary_of_Hungary_Queen_of_Naples	child	Maria_of_Naples
Mary_of_Hungary_Queen_of_Naples	child	John_Duke_of_Durazzo
Mary_of_Hungary_Queen_of_Naples	child	Peter_Tempesta
Mary_of_Hungary_Queen_of_Naples	child	Margaret_Countess_of_Anjou
Mary_of_Hungary_Queen_of_Naples	child	Charles_Martel_of_Anjou
Mary_of_Hungary_Queen_of_Naples	child	Raymond_Berengar_of_Andria
Mary_of_Hungary_Queen_of_Naples	child	Robert_King_of_Naples
Mary_of_Hungary_Queen_of_Naples	child	Eleanor_of_Anjou
Mary_of_Hungary_Queen_of_Naples	child	Blanche_of_Anjou
Mary_of_Hungary_Queen_of_Naples	child	Louis_of_Toulouse
Richard_Count_of__tampes	child	Francis_II_Duke_of_Brittany
Margaret_of_Valois_Angoul_me	child	Jeanne_d_Albret
Pepin_of_Herstal	child	Charles_Martel
Pepin_of_Herstal	child	Grimoald_the_Younger
Pepin_of_Herstal	child	Childebrand_I
Francesco_I_de_Medici_Grand_Duke_of_Tuscany	child	Eleanor_de_Medici
Francesco_I_de_Medici_Grand_Duke_of_Tuscany	child	Marie_de_Medici
Francesco_I_de_Medici_Grand_Duke_of_Tuscany	child	Antonio_de_Medici
Francesco_I_de_Medici_Grand_Duke_of_Tuscany	child	Anna_de_Medici
Elizabeth_Gordon_Countess_of_Huntly	child	Patrick_Gordon_of_Auchindoun
Elizabeth_Gordon_Countess_of_Huntly	child	Jean_Gordon_Countess_of_Bothwell
Elizabeth_Gordon_Countess_of_Huntly	child	George_Gordon_5th_Earl_of_Huntly
Elizabeth_Gordon_Countess_of_Huntly	child	Adam_Gordon_of_Auchindoun
Joan_Countess_of_Ponthieu	child	Eleanor_of_Castile
Sophia_Eleonore_of_Saxony	child	Landgravine_Elisabeth_Amalie_of_Hesse_Darmstadt
Sophia_Eleonore_of_Saxony	child	Marie_Hedwig_of_Hesse_Darmstadt
Sophia_Eleonore_of_Saxony	child	Louis_VI_Landgrave_of_Hesse_Darmstadt
Sophia_Eleonore_of_Saxony	child	Anna_Sophia_II_Abbess_of_Quedlinburg
Sophia_Eleonore_of_Saxony	child	Sophia_Eleonore_of_Hesse_Darmstadt
Louis_IV_Holy_Roman_Emperor	child	Louis_II_Elector_of_Brandenburg
Louis_IV_Holy_Roman_Emperor	child	Otto_V_Duke_of_Bavaria
Louis_IV_Holy_Roman_Emperor	child	Matilda_of_Bavaria_Margravine_of_Meissen
Louis_IV_Holy_Roman_Emperor	child	Beatrice_of_Bavaria
Louis_IV_Holy_Roman_Emperor	child	Albert_I_Duke_of_Bavaria
Louis_IV_Holy_Roman_Emperor	child	William_I_Duke_of_Bavaria
Henry_Count_of_Portugal	child	Afonso_I_of_Portugal
James_IV_of_Scotland	child	James_V_of_Scotland
Ermengarde_of_Hesbaye	child	Pepin_I_of_Aquitaine
Ermengarde_of_Hesbaye	child	Lothair_I
Maria_Teresa_Felicitas_d_Este	child	Louise_Marie_Ad_la_de_de_Bourbon_Duchess_of_Orl_ans
Maria_Teresa_Felicitas_d_Este	child	Louis_Alexandre_Prince_of_Lamballe
Maria_Teresa_Felicitas_d_Este	child	Jean_Marie_Duke_of_Ch_teauvillain
Louise_Marie_Ad_la_de_de_Bourbon_Duchess_of_Orl_ans	child	Louis_Philippe_I
Louise_Marie_Ad_la_de_de_Bourbon_Duchess_of_Orl_ans	child	Louis_Charles_Count_of_Beaujolais
Louise_Marie_Ad_la_de_de_Bourbon_Duchess_of_Orl_ans	child	Ad_la_de_d_Orl_ans
John_the_Fearless	child	Agnes_of_Burgundy_Duchess_of_Bourbon
John_the_Fearless	child	Philip_the_Good
John_the_Fearless	child	Margaret_of_Nevers
Eleanor_of_Aragon_Queen_of_Portugal	child	Afonso_V_of_Portugal
Eleanor_of_Aragon_Queen_of_Portugal	child	Joan_of_Portugal
Eleanor_of_Aragon_Queen_of_Portugal	child	Ferdinand_Duke_of_Viseu
Eleanor_of_Aragon_Queen_of_Portugal	child	Eleanor_of_Portugal_Holy_Roman_Empress
Afonso_III_of_Portugal	child	Sancha_of_Portugal_born_1264
Afonso_III_of_Portugal	child	Afonso_of_Portugal_Lord_of_Portalegre
Afonso_III_of_Portugal	child	Maria_of_Portugal_nun
Afonso_III_of_Portugal	child	Denis_of_Portugal
Afonso_III_of_Portugal	child	Martim_Afonso_Chichorro
Afonso_III_of_Portugal	child	Blanche_of_Portugal_1259_1321
Afonso_III_of_Portugal	child	Urraca_Afonso
Yolanda_Latin_Empress	child	Yolanda_of_Courtenay
Yolanda_Latin_Empress	child	Maria_of_Courtenay
Yolanda_Latin_Empress	child	Margaret_Marchioness_of_Namur
Yolanda_Latin_Empress	child	Baldwin_II_Latin_Emperor
Yolanda_Latin_Empress	child	Henry_II_of_Namur
Yolanda_Latin_Empress	child	Elisabeth_of_Courtenay
Nicolas_Duke_of_Merc_ur	child	Philippe_Emmanuel_Duke_of_Merc_ur
Nicolas_Duke_of_Merc_ur	child	Charles_de_Lorraine_de_Vaud_mont
Nicolas_Duke_of_Merc_ur	child	Henri_de_Lorraine_Chaligny
Bertrade_of_Montfort	child	Fulk_King_of_Jerusalem
Bertrade_of_Montfort	child	Cecile_of_France
Beatrice_of_Silesia	child	Louis_V_Duke_of_Bavaria
Ferdinand_Duke_of_Viseu	child	Eleanor_of_Viseu
Ferdinand_Duke_of_Viseu	child	Isabel_of_Viseu
Ferdinand_Duke_of_Viseu	child	Diogo_Duke_of_Viseu
Antoine_of_Navarre	child	Catherine_de_Bourbon
Maria_Beatrice_of_Savoy	child	Archduchess_Maria_Theresa_of_Austria_Este_1817_1886
Maria_Beatrice_of_Savoy	child	Archduke_Ferdinand_Karl_Viktor_of_Austria_Este
Maria_Beatrice_of_Savoy	child	Francis_V_Duke_of_Modena
Henry_IV_of_France	child	Louis_XIII
Henry_IV_of_France	child	Henrietta_Maria
Henry_IV_of_France	child	Gaston_Duke_of_Orl_ans
Henry_IV_of_France	child	C_sar_Duke_of_Vend_me
Henry_IV_of_France	child	Nicolas_Henri_Duke_of_Orl_ans
Henry_IV_of_France	child	Catherine_Henriette_de_Bourbon
Henry_IV_of_France	child	Christine_of_France
Conrad_I_of_Burgundy	child	Rudolph_III_of_Burgundy
Conrad_I_of_Burgundy	child	Bertha_of_Burgundy
Conrad_I_of_Burgundy	child	Gerberga_of_Burgundy
Ferdinand_Karl_Archduke_of_Austria_Este	child	Francis_IV_Duke_of_Modena
Ferdinand_Karl_Archduke_of_Austria_Este	child	Maria_Ludovika_of_Austria_Este
Ferdinand_Karl_Archduke_of_Austria_Este	child	Archduchess_Maria_Leopoldine_of_Austria_Este
Judith_of_Habsburg	child	Wenceslaus_III_of_Bohemia
Judith_of_Habsburg	child	Anne_of_Bohemia_1290_1313
Margaret_of_Provence	child	Agnes_of_France_Duchess_of_Burgundy
Margaret_of_Provence	child	Robert_Count_of_Clermont
Margaret_of_Provence	child	Isabella_of_France_Queen_of_Navarre
Margaret_of_Provence	child	John_Tristan_Count_of_Valois
Margaret_of_Provence	child	Peter_I_Count_of_Alen_on
Margaret_of_Provence	child	Margaret_of_France_Duchess_of_Brabant
Margaret_of_Provence	child	Louis_of_France_1244_1260
Margaret_of_Provence	child	Blanche_of_France_Infanta_of_Castile
Eleanor_of_Austria	child	Maria_of_Portugal_Duchess_of_Viseu
Robert_Count_of_Clermont	child	Louis_I_Duke_of_Bourbon
Robert_Count_of_Clermont	child	John_of_Charolais
Robert_Count_of_Clermont	child	Count_of_Boulogne
Eadgifu_of_Wessex	child	Louis_IV_of_France
Elisabeth_of_Austria_Queen_of_France	child	Marie_Elisabeth_of_France
Francis_I_of_France	child	Henry_II_of_France
Francis_I_of_France	child	Francis_III_Duke_of_Brittany
Francis_I_of_France	child	Margaret_of_Valois_Duchess_of_Berry
Francis_I_of_France	child	Charles_II_de_Valois_Duke_of_Orl_ans
Francis_I_of_France	child	Madeleine_of_Valois
Frederuna	child	Gisela_of_France
Philip_II_of_France	child	Louis_VIII_of_France
Philip_II_of_France	child	Marie_of_France_Duchess_of_Brabant
Philip_II_of_France	child	Philip_I_Count_of_Boulogne
Charlemagne	child	Pepin_the_Hunchback
Charlemagne	child	Charles_the_Younger
Charlemagne	child	Louis_the_Pious
Charlemagne	child	Pepin_of_Italy
Louis_the_Pious	child	Charles_the_Bald
Louis_the_Pious	child	Louis_the_German
Louis_the_Pious	child	Pepin_I_of_Aquitaine
Louis_the_Pious	child	Lothair_I
Robert_II_Count_of_Dreux	child	Henri_de_Dreux
Robert_II_Count_of_Dreux	child	Robert_III_Count_of_Dreux
Robert_II_Count_of_Dreux	child	Jehan_de_Braine
Robert_II_Count_of_Dreux	child	Philippa_of_Dreux
Louis_Philippe_II_Duke_of_Orl_ans	child	Louis_Philippe_I
Louis_Philippe_II_Duke_of_Orl_ans	child	Louis_Charles_Count_of_Beaujolais
Louis_Philippe_II_Duke_of_Orl_ans	child	Ad_la_de_d_Orl_ans
Jeanne_d_Albret	child	Catherine_de_Bourbon
Jeanne_d_Albret	child	Henry_IV_of_France
Elizabeth_the_Cuman	child	Mary_of_Hungary_Queen_of_Naples
Elizabeth_the_Cuman	child	Anna_of_Hungary_Byzantine_empress
Elizabeth_the_Cuman	child	Andrew_Duke_of_Slavonia
Elizabeth_the_Cuman	child	Ladislaus_IV_of_Hungary
Elizabeth_the_Cuman	child	Elizabeth_of_Hungary_Queen_of_Serbia
Elizabeth_the_Cuman	child	Catherine_of_Hungary_Queen_of_Serbia
Philip_V_of_France	child	Joan_III_Countess_of_Burgundy
Philip_V_of_France	child	Blanche_of_France_nun
Philip_V_of_France	child	Isabella_of_France_Dauphine_of_Viennois
Salomea_of_Berg	child	Dobroniega_Ludgarda_of_Poland
Salomea_of_Berg	child	Agnes_of_Poland
Salomea_of_Berg	child	Judith_of_Poland
Salomea_of_Berg	child	Mieszko_III_the_Old
Salomea_of_Berg	child	Richeza_of_Poland_Queen_of_Sweden
Salomea_of_Berg	child	Casimir_II_the_Just
Marie_of_Anjou	child	Louis_XI
Marie_of_Anjou	child	Magdalena_of_Valois
Marie_of_Anjou	child	Radegonde_of_Valois
Marie_of_Anjou	child	Charles_of_Valois_Duke_of_Berry
Marie_of_Anjou	child	Joan_of_France_Duchess_of_Bourbon
Marie_of_Anjou	child	Yolande_of_Valois
Marie_of_Anjou	child	Catherine_of_France_Countess_of_Charolais
Yolande_of_Aragon	child	Ren__of_Anjou
Yolande_of_Aragon	child	Louis_III_of_Anjou
Yolande_of_Aragon	child	Charles_Count_of_Maine
Robert_I_of_France	child	Hugh_the_Great
Robert_I_of_France	child	Emma_of_France
John_I_of_Castile	child	Ferdinand_I_of_Aragon
John_I_of_Castile	child	Henry_III_of_Castile
Henry_III_of_England	child	Beatrice_of_England
Henry_III_of_England	child	Edward_I_of_England
Henry_III_of_England	child	Margaret_of_England
Henry_III_of_England	child	Edmund_Crouchback
Elizabeth_of_Austria_1436_1505	child	Hedwig_Jagiellon_Duchess_of_Bavaria
Elizabeth_of_Austria_1436_1505	child	Barbara_Jagiellon
Elizabeth_of_Austria_1436_1505	child	Sophia_Jagiellon_Margravine_of_Brandenburg_Ansbach
Elizabeth_of_Austria_1436_1505	child	Anna_Jagiellon_Duchess_of_Pomerania
Elizabeth_of_Austria_1436_1505	child	Sigismund_I_the_Old
Elizabeth_of_Austria_1436_1505	child	Alexander_Jagiellon
Elizabeth_of_Austria_1436_1505	child	Saint_Casimir
Hortense_de_Beauharnais	child	Napoleon_III
Hortense_de_Beauharnais	child	Napol_on_Charles_Bonaparte
Hortense_de_Beauharnais	child	Charles_de_Morny_Duke_of_Morny
Anne_of_Kiev	child	Hugh_Count_of_Vermandois
Louis_VIII_of_France	child	Alphonse_Count_of_Poitiers
Louis_VIII_of_France	child	Charles_I_of_Anjou
Louis_VIII_of_France	child	Isabelle_of_France_saint
Louis_VIII_of_France	child	Robert_I_Count_of_Artois
John_King_of_England	child	Richard_FitzRoy
John_King_of_England	child	Henry_III_of_England
John_King_of_England	child	Eleanor_of_England_Countess_of_Leicester
John_King_of_England	child	Richard_of_Cornwall
John_King_of_England	child	Joan_of_England_Queen_of_Scotland
John_King_of_England	child	Isabella_of_England
Charles_Duke_of_Orl_ans	child	Louis_XII
Charles_Duke_of_Orl_ans	child	Marie_of_Orl_ans_Viscountess_of_Narbonne
Charles_Duke_of_Orl_ans	child	Anne_of_Orl_ans_Abbess_of_Fontevraud
Charles_Duke_of_Orl_ans	child	Joan_of_Valois_Duchess_of_Alen_on
Marie_of_Cleves_Duchess_of_Orl_ans	child	Louis_XII
Marie_of_Cleves_Duchess_of_Orl_ans	child	Marie_of_Orl_ans_Viscountess_of_Narbonne
Marie_of_Cleves_Duchess_of_Orl_ans	child	Anne_of_Orl_ans_Abbess_of_Fontevraud
Eleanor_of_England_Queen_of_Castile	child	Blanche_of_Castile
Eleanor_of_England_Queen_of_Castile	child	Berengaria_of_Castile
Eleanor_of_England_Queen_of_Castile	child	Eleanor_of_Castile_died_1244
Edward_the_Elder	child	Eadgifu_of_Wessex
Edward_the_Elder	child	Edwin_son_of_Edward_the_Elder
Edward_the_Elder	child	_thelstan
Edward_the_Elder	child	Eadburh_of_Winchester
Edward_the_Elder	child	_lfweard_of_Wessex
Edward_the_Elder	child	Edith_of_Polesworth
Maria_Theresa	child	Joseph_II_Holy_Roman_Emperor
Maria_Theresa	child	Marie_Antoinette
Maria_Theresa	child	Archduke_Charles_Joseph_of_Austria_born_1745
Maria_Theresa	child	Ferdinand_Karl_Archduke_of_Austria_Este
Maria_Theresa	child	Archduchess_Maria_Johanna_Gabriela_of_Austria
Maria_Theresa	child	Archduchess_Maria_Josepha_of_Austria
Maria_Theresa	child	Archduchess_Maria_Elisabeth_of_Austria_born_1737
Maria_Theresa	child	Maria_Amalia_Duchess_of_Parma
Maria_Theresa	child	Archduchess_Maria_Anna_of_Austria_born_1738
Maria_Theresa	child	Archduchess_Maria_Carolina_of_Austria_born_1740
Louis_Bonaparte	child	Napoleon_III
Louis_Bonaparte	child	Napol_on_Charles_Bonaparte
Louis_Bonaparte	child	Napol_on_Louis_Bonaparte
Isabella_of_Portugal	child	Maria_of_Austria_Holy_Roman_Empress
Isabella_of_Portugal	child	Joanna_of_Austria_Princess_of_Portugal
Edward_II_of_England	child	Edward_III_of_England
Edward_II_of_England	child	Eleanor_of_Woodstock
Edward_II_of_England	child	John_of_Eltham_Earl_of_Cornwall
Edward_II_of_England	child	Adam_FitzRoy
George_III	child	Ernest_Augustus_King_of_Hanover
George_III	child	Prince_Octavius_of_Great_Britain
George_III	child	George_IV
George_III	child	Prince_Alfred_of_Great_Britain
George_III	child	Princess_Sophia_of_the_United_Kingdom
George_III	child	Princess_Elizabeth_of_the_United_Kingdom
George_III	child	Princess_Mary_Duchess_of_Gloucester_and_Edinburgh
George_III	child	Princess_Amelia_of_the_United_Kingdom
George_III	child	Princess_Augusta_Sophia_of_the_United_Kingdom
George_III	child	Prince_Frederick_Duke_of_York_and_Albany
George_III	child	Charlotte_Princess_Royal
George_III	child	Prince_Adolphus_Duke_of_Cambridge
Elisabeth_of_Nuremberg	child	Margaret_of_the_Palatinate
Elisabeth_of_Nuremberg	child	John_Count_Palatine_of_Neumarkt
Elisabeth_of_Nuremberg	child	Louis_III_Elector_Palatine
Elisabeth_of_Nuremberg	child	Otto_I_Count_Palatine_of_Mosbach
Louis_II_of_Anjou	child	Ren__of_Anjou
Louis_II_of_Anjou	child	Marie_of_Anjou
Louis_II_of_Anjou	child	Charles_Count_of_Maine
Christine_of_Saxony	child	Barbara_of_Hesse
Christine_of_Saxony	child	Elisabeth_of_Hesse_Electress_Palatine
Christine_of_Saxony	child	Louis_IV_Landgrave_of_Hesse_Marburg
Christine_of_Saxony	child	George_I_Landgrave_of_Hesse_Darmstadt
Christine_of_Saxony	child	Christine_of_Hesse
Christine_of_Saxony	child	Agnes_of_Hesse
Christine_of_Saxony	child	William_IV_Landgrave_of_Hesse_Kassel
Christine_of_Saxony	child	Anna_of_Hesse
Alpaida	child	Charles_Martel
Alpaida	child	Childebrand_I
Princess_Augusta_of_Saxe_Gotha	child	Princess_Elizabeth_of_Great_Britain
Princess_Augusta_of_Saxe_Gotha	child	Prince_Frederick_of_Great_Britain
Princess_Augusta_of_Saxe_Gotha	child	Caroline_Matilda_of_Great_Britain
Princess_Augusta_of_Saxe_Gotha	child	Princess_Augusta_of_Great_Britain
Princess_Augusta_of_Saxe_Gotha	child	Prince_Edward_Duke_of_York_and_Albany
Princess_Augusta_of_Saxe_Gotha	child	Princess_Louisa_of_Great_Britain
Francis_I_Duke_of_Lorraine	child	Renata_of_Lorraine
Francis_I_Duke_of_Lorraine	child	Charles_III_Duke_of_Lorraine
Louis_VII_of_France	child	Alys_of_France_Countess_of_Vexin
Louis_VII_of_France	child	Marie_of_France_Countess_of_Champagne
Louis_VII_of_France	child	Alix_of_France
Louis_VII_of_France	child	Agnes_of_France_Byzantine_Empress
Matilda_of_France	child	Rudolph_III_of_Burgundy
Matilda_of_France	child	Bertha_of_Burgundy
Matilda_of_France	child	Gerberga_of_Burgundy
Elisabeth_of_Meissen	child	John_III_Burgrave_of_Nuremberg
Elisabeth_of_Meissen	child	Frederick_I_Elector_of_Brandenburg
Elisabeth_of_Meissen	child	Elisabeth_of_Nuremberg
Elisabeth_of_Meissen	child	Margaret_of_Hohenzoller_Nuremberg
Elisabeth_of_Meissen	child	Beatrice_of_Nuremberg
Louis_VI_of_France	child	Robert_I_Count_of_Dreux
Louis_VI_of_France	child	Philip_of_France_1116_1131
Louis_VI_of_France	child	Philip_of_France_Archdeacon_of_Paris
Louis_VI_of_France	child	Peter_I_of_Courtenay
Louis_VI_of_France	child	Constance_of_France_Countess_of_Toulouse
Peter_I_Duke_of_Brittany	child	John_I_Duke_of_Brittany
Afonso_IV_of_Portugal	child	Peter_I_of_Portugal
Afonso_IV_of_Portugal	child	Maria_of_Portugal_Queen_of_Castile
Afonso_IV_of_Portugal	child	Eleanor_of_Portugal_Queen_of_Aragon
John_I_Duke_of_Lorraine	child	Charles_II_Duke_of_Lorraine
John_I_Duke_of_Lorraine	child	Frederick_I_Count_of_Vaud_mont
Theobald_II_Duke_of_Lorraine	child	Frederick_IV_Duke_of_Lorraine
Eleanor_of_Navarre	child	Margaret_of_Foix
Eleanor_of_Navarre	child	Catherine_of_Foix_Countess_of_Candale
Eleanor_of_Navarre	child	John_of_Foix_Viscount_of_Narbonne
Eleanor_of_Navarre	child	Pierre_de_Foix_le_jeune
Agnes_of_Merania	child	Marie_of_France_Duchess_of_Brabant
John_IV_Duke_of_Brittany	child	Richard_Count_of__tampes
John_IV_Duke_of_Brittany	child	Arthur_III_Duke_of_Brittany
John_IV_Duke_of_Brittany	child	John_V_Duke_of_Brittany
Henry_VII_of_England	child	Arthur_Prince_of_Wales
Henry_VII_of_England	child	Edmund_Tudor_Duke_of_Somerset
Henry_VII_of_England	child	Elizabeth_Tudor_1492_1495
Henry_VII_of_England	child	Henry_VIII
Henry_VII_of_England	child	Mary_Tudor_Queen_of_France
Mar_a_Isabella_of_Spain	child	Charles_Ferdinand_Prince_of_Capua
Mar_a_Isabella_of_Spain	child	Teresa_Cristina_of_the_Two_Sicilies
Mar_a_Isabella_of_Spain	child	Luisa_Carlotta_of_the_Two_Sicilies
Mar_a_Isabella_of_Spain	child	Princess_Maria_Carolina_of_Bourbo_Two_Sicilies_1820_1861
Mar_a_Isabella_of_Spain	child	Prince_Francis_Count_of_Trapani
Mar_a_Isabella_of_Spain	child	Princess_Maria_Antonia_of_the_Two_Sicilies
Mar_a_Isabella_of_Spain	child	Maria_Christina_of_the_Two_Sicilies
Mar_a_Isabella_of_Spain	child	Prince_Louis_Count_of_Aquila
Mar_a_Isabella_of_Spain	child	Prince_Antonio_Count_of_Lecce
Mar_a_Isabella_of_Spain	child	Prince_Leopold_Count_of_Syracuse
Catherine_of_Valois	child	Henry_VI_of_England
Catherine_of_Valois	child	Jasper_Tudor
Catherine_of_Valois	child	Edmund_Tudor_1st_Earl_of_Richmond
Margaret_of_the_Palatinate	child	Isabella_Duchess_of_Lorraine
Margaret_of_the_Palatinate	child	Catherine_of_Lorraine_Margravine_of_Bade_Baden
Margaret_of_Brieg	child	Margaret_of_Bavaria
Margaret_of_Brieg	child	John_III_Duke_of_Bavaria
Margaret_of_Brieg	child	Katherine_of_Bavaria
Margaret_of_Brieg	child	Albert_II_Duke_of_Bavaria
Margaret_of_Brieg	child	Joanna_Sophia_of_Bavaria
Margaret_of_Brieg	child	William_II_Duke_of_Bavaria
Margaret_of_Brieg	child	Joanna_of_Bavaria
Sibylla_of_Anjou	child	Margaret_I_Countess_of_Flanders
Sibylla_of_Anjou	child	Roman_Catholic_Archdiocese_of_Cambrai
Sibylla_of_Anjou	child	Philip_I_Count_of_Flanders
Sibylla_of_Anjou	child	Matthew_Count_of_Boulogne
Sibylla_of_Anjou	child	Gertrude_of_Flanders_Countess_of_Savoy
Princess_Louise_of_Hesse_Darmstadt_1757_1830	child	Charles_Frederick_Grand_Duke_of_Saxe_Weimar_Eisenach
Princess_Louise_of_Hesse_Darmstadt_1757_1830	child	Princess_Caroline_Louise_of_Saxe_Weimar_Eisenach
Princess_Louise_of_Hesse_Darmstadt_1757_1830	child	Prince_Bernhard_of_Saxe_Weimar_Eisenach_1792_1862
James_V_of_Scotland	child	Mary_Queen_of_Scots
James_V_of_Scotland	child	James_Stewart_1st_Earl_of_Moray
James_V_of_Scotland	child	Robert_Stewart_1st_Earl_of_Orkney
Francis_II_Duke_of_Lorraine	child	Charles_IV_Duke_of_Lorraine
Francis_II_Duke_of_Lorraine	child	Nicholas_Francis_Duke_of_Lorraine
Francis_II_Duke_of_Lorraine	child	Marguerite_of_Lorraine
Anne_of_Cyprus	child	Philip_II_Duke_of_Savoy
Anne_of_Cyprus	child	Charlotte_of_Savoy
Anne_of_Cyprus	child	Louis_of_Cyprus
Anne_of_Cyprus	child	Amadeus_IX_Duke_of_Savoy
Anne_of_Cyprus	child	Margaret_of_Savoy_Countess_of_Saint_Pol
Anne_of_Cyprus	child	Bona_of_Savoy
Anne_of_Cyprus	child	Jacques_of_Savoy_Count_of_Romont
Anne_of_Cyprus	child	Marie_of_Savoy_Countess_of_Saint_Pol
Louis_Duke_of_Savoy	child	Philip_II_Duke_of_Savoy
Louis_Duke_of_Savoy	child	Charlotte_of_Savoy
Louis_Duke_of_Savoy	child	Louis_of_Cyprus
Louis_Duke_of_Savoy	child	Amadeus_IX_Duke_of_Savoy
Louis_Duke_of_Savoy	child	Margaret_of_Savoy_Countess_of_Saint_Pol
Louis_Duke_of_Savoy	child	Bona_of_Savoy
Louis_Duke_of_Savoy	child	Jacques_of_Savoy_Count_of_Romont
Louis_Duke_of_Savoy	child	Marie_of_Savoy_Countess_of_Saint_Pol
Alfonso_XI_of_Castile	child	Henry_II_of_Castile
Alfonso_XI_of_Castile	child	Sancho_Alfonso
Alfonso_XI_of_Castile	child	Fadrique_Alfonso
Adolphus_Frederick_II_Duke_of_Mecklenburg_Strelitz	child	Duke_Charles_Louis_Frederick_of_Mecklenburg
Adolphus_Frederick_II_Duke_of_Mecklenburg_Strelitz	child	Adolphus_Frederick_III_Duke_of_Mecklenburg_Strelitz
Adolphus_Frederick_II_Duke_of_Mecklenburg_Strelitz	child	Duchess_Gustave_Caroline_of_Mecklenburg_Strelitz
Bonne_of_Luxembourg	child	Charles_V_of_France
Bonne_of_Luxembourg	child	Louis_I_of_Anjou
Bonne_of_Luxembourg	child	Philip_the_Bold
Bonne_of_Luxembourg	child	Marie_of_France_Duchess_of_Bar
Bonne_of_Luxembourg	child	John_Duke_of_Berry
Bonne_of_Luxembourg	child	Joan_of_Valois_Queen_of_Navarre
Anne_of_Foix_Candale	child	Anne_of_Bohemia_and_Hungary
Anne_of_Foix_Candale	child	Louis_II_of_Hungary
Fran_oise_Marie_de_Bourbon	child	Louis_Duke_of_Orl_ans_1703_1752
Fran_oise_Marie_de_Bourbon	child	Louise__lisabeth_d_Orl_ans
Fran_oise_Marie_de_Bourbon	child	Charlotte_Agla__d_Orl_ans
Fran_oise_Marie_de_Bourbon	child	Louise_Ad_la_de_d_Orl_ans
Fran_oise_Marie_de_Bourbon	child	Louise__lisabeth_Duchess_of_Berry
Fran_oise_Marie_de_Bourbon	child	Louise_Diane_Princess_of_Conti
Maria_Theresa_of_Savoy	child	Louis_Antoine_Duke_of_Angoul_me
Maria_Theresa_of_Savoy	child	Charles_Ferdinand_Duke_of_Berry
Elizabeth_of_Bohemia_1292_1330	child	Bonne_of_Luxembourg
Elizabeth_of_Bohemia_1292_1330	child	Charles_IV_Holy_Roman_Emperor
Elizabeth_of_Bohemia_1292_1330	child	Anne_of_Bohemia_Duchess_of_Austria
Henry_VI_Count_of_Luxembourg	child	Henry_VII_Holy_Roman_Emperor
Henry_VI_Count_of_Luxembourg	child	Baldwin_of_Luxembourg
Philip_II_of_Spain	child	Catalina_Micaela_of_Spain
Philip_II_of_Spain	child	Isabella_Clara_Eugenia
Philip_II_of_Spain	child	Ferdinand_Prince_of_Asturias
Philip_II_of_Spain	child	Carlos_Prince_of_Asturias
Philip_II_of_Spain	child	Diego_Prince_of_Asturias
John_II_Duke_of_Brittany	child	Arthur_II_Duke_of_Brittany
John_II_Duke_of_Brittany	child	Blanche_of_Brittany
John_II_Duke_of_Brittany	child	Marie_of_Brittany_Countess_of_Saint_Pol
John_II_Duke_of_Brittany	child	Eleanor_of_Brittany_abbess
Bertha_of_Holland	child	Louis_VI_of_France
Bertha_of_Holland	child	Constance_of_France_Princess_of_Antioch
Margaret_of_Burgundy_Queen_of_France	child	Joan_II_of_Navarre
Valdemar_I_of_Denmark	child	Valdemar_II_of_Denmark
Valdemar_I_of_Denmark	child	Richeza_of_Denmark
Valdemar_I_of_Denmark	child	Canute_VI_of_Denmark
Valdemar_I_of_Denmark	child	Ingeborg_of_Denmark_Queen_of_France
Ingegerd_Olofsdotter_of_Sweden	child	Elisiv_of_Kiev
Ingegerd_Olofsdotter_of_Sweden	child	Agatha_wife_of_Edward_the_Exile
Ingegerd_Olofsdotter_of_Sweden	child	Anne_of_Kiev
Ingegerd_Olofsdotter_of_Sweden	child	Vsevolod_I_of_Kiev
Ingegerd_Olofsdotter_of_Sweden	child	Igor_Yaroslavich
Ingegerd_Olofsdotter_of_Sweden	child	Sviatoslav_II_of_Kiev
Ingegerd_Olofsdotter_of_Sweden	child	Anastasia_of_Kiev
Ingegerd_Olofsdotter_of_Sweden	child	Vladimir_of_Novgorod
Napoleon	child	Napoleon_II
Arnulf_Count_of_Holland	child	Dirk_III_Count_of_Holland
Dirk_I_Count_of_Holland	child	Dirk_II_Count_of_Holland
Princess_Magdalena_Augusta_of_Anhalt_Zerbst	child	Frederick_III_Duke_of_Saxe_Gotha_Altenburg
Princess_Magdalena_Augusta_of_Anhalt_Zerbst	child	Fredericka_of_Saxe_Gotha_Altenburg
Princess_Magdalena_Augusta_of_Anhalt_Zerbst	child	Prince_John_August_of_Saxe_Gotha_Altenburg
John_I_Duke_of_Brittany	child	John_II_Duke_of_Brittany
John_I_Duke_of_Brittany	child	Alix_of_Brittany_Dame_de_Pontarcy
Lothair_of_France	child	Arnulf_archbishop_of_Reims
Marie_of_France_Duchess_of_Bar	child	Edward_III_Duke_of_Bar
Marie_of_France_Duchess_of_Bar	child	Henry_of_Bar
Marie_of_France_Duchess_of_Bar	child	Violant_of_Bar
Adelaide_of_Aquitaine	child	Robert_II_of_France
Adelaide_of_Aquitaine	child	Gisela_of_France_Countess_of_Ponthieu
Adelaide_of_Aquitaine	child	Hedwig_of_France_Countess_of_Mons
Albert_II_Duke_of_Austria	child	Frederick_III_Duke_of_Austria
Albert_II_Duke_of_Austria	child	Albert_III_Duke_of_Austria
Albert_II_Duke_of_Austria	child	Rudolf_IV_Duke_of_Austria
Margaret_Countess_of_Anjou	child	Joan_of_Valois_Countess_of_Hainaut
Margaret_Countess_of_Anjou	child	Isabelle_Duchess_of_Brittany
Margaret_Countess_of_Anjou	child	Philip_VI_of_France
Margaret_Countess_of_Anjou	child	Margaret_of_Valois_Countess_of_Blois
Margaret_Countess_of_Anjou	child	Charles_II_Count_of_Alen_on
Joanna_of_Castile	child	Isabella_of_Austria
Joanna_of_Castile	child	Ferdinand_I_Holy_Roman_Emperor
Joanna_of_Castile	child	Eleanor_of_Austria
Joanna_of_Castile	child	Charles_V_Holy_Roman_Emperor
Joanna_of_Castile	child	Catherine_of_Austria_Queen_of_Portugal
Joanna_of_Castile	child	Mary_of_Hungary_governor_of_the_Netherlands
George_II_of_Great_Britain	child	Princess_Caroline_Elizabeth_of_Great_Britain
George_II_of_Great_Britain	child	Louise_of_Great_Britain
George_II_of_Great_Britain	child	Princess_Amelia_of_Great_Britain
George_II_of_Great_Britain	child	Anne_Princess_Royal_and_Princess_of_Orange
George_II_of_Great_Britain	child	Prince_George_William_of_Great_Britain
George_II_of_Great_Britain	child	Prince_William_Duke_of_Cumberland
George_II_of_Great_Britain	child	Princess_Mary_of_Great_Britain
Hemma	child	Carloman_of_Bavaria
Hemma	child	Irmgard_of_Chiemsee
Hemma	child	Louis_the_Younger
Infanta_Luisa_Fernanda_Duchess_of_Montpensier	child	Princess_Marie_Isabelle_of_Orl_ans
Infanta_Luisa_Fernanda_Duchess_of_Montpensier	child	Infante_Antonio_Duke_of_Galliera
Infanta_Luisa_Fernanda_Duchess_of_Montpensier	child	Princess_Mar_a_Cristina_of_Orl_ans
Infanta_Luisa_Fernanda_Duchess_of_Montpensier	child	Mercedes_of_Orl_ans
Marie_Louise_Duchess_of_Parma	child	Napoleon_II
Sancho_IV_of_Castile	child	Alfonso_de_Castilla_y_Molina
Sancho_IV_of_Castile	child	Isabella_of_Castile_Queen_of_Aragon
Sancho_IV_of_Castile	child	Philip_of_Castile_Lord_of_Cabrera_and_Ribera
Sancho_IV_of_Castile	child	Peter_of_Castile_Lord_of_Cameros
Ecgberht_King_of_Wessex	child	_thelwulf_King_of_Wessex
John_of_Bohemia	child	Bonne_of_Luxembourg
John_of_Bohemia	child	Nicolaus_of_Luxemburg
John_of_Bohemia	child	Charles_IV_Holy_Roman_Emperor
John_of_Bohemia	child	John_Henry_Margrave_of_Moravia
John_of_Bohemia	child	Anne_of_Bohemia_Duchess_of_Austria
Rurik	child	Igor_of_Kiev
Maria_of_Austria_Holy_Roman_Empress	child	Archduke_Wenceslaus_of_Austria
Maria_of_Austria_Holy_Roman_Empress	child	Albert_VII_Archduke_of_Austria
Maria_of_Austria_Holy_Roman_Empress	child	Rudolf_II_Holy_Roman_Emperor
Maria_of_Austria_Holy_Roman_Empress	child	Matthias_Holy_Roman_Emperor
Maria_of_Austria_Holy_Roman_Empress	child	Maximilian_III_Archduke_of_Austria
Maria_of_Austria_Holy_Roman_Empress	child	Archduke_Ernest_of_Austria
Princess_Caroline_Louise_of_Saxe_Weimar_Eisenach	child	Duchess_Helene_of_Mecklenburg_Schwerin
Boso_the_Elder	child	Hucbert
Beatrice_of_Savoy	child	Margaret_of_Provence
Beatrice_of_Savoy	child	Sanchia_of_Provence
Beatrice_of_Savoy	child	Beatrice_of_Provence
Charles_III_Duke_of_Lorraine	child	Elisabeth_of_Lorraine
Charles_III_Duke_of_Lorraine	child	Francis_II_Duke_of_Lorraine
Charles_III_Duke_of_Lorraine	child	Catherine_of_Lorraine_1573_1648
Charles_III_Duke_of_Lorraine	child	Antonia_of_Lorraine
Isabella_I_of_Castile	child	Maria_of_Aragon_Queen_of_Portugal
Isabella_I_of_Castile	child	John_Prince_of_Asturias
Isabella_I_of_Castile	child	Catherine_of_Aragon
Ferdinand_IV_of_Castile	child	Alfonso_XI_of_Castile
Ferdinand_IV_of_Castile	child	Eleanor_of_Castile_1307_1359
Frederick_III_Duke_of_Lorraine	child	Theobald_II_Duke_of_Lorraine
Constance_of_Castile	child	Alys_of_France_Countess_of_Vexin
Constance_of_Castile	child	Margaret_of_France_Queen_of_England_and_Hungary
Alfonso_VIII_of_Castile	child	Henry_I_of_Castile
Alfonso_VIII_of_Castile	child	Blanche_of_Castile
Alfonso_VIII_of_Castile	child	Berengaria_of_Castile
Alfonso_VIII_of_Castile	child	Eleanor_of_Castile_died_1244
Alfonso_VIII_of_Castile	child	Ferdinand_of_Castile_died_1211
Charlotte_Agla__d_Orl_ans	child	Ercole_III_d_Este_Duke_of_Modena
Charlotte_Agla__d_Orl_ans	child	Princess_Maria_Fortunata_d_Este
Hugh_II_Duke_of_Burgundy	child	Odo_II_Duke_of_Burgundy
Hugh_II_Duke_of_Burgundy	child	Sibylla_of_Burgundy
Blanche_of_Artois	child	Joan_I_of_Navarre
Blanche_of_Artois	child	Henry_3rd_Earl_of_Lancaster
Blanche_of_Artois	child	Thomas_2nd_Earl_of_Lancaster
Margaret_of_Savoy_Countess_of_Saint_Pol	child	Marie_of_Luxembourg_Countess_of_Vend_me
Barbara_Jagiellon	child	Christine_of_Saxony
Barbara_Jagiellon	child	John_Hereditary_Prince_of_Saxony
Barbara_Jagiellon	child	Magdalena_of_Saxony
Barbara_Jagiellon	child	Frederick_Hereditary_Prince_of_Saxony
Peter_II_of_Aragon	child	James_I_of_Aragon
Bona_of_Savoy	child	Gian_Galeazzo_Sforza
Bona_of_Savoy	child	Bianca_Maria_Sforza
Bona_of_Savoy	child	Anna_Sforza
Duchess_Helene_of_Mecklenburg_Schwerin	child	Prince_Philippe_Count_of_Paris
Duchess_Helene_of_Mecklenburg_Schwerin	child	Prince_Robert_Duke_of_Chartres
Ferdinand_Philippe_Duke_of_Orl_ans	child	Prince_Philippe_Count_of_Paris
Ferdinand_Philippe_Duke_of_Orl_ans	child	Prince_Robert_Duke_of_Chartres
Floris_I_Count_of_Holland	child	Bertha_of_Holland
Francis_II_Duke_of_Brittany	child	Anne_of_Brittany
Henry_Stuart_Lord_Darnley	child	James_VI_and_I
Joanna_of_Bourbon	child	Louis_I_Duke_of_Orl_ans
Joanna_of_Bourbon	child	Charles_VI_of_France
Joanna_of_Bourbon	child	Catherine_of_France_Countess_of_Montpensier
Barbara_of_Cilli	child	Elizabeth_of_Luxembourg
Joanna_of_Austria_Grand_Duchess_of_Tuscany	child	Anna_de_Medici
Joanna_of_Austria_Grand_Duchess_of_Tuscany	child	Philip_de_Medici
Louis_Philippe_I_Duke_of_Orl_ans	child	Louis_Philippe_II_Duke_of_Orl_ans
Louis_Philippe_I_Duke_of_Orl_ans	child	Bathilde_d_Orl_ans
Maria_Antonia_Ferdinanda_of_Spain	child	Princess_Maria_Carolina_of_Savoy
Maria_Antonia_Ferdinanda_of_Spain	child	Prince_Maurizio_Duke_of_Montferrat
Maria_Antonia_Ferdinanda_of_Spain	child	Maria_Theresa_of_Savoy
Maria_Antonia_Ferdinanda_of_Spain	child	Charles_Felix_of_Sardinia
Maria_Antonia_Ferdinanda_of_Spain	child	Charles_Emmanuel_IV_of_Sardinia
Maria_Antonia_Ferdinanda_of_Spain	child	Maria_Elisabetta_Carlotta_of_Savoy
Maria_Antonia_Ferdinanda_of_Spain	child	Victor_Emmanuel_I_of_Sardinia
Maria_Antonia_Ferdinanda_of_Spain	child	Maria_Anna_of_Savoy_Duchess_of_Chablais
John_of_Gaunt	child	John_Beaufort_1st_Earl_of_Somerset
John_of_Gaunt	child	Philippa_of_Lancaster
John_of_Gaunt	child	Henry_Beaufort
John_of_Gaunt	child	Catherine_of_Lancaster
John_of_Gaunt	child	Thomas_Beaufort_Duke_of_Exeter
Adelaide_of_Paris	child	Charles_the_Simple
Countess_Palatine_Caroline_of_Zweibr_cken	child	Frederica_Louisa_of_Hesse_Darmstadt
Countess_Palatine_Caroline_of_Zweibr_cken	child	Prince_Christian_of_Hesse_Darmstadt
Countess_Palatine_Caroline_of_Zweibr_cken	child	Princess_Louise_of_Hesse_Darmstadt_1757_1830
Countess_Palatine_Caroline_of_Zweibr_cken	child	Louis_I_Grand_Duke_of_Hesse
Countess_Palatine_Caroline_of_Zweibr_cken	child	Natalia_Alexeievna_Wilhelmina_Louisa_of_Hesse_Darmstadt
Countess_Palatine_Caroline_of_Zweibr_cken	child	Princess_Caroline_of_Hesse_Darmstadt
Mary_Tudor_Queen_of_France	child	Henry_Brandon_1st_Earl_of_Lincoln
Mary_Tudor_Queen_of_France	child	Eleanor_Clifford_Countess_of_Cumberland
Mary_Tudor_Queen_of_France	child	Frances_Grey_Duchess_of_Suffolk
Odo_III_Duke_of_Burgundy	child	Hugh_IV_Duke_of_Burgundy
Adela_of_Champagne	child	Philip_II_of_France
Adela_of_Champagne	child	Agnes_of_France_Byzantine_Empress
Fulk_IV_Count_of_Anjou	child	Fulk_King_of_Jerusalem
Fulk_IV_Count_of_Anjou	child	Ermengarde_of_Anjou_d._1146
Fulk_IV_Count_of_Anjou	child	Geoffrey_IV_Count_of_Anjou
Robert_II_Duke_of_Burgundy	child	Joan_the_Lame
Robert_II_Duke_of_Burgundy	child	Odo_IV_Duke_of_Burgundy
Robert_II_Duke_of_Burgundy	child	Hugh_V_Duke_of_Burgundy
Robert_II_Duke_of_Burgundy	child	Blanche_of_Burgundy_Countess_of_Savoy
Robert_II_Duke_of_Burgundy	child	Margaret_of_Burgundy_Queen_of_France
Robert_II_Duke_of_Burgundy	child	Louis_of_Burgundy
James_I_Count_of_La_Marche	child	John_I_Count_of_La_Marche
James_I_Count_of_La_Marche	child	Isabelle_de_Bourbon
James_I_Count_of_La_Marche	child	Peter_II_Count_of_La_Marche
Letizia_Bonaparte	child	J_r_me_Bonaparte
Letizia_Bonaparte	child	Louis_Bonaparte
Letizia_Bonaparte	child	Napoleon
Letizia_Bonaparte	child	Pauline_Bonaparte
Letizia_Bonaparte	child	Joseph_Bonaparte
Letizia_Bonaparte	child	Elisa_Bonaparte
Letizia_Bonaparte	child	Lucien_Bonaparte
Letizia_Bonaparte	child	Caroline_Bonaparte
Charles_Ferdinand_Duke_of_Berry	child	Henri_Count_of_Chambord
Charles_Ferdinand_Duke_of_Berry	child	Princess_Louise_d_Artois
Charles_the_Bold	child	Mary_of_Burgundy
Elizabeth_Woodville	child	Richard_of_Shrewsbury_Duke_of_York
Elizabeth_Woodville	child	Elizabeth_of_York
Elizabeth_Woodville	child	Thomas_Grey_1st_Marquess_of_Dorset
Elizabeth_Woodville	child	Cecily_of_York
Elizabeth_Woodville	child	Edward_V_of_England
Elizabeth_Woodville	child	Anne_of_York_daughter_of_Edward_IV
Denis_of_Portugal	child	Afonso_IV_of_Portugal
Violant_of_Bar	child	Yolande_of_Aragon
Richeza_of_Poland_Queen_of_Sweden	child	Sophia_of_Minsk
Richeza_of_Poland_Queen_of_Sweden	child	Canute_V_of_Denmark
Louise__lisabeth_of_France	child	Maria_Luisa_of_Parma
Louise__lisabeth_of_France	child	Ferdinand_Duke_of_Parma
Eleanor_of_Alburquerque	child	John_II_of_Aragon
Eleanor_of_Alburquerque	child	Alfonso_V_of_Aragon
Eleanor_of_Alburquerque	child	Eleanor_of_Aragon_Queen_of_Portugal
Eleanor_of_Alburquerque	child	Peter_of_Aragon_Count_of_Alburquerque
Eleanor_of_Alburquerque	child	Henry_Duke_of_Villena
Eleanor_of_Alburquerque	child	Maria_of_Aragon_Queen_of_Castile
Gerard_Duke_of_Lorraine	child	Theodoric_II_Duke_of_Lorraine
Estrid_of_the_Obotrites	child	Anund_Jacob
Maria_Christina_of_the_Two_Sicilies	child	Agust_n_Mar_a_Mu_oz_y_Borb_n_1st_Duke_of_Taranc_n
Maria_Christina_of_the_Two_Sicilies	child	Infanta_Luisa_Fernanda_Duchess_of_Montpensier
Maria_Christina_of_the_Two_Sicilies	child	Mar_a_Cristina_Mu_oz_y_Borb_n_Marquise_of_la_Isabela
Isabella_of_Bourbon	child	Mary_of_Burgundy
Theobald_I_Count_of_Blois	mother	Richende_De_Bourges
Leopold_Duke_of_Lorraine	mother	Eleonore_of_Austria_Queen_of_Poland
Afonso_II_of_Portugal	mother	Dulce_of_Aragon
Charles_Emmanuel_III_of_Sardinia	mother	Anne_Marie_d_Orl_ans
Philip_IV_of_Spain	mother	Margaret_of_Austria_Queen_of_Spain
Margaret_of_Austria_Queen_of_Spain	mother	Maria_Anna_of_Bavaria_born_1551
Charles_Count_of_Valois	mother	Isabella_of_Aragon_Queen_of_France
Isabella_of_Valois_Duchess_of_Bourbon	mother	Mahaut_of_Ch_tillon
Henry_II_of_Castile	mother	Eleanor_de_Guzm_n
Albert_I_of_Germany	mother	Gertrude_of_Hohenberg
Matthias_I_Duke_of_Lorraine	mother	Adelaide_of_Leuven
Frederick_II_Duke_of_Lorraine	mother	Wierzchoslawa_Ludmilla_of_Greater_Poland
Henry_II_of_England	mother	Empress_Matilda
Frederick_Prince_of_Wales	mother	Caroline_of_Ansbach
Maria_Beatrice_d_Este_Duchess_of_Massa	mother	Maria_Teresa_Cybo_Malaspina_Duchess_of_Massa
Rudolph_of_France	mother	Adelaide_of_Auxerre_born_c._870
Ren__II_Duke_of_Lorraine	mother	Yolande_Duchess_of_Lorraine
Antoine_Duke_of_Lorraine	mother	Philippa_of_Guelders
Henry_the_Fowler	mother	Hedwig_of_Babenberg
Gerberga_of_Saxony	mother	Matilda_of_Ringelheim
Mary_of_Guise	mother	Antoinette_of_Bourbon
Isabella_Duchess_of_Lorraine	mother	Margaret_of_the_Palatinate
Louis_XV	mother	Marie_Ad_la_de_of_Savoy
Louis_Duke_of_Burgundy	mother	Maria_Anna_Victoria_of_Bavaria
Alice_Holland_Countess_of_Kent	mother	Eleanor_of_Lancaster
Eleanor_of_Lancaster	mother	Maud_Chaworth
Berenguer_Ramon_I_Count_of_Barcelona	mother	Ermesinde_of_Carcassonne
Margaret_Stewart_Dauphine_of_France	mother	Joan_Beaufort_Queen_of_Scots
Francis_I_Holy_Roman_Emperor	mother	_lisabeth_Charlotte_d_Orl_ans
Edward_I_of_England	mother	Eleanor_of_Provence
Leopold_II_Holy_Roman_Emperor	mother	Maria_Theresa
Marie_Ad_la_de_of_Savoy	mother	Anne_Marie_d_Orl_ans
Odo_of_France	mother	Adelaide_of_Tours
Henry_I_Count_of_Champagne	mother	Matilda_of_Carinthia
Louis_Philippe_I	mother	Louise_Marie_Ad_la_de_de_Bourbon_Duchess_of_Orl_ans
Philip_I_of_France	mother	Anne_of_Kiev
Henrietta_of_England	mother	Henrietta_Maria
Lorenzo_de_Medici_Duke_of_Urbino	mother	Alfonsina_Orsini
Blanche_of_Navarre_Queen_of_France	mother	Joan_II_of_Navarre
Philip_III_of_Navarre	mother	Margaret_of_Artois
Sancho_I_of_Portugal	mother	Matilda_of_Savoy_Queen_of_Portugal
Maria_Josepha_of_Austria	mother	Wilhelmine_Amalie_of_Brunswick
Ramon_Berenguer_IV_Count_of_Barcelona	mother	Douce_I_Countess_of_Provence
Ramon_Berenguer_III_Count_of_Barcelona	mother	Maud_of_Apulia
Afonso_V_of_Portugal	mother	Eleanor_of_Aragon_Queen_of_Portugal
Edward_King_of_Portugal	mother	Philippa_of_Lancaster
Francis_II_Holy_Roman_Emperor	mother	Maria_Luisa_of_Spain
Philip_II_Duke_of_Savoy	mother	Anne_of_Cyprus
John_II_of_France	mother	Joan_the_Lame
Joan_the_Lame	mother	Agnes_of_France_Duchess_of_Burgundy
Louis_Dauphin_of_France_son_of_Louis_XIV	mother	Maria_Theresa_of_Spain
Princess_Marie_Isabelle_of_Orl_ans	mother	Infanta_Luisa_Fernanda_Duchess_of_Montpensier
Antoine_Duke_of_Montpensier	mother	Maria_Amalia_of_Naples_and_Sicily
Joan_II_of_Navarre	mother	Margaret_of_Burgundy_Queen_of_France
Charles_IV_of_France	mother	Joan_I_of_Navarre
Magdalene_Sibylle_of_Prussia	mother	Marie_Eleonore_of_Cleves
Marie_Eleonore_of_Cleves	mother	Maria_of_Austria_Duchess_of_J_lich_Cleves_Berg
Victor_Amadeus_II_of_Sardinia	mother	Marie_Jeanne_Baptiste_of_Savoy_Nemours
Ferdinand_I_of_the_Two_Sicilies	mother	Maria_Amalia_of_Saxony
Alfonso_II_of_Aragon	mother	Petronilla_of_Aragon
Charles_Martel	mother	Alpaida
Marie_Countess_of_Ponthieu	mother	Alys_of_France_Countess_of_Vexin
Louis_I_Duke_of_Orl_ans	mother	Joanna_of_Bourbon
Charles_V_of_France	mother	Bonne_of_Luxembourg
William_X_Duke_of_Aquitaine	mother	Philippa_Countess_of_Toulouse
Eleanor_of_Provence	mother	Beatrice_of_Savoy
Charles_Emmanuel_II_Duke_of_Savoy	mother	Christine_of_France
John_II_of_Aragon	mother	Eleanor_of_Alburquerque
James_III_of_Scotland	mother	Mary_of_Guelders
Philippa_of_Hainault	mother	Joan_of_Valois_Countess_of_Hainaut
Joan_of_Valois_Countess_of_Hainaut	mother	Margaret_Countess_of_Anjou
Liudolf_Margrave_of_Frisia	mother	Gisela_of_Swabia
Clementia_of_Hungary	mother	Clemence_of_Austria
Charles_the_Simple	mother	Adelaide_of_Paris
Countess_Palatine_Dorothea_Sophie_of_Neuburg	mother	Landgravine_Elisabeth_Amalie_of_Hesse_Darmstadt
Elisabeth_Farnese	mother	Countess_Palatine_Dorothea_Sophie_of_Neuburg
Ermentrude_of_Orl_ans	mother	Engeltrude_de_F_zensac
Magnus_II_Duke_of_Brunswic_L_neburg	mother	Sophia_of_Brandenburg
Beatrice_of_Portugal_died_1381	mother	In_s_de_Castro
Victor_Amadeus_I_Duke_of_Savoy	mother	Catalina_Micaela_of_Spain
Mary_of_Burgundy_Duchess_of_Cleves	mother	Margaret_of_Bavaria
Dirk_III_Count_of_Holland	mother	Lutgardis_of_Luxemburg
Alfonso_X_of_Castile	mother	Elisabeth_of_Swabia
Louis_Duke_of_Orl_ans_1703_1752	mother	Fran_oise_Marie_de_Bourbon
Landgravine_Elisabeth_Amalie_of_Hesse_Darmstadt	mother	Sophia_Eleonore_of_Saxony
James_II_of_Scotland	mother	Joan_Beaufort_Queen_of_Scots
Willa_of_Tuscany	mother	Willa_of_Burgundy
Frederick_III_Holy_Roman_Emperor	mother	Cymburgis_of_Masovia
Maria_Luisa_of_Spain	mother	Maria_Amalia_of_Saxony
Charles_III_of_Spain	mother	Elisabeth_Farnese
Maria_Theresa_of_Spain	mother	Elisabeth_of_France_1602_1644
Henry_the_Lion	mother	Gertrude_of_S_pplingenburg
Otto_IV_Count_of_Burgundy	mother	Adelaide_Countess_of_Burgundy
Isabel_of_Barcelos	mother	Beatriz_Pereira_de_Alvim
Ferdinand_II_of_Aragon	mother	Juana_Enr_quez
Hugh_of_Italy	mother	Bertha_daughter_of_Lothair_II
Rudolph_II_of_Burgundy	mother	Guilla_of_Provence
Eug_nie_de_Montijo	mother	Mar_a_Manuela_Kirkpatrick_de_Grevign_e
Clemence_of_Austria	mother	Gertrude_of_Hohenberg
Peter_I_Duke_of_Bourbon	mother	Mary_of_Avesnes
Charles_VI_of_France	mother	Joanna_of_Bourbon
Henry_V_of_England	mother	Mary_de_Bohun
Joan_of__vreux	mother	Margaret_of_Artois
Louis_Count_of__vreux	mother	Marie_of_Brabant_Queen_of_France
Otto_I_Duke_of_Brunswic_L_neburg	mother	Helena_of_Denmark
A_nor_de_Ch_tellerault	mother	Dangereuse_de_l_Isle_Bouchard
Claude_of_France	mother	Anne_of_Brittany
Louis_I_Duke_of_Bourbon	mother	Beatrice_of_Burgundy_Lady_of_Bourbon
Marie_Antoinette	mother	Maria_Theresa
Charles_X	mother	Maria_Josepha_of_Saxony_Dauphine_of_France
Margaret_of_Bourbon_1438_1483	mother	Agnes_of_Burgundy_Duchess_of_Bourbon
Maria_Theresa_of_Austria_Este_Queen_of_Sardinia	mother	Maria_Beatrice_d_Este_Duchess_of_Massa
Fulk_King_of_Jerusalem	mother	Bertrade_of_Montfort
Geoffrey_Plantagenet_Count_of_Anjou	mother	Ermengarde_Countess_of_Maine
Catherine_de_Medici	mother	Madeleine_de_La_Tour_d_Auvergne
Henry_III_of_France	mother	Catherine_de_Medici
Edward_III_of_England	mother	Isabella_of_France
Victor_Amadeus_III_of_Sardinia	mother	Polyxena_of_Hesse_Rotenburg
Louis_XII	mother	Marie_of_Cleves_Duchess_of_Orl_ans
Philip_I_of_Castile	mother	Mary_of_Burgundy
Frederick_II_Count_of_Vaud_mont	mother	Marie_Countess_of_Harcourt
Alfonso_IX_of_Le_n	mother	Urraca_of_Portugal
James_I_of_Scotland	mother	Anabella_Drummond
Louis_XI	mother	Marie_of_Anjou
Henry_IV_of_England	mother	Blanche_of_Lancaster
Mary_de_Bohun	mother	Joan_Fitzalan_Countess_of_Hereford
Peter_I_of_Portugal	mother	Beatrice_of_Castile_1293_1359
Jacquetta_of_Luxembourg	mother	Margaret_of_Baux
Ernest_Augustus_Elector_of_Hanover	mother	Anna_Eleonore_of_Hesse_Darmstadt
Margaret_of_Anjou	mother	Isabella_Duchess_of_Lorraine
Charlotte_of_Bourbon_Queen_of_Cyprus	mother	Catherine_of_Vend_me
Anne_of_Bohemia_and_Hungary	mother	Anne_of_Foix_Candale
Louis_IV_of_France	mother	Eadgifu_of_Wessex
Saint_Margaret_of_Scotland	mother	Agatha_wife_of_Edward_the_Exile
Arnulf_I_Count_of_Flanders	mother	_lfthryth_Countess_of_Flanders
Charles_the_Bald	mother	Judith_of_Bavaria_died_843
Rudolph_Duke_of_Lorraine	mother	Elisabeth_of_Austria_Duchess_of_Lorraine
John_I_of_Portugal	mother	Teresa_Louren_o
Odo_IV_Duke_of_Burgundy	mother	Agnes_of_France_Duchess_of_Burgundy
Joan_III_Countess_of_Burgundy	mother	Joan_II_Countess_of_Burgundy
Isabeau_of_Bavaria	mother	Taddea_Visconti
Elisabeth_of_France_1602_1644	mother	Marie_de_Medici
William_I_Count_of_Hainaut	mother	Philippa_of_Luxembourg
Yolanda_of_Courtenay	mother	Yolanda_Latin_Empress
Baldwin_II_Count_of_Hainaut	mother	Richilde_Countess_of_Hainaut
Adelaide_of_Auxerre_born_c._870	mother	Waldrada_of_Worms
Maria_Amalia_of_Naples_and_Sicily	mother	Maria_Carolina_of_Austria
Marie_of_Brabant_Queen_of_France	mother	Adelaide_of_Burgundy_Duchess_of_Brabant
Charles_Emmanuel_I_Duke_of_Savoy	mother	Margaret_of_Valois_Duchess_of_Berry
Maria_Amalia_of_Saxony	mother	Maria_Josepha_of_Austria
Isabella_of_Hainault	mother	Margaret_I_Countess_of_Flanders
Margaret_I_Countess_of_Flanders	mother	Sibylla_of_Anjou
Maria_Theresa_of_Naples_and_Sicily	mother	Maria_Carolina_of_Austria
Charles_VII_of_France	mother	Isabeau_of_Bavaria
Charles_IX_of_France	mother	Catherine_de_Medici
Francis_II_of_France	mother	Catherine_de_Medici
Margaret_of_Brabant	mother	Margaret_of_Flanders_Duchess_of_Brabant
Philip_III_of_France	mother	Margaret_of_Provence
Baldwin_II_Margrave_of_Flanders	mother	Judith_of_Flanders
Margaret_of_Bavaria	mother	Margaret_of_Brieg
Violant_of_Hungary	mother	Yolanda_of_Courtenay
Ferdinand_II_of_Le_n	mother	Berengaria_of_Barcelona
Isabella_of_Aragon_Queen_of_France	mother	Violant_of_Hungary
Reginald_I_Count_of_Burgundy	mother	Ermentrude_de_Roucy
Ferdinand_I_of_Aragon	mother	Eleanor_of_Aragon_Queen_of_Castile
Robert_I_Duke_of_Burgundy	mother	Constance_of_Arles
Frederick_I_Duke_of_Lorraine	mother	Bertha_Duchess_of_Lorraine
Robert_III_of_Scotland	mother	Elizabeth_Mure
Louis_the_Stammerer	mother	Ermentrude_of_Orl_ans
Rudolph_I_of_Burgundy	mother	Waldrada_of_Worms
Philippe_I_Duke_of_Orl_ans	mother	Anne_of_Austria
Sophia_of_Minsk	mother	Richeza_of_Poland_Queen_of_Sweden
Ferdinand_III_of_Castile	mother	Berengaria_of_Castile
Maria_of_Aragon_Queen_of_Portugal	mother	Isabella_I_of_Castile
Adolphus_Frederick_I_Duke_of_Mecklenburg_Schwerin	mother	Sophia_of_Holstei_Gottorp
Henry_III_Duke_of_Brabant	mother	Maria_of_Swabia
Adelaide_of_Maurienne	mother	Gisela_of_Burgundy_Marchioness_of_Montferrat
Madeleine_de_La_Tour_d_Auvergne	mother	Jeanne_de_Bourbon_Duchess_of_Bourbon
Emmanuel_Philibert_Duke_of_Savoy	mother	Beatrice_of_Portugal_Duchess_of_Savoy
Philip_V_of_Spain	mother	Maria_Anna_Victoria_of_Bavaria
Charlotte_of_Mecklenburg_Strelitz	mother	Princess_Elisabeth_Albertine_of_Saxe_Hildburghausen
Blanche_of_Castile	mother	Eleanor_of_England_Queen_of_Castile
Maximilian_I_Holy_Roman_Emperor	mother	Eleanor_of_Portugal_Holy_Roman_Empress
Theobald_III_Count_of_Champagne	mother	Marie_of_France_Countess_of_Champagne
Louis_XVIII	mother	Maria_Josepha_of_Saxony_Dauphine_of_France
Maria_Josepha_of_Saxony_Dauphine_of_France	mother	Maria_Josepha_of_Austria
Henrietta_Maria	mother	Marie_de_Medici
Hugh_the_Great	mother	Beatrice_of_Vermandois
Louis_the_German	mother	Ermengarde_of_Hesbaye
Charles_the_Fat	mother	Hemma
Hugh_Capet	mother	Hedwig_of_Saxony
Theobald_I_of_Navarre	mother	Blanche_of_Navarre_Countess_of_Champagne
Marie_Caroline_of_Bourbo_Two_Sicilies_Duchess_of_Berry	mother	Archduchess_Maria_Clementina_of_Austria
Archduchess_Anna_of_Austria	mother	Anne_of_Bohemia_and_Hungary
Louis_I_of_Anjou	mother	Bonne_of_Luxembourg
Charlotte_of_Savoy	mother	Anne_of_Cyprus
Eleanor_of_Aquitaine	mother	A_nor_de_Ch_tellerault
Benedicta_Henrietta_of_the_Palatinate	mother	Anne_Gonzaga
Mary_Queen_of_Scots	mother	Mary_of_Guise
Anne_of_Brittany	mother	Margaret_of_Foix
Humbert_II_Count_of_Savoy	mother	Joan_of_Geneva
Pepin_the_Short	mother	Rotrude_of_Hesbaye
Rozala_of_Italy	mother	Willa_of_Tuscany
Baldwin_III_Count_of_Flanders	mother	Adele_of_Vermandois
Alfred_the_Great	mother	Osburh
Baldwin_VI_Count_of_Flanders	mother	Adela_of_France
Isabella_of_France	mother	Joan_I_of_Navarre
Joan_I_of_Navarre	mother	Blanche_of_Artois
Elisabeth_Christine_of_Brunswic_Wolfenb_ttel	mother	Princess_Christine_Louise_of_Oettinge_Oettingen
Berengaria_of_Barcelona	mother	Douce_I_Countess_of_Provence
Alys_of_France_Countess_of_Vexin	mother	Constance_of_Castile
Catherine_of_Vend_me	mother	Joan_of_Ponthieu_Dame_of_Epernon
Charles_Duke_of_Vend_me	mother	Marie_of_Luxembourg_Countess_of_Vend_me
Margaret_of_Foix	mother	Eleanor_of_Navarre
Prince_Philippe_Count_of_Paris	mother	Duchess_Helene_of_Mecklenburg_Schwerin
Robert_II_of_France	mother	Adelaide_of_Aquitaine
Adelaide_of_Burgundy_Duchess_of_Brabant	mother	Yolande_of_Dreux_Duchess_of_Burgundy
Hugh_IV_Duke_of_Burgundy	mother	Alice_of_Vergy
Elizabeth_of_Luxembourg	mother	Barbara_of_Cilli
George_Duke_of_Brunswic_Calenberg	mother	Dorothea_of_Denmark_Duchess_of_Brunswic_L_neburg
Simon_I_Duke_of_Lorraine	mother	Hedwig_of_Formbach
Maximilian_II_Holy_Roman_Emperor	mother	Anne_of_Bohemia_and_Hungary
Baldwin_V_Count_of_Flanders	mother	Ogive_of_Luxembourg
Anna_of_Holstei_Gottorp	mother	Christine_of_Hesse
Anne_Gonzaga	mother	Catherine_of_Mayenne
Otto_II_Duke_of_Bavaria	mother	Ludmilla_of_Bohemia
Anna_Maria_of_Mecklenburg_Schwerin	mother	Anna_Maria_of_Ostfriesland
Ramon_Berenguer_IV_Count_of_Provence	mother	Garsenda_Countess_of_Forcalquier
Stephen_II_Duke_of_Bavaria	mother	Beatrice_of_Silesia
Louis_XVI	mother	Maria_Josepha_of_Saxony_Dauphine_of_France
Marie_Th_r_se_of_France	mother	Marie_Antoinette
Henry_VI_of_England	mother	Catherine_of_Valois
Mary_of_Hungary_Queen_of_Naples	mother	Elizabeth_the_Cuman
William_VIII_Duke_of_Aquitaine	mother	Agnes_of_Burgundy_Duchess_of_Aquitaine
Richard_Count_of__tampes	mother	Joan_of_Navarre_Queen_of_England
John_VII_Duke_of_Mecklenburg_Schwerin	mother	Anna_Sophia_of_Prussia
Margaret_of_Valois_Angoul_me	mother	Louise_of_Savoy
Countess_Sophia_Albertine_of_Erbach_Erbach	mother	Countess_Amalia_Katharina_of_Waldeck
Pepin_of_Herstal	mother	Begga
Francesco_I_de_Medici_Grand_Duke_of_Tuscany	mother	Eleanor_of_Toledo
Joan_Countess_of_Ponthieu	mother	Marie_Countess_of_Ponthieu
William_V_Duke_of_Aquitaine	mother	Emma_of_Blois
Sophia_Eleonore_of_Saxony	mother	Magdalene_Sibylle_of_Prussia
John_I_Count_of_Hainaut	mother	Margaret_II_Countess_of_Flanders
Louis_III_of_France	mother	Ansgarde_of_Burgundy
Albert_I_Duke_of_Brunswic_L_neburg	mother	Matilda_of_Brandenburg_Duchess_of_Brunswic_L_neburg
James_IV_of_Scotland	mother	Margaret_of_Denmark_Queen_of_Scotland
Philip_VI_of_France	mother	Margaret_Countess_of_Anjou
Maria_Teresa_Felicitas_d_Este	mother	Charlotte_Agla__d_Orl_ans
Louise_Marie_Ad_la_de_de_Bourbon_Duchess_of_Orl_ans	mother	Maria_Teresa_Felicitas_d_Este
John_the_Fearless	mother	Margaret_III_Countess_of_Flanders
Eleanor_of_Aragon_Queen_of_Portugal	mother	Eleanor_of_Alburquerque
Afonso_III_of_Portugal	mother	Urraca_of_Castile_Queen_of_Portugal
Yolanda_Latin_Empress	mother	Margaret_I_Countess_of_Flanders
Nicolas_Duke_of_Merc_ur	mother	Ren_e_of_Bourbon
Matthew_Stewart_2nd_Earl_of_Lennox	mother	Margaret_Boswell
Blanche_of_Burgundy	mother	Mahaut_Countess_of_Artois
William_IV_Duke_of_Aquitaine	mother	Gerloc
Ferdinand_Duke_of_Viseu	mother	Eleanor_of_Aragon_Queen_of_Portugal
Margaret_of_Artois	mother	Blanche_of_Brittany
Taddea_Visconti	mother	Beatrice_Regina_della_Scala
Otto_William_Count_of_Burgundy	mother	Gerberga_of_M_con
Maria_Beatrice_of_Savoy	mother	Maria_Theresa_of_Austria_Este_Queen_of_Sardinia
Henry_IV_of_France	mother	Jeanne_d_Albret
Conrad_I_of_Burgundy	mother	Bertha_of_Swabia
Baldwin_III_Count_of_Hainaut	mother	Ida_Countess_of_Hainaut
Ferdinand_Karl_Archduke_of_Austria_Este	mother	Maria_Theresa
Judith_of_Habsburg	mother	Gertrude_of_Hohenberg
Margaret_of_Provence	mother	Beatrice_of_Savoy
Odo_I_Count_of_Blois	mother	Luitgarde_of_Vermandois
Bertha_of_Burgundy	mother	Matilda_of_France
Eleanor_of_Austria	mother	Joanna_of_Castile
Robert_Count_of_Clermont	mother	Margaret_of_Provence
Eadgifu_of_Wessex	mother	_lffl_d_wife_of_Edward_the_Elder
Elisabeth_of_Austria_Queen_of_France	mother	Maria_of_Austria_Holy_Roman_Empress
Philip_II_of_France	mother	Adela_of_Champagne
Ernest_Duke_of_Austria	mother	Viridis_Visconti
Robert_II_Count_of_Dreux	mother	Agnes_de_Baudemont_Countess_of_Braine
Catherine_of_Foix_Countess_of_Candale	mother	Eleanor_of_Navarre
Yolande_of_Aragon	mother	Violant_of_Bar
John_I_of_Castile	mother	Juana_Manuel
Albert_Azzo_II_Margrave_of_Milan	mother	Adela_of_Milan
Henry_III_of_England	mother	Isabella_of_Angoul_me
Elizabeth_of_Austria_1436_1505	mother	Elizabeth_of_Luxembourg
Anne_of_Kiev	mother	Ingegerd_Olofsdotter_of_Sweden
Louis_VIII_of_France	mother	Isabella_of_Hainault
John_King_of_England	mother	Eleanor_of_Aquitaine
Otto_I_Duke_of_Bavaria	mother	Heilika_of_Lengenfeld
Louis_XVII	mother	Marie_Antoinette
Charles_Duke_of_Orl_ans	mother	Valentina_Visconti_Duchess_of_Orl_ans
Marie_of_Cleves_Duchess_of_Orl_ans	mother	Mary_of_Burgundy_Duchess_of_Cleves
Eleanor_of_England_Queen_of_Castile	mother	Eleanor_of_Aquitaine
Maria_Theresa	mother	Elisabeth_Christine_of_Brunswic_Wolfenb_ttel
Isabella_of_Portugal	mother	Maria_of_Aragon_Queen_of_Portugal
Edward_II_of_England	mother	Eleanor_of_Castile
George_III	mother	Princess_Augusta_of_Saxe_Gotha
Elisabeth_of_Nuremberg	mother	Elisabeth_of_Meissen
Galeazzo_Maria_Sforza	mother	Bianca_Maria_Visconti
Henry_II_Duke_of_Brabant	mother	Matilda_of_Boulogne_Duchess_of_Brabant
Baldwin_V_Count_of_Hainaut	mother	Alice_of_Namur
Maria_of_Austria_Duchess_of_J_lich_Cleves_Berg	mother	Anne_of_Bohemia_and_Hungary
Louis_II_of_Anjou	mother	Marie_of_Blois_Duchess_of_Anjou
Christine_of_Saxony	mother	Barbara_Jagiellon
Hugh_Magnus	mother	Constance_of_Arles
Princess_Augusta_of_Saxe_Gotha	mother	Princess_Magdalena_Augusta_of_Anhalt_Zerbst
Francis_I_Duke_of_Lorraine	mother	Ren_e_of_Bourbon
Arnulf_II_Count_of_Flanders	mother	Matilda_of_Saxony_countess_of_Flanders
Matilda_of_France	mother	Gerberga_of_Saxony
Elisabeth_of_Meissen	mother	Matilda_of_Bavaria_Margravine_of_Meissen
Louis_VI_of_France	mother	Bertha_of_Holland
Henry_the_Middle_Duke_of_Brunswic_L_neburg	mother	Anna_of_Nassau_Dillenburg
Henry_IX_Duke_of_Bavaria	mother	Judith_of_Flanders_died_1095
Afonso_IV_of_Portugal	mother	Elizabeth_of_Portugal
John_I_Duke_of_Lorraine	mother	Marie_de_Ch_tillon_1323_1363
Henry_VII_of_England	mother	Lady_Margaret_Beaufort
Mar_a_Isabella_of_Spain	mother	Maria_Luisa_of_Parma
Welf_I_Duke_of_Bavaria	mother	Kunigunde_of_Altdorf
Napoleon_II	mother	Marie_Louise_Duchess_of_Parma
William_of_Winchester_Lord_of_Lunenburg	mother	Matilda_of_England_Duchess_of_Saxony
Jeanne_de_Bourbon_Duchess_of_Bourbon	mother	Isabelle_de_Beauvau
Catherine_of_Valois	mother	Isabeau_of_Bavaria
Margaret_of_the_Palatinate	mother	Elisabeth_of_Nuremberg
Sibylla_of_Anjou	mother	Ermengarde_Countess_of_Maine
Sophia_of_Saxe_Weissenfels_Princess_of_Anhalt_Zerbst	mother	Anna_Maria_of_Mecklenburg_Schwerin
Princess_Louise_of_Hesse_Darmstadt_1757_1830	mother	Countess_Palatine_Caroline_of_Zweibr_cken
James_V_of_Scotland	mother	Margaret_Tudor
Mahaut_Countess_of_Artois	mother	Amicie_de_Courtenay
Francis_II_Duke_of_Lorraine	mother	Claude_of_France_1547_1575
Anne_of_Cyprus	mother	Charlotte_of_Bourbon_Queen_of_Cyprus
Louis_Duke_of_Savoy	mother	Mary_of_Burgundy_Duchess_of_Savoy
Alfonso_XI_of_Castile	mother	Constance_of_Portugal
Margaret_Holland_Duchess_of_Clarence	mother	Alice_Holland_Countess_of_Kent
Anne_of_Foix_Candale	mother	Catherine_of_Foix_Countess_of_Candale
Antoine_Count_of_Vaud_mont	mother	Margaret_of_Joinville
Maria_Luisa_of_Parma	mother	Louise__lisabeth_of_France
Maria_Theresa_of_Savoy	mother	Maria_Antonia_Ferdinanda_of_Spain
Elizabeth_of_Bohemia_1292_1330	mother	Judith_of_Habsburg
Henry_VI_Count_of_Luxembourg	mother	Margaret_of_Bar
Philip_II_of_Spain	mother	Isabella_of_Portugal
Bertha_of_Holland	mother	Gertrude_of_Saxony
Ingegerd_Olofsdotter_of_Sweden	mother	Estrid_of_the_Obotrites
Marie_of_Luxembourg_Countess_of_Vend_me	mother	Margaret_of_Savoy_Countess_of_Saint_Pol
Robert_I_Count_of_Dreux	mother	Adelaide_of_Maurienne
Isabella_de_Beauchamp	mother	Maud_FitzJohn_Countess_of_Warwick
Princess_Magdalena_Augusta_of_Anhalt_Zerbst	mother	Sophia_of_Saxe_Weissenfels_Princess_of_Anhalt_Zerbst
Gertrude_of_Saxony	mother	Eilika_of_Schweinfurt
John_I_Duke_of_Brittany	mother	Alix_Duchess_of_Brittany
Lothair_of_France	mother	Gerberga_of_Saxony
Marie_of_France_Duchess_of_Bar	mother	Bonne_of_Luxembourg
Adelaide_of_Aquitaine	mother	Gerloc
Margaret_Countess_of_Anjou	mother	Mary_of_Hungary_Queen_of_Naples
Ramon_Berenguer_II_Count_of_Barcelona	mother	Almodis_de_la_Marche
Ernest_I_Duke_of_Brunswic_L_neburg	mother	Margaret_of_Saxony_Duchess_of_Brunswic_L_neburg
John_I_of_France	mother	Clementia_of_Hungary
George_II_of_Great_Britain	mother	Sophia_Dorothea_of_Celle
Hemma	mother	Hedwig_of_Bavaria
Judith_of_Bavaria_died_843	mother	Hedwig_of_Bavaria
Infanta_Luisa_Fernanda_Duchess_of_Montpensier	mother	Maria_Christina_of_the_Two_Sicilies
Marie_Louise_Duchess_of_Parma	mother	Maria_Theresa_of_Naples_and_Sicily
Baldwin_IV_Count_of_Flanders	mother	Rozala_of_Italy
Maria_of_Austria_Holy_Roman_Empress	mother	Isabella_of_Portugal
Princess_Caroline_Louise_of_Saxe_Weimar_Eisenach	mother	Princess_Louise_of_Hesse_Darmstadt_1757_1830
Beatrice_of_Savoy	mother	Margaret_of_Geneva
Charles_III_Duke_of_Lorraine	mother	Christina_of_Denmark
Louis_I_Duke_of_Bavaria	mother	Agnes_of_Loon
Isabella_I_of_Castile	mother	Isabella_of_Portugal_Queen_of_Castile
Ferdinand_IV_of_Castile	mother	Mar_a_de_Molina
Charles_V_Holy_Roman_Emperor	mother	Joanna_of_Castile
Isabella_of_Portugal_Queen_of_Castile	mother	Isabel_of_Barcelos
Alfonso_VIII_of_Castile	mother	Blanca_of_Navarre_Queen_of_Castile
Charlotte_Agla__d_Orl_ans	mother	Fran_oise_Marie_de_Bourbon
Hugh_II_Duke_of_Burgundy	mother	Sibylla_of_Burgundy_Duchess_of_Burgundy
Margaret_of_Savoy_Countess_of_Saint_Pol	mother	Anne_of_Cyprus
Charles_V_Duke_of_Lorraine	mother	Claude_Fran_oise_de_Lorraine
Barbara_Jagiellon	mother	Elizabeth_of_Austria_1436_1505
Peter_II_of_Aragon	mother	Sancha_of_Castile_Queen_of_Aragon
Piero_the_Unfortunate	mother	Clarice_Orsini
Duchess_Helene_of_Mecklenburg_Schwerin	mother	Princess_Caroline_Louise_of_Saxe_Weimar_Eisenach
Philip_of_France_1116_1131	mother	Adelaide_of_Maurienne
Matilda_of_Brabant_Countess_of_Artois	mother	Maria_of_Swabia
Francis_II_Duke_of_Brittany	mother	Margaret_Countess_of_Vertus
Lorenzo_de_Medici	mother	Lucrezia_Tornabuoni
Henry_Stuart_Lord_Darnley	mother	Margaret_Douglas
Joanna_of_Bourbon	mother	Isabella_of_Valois_Duchess_of_Bourbon
Joanna_of_Austria_Grand_Duchess_of_Tuscany	mother	Anne_of_Bohemia_and_Hungary
Louis_Philippe_I_Duke_of_Orl_ans	mother	Auguste_of_Bade_Baden
Maria_Antonia_Ferdinanda_of_Spain	mother	Elisabeth_Farnese
Christine_of_Hesse	mother	Christine_of_Saxony
John_of_Gaunt	mother	Philippa_of_Hainault
Countess_Palatine_Caroline_of_Zweibr_cken	mother	Countess_Caroline_of_Nassau_Saarbr_cken
Mary_Tudor_Queen_of_France	mother	Elizabeth_of_York
Henry_son_of_Robert_I_of_Burgundy	mother	Helie_of_Semur
Fulk_IV_Count_of_Anjou	mother	Ermengarde_of_Anjou_Duchess_of_Burgundy
James_I_Count_of_La_Marche	mother	Mary_of_Avesnes
Leopold_III_Duke_of_Austria	mother	Joanna_of_Pfirt
Charles_Ferdinand_Duke_of_Berry	mother	Maria_Theresa_of_Savoy
Theobald_III_Count_of_Blois	mother	Ermengarde_of_Auvergne
Charles_the_Bold	mother	Isabella_of_Portugal_Duchess_of_Burgundy
Elizabeth_Woodville	mother	Jacquetta_of_Luxembourg
Archduchess_Maria_Theresa_of_Austria_Este_1817_1886	mother	Maria_Beatrice_of_Savoy
William_I_Count_of_Burgundy	mother	Alice_of_Normandy
Margaret_of_Flanders_Duchess_of_Brabant	mother	Matilda_of_B_thune
Denis_of_Portugal	mother	Beatrice_of_Castile_1242_1303
Richeza_of_Poland_Queen_of_Sweden	mother	Salomea_of_Berg
Maria_Christina_of_the_Two_Sicilies	mother	Mar_a_Isabella_of_Spain
Isabella_of_Bourbon	mother	Agnes_of_Burgundy_Duchess_of_Bourbon
Margaret_of_Valois	mother	Catherine_de_Medici
Maud_Chaworth	mother	Isabella_de_Beauchamp
Giovanni_il_Popolano	parent	Pierfrancesco_the_Elder
Pierfrancesco_the_Elder	parent	Lorenzo_the_Elder
_thelwulf_King_of_Wessex	parent	Ecgberht_King_of_Wessex
Robert_II_of_Scotland	parent	Walter_Stewart_6th_High_Steward_of_Scotland
Robert_II_of_Scotland	parent	Marjorie_Bruce
Walter_Stewart_6th_High_Steward_of_Scotland	parent	James_Stewart_5th_High_Steward_of_Scotland
Frederica_Louisa_of_Hesse_Darmstadt	parent	Countess_Palatine_Caroline_of_Zweibr_cken
Luitgarde_of_Vermandois	parent	Herbert_II_Count_of_Vermandois
Theobald_I_Count_of_Blois	parent	Richende_De_Bourges
Theobald_I_Count_of_Blois	parent	Theobald_the_Elder
Leopold_Duke_of_Lorraine	parent	Eleonore_of_Austria_Queen_of_Poland
Leopold_Duke_of_Lorraine	parent	Charles_V_Duke_of_Lorraine
Afonso_II_of_Portugal	parent	Sancho_I_of_Portugal
Afonso_II_of_Portugal	parent	Dulce_of_Aragon
Sancho_II_of_Portugal	parent	Afonso_II_of_Portugal
Amicie_de_Courtenay	parent	Peter_of_Courtenay_Lord_of_Conches
Francis_Louis_of_Palatinate_Neuburg	parent	Landgravine_Elisabeth_Amalie_of_Hesse_Darmstadt
Charles_Emmanuel_III_of_Sardinia	parent	Anne_Marie_d_Orl_ans
Charles_Emmanuel_III_of_Sardinia	parent	Victor_Amadeus_II_of_Sardinia
Princess_Eleonora_of_Savoy	parent	Charles_Emmanuel_III_of_Sardinia
Philip_IV_of_Spain	parent	Margaret_of_Austria_Queen_of_Spain
Philip_IV_of_Spain	parent	Philip_III_of_Spain
Margaret_of_Austria_Queen_of_Spain	parent	Maria_Anna_of_Bavaria_born_1551
Margaret_of_Austria_Queen_of_Spain	parent	Charles_II_Archduke_of_Austria
Charles_Count_of_Valois	parent	Philip_III_of_France
Charles_Count_of_Valois	parent	Isabella_of_Aragon_Queen_of_France
Isabella_of_Valois_Duchess_of_Bourbon	parent	Charles_Count_of_Valois
Isabella_of_Valois_Duchess_of_Bourbon	parent	Mahaut_of_Ch_tillon
Anne_of_Austria	parent	Margaret_of_Austria_Queen_of_Spain
Anne_of_Austria	parent	Philip_III_of_Spain
Philip_III_of_Spain	parent	Anna_of_Austria_Queen_of_Spain
Philip_III_of_Spain	parent	Philip_II_of_Spain
Henry_II_of_Castile	parent	Alfonso_XI_of_Castile
Henry_II_of_Castile	parent	Eleanor_de_Guzm_n
Eleanor_of_Castile_Queen_of_Navarre	parent	Henry_II_of_Castile
Stephen_III_Duke_of_Bavaria	parent	Elisabeth_of_Sicily_Duchess_of_Bavaria
Stephen_III_Duke_of_Bavaria	parent	Stephen_II_Duke_of_Bavaria
Albert_I_of_Germany	parent	Rudolf_I_of_Germany
Albert_I_of_Germany	parent	Gertrude_of_Hohenberg
Igor_of_Kiev	parent	Rurik
Matthias_I_Duke_of_Lorraine	parent	Adelaide_of_Leuven
Matthias_I_Duke_of_Lorraine	parent	Simon_I_Duke_of_Lorraine
Wilhelmine_Amalie_of_Brunswick	parent	John_Frederick_Duke_of_Brunswic_Calenberg
Wilhelmine_Amalie_of_Brunswick	parent	Benedicta_Henrietta_of_the_Palatinate
Philippe_II_Duke_of_Orl_ans	parent	Philippe_I_Duke_of_Orl_ans
Philippe_II_Duke_of_Orl_ans	parent	Elizabeth_Charlotte_Madame_Palatine
Charles_IV_Duke_of_Lorraine	parent	Francis_II_Duke_of_Lorraine
Matthias_II_Duke_of_Lorraine	parent	Frederick_II_Duke_of_Lorraine
Frederick_II_Duke_of_Lorraine	parent	Frederick_I_Duke_of_Lorraine
Frederick_II_Duke_of_Lorraine	parent	Wierzchoslawa_Ludmilla_of_Greater_Poland
Louis_II_Elector_of_Brandenburg	parent	Louis_IV_Holy_Roman_Emperor
Prince_Henry_the_Navigator	parent	John_I_of_Portugal
Empress_Matilda	parent	Matilda_of_Scotland
Empress_Matilda	parent	Henry_I_of_England
Henry_II_of_England	parent	Empress_Matilda
Henry_II_of_England	parent	Geoffrey_Plantagenet_Count_of_Anjou
John_II_Count_of_Holland	parent	Adelaide_of_Holland
John_II_Count_of_Holland	parent	John_I_Count_of_Hainaut
Maria_of_Naples	parent	Mary_of_Hungary_Queen_of_Naples
Frederick_Prince_of_Wales	parent	Caroline_of_Ansbach
Frederick_Prince_of_Wales	parent	George_II_of_Great_Britain
Maria_Beatrice_d_Este_Duchess_of_Massa	parent	Maria_Teresa_Cybo_Malaspina_Duchess_of_Massa
Maria_Beatrice_d_Este_Duchess_of_Massa	parent	Ercole_III_d_Este_Duke_of_Modena
Francis_IV_Duke_of_Modena	parent	Maria_Beatrice_d_Este_Duchess_of_Massa
Francis_IV_Duke_of_Modena	parent	Ferdinand_Karl_Archduke_of_Austria_Este
Rudolph_of_France	parent	Adelaide_of_Auxerre_born_c._870
Rudolph_of_France	parent	Richard_Duke_of_Burgundy
Ren__II_Duke_of_Lorraine	parent	Frederick_II_Count_of_Vaud_mont
Ren__II_Duke_of_Lorraine	parent	Yolande_Duchess_of_Lorraine
Antoine_Duke_of_Lorraine	parent	Ren__II_Duke_of_Lorraine
Antoine_Duke_of_Lorraine	parent	Philippa_of_Guelders
Magnus_I_Duke_of_Brunswic_L_neburg	parent	Albert_II_Duke_of_Brunswic_L_neburg
Magnus_I_Duke_of_Brunswic_L_neburg	parent	Rixa_of_Werle
Henry_the_Fowler	parent	Otto_I_Duke_of_Saxony
Henry_the_Fowler	parent	Hedwig_of_Babenberg
Gerberga_of_Saxony	parent	Henry_the_Fowler
Gerberga_of_Saxony	parent	Matilda_of_Ringelheim
Henry_X_Duke_of_Bavaria	parent	Henry_IX_Duke_of_Bavaria
Ren__of_Anjou	parent	Yolande_of_Aragon
Ren__of_Anjou	parent	Louis_II_of_Anjou
Mary_of_Guise	parent	Antoinette_of_Bourbon
Joan_of_Ponthieu_Dame_of_Epernon	parent	Counts_and_dukes_of_Aumale
Beatrice_of_England	parent	Eleanor_of_Provence
Beatrice_of_England	parent	Henry_III_of_England
Arthur_II_Duke_of_Brittany	parent	Beatrice_of_England
Arthur_II_Duke_of_Brittany	parent	John_II_Duke_of_Brittany
John_II_Duke_of_Lorraine	parent	Ren__of_Anjou
John_II_Duke_of_Lorraine	parent	Isabella_Duchess_of_Lorraine
Isabella_Duchess_of_Lorraine	parent	Margaret_of_the_Palatinate
Isabella_Duchess_of_Lorraine	parent	Charles_II_Duke_of_Lorraine
Louis_XV	parent	Louis_Duke_of_Burgundy
Louis_XV	parent	Marie_Ad_la_de_of_Savoy
Louis_Duke_of_Burgundy	parent	Louis_Dauphin_of_France_son_of_Louis_XIV
Louis_Duke_of_Burgundy	parent	Maria_Anna_Victoria_of_Bavaria
Louis_II_Duke_of_Bavaria	parent	Otto_II_Duke_of_Bavaria
Louis_II_Duke_of_Bavaria	parent	Agnes_of_the_Palatinate
Alice_Holland_Countess_of_Kent	parent	Eleanor_of_Lancaster
Alice_Holland_Countess_of_Kent	parent	Richard_Fitzalan_3rd_Earl_of_Arundel
Eleanor_of_Lancaster	parent	Henry_3rd_Earl_of_Lancaster
Eleanor_of_Lancaster	parent	Maud_Chaworth
Blanche_of_Brittany	parent	John_II_Duke_of_Brittany
Berenguer_Ramon_I_Count_of_Barcelona	parent	Ramon_Borrell_Count_of_Barcelona
Berenguer_Ramon_I_Count_of_Barcelona	parent	Ermesinde_of_Carcassonne
Henry_I_Duke_of_Bavaria	parent	Henry_the_Fowler
Princess_Maria_Carolina_of_Savoy	parent	Victor_Amadeus_III_of_Sardinia
Princess_Maria_Carolina_of_Savoy	parent	Maria_Antonia_Ferdinanda_of_Spain
Margaret_Stewart_Dauphine_of_France	parent	James_I_of_Scotland
Margaret_Stewart_Dauphine_of_France	parent	Joan_Beaufort_Queen_of_Scots
Francis_I_Holy_Roman_Emperor	parent	Leopold_Duke_of_Lorraine
Francis_I_Holy_Roman_Emperor	parent	_lisabeth_Charlotte_d_Orl_ans
Joseph_II_Holy_Roman_Emperor	parent	Maria_Theresa
Charles_Duke_of_Lower_Lorraine	parent	Gerberga_of_Saxony
Charles_Duke_of_Lower_Lorraine	parent	Louis_IV_of_France
Edward_I_of_England	parent	Eleanor_of_Provence
Edward_I_of_England	parent	Henry_III_of_England
Edmund_of_Woodstock_1st_Earl_of_Kent	parent	Edward_I_of_England
Eleanor_de_Medici	parent	Francesco_I_de_Medici_Grand_Duke_of_Tuscany
Leopold_II_Holy_Roman_Emperor	parent	Francis_I_Holy_Roman_Emperor
Leopold_II_Holy_Roman_Emperor	parent	Maria_Theresa
Maria_Theresa_of_Austria_1767_1827	parent	Leopold_II_Holy_Roman_Emperor
Margaret_II_Countess_of_Hainaut	parent	Joan_of_Valois_Countess_of_Hainaut
Richard_of_Shrewsbury_Duke_of_York	parent	Elizabeth_Woodville
Marie_Ad_la_de_of_Savoy	parent	Anne_Marie_d_Orl_ans
Marie_Ad_la_de_of_Savoy	parent	Victor_Amadeus_II_of_Sardinia
Odo_of_France	parent	Adelaide_of_Tours
Odo_of_France	parent	Robert_the_Strong
Henry_I_Count_of_Champagne	parent	Theobald_II_Count_of_Champagne
Henry_I_Count_of_Champagne	parent	Matilda_of_Carinthia
Sophie_of_France_1734_1782	parent	Louis_XV
Louis_Philippe_I	parent	Louise_Marie_Ad_la_de_de_Bourbon_Duchess_of_Orl_ans
Louis_Philippe_I	parent	Louis_Philippe_II_Duke_of_Orl_ans
Archduchess_Magdalena_of_Austria	parent	Ferdinand_I_Holy_Roman_Emperor
Henry_I_of_France	parent	Constance_of_Arles
Henry_I_of_France	parent	Robert_II_of_France
Philip_I_of_France	parent	Henry_I_of_France
Philip_I_of_France	parent	Anne_of_Kiev
Elisabeth_of_Lorraine	parent	Charles_III_Duke_of_Lorraine
Henry_I_of_Navarre	parent	Margaret_of_Bourbon_Queen_of_Navarre
Beatriz_Pereira_de_Alvim	parent	Nuno__lvares_Pereira
Beatriz_Pereira_de_Alvim	parent	Leonor_de_Alvim
Anne_Marie_d_Orl_ans	parent	Henrietta_of_England
Anne_Marie_d_Orl_ans	parent	Philippe_I_Duke_of_Orl_ans
Henrietta_of_England	parent	Henrietta_Maria
Henrietta_of_England	parent	Charles_I_of_England
Lorenzo_de_Medici_Duke_of_Urbino	parent	Alfonsina_Orsini
Lorenzo_de_Medici_Duke_of_Urbino	parent	Piero_the_Unfortunate
Blanche_of_Navarre_Queen_of_France	parent	Philip_III_of_Navarre
Blanche_of_Navarre_Queen_of_France	parent	Joan_II_of_Navarre
Philip_III_of_Navarre	parent	Louis_Count_of__vreux
Philip_III_of_Navarre	parent	Margaret_of_Artois
Reginar_III_Count_of_Hainaut	parent	Reginar_II_Count_of_Hainaut
Reginar_III_Count_of_Hainaut	parent	Adelaide_of_Burgundy_born_c._896
Sancho_I_of_Portugal	parent	Afonso_I_of_Portugal
Sancho_I_of_Portugal	parent	Matilda_of_Savoy_Queen_of_Portugal
Afonso_I_of_Portugal	parent	Henry_Count_of_Portugal
Afonso_I_of_Portugal	parent	Theresa_Countess_of_Portugal
Maria_Josepha_of_Austria	parent	Wilhelmine_Amalie_of_Brunswick
Maria_Josepha_of_Austria	parent	Joseph_I_Holy_Roman_Emperor
Ramon_Berenguer_IV_Count_of_Barcelona	parent	Ramon_Berenguer_III_Count_of_Barcelona
Ramon_Berenguer_IV_Count_of_Barcelona	parent	Douce_I_Countess_of_Provence
Ramon_Berenguer_III_Count_of_Barcelona	parent	Maud_of_Apulia
Ramon_Berenguer_III_Count_of_Barcelona	parent	Ramon_Berenguer_II_Count_of_Barcelona
Afonso_V_of_Portugal	parent	Edward_King_of_Portugal
Afonso_V_of_Portugal	parent	Eleanor_of_Aragon_Queen_of_Portugal
Edward_King_of_Portugal	parent	John_I_of_Portugal
Edward_King_of_Portugal	parent	Philippa_of_Lancaster
Francis_II_Holy_Roman_Emperor	parent	Leopold_II_Holy_Roman_Emperor
Francis_II_Holy_Roman_Emperor	parent	Maria_Luisa_of_Spain
Louise_of_Savoy	parent	Philip_II_Duke_of_Savoy
Louise_of_Savoy	parent	Margaret_of_Bourbon_1438_1483
Philip_II_Duke_of_Savoy	parent	Anne_of_Cyprus
Philip_II_Duke_of_Savoy	parent	Louis_Duke_of_Savoy
John_II_of_France	parent	Joan_the_Lame
John_II_of_France	parent	Philip_VI_of_France
Joan_the_Lame	parent	Agnes_of_France_Duchess_of_Burgundy
Joan_the_Lame	parent	Robert_II_Duke_of_Burgundy
Baldwin_IV_Count_of_Hainaut	parent	Baldwin_III_Count_of_Hainaut
Louis_Dauphin_of_France_son_of_Louis_XIV	parent	Louis_XIV
Louis_Dauphin_of_France_son_of_Louis_XIV	parent	Maria_Theresa_of_Spain
Louis_XIV	parent	Anne_of_Austria
Louis_XIV	parent	Louis_XIII
Princess_Marie_Isabelle_of_Orl_ans	parent	Antoine_Duke_of_Montpensier
Princess_Marie_Isabelle_of_Orl_ans	parent	Infanta_Luisa_Fernanda_Duchess_of_Montpensier
Antoine_Duke_of_Montpensier	parent	Louis_Philippe_I
Antoine_Duke_of_Montpensier	parent	Maria_Amalia_of_Naples_and_Sicily
Henry_I_of_Castile	parent	Alfonso_VIII_of_Castile
Berengaria_of_Le_n	parent	Alfonso_IX_of_Le_n
John_Stewart_1st_Earl_of_Lennox	parent	Alan_Stewart_of_Darnley
Alan_Stewart_of_Darnley	parent	John_Stewart_of_Darnley
Adelaide_of_Tours	parent	Hugh_of_Tours
Robert_the_Strong	parent	Robert_III_of_Worms
Joan_II_of_Navarre	parent	Louis_X_of_France
Joan_II_of_Navarre	parent	Margaret_of_Burgundy_Queen_of_France
Joan_II_of_Navarre	parent	Kingdom_of_Navarre
Charles_IV_of_France	parent	Philip_IV_of_France
Charles_IV_of_France	parent	Joan_I_of_Navarre
Magdalene_Sibylle_of_Prussia	parent	Marie_Eleonore_of_Cleves
Magdalene_Sibylle_of_Prussia	parent	Albert_Frederick_Duke_of_Prussia
Marie_Eleonore_of_Cleves	parent	Maria_of_Austria_Duchess_of_J_lich_Cleves_Berg
Marie_Eleonore_of_Cleves	parent	William_Duke_of_J_lich_Cleves_Berg
Yaroslav_the_Wise	parent	Vladimir_the_Great
Yaroslav_the_Wise	parent	Rogneda_of_Polotsk
Yaroslav_the_Wise	parent	Anna_Porphyrogenita
Victor_Amadeus_II_of_Sardinia	parent	Charles_Emmanuel_II_Duke_of_Savoy
Victor_Amadeus_II_of_Sardinia	parent	Marie_Jeanne_Baptiste_of_Savoy_Nemours
Ferdinand_I_of_the_Two_Sicilies	parent	Charles_III_of_Spain
Ferdinand_I_of_the_Two_Sicilies	parent	Maria_Amalia_of_Saxony
Princess_Maria_Isabella_of_Naples_and_Sicily	parent	Ferdinand_I_of_the_Two_Sicilies
Princess_Maria_Isabella_of_Naples_and_Sicily	parent	Maria_Carolina_of_Austria
Odo_II_Duke_of_Burgundy	parent	Hugh_II_Duke_of_Burgundy
Hugh_III_Duke_of_Burgundy	parent	Odo_II_Duke_of_Burgundy
Alfonso_II_of_Aragon	parent	Ramon_Berenguer_IV_Count_of_Barcelona
Alfonso_II_of_Aragon	parent	Petronilla_of_Aragon
Charles_Ferdinand_Prince_of_Capua	parent	Mar_a_Isabella_of_Spain
Charles_Martel	parent	Pepin_of_Herstal
Charles_Martel	parent	Alpaida
Grifo_noble	parent	Charles_Martel
Marie_Countess_of_Ponthieu	parent	William_IV_Count_of_Ponthieu
Marie_Countess_of_Ponthieu	parent	Alys_of_France_Countess_of_Vexin
Louis_I_Duke_of_Orl_ans	parent	Charles_V_of_France
Louis_I_Duke_of_Orl_ans	parent	Joanna_of_Bourbon
Charles_V_of_France	parent	John_II_of_France
Charles_V_of_France	parent	Bonne_of_Luxembourg
William_X_Duke_of_Aquitaine	parent	Philippa_Countess_of_Toulouse
William_X_Duke_of_Aquitaine	parent	William_IX_Duke_of_Aquitaine
Archduchess_Eleanor_of_Austria	parent	Ferdinand_I_Holy_Roman_Emperor
John_VIII_Count_of_Vend_me	parent	Louis_Count_of_Vend_me
Eleanor_of_Provence	parent	Ramon_Berenguer_IV_Count_of_Provence
Eleanor_of_Provence	parent	Beatrice_of_Savoy
Charles_Emmanuel_II_Duke_of_Savoy	parent	Victor_Amadeus_I_Duke_of_Savoy
Charles_Emmanuel_II_Duke_of_Savoy	parent	Christine_of_France
Joan_II_Countess_of_Burgundy	parent	Otto_IV_Count_of_Burgundy
Joan_II_Countess_of_Burgundy	parent	Mahaut_Countess_of_Artois
John_II_of_Aragon	parent	Ferdinand_I_of_Aragon
John_II_of_Aragon	parent	Eleanor_of_Alburquerque
Alfonso_V_of_Aragon	parent	Ferdinand_I_of_Aragon
Alfonso_V_of_Aragon	parent	Eleanor_of_Alburquerque
James_III_of_Scotland	parent	Mary_of_Guelders
James_III_of_Scotland	parent	James_II_of_Scotland
Charles_Frederick_Grand_Duke_of_Saxe_Weimar_Eisenach	parent	Princess_Louise_of_Hesse_Darmstadt_1757_1830
Philippa_of_Hainault	parent	Joan_of_Valois_Countess_of_Hainaut
Philippa_of_Hainault	parent	William_I_Count_of_Hainaut
Joan_of_Valois_Countess_of_Hainaut	parent	Charles_Count_of_Valois
Joan_of_Valois_Countess_of_Hainaut	parent	Margaret_Countess_of_Anjou
Matilda_of_Frisia	parent	Liudolf_Margrave_of_Frisia
Liudolf_Margrave_of_Frisia	parent	Gisela_of_Swabia
Liudolf_Margrave_of_Frisia	parent	Brun_I_Count_of_Brunswick
Isabella_of_Austria	parent	Philip_I_of_Castile
Isabella_of_Austria	parent	Joanna_of_Castile
Clementia_of_Hungary	parent	Clemence_of_Austria
Clementia_of_Hungary	parent	Charles_Martel_of_Anjou
Louis_X_of_France	parent	Philip_IV_of_France
Louis_X_of_France	parent	Joan_I_of_Navarre
Charles_the_Simple	parent	Louis_the_Stammerer
Charles_the_Simple	parent	Adelaide_of_Paris
Clotilde_of_France	parent	Louis_Dauphin_of_France_son_of_Louis_XV
Countess_Palatine_Dorothea_Sophie_of_Neuburg	parent	Landgravine_Elisabeth_Amalie_of_Hesse_Darmstadt
Countess_Palatine_Dorothea_Sophie_of_Neuburg	parent	Philip_William_Elector_Palatine
Elisabeth_Farnese	parent	Countess_Palatine_Dorothea_Sophie_of_Neuburg
Elisabeth_Farnese	parent	Odoardo_Farnese_Hereditary_Prince_of_Parma
Ermentrude_of_Orl_ans	parent	Engeltrude_de_F_zensac
Ermentrude_of_Orl_ans	parent	Odo_I_Count_of_Orl_ans
Judith_of_Flanders	parent	Ermentrude_of_Orl_ans
Magnus_II_Duke_of_Brunswic_L_neburg	parent	Magnus_I_Duke_of_Brunswic_L_neburg
Magnus_II_Duke_of_Brunswic_L_neburg	parent	Sophia_of_Brandenburg
Alfonso_II_Count_of_Provence	parent	Alfonso_II_of_Aragon
Alfonso_II_Count_of_Provence	parent	Sancha_of_Castile_Queen_of_Aragon
Rudolf_I_of_Germany	parent	Albert_IV_Count_of_Habsburg
Gertrude_of_Hohenberg	parent	Burkhard_V_Count_of_Hohenberg
John_Joseph_of_Austria	parent	Philip_IV_of_Spain
Dirk_II_Count_of_Holland	parent	Dirk_I_Count_of_Holland
Beatrice_of_Portugal_died_1381	parent	Peter_I_of_Portugal
Beatrice_of_Portugal_died_1381	parent	In_s_de_Castro
Victor_Amadeus_I_Duke_of_Savoy	parent	Catalina_Micaela_of_Spain
Victor_Amadeus_I_Duke_of_Savoy	parent	Charles_Emmanuel_I_Duke_of_Savoy
Catalina_Micaela_of_Spain	parent	Philip_II_of_Spain
Alfonso_Fern_ndez_el_Ni_o	parent	Alfonso_X_of_Castile
Ernest_Augustus_King_of_Hanover	parent	Charlotte_of_Mecklenburg_Strelitz
Ernest_Augustus_King_of_Hanover	parent	George_III
Mary_of_Burgundy_Duchess_of_Cleves	parent	Margaret_of_Bavaria
Mary_of_Burgundy_Duchess_of_Cleves	parent	John_the_Fearless
Mary_of_Burgundy	parent	Charles_the_Bold
Mary_of_Burgundy	parent	Isabella_of_Bourbon
Pepin_the_Hunchback	parent	Charlemagne
Nicholas_Francis_Duke_of_Lorraine	parent	Francis_II_Duke_of_Lorraine
Nicholas_Francis_Duke_of_Lorraine	parent	Christina_of_Salm
Dirk_III_Count_of_Holland	parent	Lutgardis_of_Luxemburg
Dirk_III_Count_of_Holland	parent	Arnulf_Count_of_Holland
Otto_I_Duke_of_Saxony	parent	Liudolf_Duke_of_Saxony
Alfonso_X_of_Castile	parent	Ferdinand_III_of_Castile
Alfonso_X_of_Castile	parent	Elisabeth_of_Swabia
Louis_Duke_of_Orl_ans_1703_1752	parent	Philippe_II_Duke_of_Orl_ans
Louis_Duke_of_Orl_ans_1703_1752	parent	Fran_oise_Marie_de_Bourbon
Landgravine_Elisabeth_Amalie_of_Hesse_Darmstadt	parent	Sophia_Eleonore_of_Saxony
James_II_of_Scotland	parent	James_I_of_Scotland
James_II_of_Scotland	parent	Joan_Beaufort_Queen_of_Scots
Willa_of_Tuscany	parent	Boso_Margrave_of_Tuscany
Willa_of_Tuscany	parent	Willa_of_Burgundy
Frederick_III_Holy_Roman_Emperor	parent	Cymburgis_of_Masovia
Frederick_III_Holy_Roman_Emperor	parent	Ernest_Duke_of_Austria
Grimoald_the_Younger	parent	Pepin_of_Herstal
Maria_Anna_of_Bavaria_born_1551	parent	Albert_V_Duke_of_Bavaria
Maria_Anna_of_Bavaria_born_1551	parent	Archduchess_Anna_of_Austria
Maria_Luisa_of_Spain	parent	Charles_III_of_Spain
Maria_Luisa_of_Spain	parent	Maria_Amalia_of_Saxony
Charles_III_of_Spain	parent	Elisabeth_Farnese
Charles_III_of_Spain	parent	Philip_V_of_Spain
Maria_Theresa_of_Spain	parent	Philip_IV_of_Spain
Maria_Theresa_of_Spain	parent	Elisabeth_of_France_1602_1644
Henry_the_Lion	parent	Gertrude_of_S_pplingenburg
Henry_the_Lion	parent	Henry_X_Duke_of_Bavaria
Otto_IV_Count_of_Burgundy	parent	Hugh_Count_of_Burgundy
Otto_IV_Count_of_Burgundy	parent	Adelaide_Countess_of_Burgundy
Beatriz_of_Portugal_Duchess_of_Viseu	parent	Isabel_of_Barcelos
Beatriz_of_Portugal_Duchess_of_Viseu	parent	John_Constable_of_Portugal
Isabel_of_Barcelos	parent	Beatriz_Pereira_de_Alvim
Isabel_of_Barcelos	parent	Afonso_I_Duke_of_Braganza
Ferdinand_II_of_Aragon	parent	John_II_of_Aragon
Ferdinand_II_of_Aragon	parent	Juana_Enr_quez
Willa_of_Burgundy	parent	Rudolph_I_of_Burgundy
Hugh_of_Italy	parent	Bertha_daughter_of_Lothair_II
Hugh_of_Italy	parent	Theobald_of_Arles
Rudolph_II_of_Burgundy	parent	Guilla_of_Provence
Rudolph_II_of_Burgundy	parent	Rudolph_I_of_Burgundy
Henry_II_of_France	parent	Claude_of_France
Henry_II_of_France	parent	Francis_I_of_France
Mahaut_of_Ch_tillon	parent	Marie_of_Brittany_Countess_of_Saint_Pol
Mahaut_of_Ch_tillon	parent	Guy_IV_Count_of_Saint_Pol
Eug_nie_de_Montijo	parent	Count_of_Montijo
Eug_nie_de_Montijo	parent	Mar_a_Manuela_Kirkpatrick_de_Grevign_e
Eug_nie_de_Montijo	parent	Cipriano_de_Palafox_8th_Count_of_Montijo
Napoleon_III	parent	Hortense_de_Beauharnais
Napoleon_III	parent	Louis_Bonaparte
Clemence_of_Austria	parent	Rudolf_I_of_Germany
Clemence_of_Austria	parent	Gertrude_of_Hohenberg
Charles_I_of_Hungary	parent	Clemence_of_Austria
Peter_I_Duke_of_Bourbon	parent	Mary_of_Avesnes
Peter_I_Duke_of_Bourbon	parent	Louis_I_Duke_of_Bourbon
Charles_VI_of_France	parent	Charles_V_of_France
Charles_VI_of_France	parent	Joanna_of_Bourbon
Duke_Charles_Louis_Frederick_of_Mecklenburg	parent	Adolphus_Frederick_II_Duke_of_Mecklenburg_Strelitz
Joan_I_Countess_of_Auvergne	parent	William_XII_Count_of_Auvergne
Gian_Galeazzo_Sforza	parent	Bona_of_Savoy
Marie_Hedwig_of_Hesse_Darmstadt	parent	Sophia_Eleonore_of_Saxony
Henry_V_of_England	parent	Henry_IV_of_England
Henry_V_of_England	parent	Mary_de_Bohun
Joan_of__vreux	parent	Louis_Count_of__vreux
Joan_of__vreux	parent	Margaret_of_Artois
Louis_Count_of__vreux	parent	Marie_of_Brabant_Queen_of_France
Louis_Count_of__vreux	parent	Philip_III_of_France
Otto_I_Duke_of_Brunswic_L_neburg	parent	Helena_of_Denmark
Otto_I_Duke_of_Brunswic_L_neburg	parent	William_of_Winchester_Lord_of_Lunenburg
A_nor_de_Ch_tellerault	parent	Dangereuse_de_l_Isle_Bouchard
A_nor_de_Ch_tellerault	parent	Aimery_I_Viscount_of_Ch_tellerault
Claude_of_France	parent	Louis_XII
Claude_of_France	parent	Anne_of_Brittany
Louis_I_Duke_of_Bourbon	parent	Robert_Count_of_Clermont
Louis_I_Duke_of_Bourbon	parent	Beatrice_of_Burgundy_Lady_of_Bourbon
Marie_Antoinette	parent	Francis_I_Holy_Roman_Emperor
Marie_Antoinette	parent	Maria_Theresa
Charles_X	parent	Maria_Josepha_of_Saxony_Dauphine_of_France
Charles_X	parent	Louis_Dauphin_of_France_son_of_Louis_XV
John_Constable_of_Portugal	parent	John_I_of_Portugal
Charles_III_Duke_of_Savoy	parent	Philip_II_Duke_of_Savoy
Charles_III_Duke_of_Savoy	parent	Claudine_de_Brosse
Beatrice_of_Portugal_Duchess_of_Savoy	parent	Maria_of_Aragon_Queen_of_Portugal
Margaret_of_Bourbon_1438_1483	parent	Charles_I_Duke_of_Bourbon
Margaret_of_Bourbon_1438_1483	parent	Agnes_of_Burgundy_Duchess_of_Bourbon
Maria_Theresa_of_Austria_Este_Queen_of_Sardinia	parent	Maria_Beatrice_d_Este_Duchess_of_Massa
Maria_Theresa_of_Austria_Este_Queen_of_Sardinia	parent	Ferdinand_Karl_Archduke_of_Austria_Este
Otto_III_Duke_of_Bavaria	parent	Rudolf_I_of_Germany
Vladimir_the_Great	parent	Sviatoslav_I
Vladimir_the_Great	parent	Malusha
Sviatoslav_I	parent	Igor_of_Kiev
John_of_Montfort	parent	Arthur_II_Duke_of_Brittany
Joan_of_Brittany_Baroness_of_Drayton	parent	John_of_Montfort
Fulk_King_of_Jerusalem	parent	Bertrade_of_Montfort
Fulk_King_of_Jerusalem	parent	Fulk_IV_Count_of_Anjou
Geoffrey_Plantagenet_Count_of_Anjou	parent	Fulk_King_of_Jerusalem
Geoffrey_Plantagenet_Count_of_Anjou	parent	Ermengarde_Countess_of_Maine
Francis_Duke_of_Anjou	parent	Henry_II_of_France
Francis_Duke_of_Anjou	parent	Catherine_de_Medici
Catherine_de_Medici	parent	Lorenzo_de_Medici_Duke_of_Urbino
Catherine_de_Medici	parent	Madeleine_de_La_Tour_d_Auvergne
Henry_III_of_France	parent	Henry_II_of_France
Henry_III_of_France	parent	Catherine_de_Medici
Edward_III_of_England	parent	Isabella_of_France
Edward_III_of_England	parent	Edward_II_of_England
Louis_Count_of_Vend_me	parent	John_I_Count_of_La_Marche
Louis_Count_of_Vend_me	parent	Catherine_of_Vend_me
Emma_of_Italy	parent	Lothair_II_of_Italy
Emma_of_Italy	parent	Adelaide_of_Italy
Marie_Jos_phine_of_Savoy	parent	Victor_Amadeus_III_of_Sardinia
Marie_Jos_phine_of_Savoy	parent	Maria_Antonia_Ferdinanda_of_Spain
Victor_Amadeus_III_of_Sardinia	parent	Charles_Emmanuel_III_of_Sardinia
Victor_Amadeus_III_of_Sardinia	parent	Polyxena_of_Hesse_Rotenburg
Louis_XII	parent	Charles_Duke_of_Orl_ans
Louis_XII	parent	Marie_of_Cleves_Duchess_of_Orl_ans
Philip_I_of_Castile	parent	Mary_of_Burgundy
Philip_I_of_Castile	parent	Maximilian_I_Holy_Roman_Emperor
Ramon_Borrell_Count_of_Barcelona	parent	Borrell_II_Count_of_Barcelona
Frederick_II_Count_of_Vaud_mont	parent	Marie_Countess_of_Harcourt
Frederick_II_Count_of_Vaud_mont	parent	Antoine_Count_of_Vaud_mont
Blanche_of_Valois	parent	Charles_Count_of_Valois
Eleanor_of_Castile	parent	Ferdinand_III_of_Castile
Eleanor_of_Castile	parent	Joan_Countess_of_Ponthieu
Alphonso_Earl_of_Chester	parent	Edward_I_of_England
Alphonso_Earl_of_Chester	parent	Eleanor_of_Castile
Francis_III_Duke_of_Brittany	parent	Francis_I_of_France
Alfonso_IX_of_Le_n	parent	Urraca_of_Portugal
Alfonso_IX_of_Le_n	parent	Ferdinand_II_of_Le_n
James_I_of_Scotland	parent	Anabella_Drummond
James_I_of_Scotland	parent	Robert_III_of_Scotland
Alfonso_of_Molina	parent	Alfonso_IX_of_Le_n
Charles_VIII_of_France	parent	Louis_XI
Charles_VIII_of_France	parent	Charlotte_of_Savoy
Louis_XI	parent	Charles_VII_of_France
Louis_XI	parent	Marie_of_Anjou
Henry_IV_of_England	parent	John_of_Gaunt
Henry_IV_of_England	parent	Blanche_of_Lancaster
Mary_de_Bohun	parent	Joan_Fitzalan_Countess_of_Hereford
Mary_de_Bohun	parent	Humphrey_de_Bohun_7th_Earl_of_Hereford
Archduke_Charles_Joseph_of_Austria_born_1745	parent	Francis_I_Holy_Roman_Emperor
Archduke_Charles_Joseph_of_Austria_born_1745	parent	Maria_Theresa
Stephen_Count_of_Blois	parent	Theobald_III_Count_of_Blois
Cosimo_I_de_Medici_Grand_Duke_of_Tuscany	parent	Giovanni_delle_Bande_Nere
Cosimo_I_de_Medici_Grand_Duke_of_Tuscany	parent	Maria_Salviati
Peter_I_of_Portugal	parent	Beatrice_of_Castile_1293_1359
Peter_I_of_Portugal	parent	Afonso_IV_of_Portugal
John_Duke_of_Valencia_de_Campos	parent	Peter_I_of_Portugal
Raymond_of_Burgundy	parent	William_I_Count_of_Burgundy
Sancha_Raim_ndez	parent	Raymond_of_Burgundy
Infante_Antonio_Duke_of_Galliera	parent	Antoine_Duke_of_Montpensier
Infante_Antonio_Duke_of_Galliera	parent	Infanta_Luisa_Fernanda_Duchess_of_Montpensier
Lothair_II_of_Italy	parent	Hugh_of_Italy
Jacquetta_of_Luxembourg	parent	Margaret_of_Baux
Jacquetta_of_Luxembourg	parent	Peter_I_Count_of_Saint_Pol
Anne_Woodville	parent	Jacquetta_of_Luxembourg
George_I_of_Great_Britain	parent	Ernest_Augustus_Elector_of_Hanover
George_I_of_Great_Britain	parent	Sophia_of_Hanover
Ernest_Augustus_Elector_of_Hanover	parent	Anna_Eleonore_of_Hesse_Darmstadt
Ernest_Augustus_Elector_of_Hanover	parent	George_Duke_of_Brunswic_Calenberg
Margaret_of_Anjou	parent	Ren__of_Anjou
Margaret_of_Anjou	parent	Isabella_Duchess_of_Lorraine
Charlotte_of_Bourbon_Queen_of_Cyprus	parent	John_I_Count_of_La_Marche
Charlotte_of_Bourbon_Queen_of_Cyprus	parent	Catherine_of_Vend_me
John_I_Count_of_La_Marche	parent	James_I_Count_of_La_Marche
Princess_Elisabeth_Albertine_of_Saxe_Hildburghausen	parent	Ernest_Frederick_I_Duke_of_Saxe_Hildburghausen
Isabella_Countess_of_Vertus	parent	John_II_of_France
Anne_of_Bohemia_and_Hungary	parent	Vladislaus_II_of_Hungary
Anne_of_Bohemia_and_Hungary	parent	Anne_of_Foix_Candale
Louis_IV_of_France	parent	Charles_the_Simple
Louis_IV_of_France	parent	Eadgifu_of_Wessex
In_s_de_Castro	parent	Pedro_Fern_ndez_de_Castro
William_III_of_M_con	parent	Stephen_I_Count_of_Burgundy
Louis_V_of_France	parent	Emma_of_Italy
Louis_V_of_France	parent	Lothair_of_France
Marie_of_Luxembourg_Queen_of_France	parent	Henry_VII_Holy_Roman_Emperor
Marie_of_Luxembourg_Queen_of_France	parent	Margaret_of_Brabant
Henry_VII_Holy_Roman_Emperor	parent	Henry_VI_Count_of_Luxembourg
Henry_VII_Holy_Roman_Emperor	parent	Beatrice_of_Avesnes
Saint_Margaret_of_Scotland	parent	Agatha_wife_of_Edward_the_Exile
Saint_Margaret_of_Scotland	parent	Edward_the_Exile
Arnulf_I_Count_of_Flanders	parent	_lfthryth_Countess_of_Flanders
Arnulf_I_Count_of_Flanders	parent	Baldwin_II_Margrave_of_Flanders
Antonia_of_Savoy	parent	Philip_II_Duke_of_Savoy
Louis_XIII	parent	Marie_de_Medici
Louis_XIII	parent	Henry_IV_of_France
Marie_de_Medici	parent	Francesco_I_de_Medici_Grand_Duke_of_Tuscany
Marie_de_Medici	parent	Joanna_of_Austria_Grand_Duchess_of_Tuscany
Marie_of_Valois_Duchess_of_Calabria	parent	Charles_Count_of_Valois
Charles_the_Bald	parent	Louis_the_Pious
Charles_the_Bald	parent	Judith_of_Bavaria_died_843
Francis_Count_of_Vend_me	parent	John_VIII_Count_of_Vend_me
Archduchess_Catherine_Renata_of_Austria	parent	Maria_Anna_of_Bavaria_born_1551
Rudolph_Duke_of_Lorraine	parent	Frederick_IV_Duke_of_Lorraine
Rudolph_Duke_of_Lorraine	parent	Elisabeth_of_Austria_Duchess_of_Lorraine
John_I_of_Portugal	parent	Peter_I_of_Portugal
John_I_of_Portugal	parent	Teresa_Louren_o
Otto_IV_Count_of_Scheyern	parent	Eckhard_I_Count_of_Scheyern
Eckhard_I_Count_of_Scheyern	parent	Otto_I_Count_of_Scheyern
Piero_di_Cosimo_de_Medici	parent	Contessina_de_Bardi
Piero_di_Cosimo_de_Medici	parent	Cosimo_de_Medici
Odo_IV_Duke_of_Burgundy	parent	Agnes_of_France_Duchess_of_Burgundy
Odo_IV_Duke_of_Burgundy	parent	Robert_II_Duke_of_Burgundy
Joan_III_Countess_of_Burgundy	parent	Joan_II_Countess_of_Burgundy
Joan_III_Countess_of_Burgundy	parent	Philip_V_of_France
Eug_ne_de_Beauharnais	parent	Empress_Jos_phine
Isabeau_of_Bavaria	parent	Stephen_III_Duke_of_Bavaria
Isabeau_of_Bavaria	parent	Taddea_Visconti
Elisabeth_of_France_1602_1644	parent	Marie_de_Medici
Elisabeth_of_France_1602_1644	parent	Henry_IV_of_France
William_I_Count_of_Hainaut	parent	Philippa_of_Luxembourg
William_I_Count_of_Hainaut	parent	John_II_Count_of_Holland
Yolanda_of_Courtenay	parent	Yolanda_Latin_Empress
Yolanda_of_Courtenay	parent	Peter_II_of_Courtenay
Rudolph_III_of_Burgundy	parent	Conrad_I_of_Burgundy
Rudolph_III_of_Burgundy	parent	Matilda_of_France
Mariana_Victoria_of_Spain	parent	Elisabeth_Farnese
Baldwin_II_Count_of_Hainaut	parent	Baldwin_VI_Count_of_Flanders
Baldwin_II_Count_of_Hainaut	parent	Richilde_Countess_of_Hainaut
Constance_of_Arles	parent	William_I_of_Provence
Constance_of_Arles	parent	Adelaide_Blanche_of_Anjou
Adelaide_of_Auxerre_born_c._870	parent	Waldrada_of_Worms
Adelaide_of_Auxerre_born_c._870	parent	Conrad_II_Duke_of_Transjurane_Burgundy
James_I_of_Aragon	parent	Peter_II_of_Aragon
Fran_oise_d_Aubign__Marquise_de_Maintenon	parent	Constant_d_Aubign_
Maria_Amalia_of_Naples_and_Sicily	parent	Ferdinand_I_of_the_Two_Sicilies
Maria_Amalia_of_Naples_and_Sicily	parent	Maria_Carolina_of_Austria
Maria_Carolina_of_Austria	parent	Francis_I_Holy_Roman_Emperor
Maria_Carolina_of_Austria	parent	Maria_Theresa
Marie_of_Brabant_Queen_of_France	parent	Henry_III_Duke_of_Brabant
Marie_of_Brabant_Queen_of_France	parent	Adelaide_of_Burgundy_Duchess_of_Brabant
Matilda_of_Scotland	parent	Saint_Margaret_of_Scotland
Matilda_of_Scotland	parent	Malcolm_III_of_Scotland
John_Beaufort_1st_Earl_of_Somerset	parent	John_of_Gaunt
Cecile_of_France	parent	Philip_I_of_France
Cecile_of_France	parent	Bertrade_of_Montfort
Charles_Emmanuel_I_Duke_of_Savoy	parent	Emmanuel_Philibert_Duke_of_Savoy
Charles_Emmanuel_I_Duke_of_Savoy	parent	Margaret_of_Valois_Duchess_of_Berry
Emanuel_Filibert_of_Savoy	parent	Charles_Emmanuel_I_Duke_of_Savoy
Maria_Amalia_of_Saxony	parent	Maria_Josepha_of_Austria
Maria_Amalia_of_Saxony	parent	Augustus_III_of_Poland
Maria_Cristina_of_Savoy	parent	Maria_Theresa_of_Austria_Este_Queen_of_Sardinia
William_Adelin	parent	Matilda_of_Scotland
Hedwig_of_Saxony	parent	Henry_the_Fowler
Archduke_Joseph_Franz_of_Austria	parent	Francis_II_Holy_Roman_Emperor
Archduke_Joseph_Franz_of_Austria	parent	Maria_Theresa_of_Naples_and_Sicily
Henry_I_Duke_of_Brabant	parent	Godfrey_III_Count_of_Louvain
John_III_Duke_of_Brittany	parent	Arthur_II_Duke_of_Brittany
Isabella_of_Hainault	parent	Margaret_I_Countess_of_Flanders
Isabella_of_Hainault	parent	Baldwin_V_Count_of_Hainaut
Margaret_I_Countess_of_Flanders	parent	Thierry_Count_of_Flanders
Margaret_I_Countess_of_Flanders	parent	Sibylla_of_Anjou
Maria_Theresa_of_Naples_and_Sicily	parent	Ferdinand_I_of_the_Two_Sicilies
Maria_Theresa_of_Naples_and_Sicily	parent	Maria_Carolina_of_Austria
Archduchess_Maria_Clementina_of_Austria	parent	Maria_Luisa_of_Spain
Charles_VII_of_France	parent	Charles_VI_of_France
Charles_VII_of_France	parent	Isabeau_of_Bavaria
Charles_IX_of_France	parent	Henry_II_of_France
Charles_IX_of_France	parent	Catherine_de_Medici
Francis_II_of_France	parent	Henry_II_of_France
Francis_II_of_France	parent	Catherine_de_Medici
Margaret_of_Brabant	parent	John_I_Duke_of_Brabant
Margaret_of_Brabant	parent	Margaret_of_Flanders_Duchess_of_Brabant
Philip_IV_of_France	parent	Philip_III_of_France
Philip_IV_of_France	parent	Isabella_of_Aragon_Queen_of_France
Philip_III_of_France	parent	Louis_IX_of_France
Philip_III_of_France	parent	Margaret_of_Provence
Louise_Marie_Anne_de_Bourbon	parent	Louis_XIV
Baldwin_II_Margrave_of_Flanders	parent	Judith_of_Flanders
Baldwin_II_Margrave_of_Flanders	parent	Baldwin_I_Margrave_of_Flanders
Margaret_of_Bavaria	parent	Margaret_of_Brieg
Margaret_of_Bavaria	parent	Albert_I_Duke_of_Bavaria
Louis_IX_of_France	parent	Blanche_of_Castile
Louis_IX_of_France	parent	Louis_VIII_of_France
Violant_of_Hungary	parent	Yolanda_of_Courtenay
Violant_of_Hungary	parent	Andrew_II_of_Hungary
Barbara_of_Hesse	parent	Christine_of_Saxony
Ferdinand_II_of_Le_n	parent	Alfonso_VII_of_Le_n_and_Castile
Ferdinand_II_of_Le_n	parent	Berengaria_of_Barcelona
Alfonso_VII_of_Le_n_and_Castile	parent	Raymond_of_Burgundy
Alfonso_VII_of_Le_n_and_Castile	parent	Urraca_of_Le_n
Isabella_of_Aragon_Queen_of_France	parent	James_I_of_Aragon
Isabella_of_Aragon_Queen_of_France	parent	Violant_of_Hungary
Agust_n_Mar_a_Mu_oz_y_Borb_n_1st_Duke_of_Taranc_n	parent	Maria_Christina_of_the_Two_Sicilies
Reginald_I_Count_of_Burgundy	parent	Ermentrude_de_Roucy
Reginald_I_Count_of_Burgundy	parent	Otto_William_Count_of_Burgundy
Frederick_III_Duke_of_Saxe_Gotha_Altenburg	parent	Princess_Magdalena_Augusta_of_Anhalt_Zerbst
Virginia_de_Medici	parent	Cosimo_I_de_Medici_Grand_Duke_of_Tuscany
Sancha_of_Aragon_Countess_of_Toulouse	parent	Alfonso_II_of_Aragon
Ferdinand_I_of_Aragon	parent	John_I_of_Castile
Ferdinand_I_of_Aragon	parent	Eleanor_of_Aragon_Queen_of_Castile
Robert_I_Duke_of_Burgundy	parent	Constance_of_Arles
Robert_I_Duke_of_Burgundy	parent	Robert_II_of_France
Simon_II_Duke_of_Lorraine	parent	Matthias_I_Duke_of_Lorraine
Frederick_I_Duke_of_Lorraine	parent	Matthias_I_Duke_of_Lorraine
Frederick_I_Duke_of_Lorraine	parent	Bertha_Duchess_of_Lorraine
Baldwin_of_Luxembourg	parent	Henry_VI_Count_of_Luxembourg
Robert_III_of_Scotland	parent	Elizabeth_Mure
Louis_the_Stammerer	parent	Ermentrude_of_Orl_ans
Louis_the_Stammerer	parent	Charles_the_Bald
Rudolph_I_of_Burgundy	parent	Waldrada_of_Worms
Rudolph_I_of_Burgundy	parent	Conrad_II_Duke_of_Transjurane_Burgundy
Philippe_I_Duke_of_Orl_ans	parent	Anne_of_Austria
Philippe_I_Duke_of_Orl_ans	parent	Louis_XIII
Sophia_of_Minsk	parent	Richeza_of_Poland_Queen_of_Sweden
Sophia_of_Minsk	parent	Volodar_Glebovich_Prince_of_Minsk
Valdemar_II_of_Denmark	parent	Sophia_of_Minsk
Valdemar_II_of_Denmark	parent	Valdemar_I_of_Denmark
Ferdinand_III_of_Castile	parent	Alfonso_IX_of_Le_n
Ferdinand_III_of_Castile	parent	Berengaria_of_Castile
Maria_of_Aragon_Queen_of_Portugal	parent	Ferdinand_II_of_Aragon
Maria_of_Aragon_Queen_of_Portugal	parent	Isabella_I_of_Castile
Adolphus_Frederick_I_Duke_of_Mecklenburg_Schwerin	parent	John_VII_Duke_of_Mecklenburg_Schwerin
Adolphus_Frederick_I_Duke_of_Mecklenburg_Schwerin	parent	Sophia_of_Holstei_Gottorp
John_Count_of_Soissons_and_Enghien	parent	Charles_Duke_of_Vend_me
Fran_oise_Ath_na_s_de_Rochechouart_Marquise_de_Montespan	parent	Gabriel_de_Rochechouart_de_Mortemart
Elisiv_of_Kiev	parent	Ingegerd_Olofsdotter_of_Sweden
Henry_III_Duke_of_Brabant	parent	Henry_II_Duke_of_Brabant
Henry_III_Duke_of_Brabant	parent	Maria_of_Swabia
Elizabeth_of_York	parent	Elizabeth_Woodville
Ferdinand_the_Holy_Prince	parent	John_I_of_Portugal
Adelaide_of_Maurienne	parent	Humbert_II_Count_of_Savoy
Adelaide_of_Maurienne	parent	Gisela_of_Burgundy_Marchioness_of_Montferrat
Matilda_of_Habsburg	parent	Rudolf_I_of_Germany
_thelfl_d	parent	Alfred_the_Great
Madeleine_de_La_Tour_d_Auvergne	parent	Jeanne_de_Bourbon_Duchess_of_Bourbon
Madeleine_de_La_Tour_d_Auvergne	parent	John_III_Count_of_Auvergne
William_FitzEmpress	parent	Empress_Matilda
William_FitzEmpress	parent	Geoffrey_Plantagenet_Count_of_Anjou
Emmanuel_Philibert_Duke_of_Savoy	parent	Charles_III_Duke_of_Savoy
Emmanuel_Philibert_Duke_of_Savoy	parent	Beatrice_of_Portugal_Duchess_of_Savoy
Margaret_of_Valois_Duchess_of_Berry	parent	Claude_of_France
Margaret_of_Valois_Duchess_of_Berry	parent	Francis_I_of_France
Owen_Tudor	parent	Maredudd_ap_Tudur
Owen_Tudor	parent	Margaret_ferch_Dafydd
Hedwig_Jagiellon_Duchess_of_Bavaria	parent	Elizabeth_of_Austria_1436_1505
Philip_V_of_Spain	parent	Louis_Dauphin_of_France_son_of_Louis_XIV
Philip_V_of_Spain	parent	Maria_Anna_Victoria_of_Bavaria
Charles_II_of_Spain	parent	Philip_IV_of_Spain
John_Duke_of_Durazzo	parent	Mary_of_Hungary_Queen_of_Naples
John_III_Duke_of_Bavaria	parent	Margaret_of_Brieg
Charlotte_of_Mecklenburg_Strelitz	parent	Duke_Charles_Louis_Frederick_of_Mecklenburg
Charlotte_of_Mecklenburg_Strelitz	parent	Princess_Elisabeth_Albertine_of_Saxe_Hildburghausen
Prince_Octavius_of_Great_Britain	parent	Charlotte_of_Mecklenburg_Strelitz
Prince_Octavius_of_Great_Britain	parent	George_III
Blanche_of_Castile	parent	Eleanor_of_England_Queen_of_Castile
Blanche_of_Castile	parent	Alfonso_VIII_of_Castile
Prince_Louis_Duke_of_Nemours	parent	Maria_Amalia_of_Naples_and_Sicily
Maximilian_I_Holy_Roman_Emperor	parent	Frederick_III_Holy_Roman_Emperor
Maximilian_I_Holy_Roman_Emperor	parent	Eleanor_of_Portugal_Holy_Roman_Empress
Bianca_Maria_Sforza	parent	Bona_of_Savoy
Eleanor_of_Viseu	parent	Beatriz_of_Portugal_Duchess_of_Viseu
Eleanor_of_Viseu	parent	Ferdinand_Duke_of_Viseu
John_II_of_Portugal	parent	Afonso_V_of_Portugal
John_II_of_Portugal	parent	Isabel_of_Coimbra
Theobald_III_Count_of_Champagne	parent	Henry_I_Count_of_Champagne
Theobald_III_Count_of_Champagne	parent	Marie_of_France_Countess_of_Champagne
Odo_I_Duke_of_Burgundy	parent	Henry_son_of_Robert_I_of_Burgundy
Antoinette_of_Bourbon	parent	Francis_Count_of_Vend_me
Antoinette_of_Bourbon	parent	Marie_of_Luxembourg_Countess_of_Vend_me
Claude_Duke_of_Aumale	parent	Antoinette_of_Bourbon
John_Count_of_Angoul_me	parent	Louis_I_Duke_of_Orl_ans
Louis_XVIII	parent	Maria_Josepha_of_Saxony_Dauphine_of_France
Louis_XVIII	parent	Louis_Dauphin_of_France_son_of_Louis_XV
Maria_Josepha_of_Saxony_Dauphine_of_France	parent	Maria_Josepha_of_Austria
Maria_Josepha_of_Saxony_Dauphine_of_France	parent	Augustus_III_of_Poland
Catherine_de_Bourbon	parent	Antoine_of_Navarre
Catherine_de_Bourbon	parent	Jeanne_d_Albret
Joan_Beaufort_Queen_of_Scots	parent	John_Beaufort_1st_Earl_of_Somerset
Joan_Beaufort_Queen_of_Scots	parent	Margaret_Holland_Duchess_of_Clarence
Henrietta_Maria	parent	Marie_de_Medici
Henrietta_Maria	parent	Henry_IV_of_France
Hugh_the_Great	parent	Beatrice_of_Vermandois
Hugh_the_Great	parent	Robert_I_of_France
Louis_the_German	parent	Ermengarde_of_Hesbaye
Louis_the_German	parent	Louis_the_Pious
Charles_the_Fat	parent	Louis_the_German
Charles_the_Fat	parent	Hemma
Hugh_Capet	parent	Hedwig_of_Saxony
Hugh_Capet	parent	Hugh_the_Great
Theodoric_II_Duke_of_Lorraine	parent	Gerard_Duke_of_Lorraine
Marie_of_Orl_ans_Viscountess_of_Narbonne	parent	Charles_Duke_of_Orl_ans
Marie_of_Orl_ans_Viscountess_of_Narbonne	parent	Marie_of_Cleves_Duchess_of_Orl_ans
Charles_II_of_Navarre	parent	Philip_III_of_Navarre
Carloman_II	parent	Louis_the_Stammerer
Prince_Christian_of_Hesse_Darmstadt	parent	Countess_Palatine_Caroline_of_Zweibr_cken
Ferdinand_I_Holy_Roman_Emperor	parent	Philip_I_of_Castile
Ferdinand_I_Holy_Roman_Emperor	parent	Joanna_of_Castile
Archduchess_Margaret_of_Austria_nun	parent	Ferdinand_I_Holy_Roman_Emperor
Louis_Dauphin_of_France_son_of_Louis_XV	parent	Louis_XV
Theobald_I_of_Navarre	parent	Theobald_III_Count_of_Champagne
Theobald_I_of_Navarre	parent	Blanche_of_Navarre_Countess_of_Champagne
Marie_Caroline_of_Bourbo_Two_Sicilies_Duchess_of_Berry	parent	Archduchess_Maria_Clementina_of_Austria
Marie_Caroline_of_Bourbo_Two_Sicilies_Duchess_of_Berry	parent	Francis_I_of_the_Two_Sicilies
Agnes_of_Burgundy_Duchess_of_Bourbon	parent	Margaret_of_Bavaria
Agnes_of_Burgundy_Duchess_of_Bourbon	parent	John_the_Fearless
Princess_Elizabeth_of_Great_Britain	parent	Frederick_Prince_of_Wales
Princess_Elizabeth_of_Great_Britain	parent	Princess_Augusta_of_Saxe_Gotha
Francesco_I_Sforza	parent	Lucia_da_Torsano
Francesco_I_Sforza	parent	Muzio_Attendolo_Sforza
Archduchess_Anna_of_Austria	parent	Anne_of_Bohemia_and_Hungary
Archduchess_Anna_of_Austria	parent	Ferdinand_I_Holy_Roman_Emperor
Louis_I_of_Anjou	parent	John_II_of_France
Louis_I_of_Anjou	parent	Bonne_of_Luxembourg
Louis_de_Bourbon_Bishop_of_Li_ge	parent	Agnes_of_Burgundy_Duchess_of_Bourbon
Charlotte_of_Savoy	parent	Anne_of_Cyprus
Charlotte_of_Savoy	parent	Louis_Duke_of_Savoy
Eleanor_of_Aquitaine	parent	William_X_Duke_of_Aquitaine
Eleanor_of_Aquitaine	parent	A_nor_de_Ch_tellerault
Benedicta_Henrietta_of_the_Palatinate	parent	Edward_Count_Palatine_of_Simmern
Benedicta_Henrietta_of_the_Palatinate	parent	Anne_Gonzaga
Catherine_of_Austria_Queen_of_Poland	parent	Ferdinand_I_Holy_Roman_Emperor
Mary_Queen_of_Scots	parent	Mary_of_Guise
Mary_Queen_of_Scots	parent	James_V_of_Scotland
Louis_of_Cyprus	parent	Anne_of_Cyprus
Louis_of_Cyprus	parent	Louis_Duke_of_Savoy
Boris_and_Gleb	parent	Vladimir_the_Great
Hildegard_of_the_Vinzgau	parent	Gerold_of_Vinzgau
Anne_of_Brittany	parent	Margaret_of_Foix
Anne_of_Brittany	parent	Francis_II_Duke_of_Brittany
Theobald_I_Duke_of_Lorraine	parent	Frederick_II_Duke_of_Lorraine
_lffl_d_wife_of_Edward_the_Elder	parent	_thelhelm
Eadhild	parent	_lffl_d_wife_of_Edward_the_Elder
Humbert_II_Count_of_Savoy	parent	Amadeus_II_Count_of_Savoy
Humbert_II_Count_of_Savoy	parent	Joan_of_Geneva
Pepin_the_Short	parent	Charles_Martel
Pepin_the_Short	parent	Rotrude_of_Hesbaye
Berengar_II_of_Italy	parent	Adalbert_I_of_Ivrea
Berengar_II_of_Italy	parent	Gisela_of_Friuli
Rozala_of_Italy	parent	Willa_of_Tuscany
Rozala_of_Italy	parent	Berengar_II_of_Italy
Matilda_of_Saxony_countess_of_Flanders	parent	Hermann_Billung
Baldwin_III_Count_of_Flanders	parent	Adele_of_Vermandois
Baldwin_III_Count_of_Flanders	parent	Arnulf_I_Count_of_Flanders
Alfred_the_Great	parent	_thelwulf_King_of_Wessex
Alfred_the_Great	parent	Osburh
Richeza_of_Denmark	parent	Sophia_of_Minsk
Richeza_of_Denmark	parent	Valdemar_I_of_Denmark
William_the_Younger_Duke_of_Brunswic_L_neburg	parent	Ernest_I_Duke_of_Brunswic_L_neburg
John_III_Burgrave_of_Nuremberg	parent	Elisabeth_of_Meissen
Baldwin_VI_Count_of_Flanders	parent	Baldwin_V_Count_of_Flanders
Baldwin_VI_Count_of_Flanders	parent	Adela_of_France
Godfrey_I_Count_of_Louvain	parent	Verdun
Godfrey_I_Count_of_Louvain	parent	Henry_II_Count_of_Louvain
Isabella_of_France	parent	Philip_IV_of_France
Isabella_of_France	parent	Joan_I_of_Navarre
Joan_I_of_Navarre	parent	Henry_I_of_Navarre
Joan_I_of_Navarre	parent	Blanche_of_Artois
Elisabeth_Christine_of_Brunswic_Wolfenb_ttel	parent	Princess_Christine_Louise_of_Oettinge_Oettingen
Elisabeth_Christine_of_Brunswic_Wolfenb_ttel	parent	Louis_Rudolph_Duke_of_Brunswic_L_neburg
Anne_of_France	parent	Louis_XI
Anne_of_France	parent	Charlotte_of_Savoy
Sancho_III_of_Castile	parent	Alfonso_VII_of_Le_n_and_Castile
Sancho_III_of_Castile	parent	Berengaria_of_Barcelona
Berengaria_of_Barcelona	parent	Ramon_Berenguer_III_Count_of_Barcelona
Berengaria_of_Barcelona	parent	Douce_I_Countess_of_Provence
Alys_of_France_Countess_of_Vexin	parent	Louis_VII_of_France
Alys_of_France_Countess_of_Vexin	parent	Constance_of_Castile
Catherine_of_Vend_me	parent	Joan_of_Ponthieu_Dame_of_Epernon
Catherine_of_Vend_me	parent	John_VI_of_Vend_me
Anna_Sforza	parent	Bona_of_Savoy
Bernard_I_Duke_of_Brunswic_L_neburg	parent	Magnus_II_Duke_of_Brunswic_L_neburg
James_Stewart_5th_High_Steward_of_Scotland	parent	Alexander_Stewart_4th_High_Steward_of_Scotland
Duchess_Sophie_of_Prussia	parent	Marie_Eleonore_of_Cleves
Charles_Duke_of_Vend_me	parent	Francis_Count_of_Vend_me
Charles_Duke_of_Vend_me	parent	Marie_of_Luxembourg_Countess_of_Vend_me
Rudolf_II_Count_of_Habsburg	parent	Albert_III_Count_of_Habsburg
Renata_of_Lorraine	parent	Francis_I_Duke_of_Lorraine
Margaret_of_Foix	parent	Gaston_IV_Count_of_Foix
Margaret_of_Foix	parent	Eleanor_of_Navarre
Prince_Philippe_Count_of_Paris	parent	Duchess_Helene_of_Mecklenburg_Schwerin
Prince_Philippe_Count_of_Paris	parent	Ferdinand_Philippe_Duke_of_Orl_ans
Margaret_of_Bourbon_Lady_of_Albret	parent	Isabella_of_Valois_Duchess_of_Bourbon
William_IX_Count_of_Poitiers	parent	Henry_II_of_England
William_IX_Count_of_Poitiers	parent	Eleanor_of_Aquitaine
Isabelle_Duchess_of_Brittany	parent	Margaret_Countess_of_Anjou
Prince_Ferdinand_Duke_of_Montpensier	parent	Princess_Marie_Isabelle_of_Orl_ans
Elisabeth_Therese_of_Lorraine	parent	Leopold_Duke_of_Lorraine
Charlotte_Christine_of_Brunswic_Wolfenb_ttel	parent	Princess_Christine_Louise_of_Oettinge_Oettingen
Richard_FitzRoy	parent	John_King_of_England
George_Gordon_4th_Earl_of_Huntly	parent	Margaret_Stewart_Lady_Gordon
George_Gordon_4th_Earl_of_Huntly	parent	John_Gordon_Lord_Gordon
Prince_Frederick_of_Great_Britain	parent	Princess_Augusta_of_Saxe_Gotha
Hugh_V_Duke_of_Burgundy	parent	Agnes_of_France_Duchess_of_Burgundy
Hugh_V_Duke_of_Burgundy	parent	Robert_II_Duke_of_Burgundy
Agatha_wife_of_Edward_the_Exile	parent	Yaroslav_the_Wise
Agatha_wife_of_Edward_the_Exile	parent	Vladimir_the_Great
Agatha_wife_of_Edward_the_Exile	parent	Ingegerd_Olofsdotter_of_Sweden
Cristina_daughter_of_Edward_the_Exile	parent	Agatha_wife_of_Edward_the_Exile
Robert_II_of_France	parent	Hugh_Capet
Robert_II_of_France	parent	Adelaide_of_Aquitaine
Adelaide_of_Burgundy_Duchess_of_Brabant	parent	Hugh_IV_Duke_of_Burgundy
Adelaide_of_Burgundy_Duchess_of_Brabant	parent	Yolande_of_Dreux_Duchess_of_Burgundy
Hugh_IV_Duke_of_Burgundy	parent	Alice_of_Vergy
Hugh_IV_Duke_of_Burgundy	parent	Odo_III_Duke_of_Burgundy
Frederick_IV_Duke_of_Lorraine	parent	Theobald_II_Duke_of_Lorraine
Elizabeth_of_Luxembourg	parent	Sigismund_Holy_Roman_Emperor
Elizabeth_of_Luxembourg	parent	Barbara_of_Cilli
Canute_VI_of_Denmark	parent	Sophia_of_Minsk
Canute_VI_of_Denmark	parent	Valdemar_I_of_Denmark
George_Duke_of_Brunswic_Calenberg	parent	Dorothea_of_Denmark_Duchess_of_Brunswic_L_neburg
George_Duke_of_Brunswic_Calenberg	parent	William_the_Younger_Duke_of_Brunswic_L_neburg
Simon_I_Duke_of_Lorraine	parent	Theodoric_II_Duke_of_Lorraine
Simon_I_Duke_of_Lorraine	parent	Hedwig_of_Formbach
Maximilian_II_Holy_Roman_Emperor	parent	Anne_of_Bohemia_and_Hungary
Maximilian_II_Holy_Roman_Emperor	parent	Ferdinand_I_Holy_Roman_Emperor
Baldwin_V_Count_of_Flanders	parent	Ogive_of_Luxembourg
James_Hepburn_4th_Earl_of_Bothwell	parent	Patrick_Hepburn_3rd_Earl_of_Bothwell
Anna_of_Holstei_Gottorp	parent	Adolf_Duke_of_Holstei_Gottorp
Anna_of_Holstei_Gottorp	parent	Christine_of_Hesse
Ernest_Augustus_Duke_of_York_and_Albany	parent	Ernest_Augustus_Elector_of_Hanover
Anne_Gonzaga	parent	Charles_I_Gonzaga_Duke_of_Mantua
Anne_Gonzaga	parent	Catherine_of_Mayenne
Otto_II_Duke_of_Bavaria	parent	Ludmilla_of_Bohemia
Otto_II_Duke_of_Bavaria	parent	Louis_I_Duke_of_Bavaria
Maud_FitzJohn_Countess_of_Warwick	parent	John_Fitzgeoffrey
Anna_Maria_of_Mecklenburg_Schwerin	parent	Adolphus_Frederick_I_Duke_of_Mecklenburg_Schwerin
Anna_Maria_of_Mecklenburg_Schwerin	parent	Anna_Maria_of_Ostfriesland
Magdalena_Sibylla_of_Saxe_Weissenfels	parent	Anna_Maria_of_Mecklenburg_Schwerin
Ramon_Berenguer_IV_Count_of_Provence	parent	Alfonso_II_Count_of_Provence
Ramon_Berenguer_IV_Count_of_Provence	parent	Garsenda_Countess_of_Forcalquier
Stephen_II_Duke_of_Bavaria	parent	Louis_IV_Holy_Roman_Emperor
Stephen_II_Duke_of_Bavaria	parent	Beatrice_of_Silesia
Margaret_of_England_Duchess_of_Brabant	parent	Edward_I_of_England
Patrick_Gordon_of_Auchindoun	parent	George_Gordon_4th_Earl_of_Huntly
Patrick_Gordon_of_Auchindoun	parent	Elizabeth_Gordon_Countess_of_Huntly
Magdalena_of_Valois	parent	Marie_of_Anjou
Agnes_of_France_Duchess_of_Burgundy	parent	Louis_IX_of_France
Agnes_of_France_Duchess_of_Burgundy	parent	Margaret_of_Provence
Stephen_I_Count_of_Burgundy	parent	William_I_Count_of_Burgundy
Louis_XVI	parent	Maria_Josepha_of_Saxony_Dauphine_of_France
Louis_XVI	parent	Louis_Dauphin_of_France_son_of_Louis_XV
Marie_Th_r_se_of_France	parent	Marie_Antoinette
Marie_Th_r_se_of_France	parent	Louis_XVI
Princess_Isabelle_of_Orl_ans_1878_1961	parent	Prince_Philippe_Count_of_Paris
Henry_VI_of_England	parent	Henry_V_of_England
Henry_VI_of_England	parent	Catherine_of_Valois
Mary_of_Hungary_Queen_of_Naples	parent	Stephen_V_of_Hungary
Mary_of_Hungary_Queen_of_Naples	parent	Elizabeth_the_Cuman
William_VIII_Duke_of_Aquitaine	parent	William_V_Duke_of_Aquitaine
William_VIII_Duke_of_Aquitaine	parent	Agnes_of_Burgundy_Duchess_of_Aquitaine
Richard_Count_of__tampes	parent	John_IV_Duke_of_Brittany
Richard_Count_of__tampes	parent	Joan_of_Navarre_Queen_of_England
John_VII_Duke_of_Mecklenburg_Schwerin	parent	Schwerin
John_VII_Duke_of_Mecklenburg_Schwerin	parent	Anna_Sophia_of_Prussia
John_Count_of_Chalon	parent	Stephen_III_of_Auxonne
John_Count_of_Chalon	parent	Beatrice_of_Savoy_Lady_of_Villena
Robert_III_of_Worms	parent	Robert_II_Count_of_Hesbaye
Margaret_of_Valois_Angoul_me	parent	Louise_of_Savoy
Margaret_of_Valois_Angoul_me	parent	Charles_Count_of_Angoul_me
Charles_Count_of_Angoul_me	parent	John_Count_of_Angoul_me
William_IX_Duke_of_Aquitaine	parent	William_VIII_Duke_of_Aquitaine
William_IX_Duke_of_Aquitaine	parent	Hildegarde_of_Burgundy
Ferdinand_of_Castile_born_1238	parent	Ferdinand_III_of_Castile
Radegonde_of_Valois	parent	Charles_VII_of_France
Radegonde_of_Valois	parent	Marie_of_Anjou
Albert_III_Count_of_Habsburg	parent	Werner_II_Count_of_Habsburg
Archduchess_Barbara_of_Austria	parent	Anne_of_Bohemia_and_Hungary
Archduchess_Barbara_of_Austria	parent	Ferdinand_I_Holy_Roman_Emperor
J_r_me_Bonaparte	parent	Letizia_Bonaparte
Countess_Sophia_Albertine_of_Erbach_Erbach	parent	Countess_Amalia_Katharina_of_Waldeck
Countess_Sophia_Albertine_of_Erbach_Erbach	parent	George_Louis_I_Count_of_Erbach_Erbach
Pepin_of_Herstal	parent	Ansegisel
Pepin_of_Herstal	parent	Begga
Francesco_I_de_Medici_Grand_Duke_of_Tuscany	parent	Cosimo_I_de_Medici_Grand_Duke_of_Tuscany
Francesco_I_de_Medici_Grand_Duke_of_Tuscany	parent	Eleanor_of_Toledo
Jean_Gordon_Countess_of_Bothwell	parent	George_Gordon_4th_Earl_of_Huntly
Jean_Gordon_Countess_of_Bothwell	parent	Elizabeth_Gordon_Countess_of_Huntly
Joan_Countess_of_Ponthieu	parent	Marie_Countess_of_Ponthieu
William_V_Duke_of_Aquitaine	parent	William_IV_Duke_of_Aquitaine
William_V_Duke_of_Aquitaine	parent	Emma_of_Blois
Matthew_Stewart_4th_Earl_of_Lennox	parent	John_Stewart_3rd_Earl_of_Lennox
John_Stewart_3rd_Earl_of_Lennox	parent	Matthew_Stewart_2nd_Earl_of_Lennox
Sophia_Eleonore_of_Saxony	parent	Magdalene_Sibylle_of_Prussia
Sophia_Eleonore_of_Saxony	parent	John_George_I_Elector_of_Saxony
James_VI_and_I	parent	Mary_Queen_of_Scots
James_VI_and_I	parent	Henry_Stuart_Lord_Darnley
John_I_Count_of_Hainaut	parent	Margaret_II_Countess_of_Flanders
John_I_Count_of_Hainaut	parent	Bouchard_IV_of_Avesnes
Henri_Count_of_Chambord	parent	Marie_Caroline_of_Bourbo_Two_Sicilies_Duchess_of_Berry
Henri_Count_of_Chambord	parent	Charles_Ferdinand_Duke_of_Berry
Elisabeth_of_Austria_Duchess_of_Lorraine	parent	Albert_I_of_Germany
Louis_IV_Holy_Roman_Emperor	parent	Louis_II_Duke_of_Bavaria
Louis_IV_Holy_Roman_Emperor	parent	Matilda_of_Habsburg
Louis_III_of_France	parent	Louis_the_Stammerer
Louis_III_of_France	parent	Ansgarde_of_Burgundy
Albert_II_Duke_of_Brunswic_L_neburg	parent	Albert_I_Duke_of_Brunswic_L_neburg
Albert_I_Duke_of_Brunswic_L_neburg	parent	Otto_I_Duke_of_Brunswic_L_neburg
Albert_I_Duke_of_Brunswic_L_neburg	parent	Matilda_of_Brandenburg_Duchess_of_Brunswic_L_neburg
Charles_the_Younger	parent	Charlemagne
Johann_Adolf_I_Duke_of_Saxe_Weissenfels	parent	Anna_Maria_of_Mecklenburg_Schwerin
James_of_Avesnes	parent	Nicholas_d_Oisy_Lord_of_Avesnes
Nicholas_d_Oisy_Lord_of_Avesnes	parent	Walter_I_Lord_of_Avesnes
Henry_Count_of_Portugal	parent	Henry_son_of_Robert_I_of_Burgundy
Charles_Prince_of_Taranto	parent	Louis_I_of_Anjou
Archduchess_Maria_Elisabeth_of_Austria_born_1743	parent	Francis_I_Holy_Roman_Emperor
James_IV_of_Scotland	parent	James_III_of_Scotland
James_IV_of_Scotland	parent	Margaret_of_Denmark_Queen_of_Scotland
Philip_VI_of_France	parent	Charles_Count_of_Valois
Philip_VI_of_France	parent	Margaret_Countess_of_Anjou
Princess_Anne_Charlotte_of_Lorraine	parent	Leopold_Duke_of_Lorraine
Matilda_of_Anjou	parent	Fulk_King_of_Jerusalem
Ermengarde_of_Hesbaye	parent	Ingerman_Count_of_Hesbaye
Maria_Teresa_Felicitas_d_Este	parent	Francesco_III_d_Este_Duke_of_Modena
Maria_Teresa_Felicitas_d_Este	parent	Charlotte_Agla__d_Orl_ans
Louise_Marie_Ad_la_de_de_Bourbon_Duchess_of_Orl_ans	parent	Maria_Teresa_Felicitas_d_Este
Louise_Marie_Ad_la_de_de_Bourbon_Duchess_of_Orl_ans	parent	Louis_Jean_Marie_de_Bourbon_Duke_of_Penthi_vre
Anna_Maria_of_Ostfriesland	parent	Anna_of_Holstei_Gottorp
Anna_Maria_of_Ostfriesland	parent	Enno_III_Count_of_East_Frisia
Blanche_of_Burgundy_Countess_of_Savoy	parent	Agnes_of_France_Duchess_of_Burgundy
Blanche_of_Burgundy_Countess_of_Savoy	parent	Robert_II_Duke_of_Burgundy
John_the_Fearless	parent	Philip_the_Bold
John_the_Fearless	parent	Margaret_III_Countess_of_Flanders
Eleanor_of_Aragon_Queen_of_Portugal	parent	Ferdinand_I_of_Aragon
Eleanor_of_Aragon_Queen_of_Portugal	parent	Eleanor_of_Alburquerque
Joan_of_Portugal	parent	Edward_King_of_Portugal
Joan_of_Portugal	parent	Eleanor_of_Aragon_Queen_of_Portugal
Afonso_III_of_Portugal	parent	Afonso_II_of_Portugal
Afonso_III_of_Portugal	parent	Urraca_of_Castile_Queen_of_Portugal
Yolanda_Latin_Empress	parent	Margaret_I_Countess_of_Flanders
Dirk_IV_Count_of_Holland	parent	Dirk_III_Count_of_Holland
Nicolas_Duke_of_Merc_ur	parent	Antoine_Duke_of_Lorraine
Nicolas_Duke_of_Merc_ur	parent	Ren_e_of_Bourbon
Bertrade_of_Montfort	parent	Simon_I_de_Montfort
Simon_I_de_Montfort	parent	Amaury_I_de_Montfort
Beatrice_of_Silesia	parent	Bolko_I_the_Strict
Beatrice_of_Silesia	parent	Beatrice_of_Brandenburg
Matthew_Stewart_2nd_Earl_of_Lennox	parent	John_Stewart_1st_Earl_of_Lennox
Matthew_Stewart_2nd_Earl_of_Lennox	parent	Margaret_Boswell
Beatrice_of_Luxembourg	parent	Henry_VII_Holy_Roman_Emperor
Beatrice_of_Luxembourg	parent	Margaret_of_Brabant
Teresa_Cristina_of_the_Two_Sicilies	parent	Mar_a_Isabella_of_Spain
Blanche_of_Burgundy	parent	Otto_IV_Count_of_Burgundy
Blanche_of_Burgundy	parent	Mahaut_Countess_of_Artois
William_IV_Duke_of_Aquitaine	parent	Gerloc
William_IV_Duke_of_Aquitaine	parent	William_III_Duke_of_Aquitaine
Ferdinand_Duke_of_Viseu	parent	Edward_King_of_Portugal
Ferdinand_Duke_of_Viseu	parent	Eleanor_of_Aragon_Queen_of_Portugal
Anna_of_Lorraine	parent	Antoine_Duke_of_Lorraine
Catherine_of_Valois_Courtenay	parent	Charles_Count_of_Valois
Otto_V_Duke_of_Bavaria	parent	Louis_IV_Holy_Roman_Emperor
Louis_Antoine_Duke_of_Angoul_me	parent	Charles_X
Louis_Antoine_Duke_of_Angoul_me	parent	Maria_Theresa_of_Savoy
Frederick_I_Elector_of_Brandenburg	parent	Elisabeth_of_Meissen
Margaret_of_Artois	parent	Blanche_of_Brittany
Margaret_of_Artois	parent	Philip_of_Artois
Taddea_Visconti	parent	Beatrice_Regina_della_Scala
Taddea_Visconti	parent	Bernab__Visconti
Beatrice_Regina_della_Scala	parent	Mastino_II_della_Scala
Otto_William_Count_of_Burgundy	parent	Gerberga_of_M_con
Otto_William_Count_of_Burgundy	parent	Adalbert_of_Italy
Prince_Maurizio_Duke_of_Montferrat	parent	Victor_Amadeus_III_of_Sardinia
Prince_Maurizio_Duke_of_Montferrat	parent	Maria_Antonia_Ferdinanda_of_Spain
Antoine_of_Navarre	parent	Charles_Duke_of_Vend_me
Antoine_of_Navarre	parent	Fran_oise_d_Alen_on
Maria_Beatrice_of_Savoy	parent	Maria_Theresa_of_Austria_Este_Queen_of_Sardinia
Maria_Beatrice_of_Savoy	parent	Victor_Emmanuel_I_of_Sardinia
Henry_IV_of_France	parent	Antoine_of_Navarre
Henry_IV_of_France	parent	Jeanne_d_Albret
Conrad_I_of_Burgundy	parent	Rudolph_II_of_Burgundy
Conrad_I_of_Burgundy	parent	Bertha_of_Swabia
Baldwin_III_Count_of_Hainaut	parent	Baldwin_II_Count_of_Hainaut
Baldwin_III_Count_of_Hainaut	parent	Ida_Countess_of_Hainaut
Philippe_Emmanuel_Duke_of_Merc_ur	parent	Nicolas_Duke_of_Merc_ur
Ferdinand_Karl_Archduke_of_Austria_Este	parent	Francis_I_Holy_Roman_Emperor
Ferdinand_Karl_Archduke_of_Austria_Este	parent	Maria_Theresa
Berengaria_of_Castile	parent	Eleanor_of_England_Queen_of_Castile
Berengaria_of_Castile	parent	Alfonso_VIII_of_Castile
Judith_of_Habsburg	parent	Rudolf_I_of_Germany
Judith_of_Habsburg	parent	Gertrude_of_Hohenberg
Margaret_of_Provence	parent	Ramon_Berenguer_IV_Count_of_Provence
Margaret_of_Provence	parent	Beatrice_of_Savoy
Odo_I_Count_of_Blois	parent	Luitgarde_of_Vermandois
Odo_I_Count_of_Blois	parent	Theobald_I_Count_of_Blois
Bertha_of_Burgundy	parent	Conrad_I_of_Burgundy
Bertha_of_Burgundy	parent	Matilda_of_France
Catherine_Woodville_Duchess_of_Buckingham	parent	Jacquetta_of_Luxembourg
Eleanor_of_Austria	parent	Philip_I_of_Castile
Eleanor_of_Austria	parent	Joanna_of_Castile
Robert_Count_of_Clermont	parent	Louis_IX_of_France
Robert_Count_of_Clermont	parent	Margaret_of_Provence
John_of_Charolais	parent	Robert_Count_of_Clermont
Princess_Louise_d_Artois	parent	Marie_Caroline_of_Bourbo_Two_Sicilies_Duchess_of_Berry
Princess_Louise_d_Artois	parent	Charles_Ferdinand_Duke_of_Berry
John_Prince_of_Asturias	parent	Ferdinand_II_of_Aragon
John_Prince_of_Asturias	parent	Isabella_I_of_Castile
Eadgifu_of_Wessex	parent	_lffl_d_wife_of_Edward_the_Elder
Eadgifu_of_Wessex	parent	Edward_the_Elder
Elisabeth_of_Austria_Queen_of_France	parent	Maximilian_II_Holy_Roman_Emperor
Elisabeth_of_Austria_Queen_of_France	parent	Maria_of_Austria_Holy_Roman_Empress
Alphonse_Count_of_Poitiers	parent	Blanche_of_Castile
Alphonse_Count_of_Poitiers	parent	Louis_VIII_of_France
Francis_I_of_France	parent	Louise_of_Savoy
Francis_I_of_France	parent	Charles_Count_of_Angoul_me
Charles_II_de_Valois_Duke_of_Orl_ans	parent	Claude_of_France
Charles_II_de_Valois_Duke_of_Orl_ans	parent	Francis_I_of_France
George_IV	parent	Charlotte_of_Mecklenburg_Strelitz
George_IV	parent	George_III
Sanchia_of_Provence	parent	Ramon_Berenguer_IV_Count_of_Provence
Sanchia_of_Provence	parent	Beatrice_of_Savoy
Philip_II_of_France	parent	Louis_VII_of_France
Philip_II_of_France	parent	Adela_of_Champagne
Agnes_of_Austria_1281_1364	parent	Albert_I_of_Germany
Charlemagne	parent	Pepin_the_Short
Louis_the_Pious	parent	Charlemagne
Ernest_Duke_of_Austria	parent	Viridis_Visconti
Ernest_Duke_of_Austria	parent	Leopold_III_Duke_of_Austria
Maria_Amalia_Holy_Roman_Empress	parent	Wilhelmine_Amalie_of_Brunswick
Robert_II_Count_of_Dreux	parent	Agnes_de_Baudemont_Countess_of_Braine
Robert_II_Count_of_Dreux	parent	Robert_I_Count_of_Dreux
Roman_Catholic_Archdiocese_of_Cambrai	parent	Sibylla_of_Anjou
Louis_Philippe_II_Duke_of_Orl_ans	parent	Louise_Henriette_de_Bourbon
Louis_Philippe_II_Duke_of_Orl_ans	parent	Louis_Philippe_I_Duke_of_Orl_ans
Philip_I_Count_of_Flanders	parent	Sibylla_of_Anjou
Lucrezia_de_Medici_Duchess_of_Ferrara	parent	Cosimo_I_de_Medici_Grand_Duke_of_Tuscany
Jean_Cardinal_of_Lorraine	parent	Ren__II_Duke_of_Lorraine
Jeanne_d_Albret	parent	Margaret_of_Valois_Angoul_me
Jeanne_d_Albret	parent	Henry_II_of_Navarre
Elizabeth_the_Cuman	parent	K_ten
Elizabeth_the_Cuman	parent	Cumans
Luisa_Carlotta_of_the_Two_Sicilies	parent	Mar_a_Isabella_of_Spain
Conrad_of_Ivrea	parent	Willa_of_Tuscany
Conrad_of_Ivrea	parent	Berengar_II_of_Italy
Denis_Lord_of_Cifuentes	parent	Peter_I_of_Portugal
Catherine_of_Foix_Countess_of_Candale	parent	Gaston_IV_Count_of_Foix
Catherine_of_Foix_Countess_of_Candale	parent	Eleanor_of_Navarre
Philip_V_of_France	parent	Philip_IV_of_France
Philip_V_of_France	parent	Joan_I_of_Navarre
Salomea_of_Berg	parent	Henry_I_Count_of_Berg
Marie_of_Brittany_Countess_of_Saint_Pol	parent	Beatrice_of_England
Marie_of_Brittany_Countess_of_Saint_Pol	parent	John_II_Duke_of_Brittany
Marie_of_Anjou	parent	Yolande_of_Aragon
Marie_of_Anjou	parent	Louis_II_of_Anjou
Yolande_of_Aragon	parent	John_I_of_Aragon
Yolande_of_Aragon	parent	Violant_of_Bar
Joan_Fitzalan_Countess_of_Hereford	parent	Richard_Fitzalan_3rd_Earl_of_Arundel
Robert_I_of_France	parent	Adelaide_of_Tours
Robert_I_of_France	parent	Robert_the_Strong
Mary_Stewart_Countess_of_Buchan	parent	James_I_of_Scotland
Claude_of_France_1547_1575	parent	Henry_II_of_France
Claude_of_France_1547_1575	parent	Catherine_de_Medici
Philippa_of_Lancaster	parent	John_of_Gaunt
Maria_of_Courtenay	parent	Yolanda_Latin_Empress
Peter_Tempesta	parent	Mary_of_Hungary_Queen_of_Naples
Henry_III_of_Castile	parent	John_I_of_Castile
John_I_of_Castile	parent	Henry_II_of_Castile
John_I_of_Castile	parent	Juana_Manuel
Albert_Azzo_II_Margrave_of_Milan	parent	Adela_of_Milan
Albert_Azzo_II_Margrave_of_Milan	parent	Albert_Azzo_I_Margrave_of_Milan
Henry_III_of_England	parent	John_King_of_England
Henry_III_of_England	parent	Isabella_of_Angoul_me
Margaret_of_England	parent	Eleanor_of_Provence
Margaret_of_England	parent	Henry_III_of_England
Elizabeth_of_Austria_1436_1505	parent	Albert_II_of_Germany
Elizabeth_of_Austria_1436_1505	parent	Elizabeth_of_Luxembourg
Gaston_Duke_of_Orl_ans	parent	Marie_de_Medici
Gaston_Duke_of_Orl_ans	parent	Henry_IV_of_France
Hortense_de_Beauharnais	parent	Empress_Jos_phine
Hortense_de_Beauharnais	parent	Alexandre_de_Beauharnais
Anne_of_Kiev	parent	Yaroslav_the_Wise
Anne_of_Kiev	parent	Ingegerd_Olofsdotter_of_Sweden
Conrad_II_Duke_of_Transjurane_Burgundy	parent	Adelaide_of_Tours
Louis_VIII_of_France	parent	Isabella_of_Hainault
Louis_VIII_of_France	parent	Philip_II_of_France
John_King_of_England	parent	Henry_II_of_England
John_King_of_England	parent	Eleanor_of_Aquitaine
Otto_I_Duke_of_Bavaria	parent	Otto_IV_Count_of_Scheyern
Otto_I_Duke_of_Bavaria	parent	Heilika_of_Lengenfeld
Louis_XVII	parent	Marie_Antoinette
Louis_XVII	parent	Louis_XVI
Charles_Duke_of_Orl_ans	parent	Louis_I_Duke_of_Orl_ans
Charles_Duke_of_Orl_ans	parent	Valentina_Visconti_Duchess_of_Orl_ans
Marie_of_Cleves_Duchess_of_Orl_ans	parent	Mary_of_Burgundy_Duchess_of_Cleves
Marie_of_Cleves_Duchess_of_Orl_ans	parent	Adolph_I_Duke_of_Cleves
Eleanor_of_England_Queen_of_Castile	parent	Henry_II_of_England
Eleanor_of_England_Queen_of_Castile	parent	Eleanor_of_Aquitaine
Edward_the_Elder	parent	Alfred_the_Great
Edward_the_Elder	parent	Ealhswith
Maria_Theresa	parent	Charles_VI_Holy_Roman_Emperor
Maria_Theresa	parent	Elisabeth_Christine_of_Brunswic_Wolfenb_ttel
Elisabeth_of_Hesse_Electress_Palatine	parent	Christine_of_Saxony
Louis_Bonaparte	parent	Carlo_Buonaparte
Louis_Bonaparte	parent	Letizia_Bonaparte
Napol_on_Charles_Bonaparte	parent	Hortense_de_Beauharnais
Napol_on_Charles_Bonaparte	parent	Louis_Bonaparte
Sancho_Alfonso	parent	Alfonso_XI_of_Castile
Amaury_I_de_Montfort	parent	Guillaume_de_Montfort_of_Hainaut
Isabella_of_Portugal	parent	Maria_of_Aragon_Queen_of_Portugal
Isabella_of_Portugal	parent	Manuel_I_of_Portugal
Manuel_I_of_Portugal	parent	Beatriz_of_Portugal_Duchess_of_Viseu
Edward_II_of_England	parent	Edward_I_of_England
Edward_II_of_England	parent	Eleanor_of_Castile
Joan_of_the_Tower	parent	Isabella_of_France
Cosimo_de_Medici	parent	Giovanni_di_Bicci_de_Medici
Charles_the_Child	parent	Ermentrude_of_Orl_ans
Charles_the_Child	parent	Charles_the_Bald
Pepin_I_of_Aquitaine	parent	Ermengarde_of_Hesbaye
Pepin_I_of_Aquitaine	parent	Louis_the_Pious
Hugh_the_Abbot	parent	Adelaide_of_Tours
Louis_Duke_of_Durazzo	parent	Joan_II_of_Navarre
George_III	parent	Frederick_Prince_of_Wales
George_III	parent	Princess_Augusta_of_Saxe_Gotha
Prince_Alfred_of_Great_Britain	parent	Charlotte_of_Mecklenburg_Strelitz
Prince_Alfred_of_Great_Britain	parent	George_III
Carlo_Duke_of_Calabria	parent	Ferdinand_I_of_the_Two_Sicilies
Carlo_Duke_of_Calabria	parent	Maria_Carolina_of_Austria
C_sar_Duke_of_Vend_me	parent	Henry_IV_of_France
Princess_Antoinette_of_Brunswic_Wolfenb_ttel	parent	Princess_Christine_Louise_of_Oettinge_Oettingen
Godfrey_II_Count_of_Louvain	parent	Godfrey_I_Count_of_Louvain
Maria_Sophia_of_Neuburg	parent	Landgravine_Elisabeth_Amalie_of_Hesse_Darmstadt
Antonio_de_Medici	parent	Francesco_I_de_Medici_Grand_Duke_of_Tuscany
Elisabeth_of_Nuremberg	parent	Frederick_V_Burgrave_of_Nuremberg
Elisabeth_of_Nuremberg	parent	Elisabeth_of_Meissen
Reginar_II_Count_of_Hainaut	parent	Reginar_Longneck
Galeazzo_Maria_Sforza	parent	Bianca_Maria_Visconti
Galeazzo_Maria_Sforza	parent	Francesco_I_Sforza
Henry_II_Duke_of_Brabant	parent	Henry_I_Duke_of_Brabant
Henry_II_Duke_of_Brabant	parent	Matilda_of_Boulogne_Duchess_of_Brabant
Archduke_Franz_Karl_of_Austria	parent	Francis_II_Holy_Roman_Emperor
Archduke_Franz_Karl_of_Austria	parent	Maria_Theresa_of_Naples_and_Sicily
Anna_of_Austria_Queen_of_Spain	parent	Maximilian_II_Holy_Roman_Emperor
Ramon_Berenguer_I_Count_of_Barcelona	parent	Berenguer_Ramon_I_Count_of_Barcelona
Maria_Clotilde_of_Naples_and_Sicily	parent	Ferdinand_I_of_the_Two_Sicilies
Godfrey_III_Count_of_Louvain	parent	Godfrey_II_Count_of_Louvain
Prince_Carlo_Francesco_Duke_of_Aosta	parent	Charles_Emmanuel_III_of_Sardinia
Isabelle_de_Bourbon	parent	James_I_Count_of_La_Marche
Isabel_of_Viseu	parent	Beatriz_of_Portugal_Duchess_of_Viseu
Isabel_of_Viseu	parent	Ferdinand_Duke_of_Viseu
Baldwin_V_Count_of_Hainaut	parent	Baldwin_IV_Count_of_Hainaut
Baldwin_V_Count_of_Hainaut	parent	Alice_of_Namur
Gisela_of_Burgundy_Marchioness_of_Montferrat	parent	William_I_Count_of_Burgundy
Maria_of_Austria_Duchess_of_J_lich_Cleves_Berg	parent	Anne_of_Bohemia_and_Hungary
Maria_of_Austria_Duchess_of_J_lich_Cleves_Berg	parent	Ferdinand_I_Holy_Roman_Emperor
David_Stewart_Earl_of_Moray	parent	James_II_of_Scotland
Louis_II_of_Anjou	parent	Louis_I_of_Anjou
Louis_II_of_Anjou	parent	Marie_of_Blois_Duchess_of_Anjou
Christine_of_Saxony	parent	Barbara_Jagiellon
Christine_of_Saxony	parent	George_Duke_of_Saxony
Hugh_Magnus	parent	Constance_of_Arles
Hugh_Magnus	parent	Robert_II_of_France
Yolande_of_Dreux_Duchess_of_Burgundy	parent	Robert_III_Count_of_Dreux
Carloman_I	parent	Pepin_the_Short
Louis_III_of_Anjou	parent	Yolande_of_Aragon
Princess_Augusta_of_Saxe_Gotha	parent	Frederick_II_Duke_of_Saxe_Gotha_Altenburg
Princess_Augusta_of_Saxe_Gotha	parent	Princess_Magdalena_Augusta_of_Anhalt_Zerbst
Francis_I_Duke_of_Lorraine	parent	Antoine_Duke_of_Lorraine
Francis_I_Duke_of_Lorraine	parent	Ren_e_of_Bourbon
Louis_IV_Landgrave_of_Hesse_Marburg	parent	Christine_of_Saxony
Carloman_of_Bavaria	parent	Louis_the_German
Carloman_of_Bavaria	parent	Hemma
Arnulf_II_Count_of_Flanders	parent	Matilda_of_Saxony_countess_of_Flanders
Arnulf_II_Count_of_Flanders	parent	Baldwin_III_Count_of_Flanders
Izyaslav_of_Polotsk	parent	Vladimir_the_Great
Philip_Duke_of_Parma	parent	Elisabeth_Farnese
Louis_VII_of_France	parent	Adelaide_of_Maurienne
Louis_VII_of_France	parent	Louis_VI_of_France
Lambert_I_Count_of_Louvain	parent	Reginar_III_Count_of_Hainaut
Matilda_of_France	parent	Gerberga_of_Saxony
Matilda_of_France	parent	Louis_IV_of_France
Gerberga_of_Burgundy	parent	Conrad_I_of_Burgundy
Gerberga_of_Burgundy	parent	Matilda_of_France
Robert_I_Count_of_Flanders	parent	Baldwin_V_Count_of_Flanders
Edwin_son_of_Edward_the_Elder	parent	_lffl_d_wife_of_Edward_the_Elder
Edwin_son_of_Edward_the_Elder	parent	Edward_the_Elder
Charles_d_Orl_ans_Duke_of_Penthi_vre	parent	Maria_Amalia_of_Naples_and_Sicily
Charles_d_vreux	parent	Louis_Count_of__vreux
Margaret_Tudor	parent	Elizabeth_of_York
Luisa_of_Naples_and_Sicily	parent	Ferdinand_I_of_the_Two_Sicilies
William_V_Duke_of_Bavaria	parent	Archduchess_Anna_of_Austria
Albert_Casimir_Duke_of_Teschen	parent	Maria_Josepha_of_Austria
Jasper_Tudor	parent	Catherine_of_Valois
Elisabeth_of_Meissen	parent	Matilda_of_Bavaria_Margravine_of_Meissen
Elisabeth_of_Meissen	parent	Frederick_II_Margrave_of_Meissen
Margaret_of_Hohenzoller_Nuremberg	parent	Elisabeth_of_Meissen
Odo_II_Count_of_Blois	parent	Odo_I_Count_of_Blois
Odo_II_Count_of_Blois	parent	Bertha_of_Burgundy
_thelbald_King_of_Wessex	parent	_thelwulf_King_of_Wessex
Archduchess_Marie_Anne_of_Austria	parent	Maria_Theresa_of_Naples_and_Sicily
Louis_VI_of_France	parent	Philip_I_of_France
Louis_VI_of_France	parent	Bertha_of_Holland
Henry_3rd_Earl_of_Lancaster	parent	Blanche_of_Artois
Heinrich_of_Saxe_Weissenfels_Count_of_Barby	parent	Anna_Maria_of_Mecklenburg_Schwerin
Beatrice_of_Brandenburg	parent	Otto_V_Margrave_of_Brandenburg_Salzwedel
Bertrada_of_Laon	parent	Charibert_of_Laon
Frederick_III_Duke_of_Austria	parent	Albert_II_Duke_of_Austria
Philip_the_Good	parent	Margaret_of_Bavaria
Philip_the_Good	parent	John_the_Fearless
Michelle_of_Valois	parent	Charles_VI_of_France
Henry_the_Middle_Duke_of_Brunswic_L_neburg	parent	Otto_V_Duke_of_Brunswic_L_neburg
Henry_the_Middle_Duke_of_Brunswic_L_neburg	parent	Anna_of_Nassau_Dillenburg
Henry_IX_Duke_of_Bavaria	parent	Judith_of_Flanders_died_1095
Henry_IX_Duke_of_Bavaria	parent	Welf_I_Duke_of_Bavaria
Louis_Charles_Count_of_Beaujolais	parent	Louise_Marie_Ad_la_de_de_Bourbon_Duchess_of_Orl_ans
Louis_Charles_Count_of_Beaujolais	parent	Louis_Philippe_II_Duke_of_Orl_ans
Diogo_Duke_of_Viseu	parent	Ferdinand_Duke_of_Viseu
Afonso_IV_of_Portugal	parent	Elizabeth_of_Portugal
Afonso_IV_of_Portugal	parent	Denis_of_Portugal
John_I_Duke_of_Lorraine	parent	Rudolph_Duke_of_Lorraine
John_I_Duke_of_Lorraine	parent	Marie_de_Ch_tillon_1323_1363
Maria_Kunigunde_of_Saxony	parent	Maria_Josepha_of_Austria
Poppa_of_Bayeux	parent	Berengar_II_of_Neustria
Theobald_II_Duke_of_Lorraine	parent	Theobald_I_of_Navarre
Theobald_II_Duke_of_Lorraine	parent	Frederick_III_Duke_of_Lorraine
Beatrice_of_Nuremberg	parent	Elisabeth_of_Meissen
Ernest_II_Duke_of_Brunswic_L_neburg	parent	William_the_Younger_Duke_of_Brunswic_L_neburg
Eleanor_of_Navarre	parent	John_II_of_Aragon
Philip_Duke_of_Nemours	parent	Philip_II_Duke_of_Savoy
Ercole_III_d_Este_Duke_of_Modena	parent	Charlotte_Agla__d_Orl_ans
Agnes_of_Merania	parent	Berthold_Duke_of_Merania
Agnes_of_Merania	parent	Agnes_of_Rochlitz
Berthold_Duke_of_Merania	parent	Berthold_I_of_Istria
John_IV_Duke_of_Brittany	parent	John_of_Montfort
John_IV_Duke_of_Brittany	parent	Joanna_of_Flanders
Joan_of_France_Duchess_of_Berry	parent	Louis_XI
John_Duke_of_Touraine	parent	Charles_VI_of_France
Charlotte_de_Br_z_	parent	Charles_VII_of_France
Henry_VII_of_England	parent	Edmund_Tudor_1st_Earl_of_Richmond
Henry_VII_of_England	parent	Lady_Margaret_Beaufort
Mar_a_Isabella_of_Spain	parent	Maria_Luisa_of_Parma
Mar_a_Isabella_of_Spain	parent	Charles_IV_of_Spain
Eleanor_of_England_Countess_of_Bar	parent	Eleanor_of_Castile
Frederick_II_Duke_of_Brunswic_L_neburg	parent	Bernard_I_Duke_of_Brunswic_L_neburg
Charles_II_Archduke_of_Austria	parent	Anne_of_Bohemia_and_Hungary
Charles_II_Archduke_of_Austria	parent	Ferdinand_I_Holy_Roman_Emperor
Welf_I_Duke_of_Bavaria	parent	Albert_Azzo_II_Margrave_of_Milan
Welf_I_Duke_of_Bavaria	parent	Kunigunde_of_Altdorf
Philip_the_Bold	parent	John_II_of_France
Philip_the_Bold	parent	Bonne_of_Luxembourg
Prince_Philippe_Duke_of_Orl_ans_1869_1926	parent	Princess_Marie_Isabelle_of_Orl_ans
Prince_Philippe_Duke_of_Orl_ans_1869_1926	parent	Prince_Philippe_Count_of_Paris
Maria_Henrietta_of_Naples_and_Sicily	parent	Ferdinand_I_of_the_Two_Sicilies
Maria_Henrietta_of_Naples_and_Sicily	parent	Maria_Carolina_of_Austria
Charles_of_Austria_Bishop_of_Wroclaw	parent	Maria_Anna_of_Bavaria_born_1551
Napoleon_II	parent	Napoleon
Napoleon_II	parent	Marie_Louise_Duchess_of_Parma
Giovanni_de_Medici_cardinal	parent	Cosimo_I_de_Medici_Grand_Duke_of_Tuscany
Hugh_Count_of_Burgundy	parent	John_Count_of_Chalon
Infante_Antonio_Pascual_of_Spain	parent	Maria_Amalia_of_Saxony
William_of_Winchester_Lord_of_Lunenburg	parent	Henry_the_Lion
William_of_Winchester_Lord_of_Lunenburg	parent	Matilda_of_England_Duchess_of_Saxony
Archduke_Rudolf_of_Austria	parent	Leopold_II_Holy_Roman_Emperor
Archduke_Rudolf_of_Austria	parent	Maria_Luisa_of_Spain
Duke_George_Augustus_of_Mecklenburg	parent	Duke_Charles_Louis_Frederick_of_Mecklenburg
Duke_George_Augustus_of_Mecklenburg	parent	Princess_Elisabeth_Albertine_of_Saxe_Hildburghausen
Edward_III_Duke_of_Bar	parent	Marie_of_France_Duchess_of_Bar
Jeanne_de_Bourbon_Duchess_of_Bourbon	parent	John_VIII_Count_of_Vend_me
Jeanne_de_Bourbon_Duchess_of_Bourbon	parent	Isabelle_de_Beauvau
Princess_Sophia_of_the_United_Kingdom	parent	Charlotte_of_Mecklenburg_Strelitz
Princess_Sophia_of_the_United_Kingdom	parent	George_III
Catherine_of_Valois	parent	Charles_VI_of_France
Catherine_of_Valois	parent	Isabeau_of_Bavaria
Edmund_Tudor_1st_Earl_of_Richmond	parent	Catherine_of_Valois
Margaret_of_the_Palatinate	parent	Elisabeth_of_Nuremberg
Margaret_of_the_Palatinate	parent	Rupert_King_of_the_Romans
Maria_of_Portugal_Marchioness_of_Tortosa	parent	Peter_I_of_Portugal
Lorenzo_the_Elder	parent	Piccarda_Bueri
Lorenzo_the_Elder	parent	Giovanni_di_Bicci_de_Medici
Margaret_of_Brieg	parent	Louis_I_of_Brzeg
Katherine_of_Bavaria	parent	Margaret_of_Brieg
Sibylla_of_Anjou	parent	Fulk_King_of_Jerusalem
Sibylla_of_Anjou	parent	Ermengarde_Countess_of_Maine
Sophia_of_Saxe_Weissenfels_Princess_of_Anhalt_Zerbst	parent	Anna_Maria_of_Mecklenburg_Schwerin
Sophia_of_Saxe_Weissenfels_Princess_of_Anhalt_Zerbst	parent	Augustus_Duke_of_Saxe_Weissenfels
Princess_Louise_of_Hesse_Darmstadt_1757_1830	parent	Louis_IX_Landgrave_of_Hesse_Darmstadt
Princess_Louise_of_Hesse_Darmstadt_1757_1830	parent	Countess_Palatine_Caroline_of_Zweibr_cken
James_V_of_Scotland	parent	James_IV_of_Scotland
James_V_of_Scotland	parent	Margaret_Tudor
John_of_Castile_Lord_of_Valencia_de_Campos	parent	Alfonso_X_of_Castile
Mahaut_Countess_of_Artois	parent	Amicie_de_Courtenay
Mahaut_Countess_of_Artois	parent	Robert_II_Count_of_Artois
Archduke_Karl_Ambrosius_of_Austria_Este	parent	Maria_Beatrice_d_Este_Duchess_of_Massa
Francis_II_Duke_of_Lorraine	parent	Claude_of_France_1547_1575
Francis_II_Duke_of_Lorraine	parent	Charles_III_Duke_of_Lorraine
Anne_of_Cyprus	parent	Charlotte_of_Bourbon_Queen_of_Cyprus
Anne_of_Cyprus	parent	Janus_of_Cyprus
Louis_Duke_of_Savoy	parent	Mary_of_Burgundy_Duchess_of_Savoy
Louis_Duke_of_Savoy	parent	Amadeus_VIII_Duke_of_Savoy
Blanche_of_France_Duchess_of_Austria	parent	Marie_of_Brabant_Queen_of_France
Blanche_of_France_Duchess_of_Austria	parent	Philip_III_of_France
Alfonso_XI_of_Castile	parent	Constance_of_Portugal
Alfonso_XI_of_Castile	parent	Ferdinand_IV_of_Castile
Madame_Ad_la_de	parent	Louis_XV
John_II_Duke_of_Bavaria	parent	Stephen_II_Duke_of_Bavaria
Alexander_Stewart_Duke_of_Albany	parent	James_II_of_Scotland
John_Woodville	parent	Jacquetta_of_Luxembourg
Marie_Elisabeth_of_France	parent	Charles_IX_of_France
Marie_Elisabeth_of_France	parent	Elisabeth_of_Austria_Queen_of_France
Margaret_Holland_Duchess_of_Clarence	parent	Alice_Holland_Countess_of_Kent
Margaret_Holland_Duchess_of_Clarence	parent	Thomas_Holland_2nd_Earl_of_Kent
Eleanor_of_England_Countess_of_Leicester	parent	John_King_of_England
Luise_Marie_of_the_Palatinate	parent	Anne_Gonzaga
Henry_Brandon_1st_Earl_of_Lincoln	parent	Mary_Tudor_Queen_of_France
Adolphus_Frederick_II_Duke_of_Mecklenburg_Strelitz	parent	Adolphus_Frederick_I_Duke_of_Mecklenburg_Schwerin
Marguerite_of_Lorraine	parent	Francis_II_Duke_of_Lorraine
Bonne_of_Luxembourg	parent	Elizabeth_of_Bohemia_1292_1330
Bonne_of_Luxembourg	parent	John_of_Bohemia
_thelstan	parent	Edward_the_Elder
Anne_of_Foix_Candale	parent	Catherine_of_Foix_Countess_of_Candale
Anne_of_Foix_Candale	parent	Gaston_de_Foix_Count_of_Candale
Princess_Elizabeth_of_the_United_Kingdom	parent	Charlotte_of_Mecklenburg_Strelitz
Princess_Elizabeth_of_the_United_Kingdom	parent	George_III
Archduchess_Maria_Maddalena_of_Austria	parent	Maria_Anna_of_Bavaria_born_1551
Antoine_Count_of_Vaud_mont	parent	Margaret_of_Joinville
Antoine_Count_of_Vaud_mont	parent	Frederick_I_Count_of_Vaud_mont
Fran_oise_Marie_de_Bourbon	parent	Louis_XIV
Fran_oise_Marie_de_Bourbon	parent	Fran_oise_Ath_na_s_de_Rochechouart_Marquise_de_Montespan
John_of_Foix_Viscount_of_Narbonne	parent	Eleanor_of_Navarre
Maria_Luisa_of_Parma	parent	Philip_Duke_of_Parma
Maria_Luisa_of_Parma	parent	Louise__lisabeth_of_France
George_I_Landgrave_of_Hesse_Darmstadt	parent	Christine_of_Saxony
Louis_Hereditary_Prince_of_Lorraine	parent	Leopold_Duke_of_Lorraine
Fredericka_of_Saxe_Gotha_Altenburg	parent	Princess_Magdalena_Augusta_of_Anhalt_Zerbst
Maria_Theresa_of_Savoy	parent	Victor_Amadeus_III_of_Sardinia
Maria_Theresa_of_Savoy	parent	Maria_Antonia_Ferdinanda_of_Spain
Margaret_of_France_Queen_of_England_and_Hungary	parent	Constance_of_Castile
Baldwin_III_of_Jerusalem	parent	Fulk_King_of_Jerusalem
Isabella_of_Valois	parent	Charles_VI_of_France
Elizabeth_of_Bohemia_1292_1330	parent	Judith_of_Habsburg
Elizabeth_of_Bohemia_1292_1330	parent	Wenceslaus_II_of_Bohemia
Henry_VI_Count_of_Luxembourg	parent	Margaret_of_Bar
Henry_VI_Count_of_Luxembourg	parent	Henry_V_Count_of_Luxembourg
Matilda_of_Bavaria_Margravine_of_Meissen	parent	Louis_IV_Holy_Roman_Emperor
Matilda_of_Bavaria_Margravine_of_Meissen	parent	Beatrice_of_Silesia
Philip_II_of_Spain	parent	Isabella_of_Portugal
Philip_II_of_Spain	parent	Charles_V_Holy_Roman_Emperor
John_II_Duke_of_Brittany	parent	John_I_Duke_of_Brittany
Rudolf_II_Duke_of_Austria	parent	Rudolf_I_of_Germany
Rudolf_II_Duke_of_Austria	parent	Gertrude_of_Hohenberg
Werner_II_Count_of_Habsburg	parent	Otto_II_Count_of_Habsburg
Arthur_Prince_of_Wales	parent	Elizabeth_of_York
Arthur_Prince_of_Wales	parent	Henry_VII_of_England
John_Count_Palatine_of_Neumarkt	parent	Elisabeth_of_Nuremberg
Cardinal_Infante_Ferdinand_of_Austria	parent	Philip_III_of_Spain
Prince_John_August_of_Saxe_Gotha_Altenburg	parent	Princess_Magdalena_Augusta_of_Anhalt_Zerbst
Bertha_of_Holland	parent	Gertrude_of_Saxony
Bertha_of_Holland	parent	Floris_I_Count_of_Holland
Margaret_of_Burgundy_Queen_of_France	parent	Agnes_of_France_Duchess_of_Burgundy
Margaret_of_Burgundy_Queen_of_France	parent	Robert_II_Duke_of_Burgundy
Valdemar_I_of_Denmark	parent	Canute_Lavard
Valdemar_I_of_Denmark	parent	Ingeborg_of_Kiev
Ingegerd_Olofsdotter_of_Sweden	parent	Olof_Sk_tkonung
Ingegerd_Olofsdotter_of_Sweden	parent	Estrid_of_the_Obotrites
Napol_on_Louis_Bonaparte	parent	Louis_Bonaparte
Richard_Woodville_3rd_Earl_Rivers	parent	Jacquetta_of_Luxembourg
Marie_of_Luxembourg_Countess_of_Vend_me	parent	Margaret_of_Savoy_Countess_of_Saint_Pol
Marie_of_Luxembourg_Countess_of_Vend_me	parent	Peter_II_Count_of_Saint_Pol
Welf_I	parent	Adelaide_of_Tours
Dangereuse_de_l_Isle_Bouchard	parent	Bartholomew_de_L_Isle_Bouchard
Alfonso_de_Castilla_y_Molina	parent	Sancho_IV_of_Castile
Louise_of_France_1737_1787	parent	Louis_XV
Princess_Mary_Duchess_of_Gloucester_and_Edinburgh	parent	Charlotte_of_Mecklenburg_Strelitz
Princess_Mary_Duchess_of_Gloucester_and_Edinburgh	parent	George_III
Archduke_Charles_Duke_of_Teschen	parent	Leopold_II_Holy_Roman_Emperor
Archduke_Charles_Duke_of_Teschen	parent	Maria_Luisa_of_Spain
Charles_Duke_of_Berry_1686_1714	parent	Louis_Dauphin_of_France_son_of_Louis_XIV
Marie_Z_phyrine_of_France	parent	Maria_Josepha_of_Saxony_Dauphine_of_France
Marie_Z_phyrine_of_France	parent	Louis_Dauphin_of_France_son_of_Louis_XV
Napoleon	parent	Carlo_Buonaparte
Napoleon	parent	Letizia_Bonaparte
Princess_Maria_Antonia_of_Naples_and_Sicily	parent	Ferdinand_I_of_the_Two_Sicilies
Princess_Maria_Antonia_of_Naples_and_Sicily	parent	Maria_Carolina_of_Austria
Arnulf_Count_of_Holland	parent	Dirk_II_Count_of_Holland
Balthasar_Charles_Prince_of_Asturias	parent	Philip_IV_of_Spain
Balthasar_Charles_Prince_of_Asturias	parent	Elisabeth_of_France_1602_1644
Robert_I_Count_of_Dreux	parent	Adelaide_of_Maurienne
Robert_I_Count_of_Dreux	parent	Louis_VI_of_France
Dirk_I_Count_of_Holland	parent	Gerolf_of_Holland
Eleanor_of_Woodstock	parent	Isabella_of_France
Eleanor_of_Woodstock	parent	Edward_II_of_England
Adelaide_of_Italy	parent	Rudolph_II_of_Burgundy
Gisela_of_France_Countess_of_Ponthieu	parent	Hugh_Capet
Gisela_of_France_Countess_of_Ponthieu	parent	Adelaide_of_Aquitaine
Isabella_de_Beauchamp	parent	William_de_Beauchamp_9th_Earl_of_Warwick
Isabella_de_Beauchamp	parent	Maud_FitzJohn_Countess_of_Warwick
Princess_Magdalena_Augusta_of_Anhalt_Zerbst	parent	Charles_Prince_of_Anhalt_Zerbst
Princess_Magdalena_Augusta_of_Anhalt_Zerbst	parent	Sophia_of_Saxe_Weissenfels_Princess_of_Anhalt_Zerbst
Beatrice_of_Bavaria	parent	Louis_IV_Holy_Roman_Emperor
Ferdinand_II_Archduke_of_Austria	parent	Anne_of_Bohemia_and_Hungary
Princess_Caroline_Elizabeth_of_Great_Britain	parent	George_II_of_Great_Britain
Gertrude_of_Saxony	parent	Eilika_of_Schweinfurt
Gertrude_of_Saxony	parent	Bernard_II_Duke_of_Saxony
John_I_Duke_of_Brittany	parent	Peter_I_Duke_of_Brittany
John_I_Duke_of_Brittany	parent	Alix_Duchess_of_Brittany
Lothair_of_France	parent	Gerberga_of_Saxony
Lothair_of_France	parent	Louis_IV_of_France
Marie_of_France_Duchess_of_Bar	parent	John_II_of_France
Marie_of_France_Duchess_of_Bar	parent	Bonne_of_Luxembourg
Adelaide_of_Aquitaine	parent	Gerloc
Adelaide_of_Aquitaine	parent	William_III_Duke_of_Aquitaine
Gerloc	parent	Rollo
Gerloc	parent	Poppa_of_Bayeux
John_II_Duke_of_Bourbon	parent	Agnes_of_Burgundy_Duchess_of_Bourbon
Louis_V_Duke_of_Bavaria	parent	Beatrice_of_Silesia
Beatrice_Countess_of_Arundel	parent	John_I_of_Portugal
Countess_Palatine_Hedwig_Elisabeth_of_Neuburg	parent	Landgravine_Elisabeth_Amalie_of_Hesse_Darmstadt
Fran_ois_de_Lorraine	parent	Ren__II_Duke_of_Lorraine
_thelstan_of_Kent	parent	_thelwulf_King_of_Wessex
Otto_I_Holy_Roman_Emperor	parent	Henry_the_Fowler
Princess_Maria_Carolina_of_Bourbo_Two_Sicilies_1820_1861	parent	Mar_a_Isabella_of_Spain
Albert_II_Duke_of_Austria	parent	Elisabeth_of_Carinthia_Queen_of_the_Romans
Albert_II_Duke_of_Austria	parent	Albert_I_of_Germany
Ferdinand_III_Grand_Duke_of_Tuscany	parent	Leopold_II_Holy_Roman_Emperor
Vsevolod_I_of_Kiev	parent	Yaroslav_the_Wise
Vsevolod_I_of_Kiev	parent	Ingegerd_Olofsdotter_of_Sweden
Margaret_Marchioness_of_Namur	parent	Yolanda_Latin_Empress
Margaret_Countess_of_Anjou	parent	Mary_of_Hungary_Queen_of_Naples
Margaret_Countess_of_Anjou	parent	Charles_II_of_Naples
Thomas_Francis_Prince_of_Carignano	parent	Charles_Emmanuel_I_Duke_of_Savoy
Maria_Leopoldina_of_Austria	parent	Francis_II_Holy_Roman_Emperor
Maria_Leopoldina_of_Austria	parent	Maria_Theresa_of_Naples_and_Sicily
Ramon_Berenguer_II_Count_of_Barcelona	parent	Ramon_Berenguer_I_Count_of_Barcelona
Ramon_Berenguer_II_Count_of_Barcelona	parent	Almodis_de_la_Marche
Margaret_of_Nevers	parent	Margaret_of_Bavaria
Margaret_of_Nevers	parent	John_the_Fearless
Prince_Henry_Duke_of_Cumberland_and_Strathearn	parent	Frederick_Prince_of_Wales
Philippe_Duke_of_Anjou	parent	Louis_XV
Gisela_of_France	parent	Charles_the_Simple
Gisela_of_France	parent	Frederuna
Charles_Felix_of_Sardinia	parent	Victor_Amadeus_III_of_Sardinia
Charles_Felix_of_Sardinia	parent	Maria_Antonia_Ferdinanda_of_Spain
Edmund_Tudor_Duke_of_Somerset	parent	Elizabeth_of_York
Edmund_Tudor_Duke_of_Somerset	parent	Henry_VII_of_England
Archduchess_Maria_Johanna_Gabriela_of_Austria	parent	Francis_I_Holy_Roman_Emperor
Archduchess_Maria_Johanna_Gabriela_of_Austria	parent	Maria_Theresa
Louis_VI_Landgrave_of_Hesse_Darmstadt	parent	Sophia_Eleonore_of_Saxony
Stephen_II_of_Auxonne	parent	William_III_of_M_con
Joanna_of_Castile	parent	Ferdinand_II_of_Aragon
Ernest_I_Duke_of_Brunswic_L_neburg	parent	Henry_the_Middle_Duke_of_Brunswic_L_neburg
Ernest_I_Duke_of_Brunswic_L_neburg	parent	Margaret_of_Saxony_Duchess_of_Brunswic_L_neburg
Albert_Azzo_I_Margrave_of_Milan	parent	Oberto_II_Margrave_of_Milan
John_I_of_France	parent	Clementia_of_Hungary
John_I_of_France	parent	Louis_X_of_France
George_II_of_Great_Britain	parent	George_I_of_Great_Britain
George_II_of_Great_Britain	parent	Sophia_Dorothea_of_Celle
Charles_Emmanuel_IV_of_Sardinia	parent	Victor_Amadeus_III_of_Sardinia
Charles_Emmanuel_IV_of_Sardinia	parent	Maria_Antonia_Ferdinanda_of_Spain
Marie_of_France_Countess_of_Champagne	parent	Eleanor_of_Aquitaine
Marie_of_France_Countess_of_Champagne	parent	Louis_VII_of_France
James_Stewart_1st_Earl_of_Moray	parent	James_V_of_Scotland
Anund_Jacob	parent	Estrid_of_the_Obotrites
Robert_Stewart_Duke_of_Albany	parent	Robert_II_of_Scotland
Hemma	parent	Welf_father_of_Judith
Hemma	parent	Hedwig_of_Bavaria
Judith_of_Bavaria_died_843	parent	Welf_father_of_Judith
Judith_of_Bavaria_died_843	parent	Hedwig_of_Bavaria
Louis_Prince_of_Cond__1530_1569	parent	Charles_Duke_of_Vend_me
Adelaide_Blanche_of_Anjou	parent	Fulk_II_Count_of_Anjou
Fulk_II_Count_of_Anjou	parent	Fulk_I_Count_of_Anjou
Louis_Joseph_Dauphin_of_France	parent	Marie_Antoinette
Louis_Joseph_Dauphin_of_France	parent	Louis_XVI
Prince_Francis_Count_of_Trapani	parent	Mar_a_Isabella_of_Spain
Henry_son_of_Edward_I	parent	Edward_I_of_England
Archduchess_Maria_Amalia_of_Austria_1780_1798	parent	Leopold_II_Holy_Roman_Emperor
Archduchess_Maria_Amalia_of_Austria_1780_1798	parent	Maria_Luisa_of_Spain
Baldwin_II_Latin_Emperor	parent	Yolanda_Latin_Empress
Louis_I_Grand_Duke_of_Hesse	parent	Countess_Palatine_Caroline_of_Zweibr_cken
Infanta_Luisa_Fernanda_Duchess_of_Montpensier	parent	Maria_Christina_of_the_Two_Sicilies
Infanta_Luisa_Fernanda_Duchess_of_Montpensier	parent	Ferdinand_VII_of_Spain
Princess_Mar_a_Cristina_of_Orl_ans	parent	Antoine_Duke_of_Montpensier
Princess_Mar_a_Cristina_of_Orl_ans	parent	Infanta_Luisa_Fernanda_Duchess_of_Montpensier
Ferdinand_II_Holy_Roman_Emperor	parent	Maria_Anna_of_Bavaria_born_1551
Matilda_of_England_Duchess_of_Saxony	parent	Eleanor_of_Aquitaine
Marie_Louise_Duchess_of_Parma	parent	Francis_II_Holy_Roman_Emperor
Marie_Louise_Duchess_of_Parma	parent	Maria_Theresa_of_Naples_and_Sicily
Charles_I_of_Anjou	parent	Blanche_of_Castile
Charles_I_of_Anjou	parent	Louis_VIII_of_France
Archduke_Wenceslaus_of_Austria	parent	Maximilian_II_Holy_Roman_Emperor
Archduke_Wenceslaus_of_Austria	parent	Maria_of_Austria_Holy_Roman_Empress
Beatrice_of_Navarre_Duchess_of_Burgundy	parent	Theobald_I_of_Navarre
Theresa_of_Portugal_Queen_of_Le_n	parent	Sancho_I_of_Portugal
Arthur_III_Duke_of_Brittany	parent	John_IV_Duke_of_Brittany
Sancho_IV_of_Castile	parent	Alfonso_X_of_Castile
Sancho_IV_of_Castile	parent	Violant_of_Aragon
Violant_of_Aragon	parent	James_I_of_Aragon
Margaret_of_Baux	parent	Francis_of_Baux
Amadeus_IX_Duke_of_Savoy	parent	Anne_of_Cyprus
Amadeus_IX_Duke_of_Savoy	parent	Louis_Duke_of_Savoy
Sancha_of_Portugal_born_1264	parent	Afonso_III_of_Portugal
Ecgberht_King_of_Wessex	parent	Ealhmund_of_Kent
Henry_II_Count_of_Louvain	parent	Lambert_II_Count_of_Louvain
Caroline_Matilda_of_Great_Britain	parent	Frederick_Prince_of_Wales
Caroline_Matilda_of_Great_Britain	parent	Princess_Augusta_of_Saxe_Gotha
Elizabeth_Tudor_1492_1495	parent	Henry_VII_of_England
Wilfred_the_Hairy	parent	Sunifred_Count_of_Barcelona
Carlo_Buonaparte	parent	Giuseppe_Maria_Buonaparte
Princess_Maria_Antonia_of_the_Two_Sicilies	parent	Mar_a_Isabella_of_Spain
Charles_of_Valois_Duke_of_Berry	parent	Charles_VII_of_France
Charles_of_Valois_Duke_of_Berry	parent	Marie_of_Anjou
Archduchess_Maria_Josepha_of_Austria	parent	Maria_Theresa
Philibert_II_Duke_of_Savoy	parent	Margaret_of_Bourbon_1438_1483
Louis_Duke_of_Burgundy_1751_1761	parent	Maria_Josepha_of_Saxony_Dauphine_of_France
Louis_Duke_of_Burgundy_1751_1761	parent	Louis_Dauphin_of_France_son_of_Louis_XV
Egbert_archbishop_of_Trier	parent	Dirk_II_Count_of_Holland
Louise__lisabeth_d_Orl_ans	parent	Philippe_II_Duke_of_Orl_ans
Louise__lisabeth_d_Orl_ans	parent	Fran_oise_Marie_de_Bourbon
John_of_Bohemia	parent	Henry_VII_Holy_Roman_Emperor
John_of_Bohemia	parent	Margaret_of_Brabant
Nicolaus_of_Luxemburg	parent	John_of_Bohemia
Blanche_of_Bourbon	parent	Isabella_of_Valois_Duchess_of_Bourbon
_thelweard_son_of_Alfred	parent	Alfred_the_Great
Matilda_of_Flanders	parent	Baldwin_V_Count_of_Flanders
Nicolas_Henri_Duke_of_Orl_ans	parent	Marie_de_Medici
Nicolas_Henri_Duke_of_Orl_ans	parent	Henry_IV_of_France
Helie_of_Burgundy	parent	Odo_I_Duke_of_Burgundy
Baldwin_IV_Count_of_Flanders	parent	Rozala_of_Italy
Baldwin_IV_Count_of_Flanders	parent	Arnulf_II_Count_of_Flanders
Catherine_of_Cleves_1417_1479	parent	Mary_of_Burgundy_Duchess_of_Cleves
Lambert_II_Count_of_Louvain	parent	Lambert_I_Count_of_Louvain
Maria_of_Austria_Holy_Roman_Empress	parent	Isabella_of_Portugal
Maria_of_Austria_Holy_Roman_Empress	parent	Charles_V_Holy_Roman_Emperor
Albert_VII_Archduke_of_Austria	parent	Maximilian_II_Holy_Roman_Emperor
Albert_VII_Archduke_of_Austria	parent	Maria_of_Austria_Holy_Roman_Empress
Giovanni_delle_Bande_Nere	parent	Giovanni_il_Popolano
Princess_Caroline_Louise_of_Saxe_Weimar_Eisenach	parent	Princess_Louise_of_Hesse_Darmstadt_1757_1830
Princess_Caroline_Louise_of_Saxe_Weimar_Eisenach	parent	Karl_August_Grand_Duke_of_Saxe_Weimar_Eisenach
Boso_the_Elder	parent	Boso_II_of_Italy
Anna_de_Medici	parent	Francesco_I_de_Medici_Grand_Duke_of_Tuscany
Anna_de_Medici	parent	Joanna_of_Austria_Grand_Duchess_of_Tuscany
Beatrice_of_Savoy	parent	Margaret_of_Geneva
Beatrice_of_Savoy	parent	Thomas_Count_of_Savoy
Margaret_of_Geneva	parent	William_I_of_Geneva
Igor_Yaroslavich	parent	Yaroslav_the_Wise
Igor_Yaroslavich	parent	Ingegerd_Olofsdotter_of_Sweden
Theobald_II_of_Navarre	parent	Theobald_I_of_Navarre
Prince_Gennaro_of_Naples_and_Sicily	parent	Maria_Carolina_of_Austria
Peter_of_Aragon_Count_of_Alburquerque	parent	Ferdinand_I_of_Aragon
Peter_of_Aragon_Count_of_Alburquerque	parent	Eleanor_of_Alburquerque
Lothair_I	parent	Ermengarde_of_Hesbaye
Lothair_I	parent	Louis_the_Pious
Prince_Robert_Duke_of_Chartres	parent	Duchess_Helene_of_Mecklenburg_Schwerin
Prince_Robert_Duke_of_Chartres	parent	Ferdinand_Philippe_Duke_of_Orl_ans
Elizabeth_Stuart_daughter_of_Charles_I	parent	Henrietta_Maria
Thomas_Arundel	parent	Eleanor_of_Lancaster
Dobroniega_Ludgarda_of_Poland	parent	Salomea_of_Berg
Infante_Carlos_of_Spain_1607_1632	parent	Margaret_of_Austria_Queen_of_Spain
Infante_Carlos_of_Spain_1607_1632	parent	Philip_III_of_Spain
Maria_Elisabetta_Carlotta_of_Savoy	parent	Maria_Antonia_Ferdinanda_of_Spain
Charles_III_Duke_of_Lorraine	parent	Francis_I_Duke_of_Lorraine
Charles_III_Duke_of_Lorraine	parent	Christina_of_Denmark
Richard_Duke_of_Burgundy	parent	Bivin_of_Gorze
Louis_I_Duke_of_Bavaria	parent	Otto_I_Duke_of_Bavaria
Louis_I_Duke_of_Bavaria	parent	Agnes_of_Loon
Blanche_of_France_nun	parent	Joan_II_Countess_of_Burgundy
Blanche_of_France_nun	parent	Philip_V_of_France
Theobald_II_Count_of_Champagne	parent	Adela_of_Normandy
Theobald_II_Count_of_Champagne	parent	Stephen_Count_of_Blois
Countess_Caroline_of_Nassau_Saarbr_cken	parent	Louis_Crato_Count_of_Nassau_Saarbr_cken
Archduke_Alexander_Leopold_of_Austria	parent	Maria_Luisa_of_Spain
Isabella_I_of_Castile	parent	John_II_of_Castile
Isabella_I_of_Castile	parent	Isabella_of_Portugal_Queen_of_Castile
John_Hereditary_Prince_of_Saxony	parent	Barbara_Jagiellon
Sudislav	parent	Vladimir_the_Great
Charles_II_Duke_of_Bourbon	parent	Agnes_of_Burgundy_Duchess_of_Bourbon
Ermengarde_of_Anjou_Duchess_of_Burgundy	parent	Fulk_III_Count_of_Anjou
Afonso_I_Duke_of_Braganza	parent	John_I_of_Portugal
Archduke_Rainer_Joseph_of_Austria	parent	Leopold_II_Holy_Roman_Emperor
Archduke_Rainer_Joseph_of_Austria	parent	Maria_Luisa_of_Spain
Ferdinand_IV_of_Castile	parent	Mar_a_de_Molina
Ferdinand_IV_of_Castile	parent	Sancho_IV_of_Castile
Isabella_of_France_Queen_of_Navarre	parent	Louis_IX_of_France
Isabella_of_France_Queen_of_Navarre	parent	Margaret_of_Provence
Beatrice_of_Bourbon_Queen_of_Bohemia	parent	Louis_I_Duke_of_Bourbon
Frederick_III_Duke_of_Lorraine	parent	Matthias_II_Duke_of_Lorraine
Charles_de_Valois_Duke_of_Angoul_me	parent	Charles_IX_of_France
Eadburh_of_Winchester	parent	Edward_the_Elder
Charles_IV_Holy_Roman_Emperor	parent	Elizabeth_of_Bohemia_1292_1330
Charles_IV_Holy_Roman_Emperor	parent	John_of_Bohemia
Elizabeth_of_Rhuddlan	parent	Eleanor_of_Castile
Margaret_of_Savoy_Vicereine_of_Portugal	parent	Charles_Emmanuel_I_Duke_of_Savoy
Maria_Teresa_Rafaela_of_Spain	parent	Elisabeth_Farnese
Sviatoslav_II_of_Kiev	parent	Yaroslav_the_Wise
Sviatoslav_II_of_Kiev	parent	Ingegerd_Olofsdotter_of_Sweden
Charles_V_Holy_Roman_Emperor	parent	Philip_I_of_Castile
Charles_V_Holy_Roman_Emperor	parent	Joanna_of_Castile
Berengaria_of_Castile_Lady_of_Guadalajara	parent	Alfonso_X_of_Castile
Victoire_of_France_1733_1799	parent	Louis_XV
Duchess_Charlotte_Felicitas_of_Brunswic_L_neburg	parent	Benedicta_Henrietta_of_the_Palatinate
Prince_Bernhard_of_Saxe_Weimar_Eisenach_1792_1862	parent	Princess_Louise_of_Hesse_Darmstadt_1757_1830
Louis_C_sar_Count_of_Vexin	parent	Louis_XIV
Isabella_of_Portugal_Queen_of_Castile	parent	Isabel_of_Barcelos
Isabella_of_Portugal_Queen_of_Castile	parent	John_Constable_of_Portugal
Eleanor_of_Scotland	parent	James_I_of_Scotland
Philip_Count_of_Vertus	parent	Louis_I_Duke_of_Orl_ans
Constance_of_Castile	parent	Alfonso_VII_of_Le_n_and_Castile
Princess_Amelia_of_the_United_Kingdom	parent	Charlotte_of_Mecklenburg_Strelitz
Princess_Amelia_of_the_United_Kingdom	parent	George_III
Wenceslaus_III_of_Bohemia	parent	Judith_of_Habsburg
Charles_Martel_of_Anjou	parent	Mary_of_Hungary_Queen_of_Naples
Eleanor_of_Brittany_abbess	parent	John_II_Duke_of_Brittany
Alfonso_VIII_of_Castile	parent	Sancho_III_of_Castile
Alfonso_VIII_of_Castile	parent	Blanca_of_Navarre_Queen_of_Castile
Charlotte_Agla__d_Orl_ans	parent	Philippe_II_Duke_of_Orl_ans
Charlotte_Agla__d_Orl_ans	parent	Fran_oise_Marie_de_Bourbon
Ren__Marquis_of_Elbeuf	parent	Antoinette_of_Bourbon
Hugh_II_Duke_of_Burgundy	parent	Odo_I_Duke_of_Burgundy
Hugh_II_Duke_of_Burgundy	parent	Sibylla_of_Burgundy_Duchess_of_Burgundy
William_Longesp_e_3rd_Earl_of_Salisbury	parent	Henry_II_of_England
Albert_III_Duke_of_Austria	parent	Albert_II_Duke_of_Austria
Eleonore_Magdalene_of_Neuburg	parent	Landgravine_Elisabeth_Amalie_of_Hesse_Darmstadt
Borrell_II_Count_of_Barcelona	parent	Sunyer_Count_of_Barcelona
Irmgard_of_Chiemsee	parent	Hemma
Blanche_of_France_Duchess_of_Orl_ans	parent	Charles_IV_of_France
Blanche_of_France_Duchess_of_Orl_ans	parent	Joan_of__vreux
Blanche_of_Artois	parent	Matilda_of_Brabant_Countess_of_Artois
Blanche_of_Artois	parent	Robert_I_Count_of_Artois
Margaret_of_Savoy_Countess_of_Saint_Pol	parent	Anne_of_Cyprus
Margaret_of_Savoy_Countess_of_Saint_Pol	parent	Louis_Duke_of_Savoy
Charles_V_Duke_of_Lorraine	parent	Claude_Fran_oise_de_Lorraine
Charles_V_Duke_of_Lorraine	parent	Nicholas_Francis_Duke_of_Lorraine
Anna_of_Hungary_Byzantine_empress	parent	Elizabeth_the_Cuman
Oleg_of_Drelinia	parent	Sviatoslav_I
Iziaslav_I_of_Kiev	parent	Yaroslav_the_Wise
Maria_of_Portugal_Duchess_of_Viseu	parent	Eleanor_of_Austria
Joan_of_France_1351_1371	parent	Blanche_of_Navarre_Queen_of_France
Bathilde_d_Orl_ans	parent	Louis_Philippe_I_Duke_of_Orl_ans
Archduchess_Maria_Elisabeth_of_Austria_born_1737	parent	Francis_I_Holy_Roman_Emperor
Archduchess_Maria_Elisabeth_of_Austria_born_1737	parent	Maria_Theresa
Charles_II_Duke_of_Lorraine	parent	John_I_Duke_of_Lorraine
Louise_of_Great_Britain	parent	George_II_of_Great_Britain
Archduke_Maximilian_Francis_of_Austria	parent	Francis_I_Holy_Roman_Emperor
Engeltrude_de_F_zensac	parent	Leuthard_I_of_Paris
Henry_of_France_Archbishop_of_Reims	parent	Adelaide_of_Maurienne
Barbara_Jagiellon	parent	Casimir_IV_Jagiellon
Barbara_Jagiellon	parent	Elizabeth_of_Austria_1436_1505
Magdalena_of_Saxony	parent	Barbara_Jagiellon
Frederick_I_Count_of_Vaud_mont	parent	John_I_Duke_of_Lorraine
Anastasia_of_Kiev	parent	Ingegerd_Olofsdotter_of_Sweden
Peter_II_of_Aragon	parent	Alfonso_II_of_Aragon
Peter_II_of_Aragon	parent	Sancha_of_Castile_Queen_of_Aragon
Auda_of_France	parent	Charles_Martel
Maximiliana_Maria_of_Bavaria	parent	Archduchess_Anna_of_Austria
Piero_the_Unfortunate	parent	Clarice_Orsini
Piero_the_Unfortunate	parent	Lorenzo_de_Medici
John_Stewart_of_Darnley	parent	Alexander_Stewart_of_Darnley_died_1404
Bona_of_Savoy	parent	Anne_of_Cyprus
Bona_of_Savoy	parent	Louis_Duke_of_Savoy
Anne_of_Austria_Landgravine_of_Thuringia	parent	Elizabeth_of_Luxembourg
Adalbert_of_Italy	parent	Willa_of_Tuscany
Adalbert_of_Italy	parent	Berengar_II_of_Italy
Duchess_Helene_of_Mecklenburg_Schwerin	parent	Princess_Caroline_Louise_of_Saxe_Weimar_Eisenach
Duchess_Helene_of_Mecklenburg_Schwerin	parent	Frederick_Louis_Hereditary_Grand_Duke_of_Mecklenburg_Schwerin
Joanna_of_Hainaut	parent	Joan_of_Valois_Countess_of_Hainaut
Henry_Beaumont_3rd_Baron_Beaumont	parent	Eleanor_of_Lancaster
Ferdinand_Philippe_Duke_of_Orl_ans	parent	Louis_Philippe_I
Ferdinand_Philippe_Duke_of_Orl_ans	parent	Maria_Amalia_of_Naples_and_Sicily
Philip_of_France_1116_1131	parent	Adelaide_of_Maurienne
Philip_of_France_1116_1131	parent	Louis_VI_of_France
Joanna_of_Austria_Princess_of_Portugal	parent	Isabella_of_Portugal
Bouchard_IV_of_Avesnes	parent	James_of_Avesnes
Floris_I_Count_of_Holland	parent	Dirk_III_Count_of_Holland
Matilda_of_Brabant_Countess_of_Artois	parent	Henry_II_Duke_of_Brabant
Matilda_of_Brabant_Countess_of_Artois	parent	Maria_of_Swabia
Peter_II_Duke_of_Bourbon	parent	Agnes_of_Burgundy_Duchess_of_Bourbon
Francis_II_Duke_of_Brittany	parent	Richard_Count_of__tampes
Francis_II_Duke_of_Brittany	parent	Margaret_Countess_of_Vertus
Richard_I_of_England	parent	Henry_II_of_England
Richard_I_of_England	parent	Eleanor_of_Aquitaine
Archduchess_Maria_Anna_of_Austria_governor	parent	Elisabeth_Christine_of_Brunswic_Wolfenb_ttel
Eleanor_of_Castile_died_1244	parent	Eleanor_of_England_Queen_of_Castile
Eleanor_of_Castile_died_1244	parent	Alfonso_VIII_of_Castile
Lorenzo_de_Medici	parent	Lucrezia_Tornabuoni
Lorenzo_de_Medici	parent	Piero_di_Cosimo_de_Medici
Sophia_Jagiellon_Margravine_of_Brandenburg_Ansbach	parent	Elizabeth_of_Austria_1436_1505
Henry_Stuart_Lord_Darnley	parent	Matthew_Stewart_4th_Earl_of_Lennox
Henry_Stuart_Lord_Darnley	parent	Margaret_Douglas
Philip_I_Count_of_Auvergne	parent	Odo_IV_Duke_of_Burgundy
Philip_I_Count_of_Auvergne	parent	Joan_III_Countess_of_Burgundy
Joanna_of_Bourbon	parent	Isabella_of_Valois_Duchess_of_Bourbon
Joanna_of_Bourbon	parent	Peter_I_Duke_of_Bourbon
Louis_the_Younger	parent	Louis_the_German
Louis_the_Younger	parent	Hemma
Henri_de_Dreux	parent	Robert_II_Count_of_Dreux
Henry_VIII	parent	Henry_VII_of_England
Joanna_of_Austria_Grand_Duchess_of_Tuscany	parent	Anne_of_Bohemia_and_Hungary
Joanna_of_Austria_Grand_Duchess_of_Tuscany	parent	Ferdinand_I_Holy_Roman_Emperor
Louis_Philippe_I_Duke_of_Orl_ans	parent	Louis_Duke_of_Orl_ans_1703_1752
Louis_Philippe_I_Duke_of_Orl_ans	parent	Auguste_of_Bade_Baden
Albert_II_Duke_of_Bavaria	parent	Margaret_of_Brieg
Anne_Marie_Th_r_se_de_Lorraine	parent	Nicholas_Francis_Duke_of_Lorraine
Rudolf_II_Holy_Roman_Emperor	parent	Maximilian_II_Holy_Roman_Emperor
Rudolf_II_Holy_Roman_Emperor	parent	Maria_of_Austria_Holy_Roman_Empress
Infante_Philip_Duke_of_Calabria	parent	Maria_Amalia_of_Saxony
John_Duke_of_Berry	parent	John_II_of_France
John_Duke_of_Berry	parent	Bonne_of_Luxembourg
Maria_Antonia_Ferdinanda_of_Spain	parent	Elisabeth_Farnese
Maria_Antonia_Ferdinanda_of_Spain	parent	Philip_V_of_Spain
Christine_of_Hesse	parent	Philip_I_Landgrave_of_Hesse
Christine_of_Hesse	parent	Christine_of_Saxony
Victor_Emmanuel_I_of_Sardinia	parent	Victor_Amadeus_III_of_Sardinia
Victor_Emmanuel_I_of_Sardinia	parent	Maria_Antonia_Ferdinanda_of_Spain
John_of_Gaunt	parent	Philippa_of_Hainault
John_of_Gaunt	parent	Edward_III_of_England
Edward_of_Westminster_Prince_of_Wales	parent	Margaret_of_Anjou
Edward_of_Westminster_Prince_of_Wales	parent	Henry_VI_of_England
Prince_Edward_Duke_of_Kent_and_Strathearn	parent	Charlotte_of_Mecklenburg_Strelitz
Fran_ois_d_Orl_ans_Prince_of_Joinville	parent	Maria_Amalia_of_Naples_and_Sicily
Marie_of_France_Duchess_of_Brabant	parent	Philip_II_of_France
Marie_of_France_Duchess_of_Brabant	parent	Agnes_of_Merania
Agnes_of_Rochlitz	parent	Dedi_III_Margrave_of_Lusatia
Louise_of_Lorraine	parent	Nicolas_Duke_of_Merc_ur
Thankmar	parent	Henry_the_Fowler
Adelaide_of_Paris	parent	Adalard_of_Paris
Adelaide_of_Paris	parent	March_of_Friuli
Francis_I_of_the_Two_Sicilies	parent	Ferdinand_I_of_the_Two_Sicilies
Francis_I_of_the_Two_Sicilies	parent	Maria_Carolina_of_Austria
Louis_III_Elector_Palatine	parent	Elisabeth_of_Nuremberg
Agnes_of_Poland	parent	Salomea_of_Berg
George_Gordon_5th_Earl_of_Huntly	parent	George_Gordon_4th_Earl_of_Huntly
George_Gordon_5th_Earl_of_Huntly	parent	Elizabeth_Gordon_Countess_of_Huntly
Katherine_of_England	parent	Eleanor_of_Provence
Infante_Gabriel_of_Spain	parent	Maria_Amalia_of_Saxony
Constance_of_Burgundy	parent	Robert_I_Duke_of_Burgundy
Princess_Augusta_of_Great_Britain	parent	Frederick_Prince_of_Wales
Princess_Augusta_of_Great_Britain	parent	Princess_Augusta_of_Saxe_Gotha
Otto_Duke_of_Austria	parent	Albert_I_of_Germany
Isabella_of_France_Dauphine_of_Viennois	parent	Philip_V_of_France
Princess_Catherine_Beatrice_of_Savoy	parent	Victor_Amadeus_I_Duke_of_Savoy
Portrait_of_Bia_de_Medici	parent	Cosimo_I_de_Medici_Grand_Duke_of_Tuscany
Garzia_de_Medici	parent	Cosimo_I_de_Medici_Grand_Duke_of_Tuscany
Marie_of_Valois_Prioress_of_Poissy	parent	Charles_VI_of_France
Countess_Palatine_Caroline_of_Zweibr_cken	parent	Countess_Caroline_of_Nassau_Saarbr_cken
Countess_Palatine_Caroline_of_Zweibr_cken	parent	Christian_III_Count_Palatine_of_Zweibr_cken
Agatha_of_Lorraine	parent	Simon_I_Duke_of_Lorraine
Frederick_Hereditary_Prince_of_Saxony	parent	Barbara_Jagiellon
Maria_Amalia_Duchess_of_Parma	parent	Francis_I_Holy_Roman_Emperor
Maria_Amalia_Duchess_of_Parma	parent	Maria_Theresa
Maria_Anna_of_Savoy_Duchess_of_Chablais	parent	Victor_Amadeus_III_of_Sardinia
Maria_Anna_of_Savoy_Duchess_of_Chablais	parent	Maria_Antonia_Ferdinanda_of_Spain
Alonso_de_Arag_n	parent	Ferdinand_II_of_Aragon
Henry_II_of_Namur	parent	Yolanda_Latin_Empress
Maria_of_Portugal_Queen_of_Castile	parent	Afonso_IV_of_Portugal
Rudolf_IV_Duke_of_Austria	parent	Albert_II_Duke_of_Austria
Guigues_VI_of_Viennois	parent	Hugh_III_Duke_of_Burgundy
Stephen_III_of_Auxonne	parent	Stephen_II_of_Auxonne
John_Tristan_Count_of_Valois	parent	Louis_IX_of_France
John_Tristan_Count_of_Valois	parent	Margaret_of_Provence
Matilda_of_Carinthia	parent	Engelbert_Duke_of_Carinthia
Andrew_Duke_of_Slavonia	parent	Elizabeth_the_Cuman
Louis_of_Anjou_Marquis_of_Pont___Mousson	parent	Ren__of_Anjou
Louis_of_Anjou_Marquis_of_Pont___Mousson	parent	Isabella_Duchess_of_Lorraine
Alix_of_France	parent	Eleanor_of_Aquitaine
Alix_of_France	parent	Louis_VII_of_France
Jacques_of_Savoy_Count_of_Romont	parent	Anne_of_Cyprus
Jacques_of_Savoy_Count_of_Romont	parent	Louis_Duke_of_Savoy
Mary_Tudor_Queen_of_France	parent	Elizabeth_of_York
Mary_Tudor_Queen_of_France	parent	Henry_VII_of_England
Odo_III_Duke_of_Burgundy	parent	Hugh_III_Duke_of_Burgundy
Maria_Ludovika_of_Austria_Este	parent	Maria_Beatrice_d_Este_Duchess_of_Massa
Maria_Ludovika_of_Austria_Este	parent	Ferdinand_Karl_Archduke_of_Austria_Este
Peter_I_Count_of_Alen_on	parent	Louis_IX_of_France
Peter_I_Count_of_Alen_on	parent	Margaret_of_Provence
Maria_Luisa_Gabriella_of_Savoy	parent	Anne_Marie_d_Orl_ans
Maria_Luisa_Gabriella_of_Savoy	parent	Victor_Amadeus_II_of_Sardinia
Adela_of_Champagne	parent	Theobald_II_Count_of_Champagne
James_of_Castile_Lord_of_Cameros	parent	Alfonso_X_of_Castile
Henry_son_of_Robert_I_of_Burgundy	parent	Robert_I_Duke_of_Burgundy
Henry_son_of_Robert_I_of_Burgundy	parent	Helie_of_Semur
Ermengarde_Countess_of_Maine	parent	Elias_I_Count_of_Maine
Constance_of_France_Princess_of_Antioch	parent	Philip_I_of_France
Constance_of_France_Princess_of_Antioch	parent	Bertha_of_Holland
Sancha_Lady_of_Alenquer	parent	Sancho_I_of_Portugal
Catherine_of_Lorraine_1573_1648	parent	Charles_III_Duke_of_Lorraine
Robert_III_Count_of_Dreux	parent	Robert_II_Count_of_Dreux
Edgar__theling	parent	Agatha_wife_of_Edward_the_Exile
Fulk_IV_Count_of_Anjou	parent	Ermengarde_of_Anjou_Duchess_of_Burgundy
Fulk_IV_Count_of_Anjou	parent	Geoffrey_II_Count_of_G_tinais
Hugh_Count_of_Vermandois	parent	Henry_I_of_France
Hugh_Count_of_Vermandois	parent	Anne_of_Kiev
Judith_of_Poland	parent	Salomea_of_Berg
Philip_I_Count_of_Boulogne	parent	Philip_II_of_France
Robert_II_Duke_of_Burgundy	parent	Hugh_IV_Duke_of_Burgundy
Robert_II_Duke_of_Burgundy	parent	Yolande_of_Dreux_Duchess_of_Burgundy
Amadeus_VIII_Duke_of_Savoy	parent	Bonne_of_Berry
Louise_Ad_la_de_d_Orl_ans	parent	Philippe_II_Duke_of_Orl_ans
Louise_Ad_la_de_d_Orl_ans	parent	Fran_oise_Marie_de_Bourbon
Frederick_IV_Duke_of_Brunswic_L_neburg	parent	William_the_Younger_Duke_of_Brunswic_L_neburg
Maria_de_Medici_1540_1557	parent	Cosimo_I_de_Medici_Grand_Duke_of_Tuscany
Remigius_of_Rouen	parent	Charles_Martel
Infanta_Maria_Josefa_of_Spain	parent	Maria_Amalia_of_Saxony
James_I_Count_of_La_Marche	parent	Mary_of_Avesnes
James_I_Count_of_La_Marche	parent	Louis_I_Duke_of_Bourbon
John_V_Duke_of_Brittany	parent	John_IV_Duke_of_Brittany
Raymond_Berengar_of_Andria	parent	Mary_of_Hungary_Queen_of_Naples
Alix_of_Brittany_Dame_de_Pontarcy	parent	John_I_Duke_of_Brittany
Archduchess_Eleanor_of_Austria_1582_1620	parent	Maria_Anna_of_Bavaria_born_1551
Jehan_de_Braine	parent	Robert_II_Count_of_Dreux
Matthias_Holy_Roman_Emperor	parent	Maximilian_II_Holy_Roman_Emperor
Matthias_Holy_Roman_Emperor	parent	Maria_of_Austria_Holy_Roman_Empress
Maria_Anna_of_Savoy	parent	Maria_Theresa_of_Austria_Este_Queen_of_Sardinia
John_FitzAlan_1st_Baron_Arundel	parent	Eleanor_of_Lancaster
Mieszko_III_the_Old	parent	Salomea_of_Berg
Eleanor_of_Portugal_Holy_Roman_Empress	parent	Edward_King_of_Portugal
Eleanor_of_Portugal_Holy_Roman_Empress	parent	Eleanor_of_Aragon_Queen_of_Portugal
Archduchess_Maria_Leopoldine_of_Austria_Este	parent	Maria_Beatrice_d_Este_Duchess_of_Massa
Archduchess_Maria_Leopoldine_of_Austria_Este	parent	Ferdinand_Karl_Archduke_of_Austria_Este
Leopold_III_Duke_of_Austria	parent	Joanna_of_Pfirt
Leopold_III_Duke_of_Austria	parent	Albert_II_Duke_of_Austria
Prince_Vittorio_Amedeo_Teodoro_Duke_of_Aosta	parent	Charles_Emmanuel_III_of_Sardinia
Anna_Jagiellon_Duchess_of_Pomerania	parent	Elizabeth_of_Austria_1436_1505
Anne_of_Bohemia_1290_1313	parent	Judith_of_Habsburg
Afonso_of_Portugal_Lord_of_Portalegre	parent	Afonso_III_of_Portugal
William_III_Duke_of_Aquitaine	parent	Ebalus_Duke_of_Aquitaine
Charles_Ferdinand_Duke_of_Berry	parent	Charles_X
Charles_Ferdinand_Duke_of_Berry	parent	Maria_Theresa_of_Savoy
Theobald_III_Count_of_Blois	parent	Odo_II_Count_of_Blois
Theobald_III_Count_of_Blois	parent	Ermengarde_of_Auvergne
Guy_of_Ivrea	parent	Willa_of_Tuscany
Guy_of_Ivrea	parent	Berengar_II_of_Italy
Charles_the_Bold	parent	Philip_the_Good
Charles_the_Bold	parent	Isabella_of_Portugal_Duchess_of_Burgundy
Matthew_Count_of_Boulogne	parent	Sibylla_of_Anjou
James_Stewart_Duke_of_Ross	parent	James_III_of_Scotland
Peter_III_of_Aragon	parent	James_I_of_Aragon
Cardinal_Infante_Afonso_of_Portugal	parent	Maria_of_Aragon_Queen_of_Portugal
Francis_Hyacinth_Duke_of_Savoy	parent	Victor_Amadeus_I_Duke_of_Savoy
Henry_of_Bar	parent	Marie_of_France_Duchess_of_Bar
Hedwig_of_Habsburg	parent	Rudolf_I_of_Germany
Hedwig_of_Habsburg	parent	Gertrude_of_Hohenberg
Elizabeth_Woodville	parent	Jacquetta_of_Luxembourg
Elizabeth_Woodville	parent	Richard_Woodville_1st_Earl_Rivers
Archduchess_Maria_Theresa_of_Austria_Este_1817_1886	parent	Francis_IV_Duke_of_Modena
Archduchess_Maria_Theresa_of_Austria_Este_1817_1886	parent	Maria_Beatrice_of_Savoy
Madeleine_of_Valois	parent	Claude_of_France
Madeleine_of_Valois	parent	Francis_I_of_France
Francis_Duke_of_Guise	parent	Antoinette_of_Bourbon
Joan_of_France_Duchess_of_Bourbon	parent	Charles_VII_of_France
Joan_of_France_Duchess_of_Bourbon	parent	Marie_of_Anjou
Sigismund_I_the_Old	parent	Elizabeth_of_Austria_1436_1505
Princess_Maria_Fortunata_d_Este	parent	Charlotte_Agla__d_Orl_ans
Leopold_I_Duke_of_Austria	parent	Albert_I_of_Germany
Agnes_of_France_Byzantine_Empress	parent	Louis_VII_of_France
Agnes_of_France_Byzantine_Empress	parent	Adela_of_Champagne
Johann_Wilhelm_Elector_Palatine	parent	Landgravine_Elisabeth_Amalie_of_Hesse_Darmstadt
Philippine__lisabeth_d_Orl_ans	parent	Philippe_II_Duke_of_Orl_ans
Elisabeth_of_Courtenay	parent	Yolanda_Latin_Empress
Anna_Sophia_II_Abbess_of_Quedlinburg	parent	Sophia_Eleonore_of_Saxony
Catherine_of_Lorraine_Margravine_of_Bade_Baden	parent	Margaret_of_the_Palatinate
Archduke_Joseph_of_Austria_Palatine_of_Hungary	parent	Leopold_II_Holy_Roman_Emperor
Archduke_Joseph_of_Austria_Palatine_of_Hungary	parent	Maria_Luisa_of_Spain
Henry_Duke_of_Villena	parent	Ferdinand_I_of_Aragon
Henry_Duke_of_Villena	parent	Eleanor_of_Alburquerque
Elisabeth_of_Valois	parent	Henry_II_of_France
Elisabeth_of_Valois	parent	Catherine_de_Medici
John_of_Eltham_Earl_of_Cornwall	parent	Isabella_of_France
John_of_Eltham_Earl_of_Cornwall	parent	Edward_II_of_England
_lfweard_of_Wessex	parent	_lffl_d_wife_of_Edward_the_Elder
_lfweard_of_Wessex	parent	Edward_the_Elder
William_I_Count_of_Burgundy	parent	Reginald_I_Count_of_Burgundy
William_I_Count_of_Burgundy	parent	Alice_of_Normandy
Maria_of_Portugal_nun	parent	Afonso_III_of_Portugal
Margaret_of_Flanders_Duchess_of_Brabant	parent	Guy_Count_of_Flanders
Margaret_of_Flanders_Duchess_of_Brabant	parent	Matilda_of_B_thune
Denis_of_Portugal	parent	Afonso_III_of_Portugal
Denis_of_Portugal	parent	Beatrice_of_Castile_1242_1303
Charles_de_Lorraine_de_Vaud_mont	parent	Nicolas_Duke_of_Merc_ur
Lionel_Woodville	parent	Jacquetta_of_Luxembourg
Princess_Margaret_Yolande_of_Savoy	parent	Victor_Amadeus_I_Duke_of_Savoy
Dorothea_of_Brunswic_L_neburg	parent	William_the_Younger_Duke_of_Brunswic_L_neburg
Louis_of_Burgundy	parent	Robert_II_Duke_of_Burgundy
Duchess_Anna_of_Prussia	parent	Marie_Eleonore_of_Cleves
Maria_of_Swabia	parent	Philip_of_Swabia
Violant_of_Bar	parent	Robert_Duke_of_Bar
Violant_of_Bar	parent	Marie_of_France_Duchess_of_Bar
Beatrice_of_Provence	parent	Ramon_Berenguer_IV_Count_of_Provence
Beatrice_of_Provence	parent	Beatrice_of_Savoy
Anne_of_Austria_Margravine_of_Brandenburg	parent	Albert_I_of_Germany
Richeza_of_Poland_Queen_of_Sweden	parent	Salomea_of_Berg
Gertrude_of_Flanders_Countess_of_Savoy	parent	Sibylla_of_Anjou
Robert_Stewart_1st_Earl_of_Orkney	parent	James_V_of_Scotland
Frederick_Duke_of_Bavaria	parent	Stephen_II_Duke_of_Bavaria
Countess_of_Pembroke	parent	Jacquetta_of_Luxembourg
Augustus_the_Elder_Duke_of_Brunswic_L_neburg	parent	William_the_Younger_Duke_of_Brunswic_L_neburg
Joanna_Sophia_of_Bavaria	parent	Margaret_of_Brieg
Isabella_of_Castile_Queen_of_Aragon	parent	Sancho_IV_of_Castile
Maredudd_ap_Tudur	parent	Marged_ferch_Tomos
Margaret_of_France_Duchess_of_Brabant	parent	Margaret_of_Provence
Berthold_I_of_Istria	parent	Berthold_II_Count_of_Andechs
Alexander_I_of_Scotland	parent	Saint_Margaret_of_Scotland
Louise_of_Orl_ans	parent	Maria_Amalia_of_Naples_and_Sicily
Emma_of_France	parent	Robert_I_of_France
Henry_Beaufort	parent	John_of_Gaunt
Peter_of_Courtenay_Lord_of_Conches	parent	Robert_of_Courtenay_Lord_of_Champignelles
Leopold_Prince_of_Salerno	parent	Maria_Carolina_of_Austria
Marie_of_Savoy_Countess_of_Saint_Pol	parent	Anne_of_Cyprus
Marie_of_Savoy_Countess_of_Saint_Pol	parent	Louis_Duke_of_Savoy
Isabelle_of_France_saint	parent	Blanche_of_Castile
Isabelle_of_France_saint	parent	Louis_VIII_of_France
Alexander_Stewart_Duke_of_Rothesay	parent	James_I_of_Scotland
Louis_Count_of_Vermandois	parent	Louis_XIV
Count_of_Boulogne	parent	Robert_Count_of_Clermont
Margaret_of_Austria_Duchess_of_Savoy	parent	Maximilian_I_Holy_Roman_Emperor
Casimir_II_the_Just	parent	Salomea_of_Berg
Elias_II_Count_of_Maine	parent	Fulk_King_of_Jerusalem
Maria_Teresa_of_Savoy_1803_1879	parent	Maria_Theresa_of_Austria_Este_Queen_of_Sardinia
Matilda_of_B_thune	parent	Robert_VII_Lord_of_B_thune
Philip_Count_of_Longueville	parent	Philip_III_of_Navarre
Philip_Count_of_Longueville	parent	Joan_II_of_Navarre
Louise__lisabeth_of_France	parent	Louis_XV
August_of_Saxe_Weissenfels_1650_1674	parent	Anna_Maria_of_Mecklenburg_Schwerin
Louis_Alexandre_Prince_of_Lamballe	parent	Maria_Teresa_Felicitas_d_Este
Ren_e_of_France	parent	Louis_XII
Ren_e_of_France	parent	Anne_of_Brittany
Albert_II_Duke_of_Saxony	parent	Gertrude_of_Hohenberg
Pauline_Bonaparte	parent	Letizia_Bonaparte
Alexander_Sigismund_von_der_Pfalz_Neuburg	parent	Landgravine_Elisabeth_Amalie_of_Hesse_Darmstadt
Eleanor_of_Alburquerque	parent	Beatrice_of_Portugal_died_1381
Eleanor_of_Alburquerque	parent	Sancho_Alfonso
Blanche_II_of_Navarre	parent	John_II_of_Aragon
Gerard_Duke_of_Lorraine	parent	Gerard_de_Bouzonville
Ladislaus_IV_of_Hungary	parent	Elizabeth_the_Cuman
Ferdinand_of_Bavaria_soldier	parent	Archduchess_Anna_of_Austria
Catherine_Henriette_de_Bourbon	parent	Henry_IV_of_France
Giovanni_di_Bicci_de_Medici	parent	Averardo_de_Medici
James_Duke_of_Rothesay_born_1540	parent	Mary_of_Guise
Emanuele_Filiberto_Duke_of_Aosta_1731_1735	parent	Charles_Emmanuel_III_of_Sardinia
Louis_of_Valois	parent	Henry_II_of_France
James_II_of_Majorca	parent	James_I_of_Aragon
James_II_of_Majorca	parent	Violant_of_Hungary
Frederick_of_Castile	parent	Ferdinand_III_of_Castile
Albert_I_Duke_of_Bavaria	parent	Louis_IV_Holy_Roman_Emperor
Sophie_of_France_1776_1783	parent	Charles_X
Archduchess_Maria_Anna_of_Austria_born_1738	parent	Francis_I_Holy_Roman_Emperor
Archduchess_Maria_Anna_of_Austria_born_1738	parent	Maria_Theresa
Adam_Gordon_of_Auchindoun	parent	George_Gordon_4th_Earl_of_Huntly
Adam_Gordon_of_Auchindoun	parent	Elizabeth_Gordon_Countess_of_Huntly
Albert_IV_Count_of_Habsburg	parent	Rudolf_II_Count_of_Habsburg
Edward_Woodville_Lord_Scales	parent	Jacquetta_of_Luxembourg
Jean_de_Montagu	parent	Charles_V_of_France
Adolph_of_Cleves_Lord_of_Ravenstein	parent	Mary_of_Burgundy_Duchess_of_Cleves
Frederick_Christian_Elector_of_Saxony	parent	Maria_Josepha_of_Austria
Maria_Vittoria_of_Savoy	parent	Victor_Amadeus_II_of_Sardinia
Alexander_Jagiellon	parent	Elizabeth_of_Austria_1436_1505
Charles_Count_of_Maine	parent	Yolande_of_Aragon
Charles_Count_of_Maine	parent	Louis_II_of_Anjou
Ebalus_Duke_of_Aquitaine	parent	Ranulf_II_of_Aquitaine
Otto_I_Count_Palatine_of_Mosbach	parent	Elisabeth_of_Nuremberg
Isabella_of_Scotland_Duchess_of_Brittany	parent	James_I_of_Scotland
Urraca_of_Castile_Queen_of_Navarre	parent	Alfonso_VII_of_Le_n_and_Castile
Estrid_of_the_Obotrites	parent	Tribal_chief
Isabella_Clara_Eugenia	parent	Philip_II_of_Spain
Charles_IV_of_Spain	parent	Maria_Amalia_of_Saxony
Charlotte_of_France	parent	Claude_of_France
Agnes_of_Hesse	parent	Christine_of_Saxony
Maria_Christina_of_the_Two_Sicilies	parent	Mar_a_Isabella_of_Spain
Maria_Christina_of_the_Two_Sicilies	parent	Francis_I_of_the_Two_Sicilies
Marie_Louise_of_France_1728_1733	parent	Louis_XV
Edith_of_Polesworth	parent	Edward_the_Elder
Archbishop_of_Cologne	parent	Henry_the_Fowler
Ermengarde_of_Anjou_d._1146	parent	Fulk_IV_Count_of_Anjou
Geoffrey_IV_Count_of_Anjou	parent	Fulk_IV_Count_of_Anjou
Isabella_of_Portugal_Duchess_of_Burgundy	parent	John_I_of_Portugal
Archduke_John_of_Austria	parent	Leopold_II_Holy_Roman_Emperor
Archduke_John_of_Austria	parent	Maria_Luisa_of_Spain
Albrecht_of_Saxe_Weissenfels	parent	Anna_Maria_of_Mecklenburg_Schwerin
Catherine_of_Lancaster	parent	John_of_Gaunt
Philip_of_Castile_Lord_of_Cabrera_and_Ribera	parent	Sancho_IV_of_Castile
Isabella_of_Bourbon	parent	Charles_I_Duke_of_Bourbon
Isabella_of_Bourbon	parent	Agnes_of_Burgundy_Duchess_of_Bourbon
Princess_H_l_ne_of_Orl_ans	parent	Princess_Marie_Isabelle_of_Orl_ans
Princess_H_l_ne_of_Orl_ans	parent	Prince_Philippe_Count_of_Paris
Charles_de_Morny_Duke_of_Morny	parent	Hortense_de_Beauharnais
William_IV_Landgrave_of_Hesse_Kassel	parent	Christine_of_Saxony
Edmund_Crouchback	parent	Eleanor_of_Provence
Edmund_Crouchback	parent	Henry_III_of_England
Anne_Henriette_of_Bavaria	parent	Anne_Gonzaga
Archduchess_Maria_Carolina_of_Austria_born_1740	parent	Francis_I_Holy_Roman_Emperor
Archduchess_Maria_Carolina_of_Austria_born_1740	parent	Maria_Theresa
Yolande_of_Valois	parent	Charles_VII_of_France
Yolande_of_Valois	parent	Marie_of_Anjou
Adolphus_Frederick_III_Duke_of_Mecklenburg_Strelitz	parent	Adolphus_Frederick_II_Duke_of_Mecklenburg_Strelitz
Adam_FitzRoy	parent	Edward_II_of_England
Archduke_Maximilian_Ernest_of_Austria	parent	Maria_Anna_of_Bavaria_born_1551
Anne_of_Burgundy	parent	Margaret_of_Bavaria
Bonne_of_Bourbon	parent	Isabella_of_Valois_Duchess_of_Bourbon
Philip_I_Duke_of_Burgundy	parent	Joan_I_Countess_of_Auvergne
William_II_Count_of_Hainaut	parent	Joan_of_Valois_Countess_of_Hainaut
Vladimir_of_Novgorod	parent	Yaroslav_the_Wise
Vladimir_of_Novgorod	parent	Ingegerd_Olofsdotter_of_Sweden
James_Gordon_Jesuit	parent	George_Gordon_4th_Earl_of_Huntly
John_of_Burgundy_1231_68	parent	Hugh_IV_Duke_of_Burgundy
Richard_of_Cornwall	parent	John_King_of_England
Ferdinand_I_of_Austria	parent	Francis_II_Holy_Roman_Emperor
Ferdinand_I_of_Austria	parent	Maria_Theresa_of_Naples_and_Sicily
Philip_William_August_Count_Palatine_of_Neuburg	parent	Landgravine_Elisabeth_Amalie_of_Hesse_Darmstadt
Louis_Count_of_Vaud_mont	parent	Ren__II_Duke_of_Lorraine
Catherine_of_Aragon	parent	Ferdinand_II_of_Aragon
Catherine_of_Aragon	parent	Isabella_I_of_Castile
Alexander_Stewart_Earl_of_Buchan	parent	Robert_II_of_Scotland
Hedwig_of_Bavaria	parent	Isambart
Joseph_Bonaparte	parent	Letizia_Bonaparte
Archduchess_Clementina_of_Austria	parent	Francis_II_Holy_Roman_Emperor
Archduchess_Clementina_of_Austria	parent	Maria_Theresa_of_Naples_and_Sicily
Margaret_of_Valois_Countess_of_Blois	parent	Margaret_Countess_of_Anjou
Archbishop_of_Canterbury	parent	Eleanor_of_Lancaster
Louise__lisabeth_Duchess_of_Berry	parent	Philippe_II_Duke_of_Orl_ans
Louise__lisabeth_Duchess_of_Berry	parent	Fran_oise_Marie_de_Bourbon
Maria_Cristina_of_Naples_and_Sicily	parent	Ferdinand_I_of_the_Two_Sicilies
Childebrand_I	parent	Pepin_of_Herstal
Childebrand_I	parent	Alpaida
Joanna_of_Aragon_Queen_of_Naples	parent	John_II_of_Aragon
Philip_of_France_Archdeacon_of_Paris	parent	Adelaide_of_Maurienne
Philip_of_France_Archdeacon_of_Paris	parent	Louis_VI_of_France
William_II_Duke_of_Bavaria	parent	Margaret_of_Brieg
Archduke_Louis_of_Austria	parent	Maria_Luisa_of_Spain
Sophia_Charlotte_of_Hanover	parent	Ernest_Augustus_Elector_of_Hanover
Ferdinand_Count_of_Flanders	parent	Sancho_I_of_Portugal
John_Henry_Margrave_of_Moravia	parent	John_of_Bohemia
Fulk_I_Count_of_Anjou	parent	Ingelger
Catherine_of_France_Countess_of_Charolais	parent	Charles_VII_of_France
Catherine_of_France_Countess_of_Charolais	parent	Marie_of_Anjou
Elisa_Bonaparte	parent	Letizia_Bonaparte
Christine_of_France	parent	Marie_de_Medici
Christine_of_France	parent	Henry_IV_of_France
Prince_Alberto_of_Naples_and_Sicily	parent	Ferdinand_I_of_the_Two_Sicilies
Prince_Alberto_of_Naples_and_Sicily	parent	Maria_Carolina_of_Austria
Elizabeth_of_Hungary_Queen_of_Serbia	parent	Elizabeth_the_Cuman
Eleanor_of_Castile_1307_1359	parent	Ferdinand_IV_of_Castile
Louis_II_of_Hungary	parent	Anne_of_Foix_Candale
Ferdinand_Prince_of_Asturias	parent	Philip_II_of_Spain
Peter_II_Count_of_La_Marche	parent	James_I_Count_of_La_Marche
Duchess_Christiane_of_Mecklenburg	parent	Duke_Charles_Louis_Frederick_of_Mecklenburg
Carloman_son_of_Charles_the_Bald	parent	Ermentrude_of_Orl_ans
Carloman_son_of_Charles_the_Bald	parent	Charles_the_Bald
Rothilde	parent	Charles_the_Bald
Margaret_of_Valois	parent	Henry_II_of_France
Margaret_of_Valois	parent	Catherine_de_Medici
Catherine_of_France_Countess_of_Montpensier	parent	Charles_V_of_France
Catherine_of_France_Countess_of_Montpensier	parent	Joanna_of_Bourbon
Fernando_Lord_of_Serpa	parent	Afonso_II_of_Portugal
Jean_Marie_Duke_of_Ch_teauvillain	parent	Maria_Teresa_Felicitas_d_Este
Philippe_Charles_Duke_of_Valois	parent	Henrietta_of_England
Ferdinand_I_of_Portugal	parent	Peter_I_of_Portugal
Louis_of_France_1244_1260	parent	Louis_IX_of_France
Louis_of_France_1244_1260	parent	Margaret_of_Provence
Sibylla_of_Burgundy	parent	Hugh_II_Duke_of_Burgundy
Otto_V_Duke_of_Brunswic_L_neburg	parent	Frederick_II_Duke_of_Brunswic_L_neburg
Otto_V_Duke_of_Brunswic_L_neburg	parent	Magdalene_of_Brandenburg_1412_1454
Maria_Elisabeth_of_Saxony_1736_1818	parent	Maria_Josepha_of_Austria
Joan_of_Acre	parent	Edward_I_of_England
Joan_of_Acre	parent	Eleanor_of_Castile
Sunyer_Count_of_Barcelona	parent	Wilfred_the_Hairy
Robert_King_of_Naples	parent	Mary_of_Hungary_Queen_of_Naples
Margaret_of_France_Queen_of_England	parent	Marie_of_Brabant_Queen_of_France
Margaret_of_France_Queen_of_England	parent	Philip_III_of_France
Adela_of_France	parent	Constance_of_Arles
Adela_of_France	parent	Robert_II_of_France
Otto_Duke_of_Burgundy	parent	Hedwig_of_Saxony
Thomas_Grey_1st_Marquess_of_Dorset	parent	Elizabeth_Woodville
Princess_Maria_Vittoria_Margherita_of_Savoy	parent	Charles_Emmanuel_III_of_Sardinia
Joan_of_Valois_Queen_of_Navarre	parent	John_II_of_France
Joan_of_Valois_Queen_of_Navarre	parent	Bonne_of_Luxembourg
Anne_of_Austria_Queen_of_Poland	parent	Maria_Anna_of_Bavaria_born_1551
Isabella_of_Aragon_Queen_of_Portugal	parent	Ferdinand_II_of_Aragon
Martim_Afonso_Chichorro	parent	Afonso_III_of_Portugal
Ferdinand_of_Castile_died_1211	parent	Alfonso_VIII_of_Castile
Duchess_Gustave_Caroline_of_Mecklenburg_Strelitz	parent	Adolphus_Frederick_II_Duke_of_Mecklenburg_Strelitz
Robert_I_Count_of_Artois	parent	Louis_VIII_of_France
Cecily_of_York	parent	Elizabeth_Woodville
Ernest_of_Bavaria	parent	Archduchess_Anna_of_Austria
Princess_Amelia_of_Great_Britain	parent	George_II_of_Great_Britain
Anne_of_Orl_ans_Abbess_of_Fontevraud	parent	Charles_Duke_of_Orl_ans
Anne_of_Orl_ans_Abbess_of_Fontevraud	parent	Marie_of_Cleves_Duchess_of_Orl_ans
Frederick_the_Fair	parent	Albert_I_of_Germany
Archduke_Ferdinand_Karl_Viktor_of_Austria_Este	parent	Francis_IV_Duke_of_Modena
Archduke_Ferdinand_Karl_Viktor_of_Austria_Este	parent	Maria_Beatrice_of_Savoy
Francis_V_Duke_of_Modena	parent	Maria_Beatrice_of_Savoy
Prince_Louis_Count_of_Aquila	parent	Mar_a_Isabella_of_Spain
Am_lie_of_Orl_ans	parent	Princess_Marie_Isabelle_of_Orl_ans
Am_lie_of_Orl_ans	parent	Prince_Philippe_Count_of_Paris
_thelswith	parent	_thelwulf_King_of_Wessex
Werner_I_Count_of_Klettgau	parent	Radbot_of_Klettgau
Mafalda_of_Portugal	parent	Sancho_I_of_Portugal
Thomas_of_Brotherton_1st_Earl_of_Norfolk	parent	Edward_I_of_England
Blanche_of_Navarre_Duchess_of_Brittany	parent	Theobald_I_of_Navarre
Manuel_of_Castile	parent	Ferdinand_III_of_Castile
Fran_ois_III_d_Orl_ans_Duke_of_Longueville	parent	Mary_of_Guise
Joanna_of_Bavaria	parent	Margaret_of_Brieg
Blanche_of_France_Infanta_of_Castile	parent	Louis_IX_of_France
Blanche_of_France_Infanta_of_Castile	parent	Margaret_of_Provence
Eleanor_Clifford_Countess_of_Cumberland	parent	Mary_Tudor_Queen_of_France
Canute_V_of_Denmark	parent	Richeza_of_Poland_Queen_of_Sweden
Blanche_of_Portugal_1259_1321	parent	Afonso_III_of_Portugal
Saint_Casimir	parent	Elizabeth_of_Austria_1436_1505
Louis_II_Duke_of_Bourbon	parent	Isabella_of_Valois_Duchess_of_Bourbon
Hedwig_of_France_Countess_of_Mons	parent	Adelaide_of_Aquitaine
Charles_Orlando_Dauphin_of_France	parent	Charles_VIII_of_France
Charles_Orlando_Dauphin_of_France	parent	Anne_of_Brittany
Stephanie_Alfonso_of_Castile	parent	Alfonso_VII_of_Le_n_and_Castile
Pierre_de_Foix_le_jeune	parent	Eleanor_of_Navarre
Napol_on_Prince_Imperial	parent	Eug_nie_de_Montijo
Napol_on_Prince_Imperial	parent	Napoleon_III
Mar_a_Cristina_Mu_oz_y_Borb_n_Marquise_of_la_Isabela	parent	Maria_Christina_of_the_Two_Sicilies
Charles_II_Grand_Duke_of_Mecklenburg_Strelitz	parent	Duke_Charles_Louis_Frederick_of_Mecklenburg
Charles_II_Grand_Duke_of_Mecklenburg_Strelitz	parent	Princess_Elisabeth_Albertine_of_Saxe_Hildburghausen
Sancho_of_Castile_bishop	parent	Ferdinand_III_of_Castile
Prince_Edward_Duke_of_York_and_Albany	parent	Princess_Augusta_of_Saxe_Gotha
_lisabeth_of_France	parent	Maria_Josepha_of_Saxony_Dauphine_of_France
Philip_Duke_of_Orl_ans	parent	Joan_the_Lame
Archduchess_Marie_Caroline_of_Austria	parent	Maria_Theresa_of_Naples_and_Sicily
Charles_III_Philip_Elector_Palatine	parent	Landgravine_Elisabeth_Amalie_of_Hesse_Darmstadt
Sophia_Eleonore_of_Hesse_Darmstadt	parent	Sophia_Eleonore_of_Saxony
Margaret_I_Countess_of_Burgundy	parent	Joan_II_Countess_of_Burgundy
Ferdinand_Duke_of_Parma	parent	Louise__lisabeth_of_France
Alfonso_de_Arag_n_y_Escobar	parent	John_II_of_Aragon
Princess_Augusta_Sophia_of_the_United_Kingdom	parent	George_III
Mercedes_of_Orl_ans	parent	Antoine_Duke_of_Montpensier
Mercedes_of_Orl_ans	parent	Infanta_Luisa_Fernanda_Duchess_of_Montpensier
Anne_Princess_Royal_and_Princess_of_Orange	parent	George_II_of_Great_Britain
Anne_of_Bohemia_Duchess_of_Austria	parent	Elizabeth_of_Bohemia_1292_1330
Anne_of_Bohemia_Duchess_of_Austria	parent	John_of_Bohemia
Margaret_of_Brunswic_L_neburg	parent	William_the_Younger_Duke_of_Brunswic_L_neburg
Prince_Frederick_Duke_of_York_and_Albany	parent	Charlotte_of_Mecklenburg_Strelitz
Prince_Frederick_Duke_of_York_and_Albany	parent	George_III
Maud_Chaworth	parent	Patrick_de_Chaworth_Lord_of_Kidwelly
Maud_Chaworth	parent	Isabella_de_Beauchamp
Otto_II_Count_of_Habsburg	parent	Werner_I_Count_of_Klettgau
Joan_of_England_Queen_of_Sicily	parent	Henry_II_of_England
Joan_of_England_Queen_of_Sicily	parent	Eleanor_of_Aquitaine
Prince_Antonio_Count_of_Lecce	parent	Mar_a_Isabella_of_Spain
Louise_Diane_Princess_of_Conti	parent	Philippe_II_Duke_of_Orl_ans
Louise_Diane_Princess_of_Conti	parent	Fran_oise_Marie_de_Bourbon
Duarte_Duke_of_Guimar_es_1515_1540	parent	Maria_of_Aragon_Queen_of_Portugal
Margaret_Theresa_of_Spain	parent	Philip_IV_of_Spain
Frances_Grey_Duchess_of_Suffolk	parent	Mary_Tudor_Queen_of_France
Prince_George_William_of_Great_Britain	parent	George_II_of_Great_Britain
Maximilian_III_Archduke_of_Austria	parent	Maria_of_Austria_Holy_Roman_Empress
Peter_I_of_Courtenay	parent	Louis_VI_of_France
Prince_Charles_Alexander_of_Lorraine	parent	Leopold_Duke_of_Lorraine
Princess_Marie_of_Orl_ans_1813_1839	parent	Maria_Amalia_of_Naples_and_Sicily
Philip_de_Medici	parent	Joanna_of_Austria_Grand_Duchess_of_Tuscany
John_Stewart_Earl_of_Mar_died_1479	parent	James_II_of_Scotland
Geoffrey_archbishop_of_York	parent	Henry_II_of_England
_thelberht_King_of_Wessex	parent	_thelwulf_King_of_Wessex
John_III_of_Portugal	parent	Maria_of_Aragon_Queen_of_Portugal
Archduchess_Maria_Anna_of_Austria_born_1770	parent	Leopold_II_Holy_Roman_Emperor
Catherine_of_Austria_Queen_of_Portugal	parent	Philip_I_of_Castile
Catherine_of_Austria_Queen_of_Portugal	parent	Joanna_of_Castile
Charles_Cardinal_of_Lorraine	parent	Antoinette_of_Bourbon
Charles_II_Count_of_Alen_on	parent	Margaret_Countess_of_Anjou
Afonso_Prince_of_Portugal	parent	Eleanor_of_Viseu
Afonso_Prince_of_Portugal	parent	John_II_of_Portugal
Mstislav_of_Chernigov	parent	Vladimir_the_Great
Charles_de_Bourbon_cardinal	parent	Charles_Duke_of_Vend_me
Hiltrud	parent	Charles_Martel
Agnes_of_Navarre	parent	Joan_II_of_Navarre
Catherine_of_Austria_Duchess_of_Calabria	parent	Albert_I_of_Germany
Philippa_of_Dreux	parent	Robert_II_Count_of_Dreux
Oberto_II_Margrave_of_Milan	parent	Oberto_I
Henri_de_Lorraine_Chaligny	parent	Nicolas_Duke_of_Merc_ur
Gisela_Abbess_of_Chelles	parent	Pepin_the_Short
Philip_of_Castile	parent	Ferdinand_III_of_Castile
Eleanor_of_Anjou	parent	Mary_of_Hungary_Queen_of_Naples
David_Stewart_Duke_of_Rothesay	parent	Robert_III_of_Scotland
Carlos_Prince_of_Asturias	parent	Philip_II_of_Spain
Natalia_Alexeievna_Wilhelmina_Louisa_of_Hesse_Darmstadt	parent	Countess_Palatine_Caroline_of_Zweibr_cken
Bernard_son_of_Charles_the_Fat	parent	Charles_the_Fat
Henry_the_Young_King	parent	Eleanor_of_Aquitaine
Charlotte_Princess_Royal	parent	Charlotte_of_Mecklenburg_Strelitz
Charlotte_Princess_Royal	parent	George_III
Archduchess_Gregoria_Maximiliana_of_Austria	parent	Maria_Anna_of_Bavaria_born_1551
Lothair_the_Lame	parent	Charles_the_Bald
Sophie_of_Brunswic_L_neburg	parent	William_the_Younger_Duke_of_Brunswic_L_neburg
Archduke_Ernest_of_Austria	parent	Maximilian_II_Holy_Roman_Emperor
Archduke_Ernest_of_Austria	parent	Maria_of_Austria_Holy_Roman_Empress
Prince_Leopold_Count_of_Syracuse	parent	Mar_a_Isabella_of_Spain
Vyacheslav_Yaroslavich	parent	Yaroslav_the_Wise
Peter_Duke_of_Coimbra	parent	John_I_of_Portugal
Ingeborg_of_Denmark_Queen_of_France	parent	Sophia_of_Minsk
Ingeborg_of_Denmark_Queen_of_France	parent	Valdemar_I_of_Denmark
John_I_Duke_of_Cleves	parent	Mary_of_Burgundy_Duchess_of_Cleves
Walter_Stewart_Lord_of_Fife	parent	Robert_II_of_Scotland
Sancha_of_Castile_Queen_of_Navarre	parent	Alfonso_VII_of_Le_n_and_Castile
Edward_V_of_England	parent	Elizabeth_Woodville
Eleanor_of_Portugal_Queen_of_Aragon	parent	Afonso_IV_of_Portugal
Thomas_Beaufort_Duke_of_Exeter	parent	John_of_Gaunt
Amalric_of_Jerusalem	parent	Fulk_King_of_Jerusalem
Rudolf_I_of_Bohemia	parent	Albert_I_of_Germany
Archduke_Anton_Victor_of_Austria	parent	Leopold_II_Holy_Roman_Emperor
Ferdinando_I_de_Medici_Grand_Duke_of_Tuscany	parent	Cosimo_I_de_Medici_Grand_Duke_of_Tuscany
Adolphus_Frederick_IV_Duke_of_Mecklenburg_Strelitz	parent	Duke_Charles_Louis_Frederick_of_Mecklenburg
Adolphus_Frederick_IV_Duke_of_Mecklenburg_Strelitz	parent	Princess_Elisabeth_Albertine_of_Saxe_Hildburghausen
Marie_of_Prussia_Margravine_of_Brandenburg_Bayreuth	parent	Marie_Eleonore_of_Cleves
David_Stewart_Earl_of_Strathearn	parent	Robert_II_of_Scotland
Archduchess_Maria_Carolina_of_Austria_stillborn_1748	parent	Francis_I_Holy_Roman_Emperor
Ren__of_Savoy	parent	Philip_II_Duke_of_Savoy
Prince_William_Duke_of_Cumberland	parent	George_II_of_Great_Britain
Geoffrey_Count_of_Nantes	parent	Empress_Matilda
Geoffrey_Count_of_Nantes	parent	Geoffrey_Plantagenet_Count_of_Anjou
Catherine_of_Hungary_Queen_of_Serbia	parent	Elizabeth_the_Cuman
Blanche_of_Anjou	parent	Mary_of_Hungary_Queen_of_Naples
Prince_Adolphus_Duke_of_Cambridge	parent	Charlotte_of_Mecklenburg_Strelitz
Prince_Adolphus_Duke_of_Cambridge	parent	George_III
Sophie_of_France_1786_1787	parent	Marie_Antoinette
Sophie_of_France_1786_1787	parent	Louis_XVI
Hucbert	parent	Boso_the_Elder
Joan_of_Valois_Duchess_of_Alen_on	parent	Charles_Duke_of_Orl_ans
Maria_of_Aragon_Queen_of_Castile	parent	Ferdinand_I_of_Aragon
Maria_of_Aragon_Queen_of_Castile	parent	Eleanor_of_Alburquerque
Urraca_Afonso	parent	Afonso_III_of_Portugal
David_I_of_Scotland	parent	Saint_Margaret_of_Scotland
Mary_of_Hungary_governor_of_the_Netherlands	parent	Philip_I_of_Castile
Mary_of_Hungary_governor_of_the_Netherlands	parent	Joanna_of_Castile
Prince_Maurice_of_Savoy	parent	Charles_Emmanuel_I_Duke_of_Savoy
Princess_Mary_of_Great_Britain	parent	George_II_of_Great_Britain
Joan_of_England_Queen_of_Scotland	parent	John_King_of_England
Prince_William_Henry_Duke_of_Gloucester_and_Edinburgh	parent	Frederick_Prince_of_Wales
Edmund_of_Scotland	parent	Saint_Margaret_of_Scotland
Pepin_of_Italy	parent	Charlemagne
Emma_of_Anjou	parent	Geoffrey_Plantagenet_Count_of_Anjou
Isabella_of_England	parent	John_King_of_England
Eleanor_of_Aragon_Countess_of_Toulouse	parent	Alfonso_II_of_Aragon
Prince_Giuseppe_of_Naples_and_Sicily	parent	Ferdinand_I_of_the_Two_Sicilies
Ethelred_of_Scotland	parent	Saint_Margaret_of_Scotland
Diego_Prince_of_Asturias	parent	Philip_II_of_Spain
Fadrique_Alfonso	parent	Alfonso_XI_of_Castile
Maria_Anna_of_Spain	parent	Margaret_of_Austria_Queen_of_Spain
Maria_Anna_of_Spain	parent	Philip_III_of_Spain
Arnulf_archbishop_of_Reims	parent	Lothair_of_France
Louis_Duke_of_Guyenne	parent	Charles_VI_of_France
Marie_Th_r_se_of_France_1667_1672	parent	Louis_XIV
Marie_Th_r_se_of_France_1667_1672	parent	Maria_Theresa_of_Spain
Anne_Stuart_born_1637	parent	Henrietta_Maria
Antonia_of_Lorraine	parent	Charles_III_Duke_of_Lorraine
Louis_Auguste_Duke_of_Maine	parent	Louis_XIV
Berengaria_of_Portugal	parent	Sancho_I_of_Portugal
Emma_of_Paris_Duchess_of_Normandy	parent	Hedwig_of_Saxony
Constance_of_France_Countess_of_Toulouse	parent	Adelaide_of_Maurienne
Constance_of_France_Countess_of_Toulouse	parent	Louis_VI_of_France
Louis_of_France_1264_1276	parent	Philip_III_of_France
Louis_of_France_1264_1276	parent	Isabella_of_Aragon_Queen_of_France
Princess_Caroline_of_Hesse_Darmstadt	parent	Countess_Palatine_Caroline_of_Zweibr_cken
Lucien_Bonaparte	parent	Letizia_Bonaparte
Violant_of_Castile	parent	Alfonso_X_of_Castile
Henri_d_Orl_ans_Duke_of_Aumale	parent	Maria_Amalia_of_Naples_and_Sicily
Princess_Louisa_of_Great_Britain	parent	Princess_Augusta_of_Saxe_Gotha
Gertrude_of_Bavaria	parent	Henry_the_Lion
Henriette_of_France_1727_1752	parent	Louis_XV
Constance_of_Aragon_Lady_of_Villena	parent	James_I_of_Aragon
Constance_of_Aragon_Lady_of_Villena	parent	Violant_of_Hungary
Louis_of_Toulouse	parent	Mary_of_Hungary_Queen_of_Naples
Princess_Maria_Christina_of_Saxony_1735_1782	parent	Maria_Josepha_of_Austria
Charles_II_of_England	parent	Henrietta_Maria
Juan_de_Arag_n	parent	John_II_of_Aragon
Peter_of_Castile_Lord_of_Cameros	parent	Sancho_IV_of_Castile
Caroline_Bonaparte	parent	Letizia_Bonaparte
Thomas_2nd_Earl_of_Lancaster	parent	Blanche_of_Artois
Victor_Amadeus_Prince_of_Piedmont	parent	Anne_Marie_d_Orl_ans
Victor_Amadeus_Prince_of_Piedmont	parent	Victor_Amadeus_II_of_Sardinia
Ad_la_de_d_Orl_ans	parent	Louise_Marie_Ad_la_de_de_Bourbon_Duchess_of_Orl_ans
Ad_la_de_d_Orl_ans	parent	Louis_Philippe_II_Duke_of_Orl_ans
Maximilian_William_of_Brunswic_L_neburg	parent	Ernest_Augustus_Elector_of_Hanover
Infanta_Branca_Lady_of_Guadalajara	parent	Sancho_I_of_Portugal
Francis_Count_of_Enghien	parent	Charles_Duke_of_Vend_me
Florine_of_Burgundy	parent	Odo_I_Duke_of_Burgundy
Beatrice_of_Hungary_Dauphine_of_Viennois	parent	Clemence_of_Austria
Princess_Luisa_Cristina_of_Savoy	parent	Victor_Amadeus_I_Duke_of_Savoy
Anna_of_Hesse	parent	Christine_of_Saxony
Margaret_of_Cleves_Duchess_of_Bavaria_Munich	parent	Mary_of_Burgundy_Duchess_of_Cleves
William_I_Duke_of_Bavaria	parent	Louis_IV_Holy_Roman_Emperor
Geoffrey_II_Duke_of_Brittany	parent	Henry_II_of_England
Geoffrey_II_Duke_of_Brittany	parent	Eleanor_of_Aquitaine
Henry_King_of_Portugal	parent	Maria_of_Aragon_Queen_of_Portugal
Anne_of_York_daughter_of_Edward_IV	parent	Elizabeth_Woodville
Matilda_of_Saxony_1172_1209_10	parent	Henry_the_Lion
_thelwulf_King_of_Wessex	predecessor	Ecgberht_King_of_Wessex
Robert_II_of_Scotland	predecessor	David_II_of_Scotland
Dirk_V_Count_of_Holland	predecessor	Floris_I_Count_of_Holland
Afonso_II_of_Portugal	predecessor	Sancho_I_of_Portugal
Sancho_II_of_Portugal	predecessor	Afonso_II_of_Portugal
Charles_Emmanuel_III_of_Sardinia	predecessor	Victor_Amadeus_II_of_Sardinia
Philip_IV_of_Spain	predecessor	Philip_III_of_Spain
Philip_III_of_Spain	predecessor	Philip_II_of_Spain
Olga_of_Kiev	predecessor	Igor_of_Kiev
Matthias_I_Duke_of_Lorraine	predecessor	Simon_I_Duke_of_Lorraine
Philippe_II_Duke_of_Orl_ans	predecessor	Philippe_I_Duke_of_Orl_ans
Matthias_II_Duke_of_Lorraine	predecessor	Theobald_I_Duke_of_Lorraine
Frederick_II_Duke_of_Lorraine	predecessor	Frederick_I_Duke_of_Lorraine
Henry_II_of_England	predecessor	Geoffrey_Plantagenet_Count_of_Anjou
Maria_Beatrice_d_Este_Duchess_of_Massa	predecessor	Maria_Teresa_Cybo_Malaspina_Duchess_of_Massa
Francis_IV_Duke_of_Modena	predecessor	Ercole_III_d_Este_Duke_of_Modena
Antoine_Duke_of_Lorraine	predecessor	Ren__II_Duke_of_Lorraine
Henry_the_Fowler	predecessor	Conrad_I_of_Germany
Ren__of_Anjou	predecessor	Louis_III_of_Anjou
Ren__of_Anjou	predecessor	Joanna_II_of_Naples
Charles_IV_of_Anjou	predecessor	Ren__of_Anjou
Arthur_II_Duke_of_Brittany	predecessor	John_II_Duke_of_Brittany
John_II_Duke_of_Lorraine	predecessor	Isabella_Duchess_of_Lorraine
Louis_XV	predecessor	Louis_XIV
Francis_I_Holy_Roman_Emperor	predecessor	Maria_Theresa
Francis_I_Holy_Roman_Emperor	predecessor	Charles_VII_Holy_Roman_Emperor
Francis_I_Holy_Roman_Emperor	predecessor	Gian_Gastone_de_Medici_Grand_Duke_of_Tuscany
Joseph_II_Holy_Roman_Emperor	predecessor	Francis_I_Holy_Roman_Emperor
Joseph_II_Holy_Roman_Emperor	predecessor	Maria_Theresa
Bernhard_Count_of_Anhalt	predecessor	Henry_the_Lion
Edward_I_of_England	predecessor	Henry_III_of_England
Maria_Teresa_Cybo_Malaspina_Duchess_of_Massa	predecessor	Alderano_I_Cybo_Malaspina
Leopold_II_Holy_Roman_Emperor	predecessor	Joseph_II_Holy_Roman_Emperor
Odo_of_France	predecessor	Charles_the_Fat
Louis_Philippe_I	predecessor	Charles_X
Louis_Philippe_I	predecessor	Henri_Count_of_Chambord
Louis_Philippe_I	predecessor	Louis_Philippe_II_Duke_of_Orl_ans
Henry_I_of_France	predecessor	Robert_II_of_France
Henry_I_of_France	predecessor	Hugh_Magnus
Philip_I_of_France	predecessor	Henry_I_of_France
Henry_I_of_Navarre	predecessor	Theobald_II_of_Navarre
Lorenzo_de_Medici_Duke_of_Urbino	predecessor	Giuliano_de_Medici_Duke_of_Nemours
Philip_III_of_Navarre	predecessor	Charles_IV_of_France
Sancho_I_of_Portugal	predecessor	Afonso_I_of_Portugal
Afonso_I_of_Portugal	predecessor	Theresa_Countess_of_Portugal
Ramon_Berenguer_IV_Count_of_Barcelona	predecessor	Ramon_Berenguer_III_Count_of_Barcelona
Afonso_V_of_Portugal	predecessor	Edward_King_of_Portugal
Philip_II_Duke_of_Savoy	predecessor	Charles_II_Duke_of_Savoy
John_II_of_France	predecessor	Philip_VI_of_France
Princess_Marie_Isabelle_of_Orl_ans	predecessor	Maria_Amalia_of_Naples_and_Sicily
Antoine_Duke_of_Montpensier	predecessor	Antoine_Philippe_Duke_of_Montpensier
Joan_II_of_Navarre	predecessor	Philip_III_of_Navarre
Charles_IV_of_France	predecessor	Philip_V_of_France
Sviatopolk_I_of_Kiev	predecessor	Vladimir_the_Great
Yaroslav_the_Wise	predecessor	Sviatopolk_I_of_Kiev
Charles_VI_Holy_Roman_Emperor	predecessor	Victor_Amadeus_II_of_Sardinia
Charles_VI_Holy_Roman_Emperor	predecessor	Charles_III_of_Spain
Victor_Amadeus_II_of_Sardinia	predecessor	Philip_V_of_Spain
Odo_II_Duke_of_Burgundy	predecessor	Hugh_II_Duke_of_Burgundy
Hugh_III_Duke_of_Burgundy	predecessor	Odo_II_Duke_of_Burgundy
Alfonso_II_of_Aragon	predecessor	Ramon_Berenguer_IV_Count_of_Barcelona
Alfonso_II_of_Aragon	predecessor	Petronilla_of_Aragon
Charles_Martel	predecessor	Pepin_of_Herstal
Charles_Martel	predecessor	Theudoald
Charles_V_of_France	predecessor	John_II_of_France
John_VIII_Count_of_Vend_me	predecessor	Louis_Count_of_Vend_me
Charles_Emmanuel_II_Duke_of_Savoy	predecessor	Francis_Hyacinth_Duke_of_Savoy
Joan_II_Countess_of_Burgundy	predecessor	Mahaut_Countess_of_Artois
John_II_of_Aragon	predecessor	Alfonso_V_of_Aragon
John_II_of_Aragon	predecessor	Blanche_I_of_Navarre
Alfonso_V_of_Aragon	predecessor	Ferdinand_I_of_Aragon
James_III_of_Scotland	predecessor	James_II_of_Scotland
Louis_X_of_France	predecessor	Philip_IV_of_France
Louis_X_of_France	predecessor	Joan_I_of_Navarre
Alfonso_II_Count_of_Provence	predecessor	Sancho_Count_of_Provence
Dirk_III_Count_of_Holland	predecessor	Arnulf_Count_of_Holland
Alfonso_X_of_Castile	predecessor	Ferdinand_III_of_Castile
Louis_Duke_of_Orl_ans_1703_1752	predecessor	Philippe_II_Duke_of_Orl_ans
Louis_Duke_of_Orl_ans_1703_1752	predecessor	Henri_Jules_Prince_of_Cond_
James_II_of_Scotland	predecessor	James_I_of_Scotland
Willa_of_Tuscany	predecessor	Ermengarde_of_Tuscany
Frederick_III_Holy_Roman_Emperor	predecessor	Ladislaus_the_Posthumous
Frederick_III_Holy_Roman_Emperor	predecessor	Ernest_Duke_of_Austria
Frederick_III_Holy_Roman_Emperor	predecessor	Sigismund_Holy_Roman_Emperor
Grimoald_the_Younger	predecessor	Pepin_of_Herstal
Charles_III_of_Spain	predecessor	Antonio_Farnese_Duke_of_Parma
Henry_the_Lion	predecessor	Albert_the_Bear
Ferdinand_II_of_Aragon	predecessor	John_II_of_Aragon
Ferdinand_II_of_Aragon	predecessor	Louis_XII
Willa_of_Burgundy	predecessor	Marozia
Hugh_of_Italy	predecessor	Rudolph_II_of_Burgundy
Rudolph_II_of_Burgundy	predecessor	Berengar_I_of_Italy
Henry_II_of_France	predecessor	Francis_I_of_France
Charles_VI_of_France	predecessor	Charles_V_of_France
Joan_I_Countess_of_Auvergne	predecessor	William_XII_Count_of_Auvergne
Gian_Galeazzo_Sforza	predecessor	Galeazzo_Maria_Sforza
Charles_III_Duke_of_Savoy	predecessor	Philibert_II_Duke_of_Savoy
Vladimir_the_Great	predecessor	Sviatoslav_I
Vladimir_the_Great	predecessor	Yaropolk_I_of_Kiev
Sviatoslav_I	predecessor	Olga_of_Kiev
John_of_Montfort	predecessor	John_III_Duke_of_Brittany
Fulk_King_of_Jerusalem	predecessor	Fulk_IV_Count_of_Anjou
Geoffrey_Plantagenet_Count_of_Anjou	predecessor	Fulk_King_of_Jerusalem
Geoffrey_Plantagenet_Count_of_Anjou	predecessor	Stephen_King_of_England
Henry_III_of_France	predecessor	Sigismund_II_Augustus
Henry_III_of_France	predecessor	Charles_IX_of_France
Edward_III_of_England	predecessor	Edward_II_of_England
Victor_Amadeus_III_of_Sardinia	predecessor	Charles_Emmanuel_III_of_Sardinia
Louis_XII	predecessor	Charles_Duke_of_Orl_ans
Louis_XII	predecessor	Ludovico_Sforza
Louis_XII	predecessor	Frederick_of_Naples
Maximilian_Sforza	predecessor	Louis_XII
Eleanor_of_Castile	predecessor	Joan_Countess_of_Ponthieu
Alfonso_IX_of_Le_n	predecessor	Ferdinand_II_of_Le_n
James_I_of_Scotland	predecessor	Robert_III_of_Scotland
Henry_IV_of_England	predecessor	John_of_Gaunt
Cosimo_I_de_Medici_Grand_Duke_of_Tuscany	predecessor	Alessandro_de_Medici_Duke_of_Florence
Peter_I_of_Portugal	predecessor	Afonso_IV_of_Portugal
Raymond_of_Burgundy	predecessor	Nuno_Mendes_count
Lothair_II_of_Italy	predecessor	Hugh_of_Italy
George_I_of_Great_Britain	predecessor	Anne_Queen_of_Great_Britain
Ernest_Augustus_Elector_of_Hanover	predecessor	John_Frederick_Duke_of_Brunswic_Calenberg
Louis_IV_of_France	predecessor	Rudolph_of_France
Louis_V_of_France	predecessor	Lothair_of_France
Henry_VII_Holy_Roman_Emperor	predecessor	Albert_I_of_Germany
Henry_VII_Holy_Roman_Emperor	predecessor	Conrad_IV_of_Germany
Charles_the_Bald	predecessor	Louis_II_of_Italy
John_I_of_Portugal	predecessor	1383_1385_Portuguese_interregnum
Piero_di_Cosimo_de_Medici	predecessor	Cosimo_de_Medici
Odo_IV_Duke_of_Burgundy	predecessor	Hugh_V_Duke_of_Burgundy
Joan_III_Countess_of_Burgundy	predecessor	Joan_II_Countess_of_Burgundy
Rudolph_III_of_Burgundy	predecessor	Conrad_I_of_Burgundy
James_I_of_Aragon	predecessor	Peter_II_of_Aragon
Charles_Emmanuel_I_Duke_of_Savoy	predecessor	Emmanuel_Philibert_Duke_of_Savoy
Charles_VII_of_France	predecessor	Charles_VI_of_France
Charles_VII_of_France	predecessor	Henry_VI_of_England
Charles_IX_of_France	predecessor	Francis_II_of_France
Francis_II_of_France	predecessor	Henry_II_of_France
Philip_IV_of_France	predecessor	Philip_III_of_France
Philip_III_of_France	predecessor	Louis_IX_of_France
Louis_IX_of_France	predecessor	Louis_VIII_of_France
Ferdinand_II_of_Le_n	predecessor	Alfonso_VII_of_Le_n_and_Castile
Hugh_I_Duke_of_Burgundy	predecessor	Robert_I_Duke_of_Burgundy
Simon_II_Duke_of_Lorraine	predecessor	Matthias_I_Duke_of_Lorraine
Frederick_I_Duke_of_Lorraine	predecessor	Simon_II_Duke_of_Lorraine
Robert_III_of_Scotland	predecessor	Robert_II_of_Scotland
Philippe_I_Duke_of_Orl_ans	predecessor	Gaston_Duke_of_Orl_ans
Ferdinand_III_of_Castile	predecessor	Alfonso_IX_of_Le_n
Emmanuel_Philibert_Duke_of_Savoy	predecessor	Charles_III_Duke_of_Savoy
Philip_V_of_Spain	predecessor	Charles_II_of_Spain
Charles_II_of_Spain	predecessor	Philip_IV_of_Spain
Ferdinand_VI_of_Spain	predecessor	Philip_V_of_Spain
Maximilian_I_Holy_Roman_Emperor	predecessor	Frederick_III_Holy_Roman_Emperor
John_II_of_Portugal	predecessor	Afonso_V_of_Portugal
Odo_I_Duke_of_Burgundy	predecessor	Hugh_I_Duke_of_Burgundy
Louis_XVIII	predecessor	Louis_XVII
Louis_XVIII	predecessor	Napoleon
Louis_the_German	predecessor	Louis_the_Pious
Charles_the_Fat	predecessor	Louis_the_German
Charles_the_Fat	predecessor	Carloman_II
Charles_the_Fat	predecessor	Carloman_of_Bavaria
Hugh_Capet	predecessor	Louis_V_of_France
Carloman_II	predecessor	Louis_the_Stammerer
Carloman_II	predecessor	Louis_III_of_France
Ferdinand_I_Holy_Roman_Emperor	predecessor	Charles_V_Holy_Roman_Emperor
Ferdinand_I_Holy_Roman_Emperor	predecessor	Louis_II_of_Hungary
Theobald_I_of_Navarre	predecessor	Sancho_VII_of_Navarre
Francesco_I_Sforza	predecessor	Golden_Ambrosian_Republic
Archduchess_Anna_of_Austria	predecessor	Marie_of_Bade_Sponheim
Mary_Queen_of_Scots	predecessor	James_V_of_Scotland
Adolf_King_of_the_Romans	predecessor	Rudolf_I_of_Germany
Anne_of_Brittany	predecessor	Francis_II_Duke_of_Brittany
Theobald_I_Duke_of_Lorraine	predecessor	Frederick_II_Duke_of_Lorraine
Humbert_II_Count_of_Savoy	predecessor	Amadeus_II_Count_of_Savoy
Carloman_mayor_of_the_palace	predecessor	Charles_Martel
Pepin_the_Short	predecessor	Charles_Martel
Pepin_the_Short	predecessor	Carloman_mayor_of_the_palace
Pepin_the_Short	predecessor	Childeric_III
Berengar_II_of_Italy	predecessor	Lothair_II_of_Italy
William_the_Younger_Duke_of_Brunswic_L_neburg	predecessor	Ernest_I_Duke_of_Brunswic_L_neburg
Arnulf_of_Carinthia	predecessor	Charles_the_Fat
Joan_I_of_Navarre	predecessor	Henry_I_of_Navarre
Sancho_III_of_Castile	predecessor	Alfonso_VII_of_Le_n_and_Castile
Renata_of_Lorraine	predecessor	Archduchess_Anna_of_Austria
Prince_Philippe_Count_of_Paris	predecessor	Louis_Philippe_I
Prince_Philippe_Count_of_Paris	predecessor	Henri_Count_of_Chambord
Prince_Philippe_Count_of_Paris	predecessor	Ferdinand_Philippe_Duke_of_Orl_ans
Prince_Ferdinand_Duke_of_Montpensier	predecessor	Antoine_Duke_of_Montpensier
Hugh_IV_Duke_of_Burgundy	predecessor	Odo_III_Duke_of_Burgundy
Canute_VI_of_Denmark	predecessor	Valdemar_I_of_Denmark
Simon_I_Duke_of_Lorraine	predecessor	Theodoric_II_Duke_of_Lorraine
Maximilian_II_Holy_Roman_Emperor	predecessor	Ferdinand_I_Holy_Roman_Emperor
Ramon_Berenguer_IV_Count_of_Provence	predecessor	Alfonso_II_Count_of_Provence
Elizabeth_I	predecessor	Philip_II_of_Spain
Henry_VI_of_England	predecessor	Charles_VI_of_France
Henry_VI_of_England	predecessor	Henry_V_of_England
Pepin_of_Herstal	predecessor	Wulfoald
Francesco_I_de_Medici_Grand_Duke_of_Tuscany	predecessor	Cosimo_I_de_Medici_Grand_Duke_of_Tuscany
Joan_Countess_of_Ponthieu	predecessor	Marie_Countess_of_Ponthieu
Joan_Countess_of_Ponthieu	predecessor	Simon_Count_of_Ponthieu
James_VI_and_I	predecessor	Mary_Queen_of_Scots
Henri_Count_of_Chambord	predecessor	Charles_X
Louis_IV_Holy_Roman_Emperor	predecessor	Henry_VII_Holy_Roman_Emperor
Louis_IV_Holy_Roman_Emperor	predecessor	Rudolf_I_Duke_of_Bavaria
Louis_III_of_France	predecessor	Louis_the_Stammerer
Albert_I_Duke_of_Brunswic_L_neburg	predecessor	Otto_I_Duke_of_Brunswic_L_neburg
Henry_Count_of_Portugal	predecessor	Raymond_of_Burgundy
Philip_VI_of_France	predecessor	Charles_IV_of_France
Philip_VI_of_France	predecessor	Margaret_Countess_of_Anjou
Yaropolk_I_of_Kiev	predecessor	Sviatoslav_I
John_the_Fearless	predecessor	Philip_the_Bold
Yolanda_Latin_Empress	predecessor	Peter_II_of_Courtenay
Louis_Antoine_Duke_of_Angoul_me	predecessor	Charles_X
Antoine_of_Navarre	predecessor	Henry_II_of_Navarre
Henry_IV_of_France	predecessor	Jeanne_d_Albret
Conrad_I_of_Burgundy	predecessor	Rudolph_II_of_Burgundy
Drogo_of_Champagne	predecessor	Pepin_of_Herstal
George_IV	predecessor	George_III
Charlemagne	predecessor	Desiderius
Louis_the_Pious	predecessor	Charlemagne
Robert_II_Count_of_Dreux	predecessor	Agnes_de_Baudemont
Louis_Philippe_II_Duke_of_Orl_ans	predecessor	Louis_Philippe_I_Duke_of_Orl_ans
Jeanne_d_Albret	predecessor	Antoine_of_Navarre
Philip_V_of_France	predecessor	John_I_of_France
Richard_II_of_England	predecessor	Edward_III_of_England
Jacques_Charles_Dupont_de_l_Eure	predecessor	Louis_Philippe_I
Jacques_Charles_Dupont_de_l_Eure	predecessor	Prince_Philippe_Count_of_Paris
Henry_III_of_Castile	predecessor	John_I_of_Castile
Henry_III_of_England	predecessor	John_King_of_England
Louis_VIII_of_France	predecessor	Philip_II_of_France
Louis_VIII_of_France	predecessor	John_King_of_England
John_King_of_England	predecessor	Eleanor_of_Aquitaine
John_King_of_England	predecessor	Richard_I_of_England
Otto_I_Duke_of_Bavaria	predecessor	Henry_the_Lion
Louis_XVII	predecessor	Louis_XVI
Edward_the_Elder	predecessor	Alfred_the_Great
Maria_Theresa	predecessor	Charles_VII_Holy_Roman_Emperor
Amaury_I_de_Montfort	predecessor	Guillaume_de_Montfort_of_Hainaut
Manuel_I_of_Portugal	predecessor	John_II_of_Portugal
Edward_II_of_England	predecessor	Eleanor_of_Castile
Pepin_I_of_Aquitaine	predecessor	Louis_the_Pious
George_III	predecessor	George_II_of_Great_Britain
Galeazzo_Maria_Sforza	predecessor	Francesco_I_Sforza
Ramon_Berenguer_I_Count_of_Barcelona	predecessor	Berenguer_Ramon_I_Count_of_Barcelona
Louis_II_of_Anjou	predecessor	Louis_I_of_Anjou
Francis_I_Duke_of_Lorraine	predecessor	Antoine_Duke_of_Lorraine
Pope_Clement_VII	predecessor	Lorenzo_de_Medici_Duke_of_Urbino
Louis_VII_of_France	predecessor	Louis_VI_of_France
Peter_I_Duke_of_Brittany	predecessor	Alix_Duchess_of_Brittany
Philip_the_Good	predecessor	John_the_Fearless
Afonso_IV_of_Portugal	predecessor	Denis_of_Portugal
Ernest_II_Duke_of_Brunswic_L_neburg	predecessor	William_the_Younger_Duke_of_Brunswic_L_neburg
Eleanor_of_Navarre	predecessor	John_II_of_Aragon
John_IV_Duke_of_Brittany	predecessor	John_of_Montfort
John_IV_Duke_of_Brittany	predecessor	John_of_Gaunt
Henry_VII_of_England	predecessor	Richard_III_of_England
Charles_II_Archduke_of_Austria	predecessor	Ferdinand_I_Holy_Roman_Emperor
Napoleon_II	predecessor	Napoleon
James_V_of_Scotland	predecessor	James_IV_of_Scotland
Mahaut_Countess_of_Artois	predecessor	Robert_II_Count_of_Artois
Louis_Duke_of_Savoy	predecessor	Amadeus_VIII_Duke_of_Savoy
Henry_VI_Count_of_Luxembourg	predecessor	Henry_V_Count_of_Luxembourg
Philip_II_of_Spain	predecessor	Mary_I_of_England
Philip_II_of_Spain	predecessor	Charles_V_Holy_Roman_Emperor
Valdemar_I_of_Denmark	predecessor	Sweyn_III_of_Denmark
Napol_on_Louis_Bonaparte	predecessor	Louis_Bonaparte
Arnulf_Count_of_Holland	predecessor	Dirk_II_Count_of_Holland
Dirk_I_Count_of_Holland	predecessor	Gerolf_of_Holland
Adelaide_of_Italy	predecessor	Willa_of_Tuscany
Ferdinand_II_Archduke_of_Austria	predecessor	Ferdinand_I_Holy_Roman_Emperor
John_I_Duke_of_Brittany	predecessor	Peter_I_Duke_of_Brittany
John_I_Duke_of_Brittany	predecessor	Alix_Duchess_of_Brittany
John_I_Duke_of_Brittany	predecessor	Peter_II_Count_of_Savoy
Lothair_of_France	predecessor	Louis_IV_of_France
Otto_I_Holy_Roman_Emperor	predecessor	Henry_the_Fowler
Otto_I_Holy_Roman_Emperor	predecessor	Berengar_II_of_Italy
Albert_II_Duke_of_Austria	predecessor	Henry_of_Bohemia
Albert_II_Duke_of_Austria	predecessor	Frederick_the_Fair
Ferdinand_III_Grand_Duke_of_Tuscany	predecessor	Leopold_II_Holy_Roman_Emperor
Joanna_of_Castile	predecessor	Ferdinand_II_of_Aragon
John_I_of_France	predecessor	Louis_X_of_France
George_II_of_Great_Britain	predecessor	George_I_of_Great_Britain
Charles_Emmanuel_IV_of_Sardinia	predecessor	Victor_Amadeus_III_of_Sardinia
Hemma	predecessor	Judith_of_Bavaria_died_843
John_IV_of_Portugal	predecessor	Philip_IV_of_Spain
Sancho_IV_of_Castile	predecessor	Alfonso_X_of_Castile
Amadeus_IX_Duke_of_Savoy	predecessor	Louis_Duke_of_Savoy
Ecgberht_King_of_Wessex	predecessor	Beorhtric_of_Wessex
Ecgberht_King_of_Wessex	predecessor	Baldred_of_Kent
Wilfred_the_Hairy	predecessor	Bernard_of_Gothia
Philibert_II_Duke_of_Savoy	predecessor	Philip_II_Duke_of_Savoy
John_of_Bohemia	predecessor	Henry_VII_Holy_Roman_Emperor
John_of_Bohemia	predecessor	Henry_of_Bohemia
Oleg_of_Novgorod	predecessor	Rurik
Gerberga_of_M_con	predecessor	Willa_of_Tuscany
Lothair_I	predecessor	Louis_the_Pious
Louis_I_of_Spain	predecessor	Philip_V_of_Spain
Charles_III_Duke_of_Lorraine	predecessor	Francis_I_Duke_of_Lorraine
Peter_of_Castile	predecessor	Alfonso_XI_of_Castile
Ferdinand_IV_of_Castile	predecessor	Sancho_IV_of_Castile
Frederick_III_Duke_of_Lorraine	predecessor	Matthias_II_Duke_of_Lorraine
Charles_IV_Holy_Roman_Emperor	predecessor	John_of_Bohemia
Charles_V_Holy_Roman_Emperor	predecessor	Maximilian_I_Holy_Roman_Emperor
Charles_V_Holy_Roman_Emperor	predecessor	Joanna_of_Castile
Alfonso_VIII_of_Castile	predecessor	Sancho_III_of_Castile
Archduchess_Maria_Dorothea_of_Austria	predecessor	Princess_Marie_Isabelle_of_Orl_ans
Hugh_II_Duke_of_Burgundy	predecessor	Odo_I_Duke_of_Burgundy
Iziaslav_I_of_Kiev	predecessor	Yaroslav_the_Wise
Peter_II_of_Aragon	predecessor	Alfonso_II_of_Aragon
Piero_the_Unfortunate	predecessor	Lorenzo_de_Medici
Floris_I_Count_of_Holland	predecessor	Dirk_IV_Count_of_Holland
Francis_II_Duke_of_Brittany	predecessor	Arthur_III_Duke_of_Brittany
Lorenzo_de_Medici	predecessor	Piero_di_Cosimo_de_Medici
Louis_the_Younger	predecessor	Louis_the_German
Henry_VIII	predecessor	Henry_VII_of_England
Louis_Philippe_I_Duke_of_Orl_ans	predecessor	Louis_Duke_of_Orl_ans_1703_1752
Rudolf_II_Holy_Roman_Emperor	predecessor	Maximilian_II_Holy_Roman_Emperor
Francis_I_of_the_Two_Sicilies	predecessor	Ferdinand_I_of_the_Two_Sicilies
John_Stewart_3rd_Lord_of_Aubigny	predecessor	John_Stewart_of_Darnley
Rudolf_IV_Duke_of_Austria	predecessor	Albert_II_Duke_of_Austria
Odo_III_Duke_of_Burgundy	predecessor	Hugh_III_Duke_of_Burgundy
Liutgard_of_Saxony_died_885	predecessor	Hemma
Robert_III_Count_of_Dreux	predecessor	Robert_II_Count_of_Dreux
Fulk_IV_Count_of_Anjou	predecessor	Geoffrey_III_Count_of_Anjou
Edward_IV_of_England	predecessor	Henry_VI_of_England
Robert_II_Duke_of_Burgundy	predecessor	Hugh_IV_Duke_of_Burgundy
John_V_Duke_of_Brittany	predecessor	John_IV_Duke_of_Brittany
Leopold_III_Duke_of_Austria	predecessor	Rudolf_IV_Duke_of_Austria
Charles_the_Bold	predecessor	Philip_the_Good
Peter_III_of_Aragon	predecessor	James_I_of_Aragon
Francis_Hyacinth_Duke_of_Savoy	predecessor	Victor_Amadeus_I_Duke_of_Savoy
Berengar_I_of_Italy	predecessor	Charles_the_Fat
Denis_of_Portugal	predecessor	Afonso_III_of_Portugal
Beatrice_of_Provence	predecessor	Ramon_Berenguer_IV_Count_of_Provence
Gerard_Duke_of_Lorraine	predecessor	Adalbert_Duke_of_Lorraine
John_I_Count_of_Aumale	predecessor	Joan_Countess_of_Ponthieu
French_Revolution_of_1848	predecessor	Prince_Philippe_Count_of_Paris
Charles_IV_of_Spain	predecessor	Charles_III_of_Spain
Adolphus_Frederick_III_Duke_of_Mecklenburg_Strelitz	predecessor	Adolphus_Frederick_II_Duke_of_Mecklenburg_Strelitz
Philip_I_Duke_of_Burgundy	predecessor	Odo_IV_Duke_of_Burgundy
Philip_I_Duke_of_Burgundy	predecessor	Joan_III_Countess_of_Burgundy
Robert_I_Latin_Emperor	predecessor	Yolanda_Latin_Empress
Ferdinand_I_of_Austria	predecessor	Francis_II_Holy_Roman_Emperor
Ferdinand_I_of_Portugal	predecessor	Peter_I_of_Portugal
Henry_II_Duke_of_Lorraine	predecessor	Charles_III_Duke_of_Lorraine
Theudoald	predecessor	Pepin_of_Herstal
Guy_III_of_Spoleto	predecessor	Charles_the_Fat
Alexander_Stewart_4th_High_Steward_of_Scotland	predecessor	Walter_Stewart_3rd_High_Steward_of_Scotland
Amadeus_III_Count_of_Savoy	predecessor	Humbert_II_Count_of_Savoy
Ferdinando_I_de_Medici_Grand_Duke_of_Tuscany	predecessor	Francesco_I_de_Medici_Grand_Duke_of_Tuscany
Amaury_II_de_Montfort	predecessor	Simon_I_de_Montfort
