Giovanni_il_Popolano	type	Person
Pierfrancesco_the_Elder	type	Person
_thelwulf_King_of_Wessex	type	Person
Robert_II_of_Scotland	type	Person
Walter_Stewart_6th_High_Steward_of_Scotland	type	Person
Frederica_Louisa_of_Hesse_Darmstadt	type	Person
Luitgarde_of_Vermandois	type	Person
Theobald_I_Count_of_Blois	type	Person
Leopold_Duke_of_Lorraine	type	Person
Dirk_V_Count_of_Holland	type	Person
Maria_Anna_of_Neuburg	type	Person
Afonso_II_of_Portugal	type	Person
Sancho_II_of_Portugal	type	Person
Amicie_de_Courtenay	type	Person
Francis_Louis_of_Palatinate_Neuburg	type	Person
Charles_Emmanuel_III_of_Sardinia	type	Person
Princess_Eleonora_of_Savoy	type	Person
Philip_IV_of_Spain	type	Person
Margaret_of_Austria_Queen_of_Spain	type	Person
Ferdinand_of_Portugal_Duke_of_Guarda	type	Person
Charles_Count_of_Valois	type	Person
Isabella_of_Valois_Duchess_of_Bourbon	type	Person
Anne_of_Austria	type	Person
Philip_III_of_Spain	type	Person
Henry_II_of_Castile	type	Person
Eleanor_of_Castile_Queen_of_Navarre	type	Person
Lucrezia_Tornabuoni	type	Person
Stephen_III_Duke_of_Bavaria	type	Person
Elisabeth_of_Carinthia_Queen_of_the_Romans	type	Person
Albert_I_of_Germany	type	Person
Igor_of_Kiev	type	Person
Olga_of_Kiev	type	Person
Matthias_I_Duke_of_Lorraine	type	Person
Adelaide_of_Leuven	type	Person
Wilhelmine_Amalie_of_Brunswick	type	Person
John_Frederick_Duke_of_Brunswic_Calenberg	type	Person
Philippe_II_Duke_of_Orl_ans	type	Person
Charles_IV_Duke_of_Lorraine	type	Person
Matthias_II_Duke_of_Lorraine	type	Person
Frederick_II_Duke_of_Lorraine	type	Person
Louis_II_Elector_of_Brandenburg	type	Person
Prince_Henry_the_Navigator	type	Person
Empress_Matilda	type	Person
Henry_II_of_England	type	Person
Philippa_of_Luxembourg	type	Person
John_II_Count_of_Holland	type	Person
Maria_of_Naples	type	Person
Frederick_Prince_of_Wales	type	Person
Caroline_of_Ansbach	type	Person
Maria_Beatrice_d_Este_Duchess_of_Massa	type	Person
Francis_IV_Duke_of_Modena	type	Person
Rudolph_of_France	type	Person
Ren__II_Duke_of_Lorraine	type	Person
Antoine_Duke_of_Lorraine	type	Person
Magnus_I_Duke_of_Brunswic_L_neburg	type	Person
Sophia_of_Brandenburg	type	Person
Henry_the_Fowler	type	Person
Gerberga_of_Saxony	type	Person
Gertrude_of_S_pplingenburg	type	Person
Henry_X_Duke_of_Bavaria	type	Person
Ren__of_Anjou	type	Person
Charles_IV_of_Anjou	type	Person
Mary_of_Guise	type	Person
Joan_of_Ponthieu_Dame_of_Epernon	type	Person
John_VI_of_Vend_me	type	Person
Maria_of_Montpellier	type	Person
Beatrice_of_England	type	Person
Arthur_II_Duke_of_Brittany	type	Person
John_II_Duke_of_Lorraine	type	Person
Isabella_Duchess_of_Lorraine	type	Person
Louis_XV	type	Person
Louis_Duke_of_Burgundy	type	Person
Philip_I_Landgrave_of_Hesse	type	Person
Louis_II_Duke_of_Bavaria	type	Person
Maria_of_Brabant_Duchess_of_Bavaria	type	Person
Nuno_Mendes_count	type	Person
Alice_Holland_Countess_of_Kent	type	Person
Eleanor_of_Lancaster	type	Person
Blanche_of_Brittany	type	Person
Berenguer_Ramon_I_Count_of_Barcelona	type	Person
Hermann_Billung	type	Person
Henry_I_Duke_of_Bavaria	type	Person
Princess_Maria_Carolina_of_Savoy	type	Person
Adele_of_Vermandois	type	Person
Margaret_Stewart_Dauphine_of_France	type	Person
Francis_I_Holy_Roman_Emperor	type	Person
Joseph_II_Holy_Roman_Emperor	type	Person
Charles_Duke_of_Lower_Lorraine	type	Person
Bernhard_Count_of_Anhalt	type	Person
Edward_I_of_England	type	Person
Edmund_of_Woodstock_1st_Earl_of_Kent	type	Person
Eleanor_de_Medici	type	Person
Maria_Teresa_Cybo_Malaspina_Duchess_of_Massa	type	Person
Sancho_VII_of_Navarre	type	Person
Leopold_II_Holy_Roman_Emperor	type	Person
Maria_Theresa_of_Austria_1767_1827	type	Person
Patrick_Hepburn_3rd_Earl_of_Bothwell	type	Person
Margaret_II_Countess_of_Hainaut	type	Person
Richard_of_Shrewsbury_Duke_of_York	type	Person
Elisabeth_of_Cleves	type	Person
_thelred_I_King_of_Wessex	type	Person
Marie_Ad_la_de_of_Savoy	type	Person
Odo_of_France	type	Person
Henry_I_Count_of_Champagne	type	Person
Sophie_of_France_1734_1782	type	Person
Louis_Philippe_I	type	Person
Archduchess_Magdalena_of_Austria	type	Person
Princess_Christine_Louise_of_Oettinge_Oettingen	type	Person
Louis_Rudolph_Duke_of_Brunswic_L_neburg	type	Person
Henry_I_of_France	type	Person
Philip_I_of_France	type	Person
Elisabeth_of_Lorraine	type	Person
Giuseppe_Maria_Buonaparte	type	Person
Henry_I_of_Navarre	type	Person
Beatriz_Pereira_de_Alvim	type	Person
Anne_Marie_d_Orl_ans	type	Person
Henrietta_of_England	type	Person
Lorenzo_de_Medici_Duke_of_Urbino	type	Person
Blanche_of_Navarre_Queen_of_France	type	Person
Philip_III_of_Navarre	type	Person
Richardis	type	Person
Reginar_III_Count_of_Hainaut	type	Person
Sancho_I_of_Portugal	type	Person
Afonso_I_of_Portugal	type	Person
Thierry_Count_of_Flanders	type	Person
Maria_Josepha_of_Austria	type	Person
Ramon_Berenguer_IV_Count_of_Barcelona	type	Person
Ramon_Berenguer_III_Count_of_Barcelona	type	Person
Afonso_V_of_Portugal	type	Person
Edward_King_of_Portugal	type	Person
Francis_II_Holy_Roman_Emperor	type	Person
Louise_of_Savoy	type	Person
Philip_II_Duke_of_Savoy	type	Person
John_II_of_France	type	Person
Joan_the_Lame	type	Person
Baldwin_IV_Count_of_Hainaut	type	Person
Alice_of_Namur	type	Person
Louis_Dauphin_of_France_son_of_Louis_XIV	type	Person
Louis_XIV	type	Person
Princess_Marie_Isabelle_of_Orl_ans	type	Person
Antoine_Duke_of_Montpensier	type	Person
Ladislaus_of_Naples	type	Person
Henry_I_of_Castile	type	Person
Sweyn_III_of_Denmark	type	Person
Berengaria_of_Le_n	type	Person
John_Stewart_1st_Earl_of_Lennox	type	Person
Alan_Stewart_of_Darnley	type	Person
Adelaide_of_Tours	type	Person
Robert_the_Strong	type	Person
Joan_II_of_Navarre	type	Person
Charles_IV_of_France	type	Person
Magdalene_Sibylle_of_Prussia	type	Person
Marie_Eleonore_of_Cleves	type	Person
Sviatopolk_I_of_Kiev	type	Person
Yaroslav_the_Wise	type	Person
Charles_VI_Holy_Roman_Emperor	type	Person
Victor_Amadeus_II_of_Sardinia	type	Person
Ferdinand_I_of_the_Two_Sicilies	type	Person
Princess_Maria_Isabella_of_Naples_and_Sicily	type	Person
Odo_II_Duke_of_Burgundy	type	Person
Hugh_III_Duke_of_Burgundy	type	Person
Alfonso_II_of_Aragon	type	Person
Charles_Ferdinand_Prince_of_Capua	type	Person
Charles_Martel	type	Person
Grifo_noble	type	Person
Marie_Countess_of_Ponthieu	type	Person
William_IV_Count_of_Ponthieu	type	Person
Louis_I_Duke_of_Orl_ans	type	Person
Charles_V_of_France	type	Person
William_X_Duke_of_Aquitaine	type	Person
Philippa_Countess_of_Toulouse	type	Person
Archduchess_Eleanor_of_Austria	type	Person
John_VIII_Count_of_Vend_me	type	Person
Eleanor_of_Provence	type	Person
Charles_Emmanuel_II_Duke_of_Savoy	type	Person
Joan_II_Countess_of_Burgundy	type	Person
John_II_of_Aragon	type	Person
Alfonso_V_of_Aragon	type	Person
James_III_of_Scotland	type	Person
Mary_of_Guelders	type	Person
Charles_Frederick_Grand_Duke_of_Saxe_Weimar_Eisenach	type	Person
Philippa_of_Hainault	type	Person
Joan_of_Valois_Countess_of_Hainaut	type	Person
Matilda_of_Frisia	type	Person
Liudolf_Margrave_of_Frisia	type	Person
Isabella_of_Austria	type	Person
Clementia_of_Hungary	type	Person
Louis_X_of_France	type	Person
Maud_of_Apulia	type	Person
Charles_the_Simple	type	Person
Clotilde_of_France	type	Person
Countess_Palatine_Dorothea_Sophie_of_Neuburg	type	Person
Elisabeth_Farnese	type	Person
Elizabeth_of_Lancaster_Duchess_of_Exeter	type	Person
Ermentrude_of_Orl_ans	type	Person
Judith_of_Flanders	type	Person
Magnus_II_Duke_of_Brunswic_L_neburg	type	Person
Alfonso_II_Count_of_Provence	type	Person
Rudolf_I_of_Germany	type	Person
Gertrude_of_Hohenberg	type	Person
John_Joseph_of_Austria	type	Person
Dirk_II_Count_of_Holland	type	Person
Beatrice_of_Portugal_died_1381	type	Person
Victor_Amadeus_I_Duke_of_Savoy	type	Person
Catalina_Micaela_of_Spain	type	Person
Alfonso_Fern_ndez_el_Ni_o	type	Person
Ernest_Augustus_King_of_Hanover	type	Person
Prince_William_of_Saxe_Gotha_Altenburg	type	Person
Mary_of_Burgundy_Duchess_of_Cleves	type	Person
Mary_of_Burgundy	type	Person
Pepin_the_Hunchback	type	Person
Claude_Fran_oise_de_Lorraine	type	Person
Nicholas_Francis_Duke_of_Lorraine	type	Person
Dirk_III_Count_of_Holland	type	Person
Lutgardis_of_Luxemburg	type	Person
Otto_I_Duke_of_Saxony	type	Person
Hedwig_of_Babenberg	type	Person
Radbot_of_Klettgau	type	Person
Alfonso_X_of_Castile	type	Person
Baldwin_II_of_Jerusalem	type	Person
Louis_Duke_of_Orl_ans_1703_1752	type	Person
Landgravine_Elisabeth_Amalie_of_Hesse_Darmstadt	type	Person
James_II_of_Scotland	type	Person
Willa_of_Tuscany	type	Person
Boso_Margrave_of_Tuscany	type	Person
Frederick_III_Holy_Roman_Emperor	type	Person
Cymburgis_of_Masovia	type	Person
Conrad_IV_of_Germany	type	Person
Grimoald_the_Younger	type	Person
Charles_I_Gonzaga_Duke_of_Mantua	type	Person
Maria_Anna_of_Bavaria_born_1551	type	Person
Albert_V_Duke_of_Bavaria	type	Person
Maria_Luisa_of_Spain	type	Person
Charles_III_of_Spain	type	Person
Maria_Theresa_of_Spain	type	Person
Henry_the_Lion	type	Person
Otto_IV_Count_of_Burgundy	type	Person
Beatriz_of_Portugal_Duchess_of_Viseu	type	Person
Isabel_of_Barcelos	type	Person
Ferdinand_II_of_Aragon	type	Person
Willa_of_Burgundy	type	Person
Hugh_of_Italy	type	Person
Rudolph_II_of_Burgundy	type	Person
Henry_II_of_France	type	Person
Mahaut_of_Ch_tillon	type	Person
Eug_nie_de_Montijo	type	Person
Napoleon_III	type	Person
Prince_Augustus_Frederick_Duke_of_Sussex	type	Person
Clemence_of_Austria	type	Person
Charles_I_of_Hungary	type	Person
Peter_I_Duke_of_Bourbon	type	Person
Mary_of_Avesnes	type	Person
Charles_VI_of_France	type	Person
Augustus_III_of_Poland	type	Person
Walter_I_Lord_of_Avesnes	type	Person
Duke_Charles_Louis_Frederick_of_Mecklenburg	type	Person
Joan_I_Countess_of_Auvergne	type	Person
Gian_Galeazzo_Sforza	type	Person
Marie_Hedwig_of_Hesse_Darmstadt	type	Person
Henry_V_of_England	type	Person
Albert_II_of_Germany	type	Person
Joan_of__vreux	type	Person
Louis_Count_of__vreux	type	Person
Otto_I_Duke_of_Brunswic_L_neburg	type	Person
A_nor_de_Ch_tellerault	type	Person
Claude_of_France	type	Person
Louis_I_Duke_of_Bourbon	type	Person
Marie_de_Bourbon_Princess_of_Achaea	type	Person
Osburh	type	Person
Marie_Antoinette	type	Person
Charles_X	type	Person
John_Constable_of_Portugal	type	Person
Charles_III_Duke_of_Savoy	type	Person
Beatrice_of_Portugal_Duchess_of_Savoy	type	Person
Margaret_of_Bourbon_1438_1483	type	Person
Maria_Theresa_of_Austria_Este_Queen_of_Sardinia	type	Person
Otto_III_Duke_of_Bavaria	type	Person
Wenceslaus_I_Duke_of_Luxembourg	type	Person
Vladimir_the_Great	type	Person
Sviatoslav_I	type	Person
John_of_Montfort	type	Person
Joan_of_Brittany_Baroness_of_Drayton	type	Person
Fulk_King_of_Jerusalem	type	Person
Geoffrey_Plantagenet_Count_of_Anjou	type	Person
Francis_Duke_of_Anjou	type	Person
Catherine_de_Medici	type	Person
Henry_III_of_France	type	Person
Sigismund_II_Augustus	type	Person
Th_odrate_of_Troyes	type	Person
Edward_III_of_England	type	Person
Louis_Count_of_Vend_me	type	Person
Marjorie_Bruce	type	Person
Emma_of_Italy	type	Person
Marie_Jos_phine_of_Savoy	type	Person
Victor_Amadeus_III_of_Sardinia	type	Person
Louis_XII	type	Person
Maximilian_Sforza	type	Person
Philip_I_of_Castile	type	Person
Ramon_Borrell_Count_of_Barcelona	type	Person
Edward_Count_Palatine_of_Simmern	type	Person
Frederick_II_Count_of_Vaud_mont	type	Person
Blanche_of_Valois	type	Person
Eleanor_of_Castile	type	Person
Alphonso_Earl_of_Chester	type	Person
Francis_III_Duke_of_Brittany	type	Person
Alfonso_IX_of_Le_n	type	Person
Urraca_of_Portugal	type	Person
James_I_of_Scotland	type	Person
Anabella_Drummond	type	Person
Alfonso_of_Molina	type	Person
Charles_VIII_of_France	type	Person
Louis_XI	type	Person
Henry_IV_of_England	type	Person
Mary_de_Bohun	type	Person
Agnes_de_Baudemont	type	Person
Archduke_Charles_Joseph_of_Austria_born_1745	type	Person
Adela_of_Normandy	type	Person
Stephen_Count_of_Blois	type	Person
Walter_Stewart_3rd_High_Steward_of_Scotland	type	Person
Cosimo_I_de_Medici_Grand_Duke_of_Tuscany	type	Person
Camilla_Martelli	type	Person
Peter_I_of_Portugal	type	Person
John_Duke_of_Valencia_de_Campos	type	Person
Raymond_of_Burgundy	type	Person
Sancha_Raim_ndez	type	Person
Marie_Countess_of_Harcourt	type	Person
Infante_Antonio_Duke_of_Galliera	type	Person
Lothair_II_of_Italy	type	Person
Jacquetta_of_Luxembourg	type	Person
Anne_Woodville	type	Person
George_I_of_Great_Britain	type	Person
Ernest_Augustus_Elector_of_Hanover	type	Person
Hermann_II_Count_of_Celje	type	Person
Margaret_of_Anjou	type	Person
Charlotte_of_Bourbon_Queen_of_Cyprus	type	Person
John_I_Count_of_La_Marche	type	Person
Princess_Elisabeth_Albertine_of_Saxe_Hildburghausen	type	Person
Matilda_II_Countess_of_Boulogne	type	Person
Isabella_Countess_of_Vertus	type	Person
Anne_of_Bohemia_and_Hungary	type	Person
Louis_IV_of_France	type	Person
Rogneda_of_Polotsk	type	Person
In_s_de_Castro	type	Person
William_III_of_M_con	type	Person
Louis_V_of_France	type	Person
Marie_of_Luxembourg_Queen_of_France	type	Person
Henry_VII_Holy_Roman_Emperor	type	Person
Saint_Margaret_of_Scotland	type	Person
Malcolm_III_of_Scotland	type	Person
Arnulf_I_Count_of_Flanders	type	Person
_lfthryth_Countess_of_Flanders	type	Person
Antonia_of_Savoy	type	Person
Adela_of_Milan	type	Person
Louis_XIII	type	Person
Marie_de_Medici	type	Person
Marie_of_Valois_Duchess_of_Calabria	type	Person
Charles_the_Bald	type	Person
Francis_Count_of_Vend_me	type	Person
Amadeus_II_Count_of_Savoy	type	Person
Archduchess_Catherine_Renata_of_Austria	type	Person
Rudolph_Duke_of_Lorraine	type	Person
Marie_de_Ch_tillon_1323_1363	type	Person
Walter_Stewart_Earl_of_Atholl	type	Person
John_I_of_Portugal	type	Person
Otto_IV_Count_of_Scheyern	type	Person
Eckhard_I_Count_of_Scheyern	type	Person
Count_of_Montijo	type	Person
Beatrice_of_Albon	type	Person
Piero_di_Cosimo_de_Medici	type	Person
Contessina_de_Bardi	type	Person
Odo_IV_Duke_of_Burgundy	type	Person
Joan_III_Countess_of_Burgundy	type	Person
Eug_ne_de_Beauharnais	type	Person
Isabeau_of_Bavaria	type	Person
Elisabeth_of_France_1602_1644	type	Person
Vladislaus_II_of_Hungary	type	Person
Verdun	type	Person
William_I_Count_of_Hainaut	type	Person
Yolanda_of_Courtenay	type	Person
Rudolph_III_of_Burgundy	type	Person
Mariana_Victoria_of_Spain	type	Person
Baldwin_II_Count_of_Hainaut	type	Person
Constance_of_Arles	type	Person
William_I_of_Provence	type	Person
Adelaide_of_Auxerre_born_c._870	type	Person
Waldrada_of_Worms	type	Person
James_I_of_Aragon	type	Person
Teresa_Gil_de_Vidaure	type	Person
Fran_oise_d_Aubign__Marquise_de_Maintenon	type	Person
Maria_Amalia_of_Naples_and_Sicily	type	Person
Maria_Carolina_of_Austria	type	Person
Marie_of_Brabant_Queen_of_France	type	Person
Matilda_of_Scotland	type	Person
John_Beaufort_1st_Earl_of_Somerset	type	Person
Cecile_of_France	type	Person
Charles_Emmanuel_I_Duke_of_Savoy	type	Person
Emanuel_Filibert_of_Savoy	type	Person
Maria_Amalia_of_Saxony	type	Person
Maria_Cristina_of_Savoy	type	Person
William_Adelin	type	Person
Hedwig_of_Saxony	type	Person
Archduke_Joseph_Franz_of_Austria	type	Person
Henry_I_Duke_of_Brabant	type	Person
John_III_Duke_of_Brittany	type	Person
Isabella_of_Hainault	type	Person
Margaret_I_Countess_of_Flanders	type	Person
Maria_Theresa_of_Naples_and_Sicily	type	Person
Archduchess_Maria_Clementina_of_Austria	type	Person
Charles_VII_of_France	type	Person
Urraca_L_pez_de_Haro	type	Person
Charles_IX_of_France	type	Person
Francis_II_of_France	type	Person
Margaret_of_Brabant	type	Person
Philip_IV_of_France	type	Person
Philip_III_of_France	type	Person
Louise_Marie_Anne_de_Bourbon	type	Person
Baldwin_II_Margrave_of_Flanders	type	Person
Margaret_of_Bavaria	type	Person
Maria_of_Navarre	type	Person
Louis_IX_of_France	type	Person
Violant_of_Hungary	type	Person
Barbara_of_Hesse	type	Person
Ferdinand_II_of_Le_n	type	Person
Alfonso_VII_of_Le_n_and_Castile	type	Person
Isabella_of_Aragon_Queen_of_France	type	Person
Juana_Enr_quez	type	Person
Agust_n_Mar_a_Mu_oz_y_Borb_n_1st_Duke_of_Taranc_n	type	Person
Reginald_I_Count_of_Burgundy	type	Person
Ermentrude_de_Roucy	type	Person
Prince_Francis_Xavier_of_Saxony	type	Person
Charles_Prince_of_Anhalt_Zerbst	type	Person
Frederick_III_Duke_of_Saxe_Gotha_Altenburg	type	Person
Adalard_of_Paris	type	Person
Virginia_de_Medici	type	Person
Sancha_of_Aragon_Countess_of_Toulouse	type	Person
Martin_of_Aragon	type	Person
Ferdinand_I_of_Aragon	type	Person
Anna_von_Campe	type	Person
Robert_I_Duke_of_Burgundy	type	Person
Hugh_I_Duke_of_Burgundy	type	Person
Simon_II_Duke_of_Lorraine	type	Person
Frederick_I_Duke_of_Lorraine	type	Person
Baldwin_of_Luxembourg	type	Person
Mary_of_Woodstock	type	Person
Robert_III_of_Scotland	type	Person
Louis_the_Stammerer	type	Person
Guilla_of_Provence	type	Person
Rudolph_I_of_Burgundy	type	Person
Philippe_I_Duke_of_Orl_ans	type	Person
Helie_of_Semur	type	Person
Marie_Jeanne_Baptiste_of_Savoy_Nemours	type	Person
Robert_Duke_of_Bar	type	Person
Sophia_of_Minsk	type	Person
Valdemar_II_of_Denmark	type	Person
Ferdinand_III_of_Castile	type	Person
Maria_of_Aragon_Queen_of_Portugal	type	Person
Adolphus_Frederick_I_Duke_of_Mecklenburg_Schwerin	type	Person
Agnes_de_Baudemont_Countess_of_Braine	type	Person
John_Count_of_Soissons_and_Enghien	type	Person
Fran_oise_Ath_na_s_de_Rochechouart_Marquise_de_Montespan	type	Person
Elisiv_of_Kiev	type	Person
Henry_Stuart_Duke_of_Gloucester	type	Person
Henry_III_Duke_of_Brabant	type	Person
Bruno_the_Great	type	Person
Elizabeth_of_York	type	Person
Pope	type	Person
Ferdinand_the_Holy_Prince	type	Person
Adelaide_of_Maurienne	type	Person
Matthew_I_of_Montmorency	type	Person
Matilda_of_Habsburg	type	Person
_thelfl_d	type	Person
Beatrice_of_Castile_1293_1359	type	Person
Mary_of_Burgundy_Duchess_of_Savoy	type	Person
Madeleine_de_La_Tour_d_Auvergne	type	Person
William_FitzEmpress	type	Person
Emmanuel_Philibert_Duke_of_Savoy	type	Person
Margaret_of_Valois_Duchess_of_Berry	type	Person
Owen_Tudor	type	Person
Hedwig_Jagiellon_Duchess_of_Bavaria	type	Person
Philip_V_of_Spain	type	Person
Charles_II_of_Spain	type	Person
John_Duke_of_Durazzo	type	Person
John_III_Duke_of_Bavaria	type	Person
Charlotte_of_Mecklenburg_Strelitz	type	Person
Prince_Octavius_of_Great_Britain	type	Person
Blanche_of_Castile	type	Person
Ferdinand_VI_of_Spain	type	Person
Prince_Louis_Duke_of_Nemours	type	Person
Maximilian_I_Holy_Roman_Emperor	type	Person
Bianca_Maria_Sforza	type	Person
Eleanor_of_Viseu	type	Person
John_II_of_Portugal	type	Person
Theobald_III_Count_of_Champagne	type	Person
Odo_I_Duke_of_Burgundy	type	Person
Antoinette_of_Bourbon	type	Person
Claude_Duke_of_Aumale	type	Person
Louis_III_Landgrave_of_Thuringia	type	Person
John_Count_of_Angoul_me	type	Person
Philip_of_Swabia	type	Person
Louis_XVIII	type	Person
Maria_Josepha_of_Saxony_Dauphine_of_France	type	Person
Catherine_de_Bourbon	type	Person
Joan_Beaufort_Queen_of_Scots	type	Person
Henrietta_Maria	type	Person
Bernard_of_Italy	type	Person
Hugh_the_Great	type	Person
Beatrice_of_Vermandois	type	Person
Matilda_of_Ringelheim	type	Person
Louis_the_German	type	Person
Charles_the_Fat	type	Person
Margaret_of_Bar	type	Person
Margaret_Lyle	type	Person
Hugh_Capet	type	Person
Gertrude_of_Flanders_Duchess_of_Lorraine	type	Person
Theodoric_II_Duke_of_Lorraine	type	Person
Marie_of_Orl_ans_Viscountess_of_Narbonne	type	Person
Charles_II_of_Navarre	type	Person
Carloman_II	type	Person
Prince_Christian_of_Hesse_Darmstadt	type	Person
Mar_a_Manuela_Kirkpatrick_de_Grevign_e	type	Person
Ferdinand_I_Holy_Roman_Emperor	type	Person
Archduchess_Margaret_of_Austria_nun	type	Person
Louis_Dauphin_of_France_son_of_Louis_XV	type	Person
Th_r_se_of_France_1736_1744	type	Person
Theobald_I_of_Navarre	type	Person
Blanche_of_Navarre_Countess_of_Champagne	type	Person
Marie_Caroline_of_Bourbo_Two_Sicilies_Duchess_of_Berry	type	Person
Charles_I_Duke_of_Bourbon	type	Person
Agnes_of_Burgundy_Duchess_of_Bourbon	type	Person
Princess_Elizabeth_of_Great_Britain	type	Person
Bianca_Maria_Visconti	type	Person
Francesco_I_Sforza	type	Person
Archduchess_Anna_of_Austria	type	Person
Louis_I_of_Anjou	type	Person
Louis_de_Bourbon_Bishop_of_Li_ge	type	Person
Charlotte_of_Savoy	type	Person
Elisabeth_of_Sicily_Duchess_of_Bavaria	type	Person
Eleanor_of_Aquitaine	type	Person
Benedicta_Henrietta_of_the_Palatinate	type	Person
Richard_Woodville_1st_Earl_Rivers	type	Person
John_Albert_I_Duke_of_Mecklenburg	type	Person
Teresa_Louren_o	type	Person
Catherine_of_Austria_Queen_of_Poland	type	Person
Mary_Queen_of_Scots	type	Person
Louis_of_Cyprus	type	Person
Adolf_King_of_the_Romans	type	Person
Boris_and_Gleb	type	Person
Hildegard_of_the_Vinzgau	type	Person
Anne_of_Brittany	type	Person
Theobald_I_Duke_of_Lorraine	type	Person
_lffl_d_wife_of_Edward_the_Elder	type	Person
Eadhild	type	Person
Humbert_II_Count_of_Savoy	type	Person
Carloman_mayor_of_the_palace	type	Person
Pepin_the_Short	type	Person
Berengar_II_of_Italy	type	Person
Rozala_of_Italy	type	Person
Adelaide_of_Holland	type	Person
Matilda_of_Saxony_countess_of_Flanders	type	Person
Baldwin_III_Count_of_Flanders	type	Person
Alfred_the_Great	type	Person
Richeza_of_Denmark	type	Person
Dorothea_of_Denmark_Duchess_of_Brunswic_L_neburg	type	Person
William_the_Younger_Duke_of_Brunswic_L_neburg	type	Person
Philippa_of_Guelders	type	Person
John_III_Burgrave_of_Nuremberg	type	Person
Arnulf_of_Carinthia	type	Person
Baldwin_VI_Count_of_Flanders	type	Person
Rudolf_I_Duke_of_Bavaria	type	Person
Godfrey_I_Count_of_Louvain	type	Person
Isabella_of_France	type	Person
Joan_I_of_Navarre	type	Person
Valentina_Visconti_Duchess_of_Orl_ans	type	Person
Elisabeth_Christine_of_Brunswic_Wolfenb_ttel	type	Person
Anne_of_France	type	Person
Sancho_III_of_Castile	type	Person
Berengaria_of_Barcelona	type	Person
Conrad_I_Count_of_Auxerre	type	Person
Alys_of_France_Countess_of_Vexin	type	Person
Maria_Manuela_Princess_of_Portugal	type	Person
Catherine_of_Vend_me	type	Person
Patrick_de_Chaworth_Lord_of_Kidwelly	type	Person
Richende_De_Bourges	type	Person
Anna_Sforza	type	Person
Bernard_I_Duke_of_Brunswic_L_neburg	type	Person
James_Stewart_5th_High_Steward_of_Scotland	type	Person
Counts_and_dukes_of_Aumale	type	Person
Duchess_Sophie_of_Prussia	type	Person
Charles_Duke_of_Vend_me	type	Person
Rudolf_II_Count_of_Habsburg	type	Person
Renata_of_Lorraine	type	Person
Andrew_II_of_Hungary	type	Person
Margaret_of_Foix	type	Person
Prince_Philippe_Count_of_Paris	type	Person
Margaret_of_Bourbon_Lady_of_Albret	type	Person
Constanza_Manuel	type	Person
William_IX_Count_of_Poitiers	type	Person
Isabelle_Duchess_of_Brittany	type	Person
Elizabeth_Charlotte_Madame_Palatine	type	Person
Prince_Ferdinand_Duke_of_Montpensier	type	Person
William_Longsword	type	Person
Elisabeth_Therese_of_Lorraine	type	Person
Charlotte_Christine_of_Brunswic_Wolfenb_ttel	type	Person
Countess_Amalia_Katharina_of_Waldeck	type	Person
Richard_FitzRoy	type	Person
George_Gordon_4th_Earl_of_Huntly	type	Person
Prince_Frederick_of_Great_Britain	type	Person
Hugh_V_Duke_of_Burgundy	type	Person
Sancha_of_Castile_Queen_of_Aragon	type	Person
Agatha_wife_of_Edward_the_Exile	type	Person
Cristina_daughter_of_Edward_the_Exile	type	Person
Yolande_Duchess_of_Lorraine	type	Person
Robert_II_of_France	type	Person
Adelaide_of_Burgundy_Duchess_of_Brabant	type	Person
Hugh_IV_Duke_of_Burgundy	type	Person
Frederick_IV_Duke_of_Lorraine	type	Person
Gerold_of_Vinzgau	type	Person
Elizabeth_of_Luxembourg	type	Person
Ladislaus_the_Posthumous	type	Person
Joan_Stewart_Countess_of_Morton	type	Person
Canute_VI_of_Denmark	type	Person
Anna_Eleonore_of_Hesse_Darmstadt	type	Person
George_Duke_of_Brunswic_Calenberg	type	Person
Simon_I_Duke_of_Lorraine	type	Person
Empress_Jos_phine	type	Person
Maximilian_II_Holy_Roman_Emperor	type	Person
Baldwin_V_Count_of_Flanders	type	Person
James_Hepburn_4th_Earl_of_Bothwell	type	Person
Anna_of_Holstei_Gottorp	type	Person
Ernest_Augustus_Duke_of_York_and_Albany	type	Person
Anne_Gonzaga	type	Person
Otto_II_Duke_of_Bavaria	type	Person
Ludmilla_of_Bohemia	type	Person
William_de_Beauchamp_9th_Earl_of_Warwick	type	Person
Maud_FitzJohn_Countess_of_Warwick	type	Person
Anna_Maria_of_Mecklenburg_Schwerin	type	Person
Magdalena_Sibylla_of_Saxe_Weissenfels	type	Person
Ramon_Berenguer_IV_Count_of_Provence	type	Person
Stephen_II_Duke_of_Bavaria	type	Person
Margaret_of_England_Duchess_of_Brabant	type	Person
Patrick_Gordon_of_Auchindoun	type	Person
Bianca_Cappello	type	Person
Magdalena_of_Valois	type	Person
Elizabeth_I	type	Person
Agnes_of_France_Duchess_of_Burgundy	type	Person
Stephen_I_Count_of_Burgundy	type	Person
Berenguer_Ramon_II_Count_of_Barcelona	type	Person
Louis_XVI	type	Person
Marie_Th_r_se_of_France	type	Person
Sophia_of_Istria	type	Person
Princess_Isabelle_of_Orl_ans_1878_1961	type	Person
Henry_VI_of_England	type	Person
Mary_of_Hungary_Queen_of_Naples	type	Person
Stephen_V_of_Hungary	type	Person
Charles_I_of_England	type	Person
William_VIII_Duke_of_Aquitaine	type	Person
Richard_Count_of__tampes	type	Person
John_VII_Duke_of_Mecklenburg_Schwerin	type	Person
Schwerin	type	Person
John_Count_of_Chalon	type	Person
Robert_III_of_Worms	type	Person
Margaret_of_Valois_Angoul_me	type	Person
Charles_Count_of_Angoul_me	type	Person
William_IX_Duke_of_Aquitaine	type	Person
Hildegarde_of_Burgundy	type	Person
Ferdinand_of_Castile_born_1238	type	Person
Radegonde_of_Valois	type	Person
Albert_III_Count_of_Habsburg	type	Person
Herbert_III_of_Omois	type	Person
Pietro_de_Medici	type	Person
Archduchess_Barbara_of_Austria	type	Person
Lixheim	type	Person
J_r_me_Bonaparte	type	Person
Countess_Sophia_Albertine_of_Erbach_Erbach	type	Person
Pepin_of_Herstal	type	Person
Ansegisel	type	Person
Francesco_I_de_Medici_Grand_Duke_of_Tuscany	type	Person
Matilda_of_Brandenburg_Duchess_of_Brunswic_L_neburg	type	Person
Malusha	type	Person
Helena_of_Denmark	type	Person
Elizabeth_Gordon_Countess_of_Huntly	type	Person
Jean_Gordon_Countess_of_Bothwell	type	Person
Joan_Countess_of_Ponthieu	type	Person
Judith_of_Flanders_died_1095	type	Person
John_de_Beaumont_2nd_Baron_Beaumont	type	Person
William_V_Duke_of_Aquitaine	type	Person
Agnes_of_Burgundy_Duchess_of_Aquitaine	type	Person
Gaston_Prince_of_Viana	type	Person
Matthew_Stewart_4th_Earl_of_Lennox	type	Person
John_Stewart_3rd_Earl_of_Lennox	type	Person
George_II_Landgrave_of_Hesse_Darmstadt	type	Person
Sophia_Eleonore_of_Saxony	type	Person
Marie_Viscountess_of_Limoges	type	Person
James_VI_and_I	type	Person
John_I_Count_of_Hainaut	type	Person
Otto_I_Count_of_Scheyern	type	Person
Henri_Count_of_Chambord	type	Person
Elisabeth_of_Austria_Duchess_of_Lorraine	type	Person
Louis_IV_Holy_Roman_Emperor	type	Person
Margaret_of_Bohemia_Duchess_of_Wroclaw	type	Person
Louis_III_of_France	type	Person
Albert_II_Duke_of_Brunswic_L_neburg	type	Person
Albert_I_Duke_of_Brunswic_L_neburg	type	Person
Adalbert_I_of_Ivrea	type	Person
Charles_the_Younger	type	Person
Johann_Adolf_I_Duke_of_Saxe_Weissenfels	type	Person
James_of_Avesnes	type	Person
Nicholas_d_Oisy_Lord_of_Avesnes	type	Person
Henry_of_Sandomierz	type	Person
Henry_Count_of_Portugal	type	Person
Charles_Prince_of_Taranto	type	Person
Bolko_I_the_Strict	type	Person
Archduchess_Maria_Elisabeth_of_Austria_born_1743	type	Person
Frederick_V_Burgrave_of_Nuremberg	type	Person
James_IV_of_Scotland	type	Person
Philip_VI_of_France	type	Person
Marie_Duchess_of_Auvergne	type	Person
Princess_Anne_Charlotte_of_Lorraine	type	Person
Elizabeth_of_Portugal	type	Person
Matilda_of_Anjou	type	Person
Ermengarde_of_Hesbaye	type	Person
Margaret_of_Brittany	type	Person
Yaropolk_I_of_Kiev	type	Person
Maria_Teresa_Felicitas_d_Este	type	Person
Louise_Marie_Ad_la_de_de_Bourbon_Duchess_of_Orl_ans	type	Person
Anna_Maria_of_Ostfriesland	type	Person
Blanche_of_Burgundy_Countess_of_Savoy	type	Person
John_the_Fearless	type	Person
Eleanor_of_Aragon_Queen_of_Portugal	type	Person
Joan_of_Portugal	type	Person
Joseph_I_Holy_Roman_Emperor	type	Person
Afonso_III_of_Portugal	type	Person
Yolanda_Latin_Empress	type	Person
Dirk_IV_Count_of_Holland	type	Person
Nicolas_Duke_of_Merc_ur	type	Person
Bertrade_of_Montfort	type	Person
Simon_I_de_Montfort	type	Person
Haziga_of_Diessen	type	Person
Leopold_V_Archduke_of_Austria	type	Person
Beatrice_of_Silesia	type	Person
Matthew_Stewart_2nd_Earl_of_Lennox	type	Person
Margaret_Boswell	type	Person
Beatrice_of_Luxembourg	type	Person
Teresa_Cristina_of_the_Two_Sicilies	type	Person
Blanche_of_Burgundy	type	Person
William_IV_Duke_of_Aquitaine	type	Person
Ferdinand_Duke_of_Viseu	type	Person
Anna_of_Lorraine	type	Person
Catherine_of_Valois_Courtenay	type	Person
Frederick_II_Duke_of_Saxe_Gotha_Altenburg	type	Person
Otto_V_Duke_of_Bavaria	type	Person
Louis_Antoine_Duke_of_Angoul_me	type	Person
Frederick_I_Elector_of_Brandenburg	type	Person
Margaret_of_Artois	type	Person
Taddea_Visconti	type	Person
Beatrice_Regina_della_Scala	type	Person
Casimir_IV_Jagiellon	type	Person
Otto_William_Count_of_Burgundy	type	Person
Prince_Maurizio_Duke_of_Montferrat	type	Person
Antoine_of_Navarre	type	Person
March_of_Friuli	type	Person
Maria_Beatrice_of_Savoy	type	Person
Maria_Christina_Duchess_of_Teschen	type	Person
Henry_IV_of_France	type	Person
Conrad_I_of_Burgundy	type	Person
Baldwin_III_Count_of_Hainaut	type	Person
Philippe_Emmanuel_Duke_of_Merc_ur	type	Person
Ferdinand_Karl_Archduke_of_Austria_Este	type	Person
Berengaria_of_Castile	type	Person
Judith_of_Habsburg	type	Person
Margaret_of_Provence	type	Person
Odo_I_Count_of_Blois	type	Person
Bertha_of_Burgundy	type	Person
Catherine_Woodville_Duchess_of_Buckingham	type	Person
Rixa_of_Werle	type	Person
Eleanor_of_Austria	type	Person
Reginar_Longneck	type	Person
Robert_Count_of_Clermont	type	Person
John_of_Charolais	type	Person
Princess_Louise_d_Artois	type	Person
Bertha_daughter_of_Lothair_II	type	Person
Drogo_of_Champagne	type	Person
John_Prince_of_Asturias	type	Person
Eadgifu_of_Wessex	type	Person
_lisabeth_Charlotte_d_Orl_ans	type	Person
Elisabeth_of_Austria_Queen_of_France	type	Person
Gisela_of_Swabia	type	Person
Alphonse_Count_of_Poitiers	type	Person
Francis_I_of_France	type	Person
Charles_II_de_Valois_Duke_of_Orl_ans	type	Person
George_IV	type	Person
Frederuna	type	Person
Isabella_of_Burgundy_Queen_of_Germany	type	Person
Clementia_of_Z_hringen	type	Person
Sanchia_of_Provence	type	Person
Sophia_Dorothea_of_Hanover	type	Person
Philip_II_of_France	type	Person
Agnes_of_Austria_1281_1364	type	Person
Charlemagne	type	Person
Louis_the_Pious	type	Person
Ernest_Duke_of_Austria	type	Person
Maria_Amalia_Holy_Roman_Empress	type	Person
Christina_of_Lorraine	type	Person
Robert_II_Count_of_Dreux	type	Person
Roman_Catholic_Archdiocese_of_Cambrai	type	Person
William_XII_Count_of_Auvergne	type	Person
Louis_Philippe_II_Duke_of_Orl_ans	type	Person
Matilda_of_T_bingen	type	Person
Philip_I_Count_of_Flanders	type	Person
Lucrezia_de_Medici_Duchess_of_Ferrara	type	Person
Jean_Cardinal_of_Lorraine	type	Person
Jeanne_d_Albret	type	Person
Elizabeth_the_Cuman	type	Person
Luisa_Carlotta_of_the_Two_Sicilies	type	Person
Conrad_of_Ivrea	type	Person
Denis_Lord_of_Cifuentes	type	Person
Catherine_of_Foix_Countess_of_Candale	type	Person
Philip_V_of_France	type	Person
Wierzchoslawa_Ludmilla_of_Greater_Poland	type	Person
Salomea_of_Berg	type	Person
Henry_I_Count_of_Berg	type	Person
Charles_of_Lorraine_bishop_of_Metz_and_Strasbourg	type	Person
Francesco_III_d_Este_Duke_of_Modena	type	Person
Ida_Countess_of_Hainaut	type	Person
Richard_II_of_England	type	Person
John_IV_Marquis_of_Montferrat	type	Person
Henry_the_Friendly	type	Person
Archduchess_Margaret_of_Austria_1567_1633	type	Person
Marie_of_Brittany_Countess_of_Saint_Pol	type	Person
Jacques_Charles_Dupont_de_l_Eure	type	Person
Marie_of_Anjou	type	Person
Yolande_of_Aragon	type	Person
Joan_Fitzalan_Countess_of_Hereford	type	Person
Robert_I_of_France	type	Person
Mary_Stewart_Countess_of_Buchan	type	Person
Gaston_IV_Count_of_Foix	type	Person
K_ten	type	Person
Sophie_of_Thuringia_Duchess_of_Brabant	type	Person
Claude_of_France_1547_1575	type	Person
Philippa_of_Lancaster	type	Person
Maria_of_Courtenay	type	Person
Peter_Tempesta	type	Person
Henry_III_of_Castile	type	Person
John_I_of_Castile	type	Person
Albert_Azzo_II_Margrave_of_Milan	type	Person
Henry_III_of_England	type	Person
Margaret_of_England	type	Person
Elizabeth_of_Austria_1436_1505	type	Person
John_I_Albert	type	Person
Gaston_Duke_of_Orl_ans	type	Person
Hortense_de_Beauharnais	type	Person
Anne_of_Kiev	type	Person
Joan_Beaufort_Countess_of_Westmorland	type	Person
Conrad_II_Duke_of_Transjurane_Burgundy	type	Person
Louis_VIII_of_France	type	Person
John_King_of_England	type	Person
Edward_the_Exile	type	Person
Louis_I_of_Brzeg	type	Person
Gisela_of_Friuli	type	Person
Otto_I_Duke_of_Bavaria	type	Person
Heilika_of_Lengenfeld	type	Person
Louis_XVII	type	Person
Charles_Duke_of_Orl_ans	type	Person
Marie_of_Cleves_Duchess_of_Orl_ans	type	Person
Eleanor_of_England_Queen_of_Castile	type	Person
Gabriel_de_Rochechouart_de_Mortemart	type	Person
Edward_the_Elder	type	Person
Maria_Theresa	type	Person
Canute_Lavard	type	Person
Odoardo_Farnese_Hereditary_Prince_of_Parma	type	Person
Elisabeth_of_Hesse_Electress_Palatine	type	Person
Thomas_Holland_2nd_Earl_of_Kent	type	Person
Louis_Bonaparte	type	Person
Napol_on_Charles_Bonaparte	type	Person
Dulce_of_Le_n	type	Person
Sancho_Alfonso	type	Person
Amaury_I_de_Montfort	type	Person
Isabella_of_Portugal	type	Person
Manuel_I_of_Portugal	type	Person
Edward_II_of_England	type	Person
Joan_of_the_Tower	type	Person
Cosimo_de_Medici	type	Person
Thomas_Stewart_bishop_of_St_Andrews	type	Person
Charles_the_Child	type	Person
Pepin_I_of_Aquitaine	type	Person
Emma_of_Blois	type	Person
Hugh_the_Abbot	type	Person
Marie_de_Valois	type	Person
Louis_Duke_of_Durazzo	type	Person
George_III	type	Person
Prince_Alfred_of_Great_Britain	type	Person
Charles_of_Saxony_Duke_of_Courland	type	Person
Carlo_Duke_of_Calabria	type	Person
C_sar_Duke_of_Vend_me	type	Person
Princess_Antoinette_of_Brunswic_Wolfenb_ttel	type	Person
Mary_of_Scotland_Countess_of_Boulogne	type	Person
Godfrey_II_Count_of_Louvain	type	Person
Ansgarde_of_Burgundy	type	Person
Maria_Sophia_of_Neuburg	type	Person
Antonio_de_Medici	type	Person
Elisabeth_of_Nuremberg	type	Person
Reginar_II_Count_of_Hainaut	type	Person
Galeazzo_Maria_Sforza	type	Person
Dorotea_Gonzaga	type	Person
Henry_II_Duke_of_Brabant	type	Person
Archduke_Franz_Karl_of_Austria	type	Person
Infante_Luis_of_Spain	type	Person
Anna_of_Austria_Queen_of_Spain	type	Person
Ramon_Berenguer_I_Count_of_Barcelona	type	Person
Jeanne_de_Laval	type	Person
Maria_Clotilde_of_Naples_and_Sicily	type	Person
Hugh_Despenser_the_Elder	type	Person
Margaret_of_Denmark_Queen_of_Scotland	type	Person
Godfrey_III_Count_of_Louvain	type	Person
Princess_Louise_of_Orl_ans	type	Person
Prince_Carlo_Francesco_Duke_of_Aosta	type	Person
Isabelle_de_Bourbon	type	Person
Theresa_Countess_of_Portugal	type	Person
Isabel_of_Viseu	type	Person
Baldwin_V_Count_of_Hainaut	type	Person
Douce_I_Countess_of_Provence	type	Person
Lucia_da_Torsano	type	Person
Gisela_of_Burgundy_Marchioness_of_Montferrat	type	Person
Maria_of_Austria_Duchess_of_J_lich_Cleves_Berg	type	Person
Rollo	type	Person
Germaine_of_Foix	type	Person
David_Stewart_Earl_of_Moray	type	Person
Louis_II_of_Anjou	type	Person
Christine_of_Saxony	type	Person
Adam_Albert_von_Neipperg	type	Person
Hugh_Magnus	type	Person
Alpaida	type	Person
Elisabeth_of_Swabia	type	Person
Yolande_of_Dreux_Duchess_of_Burgundy	type	Person
Carloman_I	type	Person
Louis_III_of_Anjou	type	Person
Princess_Augusta_of_Saxe_Gotha	type	Person
Francis_I_Duke_of_Lorraine	type	Person
Louis_IV_Landgrave_of_Hesse_Marburg	type	Person
William_Duke_of_J_lich_Cleves_Berg	type	Person
Agnes_of_Beaujeu	type	Person
Carloman_of_Bavaria	type	Person
Arnulf_II_Count_of_Flanders	type	Person
Izyaslav_of_Polotsk	type	Person
Philip_Duke_of_Parma	type	Person
Pope_Clement_VII	type	Person
Louis_VII_of_France	type	Person
Lambert_I_Count_of_Louvain	type	Person
Gerberga_of_Lower_Lorraine	type	Person
Matilda_of_France	type	Person
Gerberga_of_Burgundy	type	Person
Robert_I_Count_of_Flanders	type	Person
Eleanor_of_Toledo	type	Person
Philip_of_Artois	type	Person
Stephen_King_of_England	type	Person
Edwin_son_of_Edward_the_Elder	type	Person
Louise_Henriette_de_Bourbon	type	Person
Berchar	type	Person
Charles_d_Orl_ans_Duke_of_Penthi_vre	type	Person
Mar_a_de_Molina	type	Person
Charles_d_vreux	type	Person
Margaret_Tudor	type	Person
Luisa_of_Naples_and_Sicily	type	Person
Maria_Dobroniega_of_Kiev	type	Person
William_V_Duke_of_Bavaria	type	Person
Albert_Casimir_Duke_of_Teschen	type	Person
Jasper_Tudor	type	Person
Elisabeth_of_Meissen	type	Person
Margaret_of_Hohenzoller_Nuremberg	type	Person
Odo_II_Count_of_Blois	type	Person
Henry_I_of_England	type	Person
John_I_of_Aragon	type	Person
_thelbald_King_of_Wessex	type	Person
Archduchess_Marie_Anne_of_Austria	type	Person
Louis_VI_of_France	type	Person
Peter_I_Duke_of_Brittany	type	Person
Henry_3rd_Earl_of_Lancaster	type	Person
Heinrich_of_Saxe_Weissenfels_Count_of_Barby	type	Person
Matilda_of_Boulogne_Duchess_of_Brabant	type	Person
Beatrice_of_Brandenburg	type	Person
Bertrada_of_Laon	type	Person
Frederick_III_Duke_of_Austria	type	Person
Philip_the_Good	type	Person
Michelle_of_Valois	type	Person
Henry_the_Middle_Duke_of_Brunswic_L_neburg	type	Person
Henry_IX_Duke_of_Bavaria	type	Person
Wulfhilde_of_Saxony	type	Person
Louis_Charles_Count_of_Beaujolais	type	Person
Diogo_Duke_of_Viseu	type	Person
Afonso_IV_of_Portugal	type	Person
John_I_Duke_of_Lorraine	type	Person
Maria_Kunigunde_of_Saxony	type	Person
Girolamo_Savonarola	type	Person
Poppa_of_Bayeux	type	Person
Theobald_II_Duke_of_Lorraine	type	Person
Beatrice_of_Nuremberg	type	Person
Robert_of_Courtenay_Lord_of_Champignelles	type	Person
Ernest_II_Duke_of_Brunswic_L_neburg	type	Person
Eleanor_of_Navarre	type	Person
Philip_Duke_of_Nemours	type	Person
Ercole_III_d_Este_Duke_of_Modena	type	Person
Agnes_of_Merania	type	Person
Berthold_Duke_of_Merania	type	Person
John_IV_Duke_of_Brittany	type	Person
Joan_of_France_Duchess_of_Berry	type	Person
John_Duke_of_Touraine	type	Person
Charlotte_de_Br_z_	type	Person
Henry_V_Holy_Roman_Emperor	type	Person
Henry_VII_of_England	type	Person
Richard_III_of_England	type	Person
Mar_a_Isabella_of_Spain	type	Person
Eleanor_of_England_Countess_of_Bar	type	Person
Ingelger	type	Person
Frederick_II_Duke_of_Brunswic_L_neburg	type	Person
Charles_II_Archduke_of_Austria	type	Person
Welf_I_Duke_of_Bavaria	type	Person
Philip_the_Bold	type	Person
Prince_Philippe_Duke_of_Orl_ans_1869_1926	type	Person
Maria_Henrietta_of_Naples_and_Sicily	type	Person
Charles_of_Austria_Bishop_of_Wroclaw	type	Person
Napoleon_II	type	Person
Giovanni_de_Medici_cardinal	type	Person
Hugh_Count_of_Burgundy	type	Person
Infante_Antonio_Pascual_of_Spain	type	Person
William_of_Winchester_Lord_of_Lunenburg	type	Person
Eleanor_of_Aragon_Queen_of_Castile	type	Person
Archduke_Rudolf_of_Austria	type	Person
Duke_George_Augustus_of_Mecklenburg	type	Person
Edward_III_Duke_of_Bar	type	Person
Boso_II_of_Italy	type	Person
Jeanne_de_Bourbon_Duchess_of_Bourbon	type	Person
Princess_Sophia_of_the_United_Kingdom	type	Person
Catherine_of_Valois	type	Person
Edmund_Tudor_1st_Earl_of_Richmond	type	Person
Margaret_of_the_Palatinate	type	Person
Isabella_Countess_of_Gloucester	type	Person
Maria_of_Portugal_Marchioness_of_Tortosa	type	Person
Lorenzo_the_Elder	type	Person
Piccarda_Bueri	type	Person
Margaret_of_Brieg	type	Person
Katherine_of_Bavaria	type	Person
Childeric_III	type	Person
Sibylla_of_Anjou	type	Person
Sophia_of_Saxe_Weissenfels_Princess_of_Anhalt_Zerbst	type	Person
Princess_Louise_of_Hesse_Darmstadt_1757_1830	type	Person
Louis_IX_Landgrave_of_Hesse_Darmstadt	type	Person
Eleonore_of_Austria_Queen_of_Poland	type	Person
Joanna_of_Pfirt	type	Person
James_V_of_Scotland	type	Person
Maria_Anna_Victoria_of_Bavaria	type	Person
John_of_Castile_Lord_of_Valencia_de_Campos	type	Person
Urraca_of_Castile_Queen_of_Portugal	type	Person
Mahaut_Countess_of_Artois	type	Person
Archduke_Karl_Ambrosius_of_Austria_Este	type	Person
Francis_II_Duke_of_Lorraine	type	Person
Christina_of_Salm	type	Person
Anne_of_Cyprus	type	Person
Louis_Duke_of_Savoy	type	Person
Joan_of_France_Duchess_of_Brittany	type	Person
Blanche_of_France_Duchess_of_Austria	type	Person
Alfonso_XI_of_Castile	type	Person
Margaret_Douglas	type	Person
Madame_Ad_la_de	type	Person
John_II_Duke_of_Bavaria	type	Person
Alexander_Stewart_Duke_of_Albany	type	Person
John_Woodville	type	Person
Marie_Elisabeth_of_France	type	Person
Margaret_Holland_Duchess_of_Clarence	type	Person
Eleanor_of_England_Countess_of_Leicester	type	Person
Mary_Woodville	type	Person
Nuno__lvares_Pereira	type	Person
Catherine_of_Portugal_nun	type	Person
Luise_Marie_of_the_Palatinate	type	Person
Henry_Brandon_1st_Earl_of_Lincoln	type	Person
Adolphus_Frederick_II_Duke_of_Mecklenburg_Strelitz	type	Person
Frederick_William_Duke_of_Mecklenburg_Schwerin	type	Person
Marguerite_of_Lorraine	type	Person
Bonne_of_Luxembourg	type	Person
_thelstan	type	Person
Anne_of_Foix_Candale	type	Person
Gaston_de_Foix_Count_of_Candale	type	Person
Princess_Elizabeth_of_the_United_Kingdom	type	Person
Marie_of_Blois_Duchess_of_Anjou	type	Person
Ingerman_Count_of_Hesbaye	type	Person
Archduchess_Maria_Maddalena_of_Austria	type	Person
Antoine_Count_of_Vaud_mont	type	Person
Fran_oise_Marie_de_Bourbon	type	Person
John_of_Foix_Viscount_of_Narbonne	type	Person
Antoine_Philippe_Duke_of_Montpensier	type	Person
Maria_Luisa_of_Parma	type	Person
George_I_Landgrave_of_Hesse_Darmstadt	type	Person
Louis_Hereditary_Prince_of_Lorraine	type	Person
Fredericka_of_Saxe_Gotha_Altenburg	type	Person
Maria_Theresa_of_Savoy	type	Person
Margaret_of_France_Queen_of_England_and_Hungary	type	Person
Baldwin_III_of_Jerusalem	type	Person
Isabella_of_Valois	type	Person
Elizabeth_of_Bohemia_1292_1330	type	Person
Henry_VI_Count_of_Luxembourg	type	Person
Henry_V_Count_of_Luxembourg	type	Person
Matilda_of_Bavaria_Margravine_of_Meissen	type	Person
Frederick_II_Margrave_of_Meissen	type	Person
Mary_I_of_England	type	Person
Philip_II_of_Spain	type	Person
John_II_Duke_of_Brittany	type	Person
Rudolf_II_Duke_of_Austria	type	Person
Werner_II_Count_of_Habsburg	type	Person
Wulfoald	type	Person
Charles_IV_Duke_of_Alen_on	type	Person
Arthur_Prince_of_Wales	type	Person
Elias_I_Count_of_Maine	type	Person
Duke_of_Schleswig	type	Person
John_Count_Palatine_of_Neumarkt	type	Person
Cardinal_Infante_Ferdinand_of_Austria	type	Person
Thomas_of_Lancaster_Duke_of_Clarence	type	Person
Prince_John_August_of_Saxe_Gotha_Altenburg	type	Person
Bertha_of_Holland	type	Person
Margaret_of_Burgundy_Queen_of_France	type	Person
Valdemar_I_of_Denmark	type	Person
Ingegerd_Olofsdotter_of_Sweden	type	Person
Bonne_of_Armagnac	type	Person
Napol_on_Louis_Bonaparte	type	Person
Richard_Woodville_3rd_Earl_Rivers	type	Person
Marie_of_Luxembourg_Countess_of_Vend_me	type	Person
Welf_I	type	Person
Dangereuse_de_l_Isle_Bouchard	type	Person
Alfonso_de_Castilla_y_Molina	type	Person
Philippa_of_Bar	type	Person
Louise_of_France_1737_1787	type	Person
Princess_Mary_Duchess_of_Gloucester_and_Edinburgh	type	Person
Archduke_Charles_Duke_of_Teschen	type	Person
Charles_Duke_of_Berry_1686_1714	type	Person
Lady_Margaret_Beaufort	type	Person
Marie_Z_phyrine_of_France	type	Person
Napoleon	type	Person
Princess_Maria_Antonia_of_Naples_and_Sicily	type	Person
Arnulf_Count_of_Holland	type	Person
Balthasar_Charles_Prince_of_Asturias	type	Person
Robert_I_Count_of_Dreux	type	Person
Dirk_I_Count_of_Holland	type	Person
Eleanor_of_Woodstock	type	Person
Brun_I_Count_of_Brunswick	type	Person
Adelaide_of_Italy	type	Person
Margaret_of_Bourbon_Queen_of_Navarre	type	Person
Gisela_of_France_Countess_of_Ponthieu	type	Person
Isabella_de_Beauchamp	type	Person
Princess_Magdalena_Augusta_of_Anhalt_Zerbst	type	Person
James_Stewart_the_Black_Knight_of_Lorn	type	Person
Beatrice_of_Bavaria	type	Person
Elizabeth_Mure	type	Person
Ferdinand_II_Archduke_of_Austria	type	Person
Guy_Count_of_Flanders	type	Person
Princess_Caroline_Elizabeth_of_Great_Britain	type	Person
Gertrude_of_Saxony	type	Person
John_I_Duke_of_Brittany	type	Person
Lothair_of_France	type	Person
Marie_of_France_Duchess_of_Bar	type	Person
Adelaide_of_Aquitaine	type	Person
Gerloc	type	Person
John_II_Duke_of_Bourbon	type	Person
Louis_V_Duke_of_Bavaria	type	Person
Beatrice_Countess_of_Arundel	type	Person
Countess_Palatine_Hedwig_Elisabeth_of_Neuburg	type	Person
Fran_ois_de_Lorraine	type	Person
Humphrey_de_Bohun_7th_Earl_of_Hereford	type	Person
Lanzelin_Count_of_Habsburg	type	Person
_thelstan_of_Kent	type	Person
Otto_I_Holy_Roman_Emperor	type	Person
Alice_of_Vergy	type	Person
Princess_Maria_Carolina_of_Bourbo_Two_Sicilies_1820_1861	type	Person
Albert_II_Duke_of_Austria	type	Person
Ferdinand_III_Grand_Duke_of_Tuscany	type	Person
Eleanor_of_Prussia	type	Person
Vsevolod_I_of_Kiev	type	Person
Margaret_Marchioness_of_Namur	type	Person
Charles_II_of_Naples	type	Person
Margaret_Countess_of_Anjou	type	Person
Thomas_Francis_Prince_of_Carignano	type	Person
Maria_Leopoldina_of_Austria	type	Person
Ramon_Berenguer_II_Count_of_Barcelona	type	Person
Begga	type	Person
Margaret_of_Nevers	type	Person
Wenceslaus_II_of_Bohemia	type	Person
Prince_Henry_Duke_of_Cumberland_and_Strathearn	type	Person
Philippe_Duke_of_Anjou	type	Person
Gisela_of_France	type	Person
Charles_VII_Holy_Roman_Emperor	type	Person
Charles_Felix_of_Sardinia	type	Person
Edmund_Tudor_Duke_of_Somerset	type	Person
Archduchess_Maria_Johanna_Gabriela_of_Austria	type	Person
Louis_VI_Landgrave_of_Hesse_Darmstadt	type	Person
Stephen_II_of_Auxonne	type	Person
Joanna_of_Castile	type	Person
Ernest_I_Duke_of_Brunswic_L_neburg	type	Person
Albert_Azzo_I_Margrave_of_Milan	type	Person
John_I_of_France	type	Person
Eilika_of_Schweinfurt	type	Person
George_II_of_Great_Britain	type	Person
Charles_Emmanuel_IV_of_Sardinia	type	Person
Marie_of_France_Countess_of_Champagne	type	Person
James_Stewart_1st_Earl_of_Moray	type	Person
Anund_Jacob	type	Person
Robert_Stewart_Duke_of_Albany	type	Person
Isabel_of_Coimbra	type	Person
Hemma	type	Person
Judith_of_Bavaria_died_843	type	Person
Louis_Prince_of_Cond__1530_1569	type	Person
Adelaide_Blanche_of_Anjou	type	Person
Fulk_II_Count_of_Anjou	type	Person
Eleanor_of_Portugal_Queen_of_Denmark	type	Person
Joan_of_Valois_Countess_of_Beaumont	type	Person
Enno_III_Count_of_East_Frisia	type	Person
Louis_Joseph_Dauphin_of_France	type	Person
William_IV	type	Person
Prince_Francis_Count_of_Trapani	type	Person
Henry_son_of_Edward_I	type	Person
Archduchess_Maria_Amalia_of_Austria_1780_1798	type	Person
Maria_Christina_Princess_of_Transylvania	type	Person
Frederick_II_Holy_Roman_Emperor	type	Person
Baldwin_II_Latin_Emperor	type	Person
John_IV_of_Portugal	type	Person
Louis_I_Grand_Duke_of_Hesse	type	Person
Cumans	type	Person
Infanta_Luisa_Fernanda_Duchess_of_Montpensier	type	Person
Princess_Mar_a_Cristina_of_Orl_ans	type	Person
Ferdinand_II_Holy_Roman_Emperor	type	Person
Eberhard_II_Count_of_W_rttemberg	type	Person
Ren_e_of_Bourbon	type	Person
Matilda_of_England_Duchess_of_Saxony	type	Person
Marie_Louise_Duchess_of_Parma	type	Person
Garsenda_Countess_of_Forcalquier	type	Person
Melisende_Queen_of_Jerusalem	type	Person
Charles_I_of_Anjou	type	Person
Archduke_Wenceslaus_of_Austria	type	Person
Beatrice_of_Navarre_Duchess_of_Burgundy	type	Person
Theresa_of_Portugal_Queen_of_Le_n	type	Person
Arthur_III_Duke_of_Brittany	type	Person
Sancho_IV_of_Castile	type	Person
Violant_of_Aragon	type	Person
Isabella_of_Angoul_me	type	Person
Conrad_I_of_Germany	type	Person
Margaret_of_Baux	type	Person
Claude_Duke_of_Guise	type	Person
Amadeus_IX_Duke_of_Savoy	type	Person
Sancha_of_Portugal_born_1264	type	Person
Ecgberht_King_of_Wessex	type	Person
Henry_II_Count_of_Louvain	type	Person
Caroline_Matilda_of_Great_Britain	type	Person
Elizabeth_Tudor_1492_1495	type	Person
Ealhmund_of_Kent	type	Person
Marie__milie_de_Joly_de_Choin	type	Person
Wilfred_the_Hairy	type	Person
Sunifred_Count_of_Barcelona	type	Person
John_I_Duke_of_Brabant	type	Person
Carlo_Buonaparte	type	Person
Yolande_of_Dreux_Queen_of_Scotland	type	Person
Princess_Maria_Antonia_of_the_Two_Sicilies	type	Person
Charles_of_Valois_Duke_of_Berry	type	Person
Henri_Jules_Prince_of_Cond_	type	Person
Catherine_of_Anhalt_Bernburg	type	Person
Archduchess_Maria_Josepha_of_Austria	type	Person
Philibert_II_Duke_of_Savoy	type	Person
Henry_II_of_Navarre	type	Person
Louis_Duke_of_Burgundy_1751_1761	type	Person
Sibylla_of_Burgundy_Duchess_of_Burgundy	type	Person
Egbert_archbishop_of_Trier	type	Person
Almodis_de_la_Marche	type	Person
William_I_of_Geneva	type	Person
Louise__lisabeth_d_Orl_ans	type	Person
Janus_of_Cyprus	type	Person
John_of_Bohemia	type	Person
Nicolaus_of_Luxemburg	type	Person
Blanche_of_Bourbon	type	Person
Henry_of_Bohemia	type	Person
_thelweard_son_of_Alfred	type	Person
George_Louis_I_Count_of_Erbach_Erbach	type	Person
Matilda_of_Flanders	type	Person
Nicolas_Henri_Duke_of_Orl_ans	type	Person
Helie_of_Burgundy	type	Person
Olof_Sk_tkonung	type	Person
Baldwin_IV_Count_of_Flanders	type	Person
Oleg_of_Novgorod	type	Person
Rurik	type	Person
Catherine_of_Cleves_1417_1479	type	Person
Lambert_II_Count_of_Louvain	type	Person
Maria_of_Austria_Holy_Roman_Empress	type	Person
Albert_VII_Archduke_of_Austria	type	Person
Giovanni_delle_Bande_Nere	type	Person
Gerberga_of_M_con	type	Person
Louis_II_of_Italy	type	Person
Princess_Caroline_Louise_of_Saxe_Weimar_Eisenach	type	Person
Boso_the_Elder	type	Person
Maria_Anna_of_Naples_and_Sicily	type	Person
Anna_de_Medici	type	Person
Beatrice_of_Savoy	type	Person
Margaret_of_Geneva	type	Person
Igor_Yaroslavich	type	Person
Theobald_II_of_Navarre	type	Person
Pedro_Fern_ndez_de_Castro	type	Person
Alice_of_Normandy	type	Person
Beatrice_of_Portugal	type	Person
Berthold_II_Count_of_Andechs	type	Person
Prince_Gennaro_of_Naples_and_Sicily	type	Person
Peter_of_Aragon_Count_of_Alburquerque	type	Person
Lothair_I	type	Person
Lucia_Migliaccio	type	Person
Louis_I_of_Spain	type	Person
Prince_Robert_Duke_of_Chartres	type	Person
Elizabeth_Stuart_daughter_of_Charles_I	type	Person
Thomas_Arundel	type	Person
Dobroniega_Ludgarda_of_Poland	type	Person
Infante_Carlos_of_Spain_1607_1632	type	Person
Maria_Elisabetta_Carlotta_of_Savoy	type	Person
Charles_III_Duke_of_Lorraine	type	Person
Aimery_I_Viscount_of_Ch_tellerault	type	Person
Richard_Duke_of_Burgundy	type	Person
Guisla_de_Llu__	type	Person
Constance_of_Portugal	type	Person
Louis_I_Duke_of_Bavaria	type	Person
Blanche_of_France_nun	type	Person
Theobald_II_Count_of_Champagne	type	Person
Dorothea_of_Lorraine	type	Person
Richard_Fitzalan_4th_Earl_of_Arundel	type	Person
Countess_Caroline_of_Nassau_Saarbr_cken	type	Person
Archduke_Alexander_Leopold_of_Austria	type	Person
Margaret_of_Saxony_Duchess_of_Brunswic_L_neburg	type	Person
Isabella_I_of_Castile	type	Person
Gian_Gastone_de_Medici_Grand_Duke_of_Tuscany	type	Person
Tello_Alfonso	type	Person
John_Hereditary_Prince_of_Saxony	type	Person
Sudislav	type	Person
Ermengarde_of_Tuscany	type	Person
Gertrude_of_Dagsburg	type	Person
Peter_of_Castile	type	Person
Annabella_of_Scotland	type	Person
Charles_II_Duke_of_Bourbon	type	Person
Joan_Lady_of_Wales	type	Person
Ermengarde_of_Anjou_Duchess_of_Burgundy	type	Person
Afonso_I_Duke_of_Braganza	type	Person
Archduke_Rainer_Joseph_of_Austria	type	Person
Louis_Jean_Marie_de_Bourbon_Duke_of_Penthi_vre	type	Person
Lu_s_of_Portugal_Duke_of_Beja	type	Person
Ferdinand_IV_of_Castile	type	Person
Isabella_of_France_Queen_of_Navarre	type	Person
Beatrice_of_Bourbon_Queen_of_Bohemia	type	Person
Frederick_III_Duke_of_Lorraine	type	Person
Charles_de_Valois_Duke_of_Angoul_me	type	Person
Eadburh_of_Winchester	type	Person
Charles_IV_Holy_Roman_Emperor	type	Person
Elizabeth_of_Rhuddlan	type	Person
Margaret_of_Savoy_Vicereine_of_Portugal	type	Person
Ermengarde_of_Auvergne	type	Person
Oberto_I	type	Person
Maria_Teresa_Rafaela_of_Spain	type	Person
Sviatoslav_II_of_Kiev	type	Person
Charles_V_Holy_Roman_Emperor	type	Person
Berengaria_of_Castile_Lady_of_Guadalajara	type	Person
Victoire_of_France_1733_1799	type	Person
Alfonsina_Orsini	type	Person
Margaret_II_Countess_of_Flanders	type	Person
Welf_father_of_Judith	type	Person
Duchess_Charlotte_Felicitas_of_Brunswic_L_neburg	type	Person
Prince_Bernhard_of_Saxe_Weimar_Eisenach_1792_1862	type	Person
Louis_C_sar_Count_of_Vexin	type	Person
John_II_of_Castile	type	Person
Isabella_of_Portugal_Queen_of_Castile	type	Person
Maria_Anna_Sophia_of_Saxony	type	Person
Alderano_I_Cybo_Malaspina	type	Person
John_II_of_Cyprus	type	Person
Eleanor_of_Scotland	type	Person
Adelaide_of_Burgundy_born_c._896	type	Person
Princess_Maria_Felicita_of_Savoy	type	Person
Philip_Count_of_Vertus	type	Person
Constance_of_Castile	type	Person
Princess_Amelia_of_the_United_Kingdom	type	Person
Francesco_Farnese_Duke_of_Parma	type	Person
Wenceslaus_III_of_Bohemia	type	Person
Charles_Martel_of_Anjou	type	Person
Guillaume_de_Montfort_of_Hainaut	type	Person
Eleanor_of_Brittany_abbess	type	Person
Adolf_Duke_of_Holstei_Gottorp	type	Person
Constant_d_Aubign_	type	Person
Joan_of_Navarre_Queen_of_England	type	Person
Guy_IV_Count_of_Saint_Pol	type	Person
John_of_Bar	type	Person
Alfonso_VIII_of_Castile	type	Person
Archduchess_Maria_Dorothea_of_Austria	type	Person
Jacques_de_Foix_Count_of_Montfort	type	Person
Adalbert_Duke_of_Lorraine	type	Person
Charlotte_Agla__d_Orl_ans	type	Person
Isabelle_de_Beauvau	type	Person
Ralph_IV_of_Valois	type	Person
Ren__Marquis_of_Elbeuf	type	Person
Hugh_II_Duke_of_Burgundy	type	Person
William_Longesp_e_3rd_Earl_of_Salisbury	type	Person
Peter_II_of_Courtenay	type	Person
Albert_III_Duke_of_Austria	type	Person
Eleonore_Magdalene_of_Neuburg	type	Person
Claudine_de_Brosse	type	Person
Borrell_II_Count_of_Barcelona	type	Person
Viridis_Visconti	type	Person
Irmgard_of_Chiemsee	type	Person
Blanche_of_France_Duchess_of_Orl_ans	type	Person
Blanche_of_Artois	type	Person
Margaret_of_Savoy_Countess_of_Saint_Pol	type	Person
Charles_V_Duke_of_Lorraine	type	Person
Alix_Duchess_of_Brittany	type	Person
Anne_Christine_of_Sulzbach_Princess_of_Piedmont	type	Person
Anna_of_Hungary_Byzantine_empress	type	Person
Oleg_of_Drelinia	type	Person
Iziaslav_I_of_Kiev	type	Person
Maria_of_Portugal_Duchess_of_Viseu	type	Person
Joan_of_France_1351_1371	type	Person
Joan_of_Geneva	type	Person
Princess_Cl_mentine_of_Orl_ans	type	Person
Bathilde_d_Orl_ans	type	Person
Agnes_of_Loon	type	Person
Berengar_II_of_Neustria	type	Person
Fulk_III_Count_of_Anjou	type	Person
Juana_Manuel	type	Person
Philip_II_Marquis_of_Namur	type	Person
Archduchess_Maria_Elisabeth_of_Austria_born_1737	type	Person
Charles_II_Duke_of_Lorraine	type	Person
Petronilla_of_Aragon	type	Person
Louise_of_Great_Britain	type	Person
Archduke_Maximilian_Francis_of_Austria	type	Person
Engeltrude_de_F_zensac	type	Person
Henry_of_France_Archbishop_of_Reims	type	Person
Barbara_Jagiellon	type	Person
Magdalena_of_Saxony	type	Person
Margaret_of_Joinville	type	Person
Frederick_I_Count_of_Vaud_mont	type	Person
Anastasia_of_Kiev	type	Person
Rupert_King_of_the_Romans	type	Person
Peter_II_of_Aragon	type	Person
Auda_of_France	type	Person
Maximiliana_Maria_of_Bavaria	type	Person
Sigismund_Holy_Roman_Emperor	type	Person
Piero_the_Unfortunate	type	Person
Clarice_Orsini	type	Person
John_Stewart_of_Darnley	type	Person
Bona_of_Savoy	type	Person
Anne_of_Austria_Landgravine_of_Thuringia	type	Person
Marie_Anne_de_Bourbon	type	Person
Adalbert_of_Italy	type	Person
Eleanor_de_Guzm_n	type	Person
Paul_Scarron	type	Person
Duchess_Helene_of_Mecklenburg_Schwerin	type	Person
Eleanor_of_Normandy	type	Person
Joanna_of_Hainaut	type	Person
Henry_Beaumont_3rd_Baron_Beaumont	type	Person
Ferdinand_Philippe_Duke_of_Orl_ans	type	Person
Philip_of_France_1116_1131	type	Person
Joanna_of_Austria_Princess_of_Portugal	type	Person
Margaret_of_Bohemia_Duchess_of_Bavaria	type	Person
Bouchard_IV_of_Avesnes	type	Person
Ermesinde_of_Carcassonne	type	Person
Floris_I_Count_of_Holland	type	Person
Matilda_of_Brabant_Countess_of_Artois	type	Person
Christian_III_Count_Palatine_of_Zweibr_cken	type	Person
Peter_II_Duke_of_Bourbon	type	Person
Francis_II_Duke_of_Brittany	type	Person
Richard_I_of_England	type	Person
Archduchess_Maria_Anna_of_Austria_governor	type	Person
George_Plantagenet_1st_Duke_of_Bedford	type	Person
Eleanor_of_Castile_died_1244	type	Person
Louis_Crato_Count_of_Nassau_Saarbr_cken	type	Person
Lorenzo_de_Medici	type	Person
Sophia_Jagiellon_Margravine_of_Brandenburg_Ansbach	type	Person
Philip_Prospero_Prince_of_Asturias	type	Person
Henry_Stuart_Lord_Darnley	type	Person
Charles_II_Duke_of_Savoy	type	Person
Philip_I_Count_of_Auvergne	type	Person
Joanna_of_Bourbon	type	Person
Louis_the_Younger	type	Person
Geoffrey_II_Count_of_G_tinais	type	Person
John_George_I_Elector_of_Saxony	type	Person
Henri_de_Dreux	type	Person
Barbara_of_Cilli	type	Person
Henry_VIII	type	Person
Joanna_of_Austria_Grand_Duchess_of_Tuscany	type	Person
Robert_II_Count_of_Artois	type	Person
Simon_Count_of_Ponthieu	type	Person
Theobald_the_Elder	type	Person
Louis_Philippe_I_Duke_of_Orl_ans	type	Person
Albert_II_Duke_of_Bavaria	type	Person
Louis_I_Cardinal_of_Guise	type	Person
Anne_Marie_Th_r_se_de_Lorraine	type	Person
Rudolf_II_Holy_Roman_Emperor	type	Person
Infante_Philip_Duke_of_Calabria	type	Person
John_Duke_of_Berry	type	Person
Maria_Antonia_Ferdinanda_of_Spain	type	Person
Henry_of_Castile_the_Senator	type	Person
Otto_V_Margrave_of_Brandenburg_Salzwedel	type	Person
Dedi_III_Margrave_of_Lusatia	type	Person
Christine_of_Hesse	type	Person
Hugh_de_Courtenay	type	Person
Victor_Emmanuel_I_of_Sardinia	type	Person
John_of_Gaunt	type	Person
Edward_of_Westminster_Prince_of_Wales	type	Person
Prince_Edward_Duke_of_Kent_and_Strathearn	type	Person
Fran_ois_d_Orl_ans_Prince_of_Joinville	type	Person
Marie_of_France_Duchess_of_Brabant	type	Person
Agnes_of_Rochlitz	type	Person
Louise_of_Lorraine	type	Person
Thankmar	type	Person
Adelaide_of_Paris	type	Person
Louise_Fran_oise_de_Bourbon_Duchess_of_Bourbon	type	Person
Francis_I_of_the_Two_Sicilies	type	Person
Sophia_Dorothea_of_Celle	type	Person
Louis_III_Elector_Palatine	type	Person
Agnes_of_Poland	type	Person
Lucienne_of_Rochefort	type	Person
George_Gordon_5th_Earl_of_Huntly	type	Person
John_Stewart_3rd_Lord_of_Aubigny	type	Person
Amadeus_VII_Count_of_Savoy	type	Person
Katherine_of_England	type	Person
Infante_Gabriel_of_Spain	type	Person
Constance_of_Burgundy	type	Person
Princess_Augusta_of_Great_Britain	type	Person
Otto_Duke_of_Austria	type	Person
Isabella_of_France_Dauphine_of_Viennois	type	Person
Princess_Catherine_Beatrice_of_Savoy	type	Person
Philip_William_Elector_Palatine	type	Person
Marie_Louise_d_Orl_ans	type	Person
Portrait_of_Bia_de_Medici	type	Person
Garzia_de_Medici	type	Person
Urraca_of_Le_n	type	Person
Polyxena_of_Hesse_Rotenburg	type	Person
Bonne_of_Berry	type	Person
Marie_of_Valois_Prioress_of_Poissy	type	Person
Beorhtric_of_Wessex	type	Person
Countess_Palatine_Caroline_of_Zweibr_cken	type	Person
Agatha_of_Lorraine	type	Person
Frederick_Hereditary_Prince_of_Saxony	type	Person
Maria_Amalia_Duchess_of_Parma	type	Person
Maria_Anna_of_Savoy_Duchess_of_Chablais	type	Person
Alonso_de_Arag_n	type	Person
Bernard_son_of_Charles_Martel	type	Person
Henry_II_of_Namur	type	Person
Maria_of_Portugal_Queen_of_Castile	type	Person
Rudolf_IV_Duke_of_Austria	type	Person
Guigues_VI_of_Viennois	type	Person
Stephen_III_of_Auxonne	type	Person
John_Tristan_Count_of_Valois	type	Person
Matilda_of_Carinthia	type	Person
Louise_de_Maisonblanche	type	Person
Andrew_Duke_of_Slavonia	type	Person
Louis_of_Anjou_Marquis_of_Pont___Mousson	type	Person
Alix_of_France	type	Person
Margaret_Stewart_born_c._1455	type	Person
Ernest_Frederick_I_Duke_of_Saxe_Hildburghausen	type	Person
Jacques_of_Savoy_Count_of_Romont	type	Person
Mary_Tudor_Queen_of_France	type	Person
Fran_oise_Madeleine_d_Orl_ans	type	Person
Odo_III_Duke_of_Burgundy	type	Person
Maria_Ludovika_of_Austria_Este	type	Person
Peter_I_Count_of_Alen_on	type	Person
Liutgard_of_Saxony_died_885	type	Person
Peter_I_Count_of_Urgell	type	Person
Anna_Sophia_of_Prussia	type	Person
Maria_Luisa_Gabriella_of_Savoy	type	Person
Eugene_Jean_Count_of_Soissons	type	Person
Adela_of_Champagne	type	Person
Sancha_heiress_of_Le_n	type	Person
James_of_Castile_Lord_of_Cameros	type	Person
Henry_son_of_Robert_I_of_Burgundy	type	Person
Isabella_II_of_Spain	type	Person
Ermengarde_Countess_of_Maine	type	Person
Constance_of_France_Princess_of_Antioch	type	Person
Sancha_Lady_of_Alenquer	type	Person
Clemens_Wenceslaus_of_Saxony	type	Person
Catherine_of_Lorraine_1573_1648	type	Person
Robert_III_Count_of_Dreux	type	Person
Edgar__theling	type	Person
Holy_Roman_Emperor	type	Person
Peter_I_Count_of_Saint_Pol	type	Person
Fulk_IV_Count_of_Anjou	type	Person
Geoffrey_III_Count_of_Anjou	type	Person
Sophia_of_Holstei_Gottorp	type	Person
Edward_IV_of_England	type	Person
Matilda_of_Savoy_Queen_of_Portugal	type	Person
Hugh_Count_of_Vermandois	type	Person
Blanca_of_Navarre_Queen_of_Castile	type	Person
John_Stewart_Earl_of_Mar_died_1503	type	Person
Anna_Gr_fin_D_nhoff	type	Person
Judith_of_Poland	type	Person
Philip_I_Count_of_Boulogne	type	Person
Teutberga	type	Person
Frederick_Louis_Hereditary_Grand_Duke_of_Mecklenburg_Schwerin	type	Person
Robert_II_Duke_of_Burgundy	type	Person
Amadeus_VIII_Duke_of_Savoy	type	Person
Louise_Ad_la_de_d_Orl_ans	type	Person
Elizabeth_of_Austria_1526_1545	type	Person
Bonne_of_Artois	type	Person
Frederick_IV_Duke_of_Brunswic_L_neburg	type	Person
Charles_Ren__de_Bombelles	type	Person
Bertha_Duchess_of_Lorraine	type	Person
Madame_de_Montesson	type	Person
Maria_de_Medici_1540_1557	type	Person
Remigius_of_Rouen	type	Person
Infanta_Maria_Josefa_of_Spain	type	Person
Sophia_of_Hanover	type	Person
Agust_n_Fernando_Mu_oz_y_S_nchez_1st_Duke_of_Ri_nsares	type	Person
James_I_Count_of_La_Marche	type	Person
John_V_Duke_of_Brittany	type	Person
Averardo_de_Medici	type	Person
Raymond_Berengar_of_Andria	type	Person
Alix_of_Brittany_Dame_de_Pontarcy	type	Person
Archduchess_Eleanor_of_Austria_1582_1620	type	Person
Jehan_de_Braine	type	Person
Matthias_Holy_Roman_Emperor	type	Person
Maria_Anna_of_Savoy	type	Person
Peter_II_Count_of_Saint_Pol	type	Person
John_FitzAlan_1st_Baron_Arundel	type	Person
Mieszko_III_the_Old	type	Person
Blanche_I_of_Navarre	type	Person
Eleanor_of_Portugal_Holy_Roman_Empress	type	Person
Beatrice_of_Avesnes	type	Person
Aelis	type	Person
Archduchess_Maria_Leopoldine_of_Austria_Este	type	Person
Leopold_III_Duke_of_Austria	type	Person
Prince_Vittorio_Amedeo_Teodoro_Duke_of_Aosta	type	Person
Hedwig_of_Formbach	type	Person
Anna_Jagiellon_Duchess_of_Pomerania	type	Person
Anne_of_Bohemia_1290_1313	type	Person
Fernando_Mar_a_Mu_oz_y_Borb_n_2nd_Duke_of_Taranc_n	type	Person
Letizia_Bonaparte	type	Person
Afonso_of_Portugal_Lord_of_Portalegre	type	Person
William_III_Duke_of_Aquitaine	type	Person
Charles_Ferdinand_Duke_of_Berry	type	Person
Theobald_III_Count_of_Blois	type	Person
Philippe_Charles_Duke_of_Anjou	type	Person
Guy_of_Ivrea	type	Person
Charles_the_Bold	type	Person
Catherine_I_Latin_Empress	type	Person
Louis_II_d_Orl_ans_Duke_of_Longueville	type	Person
Anne_Queen_of_Great_Britain	type	Person
Matthew_Count_of_Boulogne	type	Person
James_Stewart_Duke_of_Ross	type	Person
Peter_III_of_Aragon	type	Person
Cardinal_Infante_Afonso_of_Portugal	type	Person
Francis_Hyacinth_Duke_of_Savoy	type	Person
Berengar_I_of_Italy	type	Person
Henry_of_Bar	type	Person
Hedwig_of_Habsburg	type	Person
Engelbert_Duke_of_Carinthia	type	Person
1383_1385_Portuguese_interregnum	type	Person
Elizabeth_Woodville	type	Person
Archduchess_Maria_Theresa_of_Austria_Este_1817_1886	type	Person
Giuliano_de_Medici_Duke_of_Nemours	type	Person
Madeleine_of_Valois	type	Person
Francis_Duke_of_Guise	type	Person
Joan_of_France_Duchess_of_Bourbon	type	Person
Sigismund_I_the_Old	type	Person
Hieronymus_son_of_Charles_Martel	type	Person
Ealhswith	type	Person
Princess_Maria_Fortunata_d_Este	type	Person
Leopold_I_Duke_of_Austria	type	Person
Archduke_Maximilian_of_Austria_Este	type	Person
Agnes_of_France_Byzantine_Empress	type	Person
Johann_Wilhelm_Elector_Palatine	type	Person
Philippine__lisabeth_d_Orl_ans	type	Person
Elisabeth_of_Courtenay	type	Person
Anna_Sophia_II_Abbess_of_Quedlinburg	type	Person
Catherine_of_Lorraine_Margravine_of_Bade_Baden	type	Person
Archduke_Joseph_of_Austria_Palatine_of_Hungary	type	Person
Henry_Duke_of_Villena	type	Person
Elisabeth_of_Valois	type	Person
John_III_Count_of_Auvergne	type	Person
County_of_Trast_mara	type	Person
Sancho_Count_of_Provence	type	Person
John_of_Eltham_Earl_of_Cornwall	type	Person
Albert_Frederick_Duke_of_Prussia	type	Person
_lfweard_of_Wessex	type	Person
William_I_Count_of_Burgundy	type	Person
Maria_of_Portugal_nun	type	Person
Margaret_of_Flanders_Duchess_of_Brabant	type	Person
Denis_of_Portugal	type	Person
Magdalene_of_Brandenburg_1412_1454	type	Person
Charles_de_Lorraine_de_Vaud_mont	type	Person
Lionel_Woodville	type	Person
Princess_Margaret_Yolande_of_Savoy	type	Person
Dorothea_of_Brunswic_L_neburg	type	Person
Louis_of_Burgundy	type	Person
Duchess_Anna_of_Prussia	type	Person
Mary_Stewart_Countess_of_Arran	type	Person
Charles_Brandon_1st_Duke_of_Suffolk	type	Person
Dulce_of_Aragon	type	Person
Maria_of_Swabia	type	Person
Violant_of_Bar	type	Person
Joan_Holland_Duchess_of_Brittany	type	Person
Christina_of_Denmark	type	Person
Beatrice_of_Provence	type	Person
Baldwin_I_Margrave_of_Flanders	type	Person
Anne_of_Austria_Margravine_of_Brandenburg	type	Person
Richeza_of_Poland_Queen_of_Sweden	type	Person
Gertrude_of_Flanders_Countess_of_Savoy	type	Person
Robert_Stewart_1st_Earl_of_Orkney	type	Person
Frederick_Duke_of_Bavaria	type	Person
Marie_of_Brittany_Lady_of_La_Guerche	type	Person
Countess_of_Pembroke	type	Person
Augustus_the_Elder_Duke_of_Brunswic_L_neburg	type	Person
Joanna_Sophia_of_Bavaria	type	Person
Isabella_of_Castile_Queen_of_Aragon	type	Person
Agnes_of_the_Palatinate	type	Person
Maredudd_ap_Tudur	type	Person
Margaret_of_France_Duchess_of_Brabant	type	Person
Margaret_Countess_of_Vertus	type	Person
L_opold_Cl_ment_Hereditary_Prince_of_Lorraine	type	Person
Princess_Henriette_Adelaide_of_Savoy	type	Person
Berthold_I_of_Istria	type	Person
Beatrice_of_Castile_Marchioness_of_Montferrat	type	Person
Alexander_I_of_Scotland	type	Person
Louise_of_Orl_ans	type	Person
Emma_of_France	type	Person
Henry_Beaufort	type	Person
Princess_Matilde_d_Este	type	Person
Peter_of_Courtenay_Lord_of_Conches	type	Person
Leopold_Prince_of_Salerno	type	Person
Marie_of_Savoy_Countess_of_Saint_Pol	type	Person
Isabelle_of_France_saint	type	Person
Auguste_of_Bade_Baden	type	Person
Alexander_Stewart_Duke_of_Rothesay	type	Person
Odo_I_Count_of_Orl_ans	type	Person
Teresa_Fern_ndez_de_Traba	type	Person
Isabella_of_Savoy	type	Person
Louis_Count_of_Vermandois	type	Person
Gersende_of_Maine	type	Person
Richard_Fitzalan_3rd_Earl_of_Arundel	type	Person
Count_of_Boulogne	type	Person
Margaret_of_Austria_Duchess_of_Savoy	type	Person
Casimir_II_the_Just	type	Person
Elias_II_Count_of_Maine	type	Person
Maria_Teresa_of_Savoy_1803_1879	type	Person
Walter_archbishop_of_Sens	type	Person
Rotrude_of_Hesbaye	type	Person
Matilda_of_B_thune	type	Person
Philip_Count_of_Longueville	type	Person
Tribal_chief	type	Person
Louis_I_Duke_of_Bar	type	Person
Louise__lisabeth_of_France	type	Person
Alexandre_de_Beauharnais	type	Person
August_of_Saxe_Weissenfels_1650_1674	type	Person
Louis_Alexandre_Prince_of_Lamballe	type	Person
Ren_e_of_France	type	Person
Euphemia_de_Ross	type	Person
Ragenfrid	type	Person
Richilde_Countess_of_Hainaut	type	Person
Albert_II_Duke_of_Saxony	type	Person
Pauline_Bonaparte	type	Person
Anna_Porphyrogenita	type	Person
Desiderius	type	Person
George_Duke_of_Saxony	type	Person
Fernando_S_nchez_2nd_Count_of_Alburquerque	type	Person
Alexander_Sigismund_von_der_Pfalz_Neuburg	type	Person
Eleanor_of_Alburquerque	type	Person
Blanche_II_of_Navarre	type	Person
Princess_Isabella_of_Parma	type	Person
Gerard_Duke_of_Lorraine	type	Person
Bernard_of_Gothia	type	Person
Ladislaus_IV_of_Hungary	type	Person
Ferdinand_of_Bavaria_soldier	type	Person
Catherine_Henriette_de_Bourbon	type	Person
Giovanni_di_Bicci_de_Medici	type	Person
James_Duke_of_Rothesay_born_1540	type	Person
Emanuele_Filiberto_Duke_of_Aosta_1731_1735	type	Person
Louis_of_Valois	type	Person
Leuthard_I_of_Paris	type	Person
James_II_of_Majorca	type	Person
Frederick_of_Castile	type	Person
Albert_I_Duke_of_Bavaria	type	Person
Sophie_of_France_1776_1783	type	Person
Johann_Adolf_of_Saxe_Gotha_Altenburg	type	Person
Archduchess_Maria_Anna_of_Austria_born_1738	type	Person
Adam_Gordon_of_Auchindoun	type	Person
Albert_IV_Count_of_Habsburg	type	Person
Bernab__Visconti	type	Person
Edward_Woodville_Lord_Scales	type	Person
Jean_de_Montagu	type	Person
Hugh_of_Tours	type	Person
House_of_Wittelsbach	type	Person
Muzio_Attendolo_Sforza	type	Person
Adolph_of_Cleves_Lord_of_Ravenstein	type	Person
John_I_Count_of_Aumale	type	Person
Frederick_Christian_Elector_of_Saxony	type	Person
Maria_Vittoria_of_Savoy	type	Person
Alexander_Jagiellon	type	Person
Alexander_Stewart_of_Darnley_died_1404	type	Person
Charles_Count_of_Maine	type	Person
Ebalus_Duke_of_Aquitaine	type	Person
Otto_I_Count_Palatine_of_Mosbach	type	Person
Isabella_of_Scotland_Duchess_of_Brittany	type	Person
Urraca_of_Castile_Queen_of_Navarre	type	Person
Estrid_of_the_Obotrites	type	Person
Isabella_Clara_Eugenia	type	Person
French_Revolution_of_1848	type	Person
Constance_of_Aragon	type	Person
Charles_IV_of_Spain	type	Person
Charlotte_of_France	type	Person
Agnes_of_Hesse	type	Person
Otto_II_Count_of_Chiny	type	Person
Maria_Christina_of_the_Two_Sicilies	type	Person
Marie_Louise_of_France_1728_1733	type	Person
Thomas_Count_of_Savoy	type	Person
Edith_of_Polesworth	type	Person
Catherine_of_Mayenne	type	Person
Louis_Alexandre_Count_of_Toulouse	type	Person
Archbishop_of_Cologne	type	Person
Ermengarde_of_Anjou_d._1146	type	Person
Geoffrey_IV_Count_of_Anjou	type	Person
Anna_Canalis_di_Cumiana	type	Person
Isabella_of_Portugal_Duchess_of_Burgundy	type	Person
Archduke_John_of_Austria	type	Person
Burkhard_V_Count_of_Hohenberg	type	Person
Albrecht_of_Saxe_Weissenfels	type	Person
Catherine_of_Lancaster	type	Person
Beatrice_of_Burgundy_Lady_of_Bourbon	type	Person
Caterina_Sforza	type	Person
Philip_of_Castile_Lord_of_Cabrera_and_Ribera	type	Person
Isabella_of_Bourbon	type	Person
Sverker_I_of_Sweden	type	Person
Beatrice_of_Castile_1242_1303	type	Person
Princess_Maria_Amalia_of_the_Two_Sicilies_1818_1857	type	Person
Princess_H_l_ne_of_Orl_ans	type	Person
Leonor_de_Alvim	type	Person
Charles_de_Morny_Duke_of_Morny	type	Person
William_IV_Landgrave_of_Hesse_Kassel	type	Person
Edmund_Crouchback	type	Person
Anne_Henriette_of_Bavaria	type	Person
Archduchess_Maria_Carolina_of_Austria_born_1740	type	Person
Baldred_of_Kent	type	Person
Yolande_of_Valois	type	Person
Golden_Ambrosian_Republic	type	Person
Edmund_I	type	Person
Adolphus_Frederick_III_Duke_of_Mecklenburg_Strelitz	type	Person
Hermes_Maria_Sforza	type	Person
Adam_FitzRoy	type	Person
Archduke_Maximilian_Ernest_of_Austria	type	Person
Anne_of_Burgundy	type	Person
Magnus_the_Strong	type	Person
Bonne_of_Bourbon	type	Person
Mar_a_de_Salinas	type	Person
Philip_I_Duke_of_Burgundy	type	Person
William_II_Count_of_Hainaut	type	Person
Robert_I_Latin_Emperor	type	Person
Vladimir_of_Novgorod	type	Person
Hamelin_de_Warenne_Earl_of_Surrey	type	Person
James_Gordon_Jesuit	type	Person
Ogive_of_Luxembourg	type	Person
John_of_Burgundy_1231_68	type	Person
Isambart	type	Person
Richard_of_Cornwall	type	Person
Ferdinand_I_of_Austria	type	Person
Augustus_Duke_of_Saxe_Weissenfels	type	Person
Tudur_ap_Goronwy	type	Person
Philip_William_August_Count_Palatine_of_Neuburg	type	Person
Mariana_of_Austria	type	Person
Louis_Count_of_Vaud_mont	type	Person
Philip_I_Prince_of_Taranto	type	Person
Catherine_of_Aragon	type	Person
Ermentrude_daughter_of_Louis_the_Stammerer	type	Person
Alexander_Stewart_Earl_of_Buchan	type	Person
Hedwig_of_Bavaria	type	Person
Joseph_Bonaparte	type	Person
Mary_Princess_Royal_and_Princess_of_Orange	type	Person
Archduchess_Clementina_of_Austria	type	Person
Letgarda_de_Rouergue	type	Person
Margaret_of_Valois_Countess_of_Blois	type	Person
Archbishop_of_Canterbury	type	Person
Adolph_I_Duke_of_Cleves	type	Person
Maria_Salviati	type	Person
Louise__lisabeth_Duchess_of_Berry	type	Person
Henry_I_Duke_of_Burgundy	type	Person
Maria_Cristina_of_Naples_and_Sicily	type	Person
Childebrand_I	type	Person
William_Duke_of_Austria	type	Person
Fran_oise_d_Alen_on	type	Person
Joanna_of_Aragon_Queen_of_Naples	type	Person
Philip_of_France_Archdeacon_of_Paris	type	Person
William_II_Duke_of_Bavaria	type	Person
Catherine_of_York	type	Person
Archduke_Louis_of_Austria	type	Person
Sophia_Charlotte_of_Hanover	type	Person
Ferdinand_Count_of_Flanders	type	Person
John_Henry_Margrave_of_Moravia	type	Person
Henry_II_Duke_of_Austria	type	Person
Fulk_I_Count_of_Anjou	type	Person
Catherine_of_France_Countess_of_Charolais	type	Person
Odo_Count_of_Nevers	type	Person
Kunigunde_of_Altdorf	type	Person
Mastino_II_della_Scala	type	Person
Elisa_Bonaparte	type	Person
Christine_of_France	type	Person
Henry_IV_of_Castile	type	Person
Kingdom_of_Navarre	type	Person
Prince_Alberto_of_Naples_and_Sicily	type	Person
Elizabeth_of_Hungary_Queen_of_Serbia	type	Person
Eleanor_of_Castile_1307_1359	type	Person
Louis_II_of_Hungary	type	Person
Ferdinand_Prince_of_Asturias	type	Person
Charibert_of_Laon	type	Person
Bivin_of_Gorze	type	Person
Peter_II_Count_of_La_Marche	type	Person
Duchess_Christiane_of_Mecklenburg	type	Person
Theresa_of_Portugal_Countess_of_Flanders	type	Person
Carloman_son_of_Charles_the_Bald	type	Person
Ludovico_Sforza	type	Person
Rothilde	type	Person
Margaret_of_Valois	type	Person
Catherine_of_France_Countess_of_Montpensier	type	Person
Fernando_Lord_of_Serpa	type	Person
Jean_Marie_Duke_of_Ch_teauvillain	type	Person
Philippe_Charles_Duke_of_Valois	type	Person
John_of_Brittany_Earl_of_Richmond	type	Person
Ferdinand_I_of_Portugal	type	Person
Louis_of_France_1244_1260	type	Person
Sibylla_of_Burgundy	type	Person
Otto_V_Duke_of_Brunswic_L_neburg	type	Person
Albert_the_Bear	type	Person
Maria_Elisabeth_of_Saxony_1736_1818	type	Person
Liudolf_Duke_of_Saxony	type	Person
Joan_of_Acre	type	Person
Sunyer_Count_of_Barcelona	type	Person
John_Duke_of_Brunswic_L_neburg	type	Person
Hedwig_of_France_Countess_of_Nevers	type	Person
Robert_King_of_Naples	type	Person
Charles_Prince_of_Viana	type	Person
Margaret_of_France_Queen_of_England	type	Person
Adela_of_France	type	Person
Otto_Duke_of_Burgundy	type	Person
Thomas_Grey_1st_Marquess_of_Dorset	type	Person
Princess_Maria_Vittoria_Margherita_of_Savoy	type	Person
Joan_of_Valois_Queen_of_Navarre	type	Person
Anne_of_Austria_Queen_of_Poland	type	Person
Henry_II_Duke_of_Lorraine	type	Person
Isabella_of_Aragon_Queen_of_Portugal	type	Person
Jo_o_Duke_of_Viseu	type	Person
Blanche_of_Lancaster	type	Person
Polissena_Ruffo	type	Person
Martim_Afonso_Chichorro	type	Person
Christian_Duke_of_Brunswic_L_neburg	type	Person
Ferdinand_of_Castile_died_1211	type	Person
Marozia	type	Person
Duchess_Gustave_Caroline_of_Mecklenburg_Strelitz	type	Person
Theudoald	type	Person
Guy_III_of_Spoleto	type	Person
Robert_I_Count_of_Artois	type	Person
Margaret_Stewart_Lady_Gordon	type	Person
Alexander_Stewart_4th_High_Steward_of_Scotland	type	Person
Bartholomew_de_L_Isle_Bouchard	type	Person
Yolande_of_Brittany	type	Person
Herbert_II_Count_of_Vermandois	type	Person
Cecily_of_York	type	Person
Ernest_of_Bavaria	type	Person
Ethelinde_of_Northeim	type	Person
Princess_Amelia_of_Great_Britain	type	Person
Cipriano_de_Palafox_8th_Count_of_Montijo	type	Person
Theobald_of_Arles	type	Person
Anne_of_Orl_ans_Abbess_of_Fontevraud	type	Person
Maud_of_Normandy	type	Person
Frederick_the_Fair	type	Person
Archduke_Ferdinand_Karl_Viktor_of_Austria_Este	type	Person
Gisela_of_Burgundy	type	Person
Francis_V_Duke_of_Modena	type	Person
Prince_Louis_Count_of_Aquila	type	Person
Am_lie_of_Orl_ans	type	Person
_thelswith	type	Person
_thelgifu_Abbess_of_Shaftesbury	type	Person
Marie_of__vreux	type	Person
Philip_II_Landgrave_of_Hesse_Rheinfels	type	Person
Werner_I_Count_of_Klettgau	type	Person
Mafalda_of_Portugal	type	Person
Thomas_of_Brotherton_1st_Earl_of_Norfolk	type	Person
Blanche_of_Navarre_Duchess_of_Brittany	type	Person
Manuel_of_Castile	type	Person
Plectrude	type	Person
Fran_ois_III_d_Orl_ans_Duke_of_Longueville	type	Person
Joanna_of_Bavaria	type	Person
Bertha_of_Swabia	type	Person
Blanche_of_France_Infanta_of_Castile	type	Person
Eleanor_Clifford_Countess_of_Cumberland	type	Person
Canute_V_of_Denmark	type	Person
Blanche_of_Portugal_1259_1321	type	Person
Saint_Casimir	type	Person
Louis_II_Duke_of_Bourbon	type	Person
Vittorio_Francesco_Marquis_of_Susa	type	Person
Margaret_III_Countess_of_Flanders	type	Person
Hedwig_of_France_Countess_of_Mons	type	Person
Charles_Orlando_Dauphin_of_France	type	Person
Princess_Amalie_of_Hesse_Darmstadt	type	Person
Stephanie_Alfonso_of_Castile	type	Person
Pierre_de_Foix_le_jeune	type	Person
Napol_on_Prince_Imperial	type	Person
Rainier_Marquis_of_Montferrat	type	Person
Mar_a_Cristina_Mu_oz_y_Borb_n_Marquise_of_la_Isabela	type	Person
Eadred	type	Person
Charles_II_Grand_Duke_of_Mecklenburg_Strelitz	type	Person
Marie_of_Bade_Sponheim	type	Person
Margaret_ferch_Dafydd	type	Person
Sancho_of_Castile_bishop	type	Person
Prince_Edward_Duke_of_York_and_Albany	type	Person
_lisabeth_of_France	type	Person
Philip_Duke_of_Orl_ans	type	Person
Archduchess_Marie_Caroline_of_Austria	type	Person
Charles_III_Philip_Elector_Palatine	type	Person
Sophia_Eleonore_of_Hesse_Darmstadt	type	Person
Margaret_I_Countess_of_Burgundy	type	Person
Ferdinand_Duke_of_Parma	type	Person
Alfonso_de_Arag_n_y_Escobar	type	Person
Princess_Augusta_Sophia_of_the_United_Kingdom	type	Person
Mercedes_of_Orl_ans	type	Person
Anne_Princess_Royal_and_Princess_of_Orange	type	Person
Anne_of_Bohemia_Duchess_of_Austria	type	Person
Gerard_de_Bouzonville	type	Person
John_of_Lancaster_1st_Duke_of_Bedford	type	Person
Margaret_of_Brunswic_L_neburg	type	Person
Prince_Frederick_Duke_of_York_and_Albany	type	Person
Maud_Chaworth	type	Person
Otto_II_Count_of_Habsburg	type	Person
Joan_of_England_Queen_of_Sicily	type	Person
Prince_Antonio_Count_of_Lecce	type	Person
Otto_IV_Holy_Roman_Emperor	type	Person
Ranulf_II_of_Aquitaine	type	Person
Louise_Diane_Princess_of_Conti	type	Person
Duarte_Duke_of_Guimar_es_1515_1540	type	Person
Margaret_Theresa_of_Spain	type	Person
Archduke_Ferdinand_Karl_Joseph_of_Austria_Este	type	Person
Frances_Grey_Duchess_of_Suffolk	type	Person
Prince_George_William_of_Great_Britain	type	Person
Maximilian_III_Archduke_of_Austria	type	Person
Peter_I_of_Courtenay	type	Person
Prince_Charles_Alexander_of_Lorraine	type	Person
Karl_August_Grand_Duke_of_Saxe_Weimar_Eisenach	type	Person
Robert_VII_Lord_of_B_thune	type	Person
Princess_Marie_of_Orl_ans_1813_1839	type	Person
Philip_de_Medici	type	Person
John_Stewart_Earl_of_Mar_died_1479	type	Person
Mary_of_Waltham	type	Person
Godfrey_I_Count_of_Verdun	type	Person
Geoffrey_archbishop_of_York	type	Person
_thelberht_King_of_Wessex	type	Person
John_III_of_Portugal	type	Person
Archduchess_Maria_Anna_of_Austria_born_1770	type	Person
Henry_V_Count_Palatine_of_the_Rhine	type	Person
Catherine_of_Austria_Queen_of_Portugal	type	Person
Charles_Cardinal_of_Lorraine	type	Person
Charles_II_Count_of_Alen_on	type	Person
Afonso_Prince_of_Portugal	type	Person
Irene_Angelina	type	Person
Louis_Marie_Duke_of_Rambouillet	type	Person
Mstislav_of_Chernigov	type	Person
Prince_Giuseppe_Count_of_Asti	type	Person
Adelaide_Countess_of_Burgundy	type	Person
Ginevra_Cavalcanti	type	Person
Charles_de_Bourbon_cardinal	type	Person
Hiltrud	type	Person
Agnes_of_Navarre	type	Person
Catherine_of_Austria_Duchess_of_Calabria	type	Person
Gilbert_Duke_of_Lorraine	type	Person
Louis_Henri_de_Pardaillan_de_Gondrin	type	Person
Philippa_of_Dreux	type	Person
Oberto_II_Margrave_of_Milan	type	Person
David_II_of_Scotland	type	Person
Henri_de_Lorraine_Chaligny	type	Person
William_Albert_1st_Prince_of_Montenuovo	type	Person
Gisela_Abbess_of_Chelles	type	Person
Philip_of_Castile	type	Person
Eleanor_of_Anjou	type	Person
David_Stewart_Duke_of_Rothesay	type	Person
Clementia_of_Burgundy	type	Person
Ferdinand_VII_of_Spain	type	Person
Carlos_Prince_of_Asturias	type	Person
Ingeborg_of_Kiev	type	Person
Vincent_de_Bourbon_Count_of_Guingamp	type	Person
Natalia_Alexeievna_Wilhelmina_Louisa_of_Hesse_Darmstadt	type	Person
Bernard_son_of_Charles_the_Fat	type	Person
Princess_Maria_Luisa_of_Savoy_1729_1767	type	Person
Henry_the_Young_King	type	Person
Eadgyth	type	Person
Amadeus_III_Count_of_Savoy	type	Person
Charlotte_Princess_Royal	type	Person
Archduchess_Gregoria_Maximiliana_of_Austria	type	Person
Lothair_the_Lame	type	Person
Frederick_of_Naples	type	Person
Sophie_of_Brunswic_L_neburg	type	Person
Fernando_de_la_Cerda_1255_1275	type	Person
Volodar_Glebovich_Prince_of_Minsk	type	Person
Archduke_Ernest_of_Austria	type	Person
Prince_Leopold_Count_of_Syracuse	type	Person
Vyacheslav_Yaroslavich	type	Person
Peter_Duke_of_Coimbra	type	Person
Mar_a_Amparo_Mu_oz_y_Borb_n_1st_Countess_of_Vista_Alegre	type	Person
Ingeborg_of_Denmark_Queen_of_France	type	Person
_thelhelm	type	Person
John_I_Duke_of_Cleves	type	Person
Walter_Stewart_Lord_of_Fife	type	Person
Sancha_of_Castile_Queen_of_Navarre	type	Person
Edward_V_of_England	type	Person
Eric_of_Lorraine	type	Person
Eleanor_of_Portugal_Queen_of_Aragon	type	Person
Thomas_Beaufort_Duke_of_Exeter	type	Person
Amalric_of_Jerusalem	type	Person
Prince_Benedetto_Duke_of_Chablais	type	Person
Rudolf_I_of_Bohemia	type	Person
Agnes_of_Cleves	type	Person
Archduke_Anton_Victor_of_Austria	type	Person
Peter_II_Count_of_Savoy	type	Person
Ferdinando_I_de_Medici_Grand_Duke_of_Tuscany	type	Person
James_II_of_England	type	Person
Adolphus_Frederick_IV_Duke_of_Mecklenburg_Strelitz	type	Person
Marie_of_Prussia_Margravine_of_Brandenburg_Bayreuth	type	Person
David_Stewart_Earl_of_Strathearn	type	Person
Archduchess_Maria_Carolina_of_Austria_stillborn_1748	type	Person
Anna_of_Nassau_Dillenburg	type	Person
Ren__of_Savoy	type	Person
Prince_William_Duke_of_Cumberland	type	Person
Anthony_Woodville_2nd_Earl_Rivers	type	Person
Geoffrey_Count_of_Nantes	type	Person
Catherine_of_Hungary_Queen_of_Serbia	type	Person
Beatrice_of_Savoy_Lady_of_Villena	type	Person
Adele_of_Valois	type	Person
Blanche_of_Anjou	type	Person
Prince_Adolphus_Duke_of_Cambridge	type	Person
Sophie_of_France_1786_1787	type	Person
Hucbert	type	Person
Archduchess_Helena_of_Austria_1543_1574	type	Person
Joan_of_Valois_Duchess_of_Alen_on	type	Person
Maria_of_Aragon_Queen_of_Castile	type	Person
John_Gordon_Lord_Gordon	type	Person
Urraca_Afonso	type	Person
David_I_of_Scotland	type	Person
Mary_of_Hungary_governor_of_the_Netherlands	type	Person
Prince_Maurice_of_Savoy	type	Person
Princess_Mary_of_Great_Britain	type	Person
Schweinfurt	type	Person
Joan_of_England_Queen_of_Scotland	type	Person
Ferdinand_of_Le_n_died_1214	type	Person
Prince_William_Henry_Duke_of_Gloucester_and_Edinburgh	type	Person
Edmund_of_Scotland	type	Person
Antonio_Farnese_Duke_of_Parma	type	Person
Pepin_of_Italy	type	Person
Amaury_II_de_Montfort	type	Person
Joanna_of_Flanders	type	Person
Emma_of_Anjou	type	Person
Isabella_of_England	type	Person
Eleanor_of_Aragon_Countess_of_Toulouse	type	Person
Prince_Giuseppe_of_Naples_and_Sicily	type	Person
Ethelred_of_Scotland	type	Person
Jean_de_Dunois	type	Person
Alessandro_de_Medici_Duke_of_Florence	type	Person
Diego_Prince_of_Asturias	type	Person
Bernard_II_Duke_of_Saxony	type	Person
Fadrique_Alfonso	type	Person
Anna_of_Glogau	type	Person
Maria_Anna_of_Spain	type	Person
Arnulf_archbishop_of_Reims	type	Person
Joanna_II_of_Naples	type	Person
Louis_Duke_of_Guyenne	type	Person
Marie_Th_r_se_of_France_1667_1672	type	Person
Anne_Stuart_born_1637	type	Person
Antonia_of_Lorraine	type	Person
Francis_of_Baux	type	Person
Louis_Auguste_Duke_of_Maine	type	Person
Berengaria_of_Portugal	type	Person
Emma_of_Paris_Duchess_of_Normandy	type	Person
Louise_Marie_d_Orl_ans	type	Person
Isabella_de_Medici	type	Person
Constance_of_France_Countess_of_Toulouse	type	Person
Louis_of_France_1264_1276	type	Person
Princess_Caroline_of_Hesse_Darmstadt	type	Person
Lucien_Bonaparte	type	Person
Peter_of_Castile_Lord_of_Ledesma	type	Person
John_Fitzgeoffrey	type	Person
Violant_of_Castile	type	Person
Henri_d_Orl_ans_Duke_of_Aumale	type	Person
Princess_Louisa_of_Great_Britain	type	Person
Gertrude_of_Bavaria	type	Person
Henriette_of_France_1727_1752	type	Person
Margaret_of_Burgundy_Countess_of_Savoy	type	Person
Constance_of_Aragon_Lady_of_Villena	type	Person
Louis_of_Toulouse	type	Person
Princess_Maria_Christina_of_Saxony_1735_1782	type	Person
Gerolf_of_Holland	type	Person
Charles_II_of_England	type	Person
Duke_Ernest_Gottlob_of_Mecklenburg	type	Person
Juan_de_Arag_n	type	Person
Peter_of_Castile_Lord_of_Cameros	type	Person
Constance_of_Austria	type	Person
Caroline_Bonaparte	type	Person
Adelais_of_Amboise	type	Person
Thomas_2nd_Earl_of_Lancaster	type	Person
Victor_Amadeus_Prince_of_Piedmont	type	Person
Ad_la_de_d_Orl_ans	type	Person
Edgar_King_of_Scotland	type	Person
Maximilian_William_of_Brunswic_L_neburg	type	Person
Infanta_Branca_Lady_of_Guadalajara	type	Person
Ferdinand_II_of_the_Two_Sicilies	type	Person
Francis_Count_of_Enghien	type	Person
Florine_of_Burgundy	type	Person
Beatrice_of_Hungary_Dauphine_of_Viennois	type	Person
Princess_Luisa_Cristina_of_Savoy	type	Person
Anna_of_Hesse	type	Person
Margaret_of_Cleves_Duchess_of_Bavaria_Munich	type	Person
William_I_Duke_of_Bavaria	type	Person
Geoffrey_II_Duke_of_Brittany	type	Person
Marged_ferch_Tomos	type	Person
Robert_II_Count_of_Hesbaye	type	Person
Henry_King_of_Portugal	type	Person
William_Willoughby_11th_Baron_Willoughby_de_Eresby	type	Person
Anne_of_York_daughter_of_Edward_IV	type	Person
Matilda_of_Saxony_1172_1209_10	type	Person
Giovanni_il_Popolano	father	Godfrey_I_Count_of_Louvain
Pierfrancesco_the_Elder	father	Edward_II_of_England
_thelwulf_King_of_Wessex	father	John_I_of_Aragon
Robert_II_of_Scotland	father	Philip_III_of_Spain
Walter_Stewart_6th_High_Steward_of_Scotland	father	Rudolf_I_of_Germany
Luitgarde_of_Vermandois	father	Welf_father_of_Judith
Theobald_I_Count_of_Blois	father	Charles_V_Duke_of_Lorraine
Leopold_Duke_of_Lorraine	father	Gaston_IV_Count_of_Foix
Afonso_II_of_Portugal	father	William_VIII_Duke_of_Aquitaine
Amicie_de_Courtenay	father	Louis_Dauphin_of_France_son_of_Louis_XIV
Charles_Emmanuel_III_of_Sardinia	father	Henry_the_Lion
Philip_IV_of_Spain	father	Boso_II_of_Italy
Margaret_of_Austria_Queen_of_Spain	father	Robert_of_Courtenay_Lord_of_Champignelles
Isabella_of_Valois_Duchess_of_Bourbon	father	Philip_V_of_Spain
Anne_of_Austria	father	Arthur_II_Duke_of_Brittany
Henry_II_of_Castile	father	Louis_I_Duke_of_Bourbon
Stephen_III_Duke_of_Bavaria	father	Louis_Philippe_II_Duke_of_Orl_ans
Albert_I_of_Germany	father	Albert_II_Duke_of_Austria
Igor_of_Kiev	father	John_III_Count_of_Auvergne
Wilhelmine_Amalie_of_Brunswick	father	Berthold_I_of_Istria
Philippe_II_Duke_of_Orl_ans	father	Peter_of_Courtenay_Lord_of_Conches
Empress_Matilda	father	Conrad_I_of_Burgundy
John_II_Count_of_Holland	father	Henry_VII_Holy_Roman_Emperor
Maria_Beatrice_d_Este_Duchess_of_Massa	father	George_Duke_of_Brunswic_Calenberg
Francis_IV_Duke_of_Modena	father	Fulk_I_Count_of_Anjou
Rudolph_of_France	father	Isambart
Ren__II_Duke_of_Lorraine	father	Burkhard_V_Count_of_Hohenberg
Magnus_I_Duke_of_Brunswic_L_neburg	father	Giuseppe_Maria_Buonaparte
Gerberga_of_Saxony	father	Vladislaus_II_of_Hungary
Henry_X_Duke_of_Bavaria	father	Francis_I_Holy_Roman_Emperor
Isabella_Duchess_of_Lorraine	father	Philip_William_Elector_Palatine
Louis_Duke_of_Burgundy	father	James_I_of_Scotland
Louis_II_Duke_of_Bavaria	father	Antoine_Duke_of_Montpensier
Alice_Holland_Countess_of_Kent	father	Leopold_II_Holy_Roman_Emperor
Eleanor_of_Lancaster	father	Maximilian_I_Holy_Roman_Emperor
Blanche_of_Brittany	father	Guy_Count_of_Flanders
Berenguer_Ramon_I_Count_of_Barcelona	father	Louis_XIII
Margaret_Stewart_Dauphine_of_France	father	Ramon_Berenguer_II_Count_of_Barcelona
Francis_I_Holy_Roman_Emperor	father	Theobald_II_Duke_of_Lorraine
Edward_I_of_England	father	Augustus_III_of_Poland
Leopold_II_Holy_Roman_Emperor	father	Robert_III_of_Worms
Marie_Ad_la_de_of_Savoy	father	Louis_the_Stammerer
Odo_of_France	father	William_of_Winchester_Lord_of_Lunenburg
Henry_I_Count_of_Champagne	father	Geoffrey_II_Count_of_G_tinais
Louis_Philippe_I	father	Conrad_II_Duke_of_Transjurane_Burgundy
Henry_I_of_France	father	Henry_II_of_France
Beatriz_Pereira_de_Alvim	father	Robert_II_of_France
Anne_Marie_d_Orl_ans	father	Robert_the_Strong
Lorenzo_de_Medici_Duke_of_Urbino	father	Welf_father_of_Judith
Blanche_of_Navarre_Queen_of_France	father	Philippe_II_Duke_of_Orl_ans
Philip_III_of_Navarre	father	Hermann_Billung
Reginar_III_Count_of_Hainaut	father	Robert_II_Count_of_Hesbaye
Sancho_I_of_Portugal	father	Hugh_of_Tours
Afonso_I_of_Portugal	father	John_VI_of_Vend_me
Maria_Josepha_of_Austria	father	James_II_of_Scotland
Ramon_Berenguer_IV_Count_of_Barcelona	father	Rudolf_II_Count_of_Habsburg
Ramon_Berenguer_III_Count_of_Barcelona	father	Patrick_Hepburn_3rd_Earl_of_Bothwell
Afonso_V_of_Portugal	father	Sancho_IV_of_Castile
Edward_King_of_Portugal	father	Richard_Duke_of_Burgundy
Francis_II_Holy_Roman_Emperor	father	Francis_Count_of_Vend_me
Louise_of_Savoy	father	Alfonso_II_of_Aragon
Philip_II_Duke_of_Savoy	father	Francis_of_Baux
John_II_of_France	father	Rudolph_II_of_Burgundy
Joan_the_Lame	father	Magnus_I_Duke_of_Brunswic_L_neburg
Baldwin_IV_Count_of_Hainaut	father	Alfonso_VII_of_Le_n_and_Castile
Louis_Dauphin_of_France_son_of_Louis_XIV	father	Edward_the_Elder
Louis_XIV	father	Muzio_Attendolo_Sforza
Princess_Marie_Isabelle_of_Orl_ans	father	James_I_of_Aragon
John_Stewart_1st_Earl_of_Lennox	father	Ferdinand_I_Holy_Roman_Emperor
Alan_Stewart_of_Darnley	father	Nicolas_Duke_of_Merc_ur
Adelaide_of_Tours	father	Aimery_I_Viscount_of_Ch_tellerault
Robert_the_Strong	father	William_I_Count_of_Burgundy
Magdalene_Sibylle_of_Prussia	father	Charles_Prince_of_Anhalt_Zerbst
Yaroslav_the_Wise	father	Sviatoslav_I
Victor_Amadeus_II_of_Sardinia	father	William_V_Duke_of_Aquitaine
Ferdinand_I_of_the_Two_Sicilies	father	Charles_V_Holy_Roman_Emperor
Odo_II_Duke_of_Burgundy	father	Baldwin_II_Count_of_Hainaut
Alfonso_II_of_Aragon	father	John_I_Count_of_La_Marche
Charles_Martel	father	Ramon_Berenguer_III_Count_of_Barcelona
Marie_Countess_of_Ponthieu	father	Louis_XIV
Louis_I_Duke_of_Orl_ans	father	Adolf_Duke_of_Holstei_Gottorp
Charles_V_of_France	father	Adalbert_I_of_Ivrea
William_X_Duke_of_Aquitaine	father	William_III_Duke_of_Aquitaine
John_VIII_Count_of_Vend_me	father	Hugh_II_Duke_of_Burgundy
Eleanor_of_Provence	father	Gaston_IV_Count_of_Foix
Charles_Emmanuel_II_Duke_of_Savoy	father	Robert_I_Count_of_Dreux
Joan_II_Countess_of_Burgundy	father	Afonso_I_of_Portugal
John_II_of_Aragon	father	Charles_Count_of_Valois
James_III_of_Scotland	father	Francis_II_Duke_of_Lorraine
Philippa_of_Hainault	father	Bernard_II_Duke_of_Saxony
Joan_of_Valois_Countess_of_Hainaut	father	John_II_of_France
Matilda_of_Frisia	father	Leopold_Duke_of_Lorraine
Liudolf_Margrave_of_Frisia	father	Baldwin_III_Count_of_Flanders
Clementia_of_Hungary	father	Alfonso_II_Count_of_Provence
Countess_Palatine_Dorothea_Sophie_of_Neuburg	father	Gerold_of_Vinzgau
Elisabeth_Farnese	father	Nuno__lvares_Pereira
Ermentrude_of_Orl_ans	father	Louis_Count_of_Vend_me
Magnus_II_Duke_of_Brunswic_L_neburg	father	Fulk_King_of_Jerusalem
Rudolf_I_of_Germany	father	Matthias_II_Duke_of_Lorraine
Gertrude_of_Hohenberg	father	John_VII_Duke_of_Mecklenburg_Schwerin
Dirk_II_Count_of_Holland	father	Wenceslaus_II_of_Bohemia
Mary_of_Burgundy_Duchess_of_Cleves	father	Odo_II_Count_of_Blois
Nicholas_Francis_Duke_of_Lorraine	father	Arnulf_I_Count_of_Flanders
Otto_I_Duke_of_Saxony	father	Pedro_Fern_ndez_de_Castro
Alfonso_X_of_Castile	father	Victor_Amadeus_III_of_Sardinia
Louis_Duke_of_Orl_ans_1703_1752	father	John_Constable_of_Portugal
James_II_of_Scotland	father	Gerard_de_Bouzonville
Willa_of_Tuscany	father	Frederick_V_Burgrave_of_Nuremberg
Frederick_III_Holy_Roman_Emperor	father	Alan_Stewart_of_Darnley
Maria_Anna_of_Bavaria_born_1551	father	Mastino_II_della_Scala
Charles_III_of_Spain	father	Philip_the_Bold
Henry_the_Lion	father	Ferdinand_III_of_Castile
Otto_IV_Count_of_Burgundy	father	Otto_I_Duke_of_Brunswic_L_neburg
Beatriz_of_Portugal_Duchess_of_Viseu	father	Lambert_I_Count_of_Louvain
Isabel_of_Barcelos	father	Ramon_Berenguer_IV_Count_of_Provence
Ferdinand_II_of_Aragon	father	Simon_I_de_Montfort
Hugh_of_Italy	father	William_I_of_Provence
Henry_II_of_France	father	Gerard_Duke_of_Lorraine
Mahaut_of_Ch_tillon	father	Henry_son_of_Robert_I_of_Burgundy
Napoleon_III	father	Amadeus_II_Count_of_Savoy
Clemence_of_Austria	father	Adalbert_of_Italy
Peter_I_Duke_of_Bourbon	father	John_I_Count_of_La_Marche
Duke_Charles_Louis_Frederick_of_Mecklenburg	father	Henry_VII_Holy_Roman_Emperor
Joan_I_Countess_of_Auvergne	father	Philip_VI_of_France
Henry_V_of_England	father	Charles_Martel
Joan_of__vreux	father	Charles_II_of_Naples
Louis_Count_of__vreux	father	Casimir_IV_Jagiellon
Otto_I_Duke_of_Brunswic_L_neburg	father	Charles_II_Archduke_of_Austria
A_nor_de_Ch_tellerault	father	Boso_Margrave_of_Tuscany
Claude_of_France	father	Ferdinand_II_of_Aragon
Louis_I_Duke_of_Bourbon	father	Albert_I_of_Germany
Marie_Antoinette	father	Henry_3rd_Earl_of_Lancaster
Charles_X	father	Philip_of_Swabia
Charles_III_Duke_of_Savoy	father	Gaston_de_Foix_Count_of_Candale
Vladimir_the_Great	father	Humphrey_de_Bohun_7th_Earl_of_Hereford
Sviatoslav_I	father	Francis_I_Holy_Roman_Emperor
John_of_Montfort	father	Denis_of_Portugal
Geoffrey_Plantagenet_Count_of_Anjou	father	Henry_III_Duke_of_Brabant
Francis_Duke_of_Anjou	father	George_Louis_I_Count_of_Erbach_Erbach
Henry_III_of_France	father	Louis_IV_of_France
Edward_III_of_England	father	Giovanni_delle_Bande_Nere
Louis_Count_of_Vend_me	father	Francesco_I_Sforza
Marie_Jos_phine_of_Savoy	father	James_V_of_Scotland
Victor_Amadeus_III_of_Sardinia	father	Thomas_Count_of_Savoy
Louis_XII	father	John_Stewart_of_Darnley
Philip_I_of_Castile	father	Henry_II_of_England
Ramon_Borrell_Count_of_Barcelona	father	Valdemar_I_of_Denmark
Frederick_II_Count_of_Vaud_mont	father	Robert_II_Duke_of_Burgundy
Eleanor_of_Castile	father	Philip_I_of_France
Alfonso_IX_of_Le_n	father	Walter_I_Lord_of_Avesnes
James_I_of_Scotland	father	William_IX_Duke_of_Aquitaine
Louis_XI	father	Rudolph_Duke_of_Lorraine
Henry_IV_of_England	father	Adolphus_Frederick_II_Duke_of_Mecklenburg_Strelitz
Mary_de_Bohun	father	Theobald_the_Elder
Stephen_Count_of_Blois	father	Ferdinand_III_of_Castile
Cosimo_I_de_Medici_Grand_Duke_of_Tuscany	father	Matthew_Stewart_2nd_Earl_of_Lennox
Peter_I_of_Portugal	father	William_III_of_M_con
Raymond_of_Burgundy	father	Lorenzo_the_Elder
Lothair_II_of_Italy	father	Robert_III_Count_of_Dreux
Jacquetta_of_Luxembourg	father	Louis_Duke_of_Savoy
George_I_of_Great_Britain	father	Ebalus_Duke_of_Aquitaine
Ernest_Augustus_Elector_of_Hanover	father	John_George_I_Elector_of_Saxony
Charlotte_of_Bourbon_Queen_of_Cyprus	father	Henry_VII_of_England
John_I_Count_of_La_Marche	father	Charles_VII_of_France
Princess_Elisabeth_Albertine_of_Saxe_Hildburghausen	father	Charles_V_Holy_Roman_Emperor
Anne_of_Bohemia_and_Hungary	father	John_Frederick_Duke_of_Brunswic_Calenberg
In_s_de_Castro	father	Rurik
William_III_of_M_con	father	Louis_II_of_Anjou
Louis_V_of_France	father	Hugh_Count_of_Burgundy
Marie_of_Luxembourg_Queen_of_France	father	Otto_IV_Count_of_Scheyern
Saint_Margaret_of_Scotland	father	Henry_II_Count_of_Louvain
Arnulf_I_Count_of_Flanders	father	John_IV_Duke_of_Brittany
Louis_XIII	father	Philippe_II_Duke_of_Orl_ans
Marie_de_Medici	father	Henry_IX_Duke_of_Bavaria
Charles_the_Bald	father	Alfonso_VII_of_Le_n_and_Castile
Francis_Count_of_Vend_me	father	Charles_V_of_France
Rudolph_Duke_of_Lorraine	father	Louis_Jean_Marie_de_Bourbon_Duke_of_Penthi_vre
John_I_of_Portugal	father	Robert_Count_of_Clermont
Otto_IV_Count_of_Scheyern	father	Ernest_Duke_of_Austria
Eckhard_I_Count_of_Scheyern	father	Baldwin_VI_Count_of_Flanders
Piero_di_Cosimo_de_Medici	father	Baldwin_III_Count_of_Hainaut
Odo_IV_Duke_of_Burgundy	father	Louis_Duke_of_Orl_ans_1703_1752
Isabeau_of_Bavaria	father	Otto_I_Duke_of_Bavaria
Elisabeth_of_France_1602_1644	father	Louis_VIII_of_France
William_I_Count_of_Hainaut	father	Louis_IV_Holy_Roman_Emperor
Yolanda_of_Courtenay	father	Nicholas_Francis_Duke_of_Lorraine
Baldwin_II_Count_of_Hainaut	father	Charlemagne
Constance_of_Arles	father	Theobald_III_Count_of_Blois
Adelaide_of_Auxerre_born_c._870	father	Louis_IX_of_France
Fran_oise_d_Aubign__Marquise_de_Maintenon	father	Louis_VII_of_France
Maria_Carolina_of_Austria	father	Henry_the_Fowler
Marie_of_Brabant_Queen_of_France	father	Richard_Woodville_1st_Earl_Rivers
Matilda_of_Scotland	father	Ecgberht_King_of_Wessex
Maria_Amalia_of_Saxony	father	Albert_Azzo_I_Margrave_of_Milan
Hedwig_of_Saxony	father	Bartholomew_de_L_Isle_Bouchard
Henry_I_Duke_of_Brabant	father	Werner_I_Count_of_Klettgau
Isabella_of_Hainault	father	Henry_IV_of_France
Margaret_I_Countess_of_Flanders	father	Louis_Duke_of_Savoy
Maria_Theresa_of_Naples_and_Sicily	father	Wilfred_the_Hairy
Charles_VII_of_France	father	Leopold_III_Duke_of_Austria
Francis_II_of_France	father	Baldwin_V_Count_of_Flanders
Philip_IV_of_France	father	John_Beaufort_1st_Earl_of_Somerset
Philip_III_of_France	father	Victor_Emmanuel_I_of_Sardinia
Baldwin_II_Margrave_of_Flanders	father	Louis_I_of_Anjou
Margaret_of_Bavaria	father	Baldwin_V_Count_of_Hainaut
Louis_IX_of_France	father	Godfrey_II_Count_of_Louvain
Violant_of_Hungary	father	Richard_Fitzalan_3rd_Earl_of_Arundel
Ferdinand_II_of_Le_n	father	Albert_IV_Count_of_Habsburg
Isabella_of_Aragon_Queen_of_France	father	Piero_di_Cosimo_de_Medici
Reginald_I_Count_of_Burgundy	father	Augustus_III_of_Poland
Ferdinand_I_of_Aragon	father	Hugh_IV_Duke_of_Burgundy
Robert_I_Duke_of_Burgundy	father	Odo_I_Duke_of_Burgundy
Rudolph_I_of_Burgundy	father	Borrell_II_Count_of_Barcelona
Philippe_I_Duke_of_Orl_ans	father	John_II_Duke_of_Brittany
Sophia_of_Minsk	father	Olof_Sk_tkonung
Ferdinand_III_of_Castile	father	Louis_Duke_of_Savoy
Maria_of_Aragon_Queen_of_Portugal	father	John_I_Duke_of_Lorraine
Adolphus_Frederick_I_Duke_of_Mecklenburg_Schwerin	father	Hugh_III_Duke_of_Burgundy
Fran_oise_Ath_na_s_de_Rochechouart_Marquise_de_Montespan	father	William_I_Count_of_Burgundy
Henry_III_Duke_of_Brabant	father	Ansegisel
Adelaide_of_Maurienne	father	John_Constable_of_Portugal
Madeleine_de_La_Tour_d_Auvergne	father	Henry_X_Duke_of_Bavaria
Emmanuel_Philibert_Duke_of_Savoy	father	Francis_I_of_France
Owen_Tudor	father	Reginald_I_Count_of_Burgundy
Philip_V_of_Spain	father	Adolphus_Frederick_I_Duke_of_Mecklenburg_Schwerin
Blanche_of_Castile	father	Peter_II_of_Courtenay
Maximilian_I_Holy_Roman_Emperor	father	Welf_I_Duke_of_Bavaria
John_II_of_Portugal	father	Louis_Rudolph_Duke_of_Brunswic_L_neburg
Theobald_III_Count_of_Champagne	father	Otto_IV_Count_of_Burgundy
Odo_I_Duke_of_Burgundy	father	Theodoric_II_Duke_of_Lorraine
Antoinette_of_Bourbon	father	Averardo_de_Medici
John_Count_of_Angoul_me	father	Alexander_Stewart_of_Darnley_died_1404
Louis_XVIII	father	Oberto_I
Maria_Josepha_of_Saxony_Dauphine_of_France	father	Berthold_Duke_of_Merania
Joan_Beaufort_Queen_of_Scots	father	Cosimo_de_Medici
Henrietta_Maria	father	Dedi_III_Margrave_of_Lusatia
Hugh_the_Great	father	Peter_I_of_Portugal
Louis_the_German	father	Philip_Duke_of_Parma
Charles_the_Fat	father	Radbot_of_Klettgau
Theodoric_II_Duke_of_Lorraine	father	Stephen_II_of_Auxonne
Carloman_II	father	Philip_of_Artois
Ferdinand_I_Holy_Roman_Emperor	father	John_Stewart_3rd_Earl_of_Lennox
Theobald_I_of_Navarre	father	Piero_the_Unfortunate
Marie_Caroline_of_Bourbo_Two_Sicilies_Duchess_of_Berry	father	Robert_I_Count_of_Artois
Francesco_I_Sforza	father	Rupert_King_of_the_Romans
Archduchess_Anna_of_Austria	father	Philip_IV_of_France
Louis_I_of_Anjou	father	Frederick_II_Duke_of_Brunswic_L_neburg
Charlotte_of_Savoy	father	Sancho_Alfonso
Eleanor_of_Aquitaine	father	Matthew_Stewart_4th_Earl_of_Lennox
Mary_Queen_of_Scots	father	Robert_the_Strong
Hildegard_of_the_Vinzgau	father	Louis_Bonaparte
Anne_of_Brittany	father	Charles_Duke_of_Orl_ans
Humbert_II_Count_of_Savoy	father	Peter_I_Duke_of_Brittany
Pepin_the_Short	father	Conrad_II_Duke_of_Transjurane_Burgundy
Berengar_II_of_Italy	father	William_III_Duke_of_Aquitaine
Rozala_of_Italy	father	Frederick_I_Count_of_Vaud_mont
Matilda_of_Saxony_countess_of_Flanders	father	Louis_VI_of_France
Baldwin_III_Count_of_Flanders	father	Frederick_IV_Duke_of_Lorraine
Alfred_the_Great	father	Charles_Duke_of_Vend_me
William_the_Younger_Duke_of_Brunswic_L_neburg	father	Albert_I_Duke_of_Bavaria
Baldwin_VI_Count_of_Flanders	father	Stephen_III_Duke_of_Bavaria
Godfrey_I_Count_of_Louvain	father	Alexandre_de_Beauharnais
Isabella_of_France	father	Robert_VII_Lord_of_B_thune
Elisabeth_Christine_of_Brunswic_Wolfenb_ttel	father	Louis_the_German
Sancho_III_of_Castile	father	Pepin_of_Herstal
Berengaria_of_Barcelona	father	Henry_IV_of_France
Alys_of_France_Countess_of_Vexin	father	Charles_VI_of_France
Catherine_of_Vend_me	father	Hugh_IV_Duke_of_Burgundy
Bernard_I_Duke_of_Brunswic_L_neburg	father	John_Count_of_Angoul_me
James_Stewart_5th_High_Steward_of_Scotland	father	Charles_III_Duke_of_Savoy
Charles_Duke_of_Vend_me	father	Ferdinand_I_Holy_Roman_Emperor
Rudolf_II_Count_of_Habsburg	father	Victor_Amadeus_II_of_Sardinia
Margaret_of_Foix	father	John_II_Duke_of_Brittany
Prince_Philippe_Count_of_Paris	father	Philip_I_of_Castile
Robert_II_of_France	father	Louis_Duke_of_Savoy
Adelaide_of_Burgundy_Duchess_of_Brabant	father	Ranulf_II_of_Aquitaine
Hugh_IV_Duke_of_Burgundy	father	Ferdinand_I_of_Aragon
Frederick_IV_Duke_of_Lorraine	father	Henry_I_of_England
Elizabeth_of_Luxembourg	father	Magnus_II_Duke_of_Brunswic_L_neburg
George_Duke_of_Brunswic_Calenberg	father	Louis_I_Duke_of_Bourbon
Simon_I_Duke_of_Lorraine	father	Brun_I_Count_of_Brunswick
Maximilian_II_Holy_Roman_Emperor	father	George_Duke_of_Saxony
James_Hepburn_4th_Earl_of_Bothwell	father	Peter_I_Count_of_Saint_Pol
Anna_of_Holstei_Gottorp	father	Antoine_Duke_of_Lorraine
Anne_Gonzaga	father	Dirk_I_Count_of_Holland
Otto_II_Duke_of_Bavaria	father	Lorenzo_de_Medici
Anna_Maria_of_Mecklenburg_Schwerin	father	Stephen_Count_of_Blois
Ramon_Berenguer_IV_Count_of_Provence	father	Louis_VI_of_France
Stephen_II_Duke_of_Bavaria	father	Thierry_Count_of_Flanders
Agnes_of_France_Duchess_of_Burgundy	father	Henry_II_of_Castile
Stephen_I_Count_of_Burgundy	father	Albert_II_Duke_of_Brunswic_L_neburg
Louis_XVI	father	Louis_Count_of__vreux
Marie_Th_r_se_of_France	father	Charles_I_Gonzaga_Duke_of_Mantua
Henry_VI_of_England	father	Henry_V_of_England
Mary_of_Hungary_Queen_of_Naples	father	Ercole_III_d_Este_Duke_of_Modena
William_VIII_Duke_of_Aquitaine	father	Nicholas_d_Oisy_Lord_of_Avesnes
Richard_Count_of__tampes	father	Henry_II_of_France
John_Count_of_Chalon	father	Louis_IX_Landgrave_of_Hesse_Darmstadt
Robert_III_of_Worms	father	Frederick_II_Margrave_of_Meissen
Charles_Count_of_Angoul_me	father	Sunifred_Count_of_Barcelona
William_IX_Duke_of_Aquitaine	father	William_X_Duke_of_Aquitaine
Albert_III_Count_of_Habsburg	father	William_I_Count_of_Burgundy
Countess_Sophia_Albertine_of_Erbach_Erbach	father	Louis_IV_of_France
Pepin_of_Herstal	father	Frederick_Louis_Hereditary_Grand_Duke_of_Mecklenburg_Schwerin
Francesco_I_de_Medici_Grand_Duke_of_Tuscany	father	Louis_XV
William_V_Duke_of_Aquitaine	father	Herbert_II_Count_of_Vermandois
Matthew_Stewart_4th_Earl_of_Lennox	father	Philip_II_of_France
John_Stewart_3rd_Earl_of_Lennox	father	William_I_Count_of_Hainaut
Sophia_Eleonore_of_Saxony	father	Odo_I_Count_of_Orl_ans
John_I_Count_of_Hainaut	father	Francis_IV_Duke_of_Modena
Henri_Count_of_Chambord	father	Alfred_the_Great
Louis_IV_Holy_Roman_Emperor	father	John_of_Gaunt
Louis_III_of_France	father	Henry_II_Duke_of_Brabant
Albert_II_Duke_of_Brunswic_L_neburg	father	Francis_I_of_the_Two_Sicilies
Albert_I_Duke_of_Brunswic_L_neburg	father	Charles_VI_of_France
James_of_Avesnes	father	Ferdinand_II_of_Le_n
Nicholas_d_Oisy_Lord_of_Avesnes	father	Alfonso_IX_of_Le_n
Henry_Count_of_Portugal	father	Adolphus_Frederick_I_Duke_of_Mecklenburg_Schwerin
James_IV_of_Scotland	father	John_II_of_France
Philip_VI_of_France	father	Robert_I_of_France
Ermengarde_of_Hesbaye	father	Charles_Emmanuel_II_Duke_of_Savoy
Maria_Teresa_Felicitas_d_Este	father	Bivin_of_Gorze
Louise_Marie_Ad_la_de_de_Bourbon_Duchess_of_Orl_ans	father	Reginar_III_Count_of_Hainaut
Anna_Maria_of_Ostfriesland	father	Baldwin_IV_Count_of_Hainaut
John_the_Fearless	father	Ernest_Frederick_I_Duke_of_Saxe_Hildburghausen
Eleanor_of_Aragon_Queen_of_Portugal	father	James_I_Count_of_La_Marche
Nicolas_Duke_of_Merc_ur	father	William_IV_Count_of_Ponthieu
Bertrade_of_Montfort	father	Arnulf_II_Count_of_Flanders
Simon_I_de_Montfort	father	Theobald_I_Count_of_Blois
Beatrice_of_Silesia	father	Giovanni_di_Bicci_de_Medici
Matthew_Stewart_2nd_Earl_of_Lennox	father	Guy_IV_Count_of_Saint_Pol
Blanche_of_Burgundy	father	Francis_II_Holy_Roman_Emperor
William_IV_Duke_of_Aquitaine	father	Charles_III_of_Spain
Ferdinand_Duke_of_Viseu	father	Louis_Dauphin_of_France_son_of_Louis_XV
Louis_Antoine_Duke_of_Angoul_me	father	Philippe_I_Duke_of_Orl_ans
Margaret_of_Artois	father	Fulk_III_Count_of_Anjou
Beatrice_Regina_della_Scala	father	Sancho_I_of_Portugal
Otto_William_Count_of_Burgundy	father	John_II_of_France
Antoine_of_Navarre	father	Charles_Count_of_Valois
Maria_Beatrice_of_Savoy	father	Philip_I_Landgrave_of_Hesse
Henry_IV_of_France	father	Stephen_II_Duke_of_Bavaria
Conrad_I_of_Burgundy	father	Louis_I_Duke_of_Orl_ans
Baldwin_III_Count_of_Hainaut	father	Humbert_II_Count_of_Savoy
Ferdinand_Karl_Archduke_of_Austria_Este	father	Peter_II_Count_of_Saint_Pol
Judith_of_Habsburg	father	John_Stewart_1st_Earl_of_Lennox
Margaret_of_Provence	father	John_II_of_France
Odo_I_Count_of_Blois	father	Ferdinand_I_Holy_Roman_Emperor
Bertha_of_Burgundy	father	Louis_I_Duke_of_Orl_ans
Robert_Count_of_Clermont	father	Albert_Frederick_Duke_of_Prussia
Eadgifu_of_Wessex	father	James_I_of_Scotland
Philip_II_of_France	father	Amadeus_VIII_Duke_of_Savoy
Louis_the_Pious	father	Maredudd_ap_Tudur
Ernest_Duke_of_Austria	father	Charles_IV_of_Spain
Robert_II_Count_of_Dreux	father	Ingerman_Count_of_Hesbaye
Catherine_of_Foix_Countess_of_Candale	father	Louis_Count_of__vreux
Marie_of_Brittany_Countess_of_Saint_Pol	father	Ramon_Berenguer_IV_Count_of_Provence
Marie_of_Anjou	father	Francesco_I_de_Medici_Grand_Duke_of_Tuscany
Yolande_of_Aragon	father	Ramon_Berenguer_IV_Count_of_Barcelona
Joan_Fitzalan_Countess_of_Hereford	father	Pierfrancesco_the_Elder
Robert_I_of_France	father	Robert_II_Count_of_Artois
John_I_of_Castile	father	Francis_I_of_the_Two_Sicilies
Albert_Azzo_II_Margrave_of_Milan	father	Berengar_II_of_Italy
Henry_III_of_England	father	John_the_Fearless
Elizabeth_of_Austria_1436_1505	father	Albert_V_Duke_of_Bavaria
Hortense_de_Beauharnais	father	Robert_II_of_France
Louis_VIII_of_France	father	Gabriel_de_Rochechouart_de_Mortemart
Otto_I_Duke_of_Bavaria	father	Bouchard_IV_of_Avesnes
Louis_XVII	father	Ealhmund_of_Kent
Charles_Duke_of_Orl_ans	father	Louis_Crato_Count_of_Nassau_Saarbr_cken
Marie_of_Cleves_Duchess_of_Orl_ans	father	Otto_William_Count_of_Burgundy
Eleanor_of_England_Queen_of_Castile	father	James_Stewart_5th_High_Steward_of_Scotland
Edward_the_Elder	father	Malcolm_III_of_Scotland
Amaury_I_de_Montfort	father	Rudolf_I_of_Germany
Isabella_of_Portugal	father	Henry_V_Count_of_Luxembourg
Edward_II_of_England	father	Henry_the_Fowler
Cosimo_de_Medici	father	William_XII_Count_of_Auvergne
Godfrey_II_Count_of_Louvain	father	Henry_son_of_Robert_I_of_Burgundy
Elisabeth_of_Nuremberg	father	Floris_I_Count_of_Holland
Reginar_II_Count_of_Hainaut	father	Andrew_II_of_Hungary
Galeazzo_Maria_Sforza	father	Ferdinand_I_of_Aragon
Henry_II_Duke_of_Brabant	father	Ramon_Berenguer_III_Count_of_Barcelona
Ramon_Berenguer_I_Count_of_Barcelona	father	Charibert_of_Laon
Godfrey_III_Count_of_Louvain	father	Philip_V_of_Spain
Baldwin_V_Count_of_Hainaut	father	Igor_of_Kiev
Gisela_of_Burgundy_Marchioness_of_Montferrat	father	Liudolf_Duke_of_Saxony
Maria_of_Austria_Duchess_of_J_lich_Cleves_Berg	father	Henry_III_of_England
Louis_II_of_Anjou	father	John_II_Count_of_Holland
Christine_of_Saxony	father	Edward_III_of_England
Hugh_Magnus	father	Henry_I_Duke_of_Brabant
Yolande_of_Dreux_Duchess_of_Burgundy	father	Robert_II_Duke_of_Burgundy
Francis_I_Duke_of_Lorraine	father	Odoardo_Farnese_Hereditary_Prince_of_Parma
Arnulf_II_Count_of_Flanders	father	Ferdinand_I_Holy_Roman_Emperor
Louis_VII_of_France	father	Antoine_Duke_of_Lorraine
Lambert_I_Count_of_Louvain	father	Ernest_Augustus_Elector_of_Hanover
Matilda_of_France	father	Albert_II_of_Germany
Elisabeth_of_Meissen	father	Albert_Azzo_II_Margrave_of_Milan
Odo_II_Count_of_Blois	father	Sancho_III_of_Castile
Louis_VI_of_France	father	Odo_I_Count_of_Blois
Beatrice_of_Brandenburg	father	John_the_Fearless
Bertrada_of_Laon	father	Manuel_I_of_Portugal
Philip_the_Good	father	Louis_IV_Holy_Roman_Emperor
Henry_the_Middle_Duke_of_Brunswic_L_neburg	father	Edward_King_of_Portugal
Henry_IX_Duke_of_Bavaria	father	Henry_Count_of_Portugal
Afonso_IV_of_Portugal	father	Antoine_Count_of_Vaud_mont
John_I_Duke_of_Lorraine	father	John_King_of_England
Agnes_of_Merania	father	John_of_Bohemia
Berthold_Duke_of_Merania	father	Ernest_I_Duke_of_Brunswic_L_neburg
Mar_a_Isabella_of_Spain	father	Philip_III_of_Spain
Frederick_II_Duke_of_Brunswic_L_neburg	father	John_VIII_Count_of_Vend_me
Welf_I_Duke_of_Bavaria	father	Joseph_I_Holy_Roman_Emperor
Philip_the_Bold	father	Philip_III_of_France
Napoleon_II	father	Amaury_I_de_Montfort
William_of_Winchester_Lord_of_Lunenburg	father	Lambert_II_Count_of_Louvain
Jeanne_de_Bourbon_Duchess_of_Bourbon	father	Robert_II_of_France
Catherine_of_Valois	father	Engelbert_Duke_of_Carinthia
Margaret_of_the_Palatinate	father	Charles_II_Duke_of_Lorraine
Lorenzo_the_Elder	father	Henry_II_of_France
Margaret_of_Brieg	father	Louis_the_Pious
Sibylla_of_Anjou	father	Afonso_III_of_Portugal
Sophia_of_Saxe_Weissenfels_Princess_of_Anhalt_Zerbst	father	Fulk_King_of_Jerusalem
Princess_Louise_of_Hesse_Darmstadt_1757_1830	father	Louis_XIV
Mahaut_Countess_of_Artois	father	Stephen_V_of_Hungary
Francis_II_Duke_of_Lorraine	father	Edward_the_Exile
Louis_Duke_of_Savoy	father	Walter_Stewart_6th_High_Steward_of_Scotland
Margaret_Holland_Duchess_of_Clarence	father	Charles_Emmanuel_III_of_Sardinia
Adolphus_Frederick_II_Duke_of_Mecklenburg_Strelitz	father	Louis_the_Stammerer
Bonne_of_Luxembourg	father	Richard_Fitzalan_3rd_Earl_of_Arundel
Anne_of_Foix_Candale	father	Edward_I_of_England
Antoine_Count_of_Vaud_mont	father	Philip_III_of_Navarre
Fran_oise_Marie_de_Bourbon	father	Otto_V_Duke_of_Brunswic_L_neburg
Maria_Luisa_of_Parma	father	Peter_I_Duke_of_Bourbon
Maria_Theresa_of_Savoy	father	Alfonso_XI_of_Castile
Elizabeth_of_Bohemia_1292_1330	father	Theobald_of_Arles
Henry_VI_Count_of_Luxembourg	father	Oberto_II_Margrave_of_Milan
Matilda_of_Bavaria_Margravine_of_Meissen	father	Victor_Amadeus_I_Duke_of_Savoy
Philip_II_of_Spain	father	Eckhard_I_Count_of_Scheyern
Werner_II_Count_of_Habsburg	father	Philip_the_Good
Bertha_of_Holland	father	George_I_of_Great_Britain
Margaret_of_Burgundy_Queen_of_France	father	Robert_Duke_of_Bar
Ingegerd_Olofsdotter_of_Sweden	father	Charles_X
Marie_of_Luxembourg_Countess_of_Vend_me	father	Guillaume_de_Montfort_of_Hainaut
Dangereuse_de_l_Isle_Bouchard	father	Ramon_Berenguer_I_Count_of_Barcelona
Arnulf_Count_of_Holland	father	William_de_Beauchamp_9th_Earl_of_Warwick
Robert_I_Count_of_Dreux	father	Elias_I_Count_of_Maine
Isabella_de_Beauchamp	father	Theobald_II_Count_of_Champagne
Princess_Magdalena_Augusta_of_Anhalt_Zerbst	father	Constant_d_Aubign_
Gertrude_of_Saxony	father	Philippe_I_Duke_of_Orl_ans
John_I_Duke_of_Brittany	father	Henry_IV_of_England
Lothair_of_France	father	Robert_III_of_Scotland
Marie_of_France_Duchess_of_Bar	father	Victor_Amadeus_III_of_Sardinia
Adelaide_of_Aquitaine	father	Otto_II_Count_of_Habsburg
Gerloc	father	Dirk_II_Count_of_Holland
Albert_II_Duke_of_Austria	father	Edward_King_of_Portugal
Margaret_Countess_of_Anjou	father	Robert_I_Duke_of_Burgundy
Ramon_Berenguer_II_Count_of_Barcelona	father	Charles_Count_of_Valois
Stephen_II_of_Auxonne	father	Henry_I_Count_of_Champagne
Ernest_I_Duke_of_Brunswic_L_neburg	father	Lothair_of_France
Albert_Azzo_I_Margrave_of_Milan	father	John_VIII_Count_of_Vend_me
John_I_of_France	father	John_II_of_Aragon
George_II_of_Great_Britain	father	Sunyer_Count_of_Barcelona
Hemma	father	Henry_the_Middle_Duke_of_Brunswic_L_neburg
Judith_of_Bavaria_died_843	father	Baldwin_II_Margrave_of_Flanders
Adelaide_Blanche_of_Anjou	father	Liudolf_Margrave_of_Frisia
Fulk_II_Count_of_Anjou	father	Louis_IX_of_France
Marie_Louise_Duchess_of_Parma	father	Alfonso_X_of_Castile
Sancho_IV_of_Castile	father	Henry_II_Duke_of_Brabant
Margaret_of_Baux	father	Francis_I_Duke_of_Lorraine
Ecgberht_King_of_Wessex	father	Christian_III_Count_Palatine_of_Zweibr_cken
Henry_II_Count_of_Louvain	father	Philip_II_Duke_of_Savoy
Wilfred_the_Hairy	father	Henry_IV_of_France
Carlo_Buonaparte	father	Rudolf_I_of_Germany
John_of_Bohemia	father	Hugh_of_Italy
Baldwin_IV_Count_of_Flanders	father	Baldwin_I_Margrave_of_Flanders
Lambert_II_Count_of_Louvain	father	Charles_III_Duke_of_Lorraine
Maria_of_Austria_Holy_Roman_Empress	father	Philip_III_of_France
Giovanni_delle_Bande_Nere	father	Louis_XII
Boso_the_Elder	father	Philip_II_Duke_of_Savoy
Beatrice_of_Savoy	father	Albert_III_Count_of_Habsburg
Margaret_of_Geneva	father	Theobald_III_Count_of_Champagne
Charles_III_Duke_of_Lorraine	father	Bernard_I_Duke_of_Brunswic_L_neburg
Richard_Duke_of_Burgundy	father	Louis_Dauphin_of_France_son_of_Louis_XIV
Louis_I_Duke_of_Bavaria	father	Alexander_Stewart_4th_High_Steward_of_Scotland
Theobald_II_Count_of_Champagne	father	Louis_X_of_France
Countess_Caroline_of_Nassau_Saarbr_cken	father	Louis_II_Duke_of_Bavaria
Ermengarde_of_Anjou_Duchess_of_Burgundy	father	John_I_of_Portugal
Ferdinand_IV_of_Castile	father	Vladimir_the_Great
Frederick_III_Duke_of_Lorraine	father	Stephen_III_of_Auxonne
Charles_V_Holy_Roman_Emperor	father	Otto_V_Margrave_of_Brandenburg_Salzwedel
Isabella_of_Portugal_Queen_of_Castile	father	Napoleon
Constance_of_Castile	father	Patrick_de_Chaworth_Lord_of_Kidwelly
Alfonso_VIII_of_Castile	father	Werner_II_Count_of_Habsburg
Charlotte_Agla__d_Orl_ans	father	William_IV_Duke_of_Aquitaine
Hugh_II_Duke_of_Burgundy	father	Otto_II_Duke_of_Bavaria
Borrell_II_Count_of_Barcelona	father	Louis_IX_of_France
Blanche_of_Artois	father	Thomas_Holland_2nd_Earl_of_Kent
Margaret_of_Savoy_Countess_of_Saint_Pol	father	Louis_I_Duke_of_Bavaria
Charles_V_Duke_of_Lorraine	father	Charles_X
Engeltrude_de_F_zensac	father	Francis_II_Duke_of_Brittany
Barbara_Jagiellon	father	Reginar_Longneck
Frederick_I_Count_of_Vaud_mont	father	Giovanni_il_Popolano
Peter_II_of_Aragon	father	Ferdinand_I_of_the_Two_Sicilies
Piero_the_Unfortunate	father	Charles_Ferdinand_Duke_of_Berry
John_Stewart_of_Darnley	father	James_III_of_Scotland
Bona_of_Savoy	father	John_I_of_Castile
Duchess_Helene_of_Mecklenburg_Schwerin	father	Afonso_I_Duke_of_Braganza
Philip_of_France_1116_1131	father	Otto_I_Count_of_Scheyern
Bouchard_IV_of_Avesnes	father	James_of_Avesnes
Matilda_of_Brabant_Countess_of_Artois	father	Charles_Martel_of_Anjou
Lorenzo_de_Medici	father	Philip_I_of_Castile
Henry_Stuart_Lord_Darnley	father	Louis_I_of_Brzeg
Joanna_of_Bourbon	father	Ramon_Borrell_Count_of_Barcelona
Joanna_of_Austria_Grand_Duchess_of_Tuscany	father	Victor_Amadeus_II_of_Sardinia
Louis_Philippe_I_Duke_of_Orl_ans	father	Ferdinand_Philippe_Duke_of_Orl_ans
Maria_Antonia_Ferdinanda_of_Spain	father	Francis_Count_of_Vend_me
Christine_of_Hesse	father	John_I_Count_of_Hainaut
John_of_Gaunt	father	Francesco_III_d_Este_Duke_of_Modena
Agnes_of_Rochlitz	father	Edward_King_of_Portugal
Louise_of_Lorraine	father	Louis_VII_of_France
Countess_Palatine_Caroline_of_Zweibr_cken	father	Berthold_II_Count_of_Andechs
Stephen_III_of_Auxonne	father	Berenguer_Ramon_I_Count_of_Barcelona
Matilda_of_Carinthia	father	_thelwulf_King_of_Wessex
Mary_Tudor_Queen_of_France	father	Antoine_of_Navarre
Odo_III_Duke_of_Burgundy	father	Frederick_II_Count_of_Vaud_mont
Adela_of_Champagne	father	Volodar_Glebovich_Prince_of_Minsk
Henry_son_of_Robert_I_of_Burgundy	father	Albert_I_Duke_of_Brunswic_L_neburg
Ermengarde_Countess_of_Maine	father	Theobald_II_Count_of_Champagne
Fulk_IV_Count_of_Anjou	father	Rollo
Robert_II_Duke_of_Burgundy	father	Afonso_V_of_Portugal
James_I_Count_of_La_Marche	father	Otto_IV_Count_of_Burgundy
Eleanor_of_Portugal_Holy_Roman_Empress	father	Louis_XVI
Leopold_III_Duke_of_Austria	father	William_I_of_Geneva
William_III_Duke_of_Aquitaine	father	Bolko_I_the_Strict
Charles_Ferdinand_Duke_of_Berry	father	Enno_III_Count_of_East_Frisia
Theobald_III_Count_of_Blois	father	Augustus_Duke_of_Saxe_Weissenfels
Charles_the_Bold	father	Hugh_Capet
Elizabeth_Woodville	father	Odo_III_Duke_of_Burgundy
Archduchess_Maria_Theresa_of_Austria_Este_1817_1886	father	Louis_VI_of_France
William_I_Count_of_Burgundy	father	Alfonso_VIII_of_Castile
Margaret_of_Flanders_Duchess_of_Brabant	father	Sigismund_Holy_Roman_Emperor
Denis_of_Portugal	father	Adolph_I_Duke_of_Cleves
Maria_of_Swabia	father	Giovanni_di_Bicci_de_Medici
Violant_of_Bar	father	William_the_Younger_Duke_of_Brunswic_L_neburg
Berthold_I_of_Istria	father	Henry_II_of_France
Peter_of_Courtenay_Lord_of_Conches	father	Robert_II_Duke_of_Burgundy
Matilda_of_B_thune	father	Ferdinand_Karl_Archduke_of_Austria_Este
Louise__lisabeth_of_France	father	Alfonso_VII_of_Le_n_and_Castile
Eleanor_of_Alburquerque	father	Fulk_II_Count_of_Anjou
Gerard_Duke_of_Lorraine	father	Louis_Dauphin_of_France_son_of_Louis_XV
Giovanni_di_Bicci_de_Medici	father	Cosimo_I_de_Medici_Grand_Duke_of_Tuscany
Albert_IV_Count_of_Habsburg	father	Leuthard_I_of_Paris
Ebalus_Duke_of_Aquitaine	father	Francis_I_Holy_Roman_Emperor
Maria_Christina_of_the_Two_Sicilies	father	Louis_XIII
Hedwig_of_Bavaria	father	Godfrey_III_Count_of_Louvain
Margaret_of_Valois	father	Louis_XVI
Otto_V_Duke_of_Brunswic_L_neburg	father	Louis_Dauphin_of_France_son_of_Louis_XV
Sunyer_Count_of_Barcelona	father	Louis_the_Pious
Werner_I_Count_of_Klettgau	father	Stephen_I_Count_of_Burgundy
Maud_Chaworth	father	Francis_I_Holy_Roman_Emperor
Otto_II_Count_of_Habsburg	father	Frederick_III_Holy_Roman_Emperor
Oberto_II_Margrave_of_Milan	father	Afonso_IV_of_Portugal
Ingeborg_of_Denmark_Queen_of_France	father	Reginar_II_Count_of_Hainaut
Giovanni_il_Popolano	spouse	Henry_I_Duke_of_Brabant
_thelwulf_King_of_Wessex	spouse	Louis_VII_of_France
_thelwulf_King_of_Wessex	spouse	Eleanor_of_Alburquerque
Robert_II_of_Scotland	spouse	Ramon_Berenguer_IV_Count_of_Barcelona
Walter_Stewart_6th_High_Steward_of_Scotland	spouse	Louis_the_Stammerer
Luitgarde_of_Vermandois	spouse	Lucia_Migliaccio
Luitgarde_of_Vermandois	spouse	Albert_Frederick_Duke_of_Prussia
Leopold_Duke_of_Lorraine	spouse	Edward_III_of_England
Afonso_II_of_Portugal	spouse	Margaret_of_Valois_Angoul_me
Amicie_de_Courtenay	spouse	Theobald_I_of_Navarre
Charles_Emmanuel_III_of_Sardinia	spouse	Louis_XIV
Charles_Emmanuel_III_of_Sardinia	spouse	Clementia_of_Burgundy
Margaret_of_Austria_Queen_of_Spain	spouse	Claude_Fran_oise_de_Lorraine
Charles_Count_of_Valois	spouse	Philip_III_of_Navarre
Charles_Count_of_Valois	spouse	Lambert_I_Count_of_Louvain
Charles_Count_of_Valois	spouse	Louis_Jean_Marie_de_Bourbon_Duke_of_Penthi_vre
Isabella_of_Valois_Duchess_of_Bourbon	spouse	John_Count_of_Chalon
Anne_of_Austria	spouse	Anna_of_Holstei_Gottorp
Henry_II_of_Castile	spouse	Robert_II_Duke_of_Burgundy
Lucrezia_Tornabuoni	spouse	Adolf_Duke_of_Holstei_Gottorp
Stephen_III_Duke_of_Bavaria	spouse	Marie_Th_r_se_of_France
Albert_I_of_Germany	spouse	Engeltrude_de_F_zensac
Igor_of_Kiev	spouse	Ramon_Borrell_Count_of_Barcelona
Olga_of_Kiev	spouse	Geoffrey_Plantagenet_Count_of_Anjou
Matthias_I_Duke_of_Lorraine	spouse	Lucrezia_Tornabuoni
Adelaide_of_Leuven	spouse	Otto_I_Count_of_Scheyern
Wilhelmine_Amalie_of_Brunswick	spouse	Louis_XI
Philippe_II_Duke_of_Orl_ans	spouse	Margaret_of_Savoy_Countess_of_Saint_Pol
Empress_Matilda	spouse	Anne_of_Bohemia_and_Hungary
Philippa_of_Luxembourg	spouse	Ercole_III_d_Este_Duke_of_Modena
John_II_Count_of_Holland	spouse	Philippe_I_Duke_of_Orl_ans
Frederick_Prince_of_Wales	spouse	Alix_Duchess_of_Brittany
Caroline_of_Ansbach	spouse	Christine_of_Saxony
Maria_Beatrice_d_Este_Duchess_of_Massa	spouse	Margaret_Countess_of_Vertus
Francis_IV_Duke_of_Modena	spouse	Augustus_III_of_Poland
Rudolph_of_France	spouse	Adelaide_Blanche_of_Anjou
Ren__II_Duke_of_Lorraine	spouse	Thomas_Holland_2nd_Earl_of_Kent
Sophia_of_Brandenburg	spouse	Albert_I_Duke_of_Bavaria
Henry_the_Fowler	spouse	Kunigunde_of_Altdorf
Gerberga_of_Saxony	spouse	Willa_of_Burgundy
Gerberga_of_Saxony	spouse	James_I_of_Aragon
Gertrude_of_S_pplingenburg	spouse	Adelaide_of_Tours
Ren__of_Anjou	spouse	Margaret_of_Valois_Duchess_of_Berry
Ren__of_Anjou	spouse	Theobald_II_Count_of_Champagne
Mary_of_Guise	spouse	Adolphus_Frederick_I_Duke_of_Mecklenburg_Schwerin
John_VI_of_Vend_me	spouse	Gaston_IV_Count_of_Foix
Maria_of_Montpellier	spouse	Berengar_II_of_Italy
Beatrice_of_England	spouse	Teresa_Fern_ndez_de_Traba
Arthur_II_Duke_of_Brittany	spouse	Mahaut_of_Ch_tillon
Louis_Duke_of_Burgundy	spouse	Fran_oise_d_Alen_on
Philip_I_Landgrave_of_Hesse	spouse	John_I_of_Portugal
Louis_II_Duke_of_Bavaria	spouse	Victor_Amadeus_II_of_Sardinia
Louis_II_Duke_of_Bavaria	spouse	Beatrice_of_Navarre_Duchess_of_Burgundy
Maria_of_Brabant_Duchess_of_Bavaria	spouse	Louis_IV_Holy_Roman_Emperor
Alice_Holland_Countess_of_Kent	spouse	Matthew_I_of_Montmorency
Eleanor_of_Lancaster	spouse	Countess_Palatine_Dorothea_Sophie_of_Neuburg
Blanche_of_Brittany	spouse	Robert_II_of_France
Margaret_Stewart_Dauphine_of_France	spouse	Rixa_of_Werle
Francis_I_Holy_Roman_Emperor	spouse	Robert_II_of_France
Maria_Teresa_Cybo_Malaspina_Duchess_of_Massa	spouse	_thelwulf_King_of_Wessex
Maria_Teresa_Cybo_Malaspina_Duchess_of_Massa	spouse	Geoffrey_II_Count_of_G_tinais
Leopold_II_Holy_Roman_Emperor	spouse	Otto_II_Count_of_Chiny
Margaret_II_Countess_of_Hainaut	spouse	Joan_I_of_Navarre
Elisabeth_of_Cleves	spouse	Anne_of_Brittany
Marie_Ad_la_de_of_Savoy	spouse	William_X_Duke_of_Aquitaine
Odo_of_France	spouse	Ealhswith
Henry_I_Count_of_Champagne	spouse	Marie_de_Ch_tillon_1323_1363
Princess_Christine_Louise_of_Oettinge_Oettingen	spouse	Blanche_of_Castile
Henry_I_of_France	spouse	Madeleine_de_La_Tour_d_Auvergne
Henry_I_of_France	spouse	Juana_Manuel
Philip_I_of_France	spouse	Bertha_of_Holland
Philip_I_of_France	spouse	Beatrice_of_Avesnes
Beatriz_Pereira_de_Alvim	spouse	Emmanuel_Philibert_Duke_of_Savoy
Anne_Marie_d_Orl_ans	spouse	Maximilian_I_Holy_Roman_Emperor
Henrietta_of_England	spouse	Princess_Magdalena_Augusta_of_Anhalt_Zerbst
Lorenzo_de_Medici_Duke_of_Urbino	spouse	Louis_II_Duke_of_Bavaria
Blanche_of_Navarre_Queen_of_France	spouse	Maria_of_Montpellier
Philip_III_of_Navarre	spouse	Frederick_IV_Duke_of_Lorraine
Richardis	spouse	Jacquetta_of_Luxembourg
Sancho_I_of_Portugal	spouse	Robert_III_of_Worms
Afonso_I_of_Portugal	spouse	Ingeborg_of_Denmark_Queen_of_France
Thierry_Count_of_Flanders	spouse	Richard_Count_of__tampes
Maria_Josepha_of_Austria	spouse	Ramon_Berenguer_III_Count_of_Barcelona
Ramon_Berenguer_IV_Count_of_Barcelona	spouse	Eleanor_of_Provence
Ramon_Berenguer_III_Count_of_Barcelona	spouse	Joanna_of_Castile
Louise_of_Savoy	spouse	Lorenzo_the_Elder
Philip_II_Duke_of_Savoy	spouse	Anna_Porphyrogenita
John_II_of_France	spouse	Clemence_of_Austria
Joan_the_Lame	spouse	Pepin_the_Short
Baldwin_IV_Count_of_Hainaut	spouse	Jacquetta_of_Luxembourg
Louis_Dauphin_of_France_son_of_Louis_XIV	spouse	Charles_Count_of_Valois
Louis_Dauphin_of_France_son_of_Louis_XIV	spouse	Philip_Duke_of_Parma
Louis_XIV	spouse	Charles_Emmanuel_II_Duke_of_Savoy
Louis_XIV	spouse	Fran_oise_d_Aubign__Marquise_de_Maintenon
Louis_XIV	spouse	Louis_Dauphin_of_France_son_of_Louis_XV
Adelaide_of_Tours	spouse	Charles_IV_of_France
Adelaide_of_Tours	spouse	Alfonso_II_Count_of_Provence
Robert_the_Strong	spouse	Leopold_III_Duke_of_Austria
Joan_II_of_Navarre	spouse	Charlotte_of_Mecklenburg_Strelitz
Charles_IV_of_France	spouse	Charles_Emmanuel_II_Duke_of_Savoy
Charles_IV_of_France	spouse	Juana_Enr_quez
Charles_IV_of_France	spouse	Bonne_of_Artois
Magdalene_Sibylle_of_Prussia	spouse	Francis_I_of_the_Two_Sicilies
Marie_Eleonore_of_Cleves	spouse	Baldwin_II_Margrave_of_Flanders
Yaroslav_the_Wise	spouse	Ferdinand_III_of_Castile
Charles_VI_Holy_Roman_Emperor	spouse	Hedwig_of_Saxony
Victor_Amadeus_II_of_Sardinia	spouse	Isabella_of_Bourbon
Ferdinand_I_of_the_Two_Sicilies	spouse	Beatrice_Regina_della_Scala
Ferdinand_I_of_the_Two_Sicilies	spouse	Louise_Henriette_de_Bourbon
Hugh_III_Duke_of_Burgundy	spouse	James_I_of_Scotland
Hugh_III_Duke_of_Burgundy	spouse	Theobald_I_of_Navarre
Marie_Countess_of_Ponthieu	spouse	Gaston_de_Foix_Count_of_Candale
William_IV_Count_of_Ponthieu	spouse	Anna_von_Campe
Louis_I_Duke_of_Orl_ans	spouse	Osburh
Charles_V_of_France	spouse	Bertha_of_Burgundy
William_X_Duke_of_Aquitaine	spouse	William_IV_Duke_of_Aquitaine
Philippa_Countess_of_Toulouse	spouse	Maria_Teresa_Felicitas_d_Este
John_VIII_Count_of_Vend_me	spouse	Ingegerd_Olofsdotter_of_Sweden
Eleanor_of_Provence	spouse	Bertha_Duchess_of_Lorraine
Charles_Emmanuel_II_Duke_of_Savoy	spouse	Philip_II_Duke_of_Savoy
Charles_Emmanuel_II_Duke_of_Savoy	spouse	Otto_I_Duke_of_Bavaria
Joan_II_Countess_of_Burgundy	spouse	Maud_Chaworth
John_II_of_Aragon	spouse	Charles_Martel
John_II_of_Aragon	spouse	Bianca_Cappello
James_III_of_Scotland	spouse	Empress_Matilda
Mary_of_Guelders	spouse	Philip_V_of_France
Philippa_of_Hainault	spouse	Beatrice_of_Brandenburg
Joan_of_Valois_Countess_of_Hainaut	spouse	Maria_Josepha_of_Saxony_Dauphine_of_France
Matilda_of_Frisia	spouse	Alfonso_XI_of_Castile
Clementia_of_Hungary	spouse	John_II_Count_of_Holland
Louis_X_of_France	spouse	Marie_of_Luxembourg_Queen_of_France
Maud_of_Apulia	spouse	Fran_oise_Ath_na_s_de_Rochechouart_Marquise_de_Montespan
Charles_the_Simple	spouse	Anna_Maria_of_Mecklenburg_Schwerin
Countess_Palatine_Dorothea_Sophie_of_Neuburg	spouse	Hugh_III_Duke_of_Burgundy
Elisabeth_Farnese	spouse	Simon_Count_of_Ponthieu
Ermentrude_of_Orl_ans	spouse	Anne_of_Austria
Magnus_II_Duke_of_Brunswic_L_neburg	spouse	Eberhard_II_Count_of_W_rttemberg
Alfonso_II_Count_of_Provence	spouse	Hortense_de_Beauharnais
Rudolf_I_of_Germany	spouse	Saint_Margaret_of_Scotland
Rudolf_I_of_Germany	spouse	Maximilian_I_Holy_Roman_Emperor
Gertrude_of_Hohenberg	spouse	Adelaide_of_Holland
Beatrice_of_Portugal_died_1381	spouse	Philippa_of_Hainault
Catalina_Micaela_of_Spain	spouse	Henry_IV_of_England
Mary_of_Burgundy_Duchess_of_Cleves	spouse	John_I_of_Aragon
Mary_of_Burgundy	spouse	Bertrade_of_Montfort
Claude_Fran_oise_de_Lorraine	spouse	Archduchess_Maria_Theresa_of_Austria_Este_1817_1886
Nicholas_Francis_Duke_of_Lorraine	spouse	James_V_of_Scotland
Lutgardis_of_Luxemburg	spouse	Hedwig_of_Babenberg
Otto_I_Duke_of_Saxony	spouse	Wenceslaus_II_of_Bohemia
Hedwig_of_Babenberg	spouse	Joan_II_of_Navarre
Alfonso_X_of_Castile	spouse	Richard_Duke_of_Burgundy
Landgravine_Elisabeth_Amalie_of_Hesse_Darmstadt	spouse	Aelis
James_II_of_Scotland	spouse	Margaret_of_Brittany
Willa_of_Tuscany	spouse	Th_odrate_of_Troyes
Boso_Margrave_of_Tuscany	spouse	Maria_Amalia_of_Saxony
Frederick_III_Holy_Roman_Emperor	spouse	Odo_I_Count_of_Blois
Cymburgis_of_Masovia	spouse	Antoine_Count_of_Vaud_mont
Maria_Anna_of_Bavaria_born_1551	spouse	Caroline_of_Ansbach
Albert_V_Duke_of_Bavaria	spouse	Isabella_of_Portugal
Maria_Luisa_of_Spain	spouse	Margaret_of_Anjou
Charles_III_of_Spain	spouse	Margaret_of_Foix
Henry_the_Lion	spouse	John_IV_Duke_of_Brittany
Henry_the_Lion	spouse	Alexandre_de_Beauharnais
Otto_IV_Count_of_Burgundy	spouse	Mar_a_Isabella_of_Spain
Isabel_of_Barcelos	spouse	Jeanne_de_Laval
Ferdinand_II_of_Aragon	spouse	Margaret_of_Geneva
Ferdinand_II_of_Aragon	spouse	Clarice_Orsini
Willa_of_Burgundy	spouse	Louis_IV_of_France
Rudolph_II_of_Burgundy	spouse	Isabella_Countess_of_Gloucester
Mahaut_of_Ch_tillon	spouse	Elizabeth_Woodville
Eug_nie_de_Montijo	spouse	Anne_of_Kiev
Clemence_of_Austria	spouse	Philip_II_of_France
Peter_I_Duke_of_Bourbon	spouse	Philip_II_Duke_of_Savoy
Mary_of_Avesnes	spouse	Louis_II_of_Anjou
Joan_I_Countess_of_Auvergne	spouse	Edward_I_of_England
Henry_V_of_England	spouse	Yolanda_Latin_Empress
Albert_II_of_Germany	spouse	Theobald_I_of_Navarre
Joan_of__vreux	spouse	Agnes_of_France_Duchess_of_Burgundy
Louis_Count_of__vreux	spouse	Matilda_of_Carinthia
Otto_I_Duke_of_Brunswic_L_neburg	spouse	Matilda_of_Frisia
A_nor_de_Ch_tellerault	spouse	George_III
Louis_I_Duke_of_Bourbon	spouse	Magdalene_Sibylle_of_Prussia
Osburh	spouse	Louis_the_Pious
Marie_Antoinette	spouse	Sophia_Eleonore_of_Saxony
Charles_III_Duke_of_Savoy	spouse	Francis_II_of_France
Margaret_of_Bourbon_1438_1483	spouse	Afonso_I_of_Portugal
Maria_Theresa_of_Austria_Este_Queen_of_Sardinia	spouse	Ethelinde_of_Northeim
Vladimir_the_Great	spouse	Maria_Theresa_of_Spain
Vladimir_the_Great	spouse	Charles_the_Bald
John_of_Montfort	spouse	Edward_IV_of_England
Fulk_King_of_Jerusalem	spouse	Sophia_of_Hanover
Geoffrey_Plantagenet_Count_of_Anjou	spouse	Charles_Ferdinand_Duke_of_Berry
Henry_III_of_France	spouse	Louis_XI
Edward_III_of_England	spouse	Victor_Emmanuel_I_of_Sardinia
Marjorie_Bruce	spouse	Alfonso_VII_of_Le_n_and_Castile
Emma_of_Italy	spouse	Clementia_of_Z_hringen
Marie_Jos_phine_of_Savoy	spouse	Godfrey_I_Count_of_Louvain
Victor_Amadeus_III_of_Sardinia	spouse	Henry_VII_Holy_Roman_Emperor
Louis_XII	spouse	Charles_Count_of_Valois
Louis_XII	spouse	Maria_Anna_Victoria_of_Bavaria
Philip_I_of_Castile	spouse	Joseph_I_Holy_Roman_Emperor
Ramon_Borrell_Count_of_Barcelona	spouse	Maria_Luisa_of_Spain
Edward_Count_Palatine_of_Simmern	spouse	Adela_of_Normandy
Frederick_II_Count_of_Vaud_mont	spouse	Marie_of_Brittany_Countess_of_Saint_Pol
Eleanor_of_Castile	spouse	Ferdinand_VII_of_Spain
Alfonso_IX_of_Le_n	spouse	John_Frederick_Duke_of_Brunswic_Calenberg
Alfonso_IX_of_Le_n	spouse	Olof_Sk_tkonung
Urraca_of_Portugal	spouse	Isabella_of_Angoul_me
Charles_VIII_of_France	spouse	Mary_of_Hungary_Queen_of_Naples
Louis_XI	spouse	Baldwin_IV_Count_of_Flanders
Henry_IV_of_England	spouse	Adelaide_of_Tours
Adela_of_Normandy	spouse	Teresa_Gil_de_Vidaure
Stephen_Count_of_Blois	spouse	Robert_II_Count_of_Artois
Cosimo_I_de_Medici_Grand_Duke_of_Tuscany	spouse	Maria_Beatrice_of_Savoy
Camilla_Martelli	spouse	John_I_Count_of_Hainaut
Raymond_of_Burgundy	spouse	Louis_III_Landgrave_of_Thuringia
Marie_Countess_of_Harcourt	spouse	Henry_II_of_England
Lothair_II_of_Italy	spouse	Agnes_of_Loon
Jacquetta_of_Luxembourg	spouse	Maximilian_I_Holy_Roman_Emperor
Ernest_Augustus_Elector_of_Hanover	spouse	Margaret_of_Burgundy_Queen_of_France
Margaret_of_Anjou	spouse	Charles_IV_of_France
Charlotte_of_Bourbon_Queen_of_Cyprus	spouse	Richard_Fitzalan_3rd_Earl_of_Arundel
John_I_Count_of_La_Marche	spouse	Philippa_Countess_of_Toulouse
Matilda_II_Countess_of_Boulogne	spouse	Anna_of_Austria_Queen_of_Spain
Louis_IV_of_France	spouse	Victor_Amadeus_II_of_Sardinia
Rogneda_of_Polotsk	spouse	Lorenzo_de_Medici_Duke_of_Urbino
In_s_de_Castro	spouse	James_III_of_Scotland
Louis_V_of_France	spouse	Theresa_of_Portugal_Queen_of_Le_n
Marie_of_Luxembourg_Queen_of_France	spouse	Frederick_I_Duke_of_Lorraine
Henry_VII_Holy_Roman_Emperor	spouse	Anna_of_Nassau_Dillenburg
Saint_Margaret_of_Scotland	spouse	Antoine_Duke_of_Montpensier
Malcolm_III_of_Scotland	spouse	Fran_oise_d_Aubign__Marquise_de_Maintenon
_lfthryth_Countess_of_Flanders	spouse	Mary_of_Guise
Adela_of_Milan	spouse	Philip_of_Artois
Louis_XIII	spouse	Bertha_of_Swabia
Charles_the_Bald	spouse	Isabelle_de_Beauvau
Rudolph_Duke_of_Lorraine	spouse	Hildegarde_of_Burgundy
Otto_IV_Count_of_Scheyern	spouse	Philip_II_of_Spain
Beatrice_of_Albon	spouse	Charles_Emmanuel_III_of_Sardinia
Piero_di_Cosimo_de_Medici	spouse	John_Beaufort_1st_Earl_of_Somerset
Contessina_de_Bardi	spouse	Mary_of_Burgundy
Odo_IV_Duke_of_Burgundy	spouse	Philip_the_Good
Joan_III_Countess_of_Burgundy	spouse	Otto_I_Duke_of_Brunswic_L_neburg
Elisabeth_of_France_1602_1644	spouse	Anne_of_Brittany
William_I_Count_of_Hainaut	spouse	John_I_Duke_of_Brittany
Yolanda_of_Courtenay	spouse	Ingegerd_Olofsdotter_of_Sweden
Baldwin_II_Count_of_Hainaut	spouse	Eleanor_of_Portugal_Holy_Roman_Empress
Constance_of_Arles	spouse	Jeanne_d_Albret
Adelaide_of_Auxerre_born_c._870	spouse	Henry_III_of_England
Waldrada_of_Worms	spouse	Louis_I_Duke_of_Bavaria
James_I_of_Aragon	spouse	Gertrude_of_Saxony
James_I_of_Aragon	spouse	Margaret_Countess_of_Anjou
James_I_of_Aragon	spouse	Mary_Tudor_Queen_of_France
Teresa_Gil_de_Vidaure	spouse	Vladislaus_II_of_Hungary
Fran_oise_d_Aubign__Marquise_de_Maintenon	spouse	Isabella_I_of_Castile
Fran_oise_d_Aubign__Marquise_de_Maintenon	spouse	Duchess_Helene_of_Mecklenburg_Schwerin
Maria_Amalia_of_Naples_and_Sicily	spouse	Ferdinand_II_of_Aragon
Matilda_of_Scotland	spouse	Louis_Philippe_I
John_Beaufort_1st_Earl_of_Somerset	spouse	Eleanor_of_Toledo
Charles_Emmanuel_I_Duke_of_Savoy	spouse	Odo_IV_Duke_of_Burgundy
Maria_Amalia_of_Saxony	spouse	Madame_de_Montesson
Henry_I_Duke_of_Brabant	spouse	John_VIII_Count_of_Vend_me
Henry_I_Duke_of_Brabant	spouse	Henry_I_of_England
Isabella_of_Hainault	spouse	Constance_of_Arles
Margaret_I_Countess_of_Flanders	spouse	Stephen_Count_of_Blois
Archduchess_Maria_Clementina_of_Austria	spouse	Eleonore_of_Austria_Queen_of_Poland
Charles_VII_of_France	spouse	George_II_of_Great_Britain
Urraca_L_pez_de_Haro	spouse	Elizabeth_of_York
Charles_IX_of_France	spouse	Magnus_I_Duke_of_Brunswic_L_neburg
Francis_II_of_France	spouse	Eadgifu_of_Wessex
Margaret_of_Brabant	spouse	Joan_I_Countess_of_Auvergne
Philip_IV_of_France	spouse	Philip_III_of_France
Philip_III_of_France	spouse	Elizabeth_of_Luxembourg
Baldwin_II_Margrave_of_Flanders	spouse	Countess_Palatine_Dorothea_Sophie_of_Neuburg
Margaret_of_Bavaria	spouse	Theobald_III_Count_of_Blois
Louis_IX_of_France	spouse	Margaret_I_Countess_of_Flanders
Violant_of_Hungary	spouse	Louis_Dauphin_of_France_son_of_Louis_XIV
Ferdinand_II_of_Le_n	spouse	Simon_I_Duke_of_Lorraine
Ferdinand_II_of_Le_n	spouse	Margaret_II_Countess_of_Flanders
Ferdinand_II_of_Le_n	spouse	Edmund_Crouchback
Alfonso_VII_of_Le_n_and_Castile	spouse	Ferdinand_II_of_Le_n
Isabella_of_Aragon_Queen_of_France	spouse	Garsenda_Countess_of_Forcalquier
Juana_Enr_quez	spouse	Blanche_I_of_Navarre
Reginald_I_Count_of_Burgundy	spouse	Charles_IX_of_France
Ermentrude_de_Roucy	spouse	Igor_of_Kiev
Charles_Prince_of_Anhalt_Zerbst	spouse	Charles_the_Bold
Ferdinand_I_of_Aragon	spouse	Rupert_King_of_the_Romans
Robert_I_Duke_of_Burgundy	spouse	Louise_Marie_Ad_la_de_de_Bourbon_Duchess_of_Orl_ans
Robert_I_Duke_of_Burgundy	spouse	Arnulf_Count_of_Holland
Robert_III_of_Scotland	spouse	Sophia_of_Saxe_Weissenfels_Princess_of_Anhalt_Zerbst
Louis_the_Stammerer	spouse	Louis_Duke_of_Burgundy
Louis_the_Stammerer	spouse	Antoinette_of_Bourbon
Guilla_of_Provence	spouse	Vladimir_the_Great
Rudolph_I_of_Burgundy	spouse	Hugh_Despenser_the_Elder
Philippe_I_Duke_of_Orl_ans	spouse	Beatrice_of_Portugal_died_1381
Philippe_I_Duke_of_Orl_ans	spouse	Charles_II_Archduke_of_Austria
Helie_of_Semur	spouse	Berengaria_of_Barcelona
Marie_Jeanne_Baptiste_of_Savoy_Nemours	spouse	Louis_Count_of__vreux
Sophia_of_Minsk	spouse	Alfonso_XI_of_Castile
Sophia_of_Minsk	spouse	Odo_I_Count_of_Orl_ans
Ferdinand_III_of_Castile	spouse	Antoine_Duke_of_Lorraine
Ferdinand_III_of_Castile	spouse	Maria_Antonia_Ferdinanda_of_Spain
Maria_of_Aragon_Queen_of_Portugal	spouse	Louis_II_of_Anjou
Adolphus_Frederick_I_Duke_of_Mecklenburg_Schwerin	spouse	Hugh_de_Courtenay
Fran_oise_Ath_na_s_de_Rochechouart_Marquise_de_Montespan	spouse	Philip_I_of_Castile
Fran_oise_Ath_na_s_de_Rochechouart_Marquise_de_Montespan	spouse	Maria_of_Austria_Duchess_of_J_lich_Cleves_Berg
Henry_III_Duke_of_Brabant	spouse	Urraca_L_pez_de_Haro
Adelaide_of_Maurienne	spouse	Maria_Theresa_of_Austria_Este_Queen_of_Sardinia
Adelaide_of_Maurienne	spouse	Henry_the_Middle_Duke_of_Brunswic_L_neburg
Matilda_of_Habsburg	spouse	Elizabeth_Mure
Beatrice_of_Castile_1293_1359	spouse	Charles_Emmanuel_I_Duke_of_Savoy
Madeleine_de_La_Tour_d_Auvergne	spouse	Rozala_of_Italy
Emmanuel_Philibert_Duke_of_Savoy	spouse	Ida_Countess_of_Hainaut
Margaret_of_Valois_Duchess_of_Berry	spouse	Alfonso_XI_of_Castile
Owen_Tudor	spouse	Anabella_Drummond
Philip_V_of_Spain	spouse	Rudolf_I_of_Germany
Philip_V_of_Spain	spouse	Frederick_Louis_Hereditary_Grand_Duke_of_Mecklenburg_Schwerin
Charlotte_of_Mecklenburg_Strelitz	spouse	Germaine_of_Foix
Blanche_of_Castile	spouse	Constanza_Manuel
Maximilian_I_Holy_Roman_Emperor	spouse	Louis_XII
Maximilian_I_Holy_Roman_Emperor	spouse	Francis_II_Duke_of_Brittany
Bianca_Maria_Sforza	spouse	Margaret_of_Brieg
John_II_of_Portugal	spouse	Volodar_Glebovich_Prince_of_Minsk
Theobald_III_Count_of_Champagne	spouse	Albert_II_Duke_of_Brunswic_L_neburg
Odo_I_Duke_of_Burgundy	spouse	Isabella_of_Hainault
Antoinette_of_Bourbon	spouse	Estrid_of_the_Obotrites
Louis_XVIII	spouse	Louis_IV_Holy_Roman_Emperor
Maria_Josepha_of_Saxony_Dauphine_of_France	spouse	Gerberga_of_Lower_Lorraine
Joan_Beaufort_Queen_of_Scots	spouse	Gilbert_Duke_of_Lorraine
Hugh_the_Great	spouse	Beatrice_of_Portugal
Louis_the_German	spouse	Violant_of_Hungary
Charles_the_Fat	spouse	Madeleine_of_Valois
Margaret_Lyle	spouse	Joan_of__vreux
Gertrude_of_Flanders_Duchess_of_Lorraine	spouse	Louis_XIV
Theodoric_II_Duke_of_Lorraine	spouse	Arnulf_II_Count_of_Flanders
Ferdinand_I_Holy_Roman_Emperor	spouse	Anna_Maria_of_Ostfriesland
Louis_Dauphin_of_France_son_of_Louis_XV	spouse	Eleanor_of_Austria
Theobald_I_of_Navarre	spouse	Ernest_Augustus_Elector_of_Hanover
Theobald_I_of_Navarre	spouse	Aimery_I_Viscount_of_Ch_tellerault
Blanche_of_Navarre_Countess_of_Champagne	spouse	Beatrice_of_Portugal_Duchess_of_Savoy
Marie_Caroline_of_Bourbo_Two_Sicilies_Duchess_of_Berry	spouse	Charles_II_Duke_of_Lorraine
Charles_I_Duke_of_Bourbon	spouse	Fran_oise_Ath_na_s_de_Rochechouart_Marquise_de_Montespan
Agnes_of_Burgundy_Duchess_of_Bourbon	spouse	Francis_I_of_the_Two_Sicilies
Bianca_Maria_Visconti	spouse	Landgravine_Elisabeth_Amalie_of_Hesse_Darmstadt
Francesco_I_Sforza	spouse	Theobald_I_Count_of_Blois
Archduchess_Anna_of_Austria	spouse	Afonso_IV_of_Portugal
Charlotte_of_Savoy	spouse	Princess_Augusta_of_Saxe_Gotha
Elisabeth_of_Sicily_Duchess_of_Bavaria	spouse	Louis_Philippe_I_Duke_of_Orl_ans
Eleanor_of_Aquitaine	spouse	Yolande_Duchess_of_Lorraine
Benedicta_Henrietta_of_the_Palatinate	spouse	William_IX_Duke_of_Aquitaine
Richard_Woodville_1st_Earl_Rivers	spouse	Manuel_I_of_Portugal
Mary_Queen_of_Scots	spouse	Marie_Jeanne_Baptiste_of_Savoy_Nemours
Mary_Queen_of_Scots	spouse	Christina_of_Salm
Mary_Queen_of_Scots	spouse	William_III_Duke_of_Aquitaine
Hildegard_of_the_Vinzgau	spouse	Louise__lisabeth_of_France
Anne_of_Brittany	spouse	Charles_Emmanuel_III_of_Sardinia
Anne_of_Brittany	spouse	Philip_I_Landgrave_of_Hesse
Anne_of_Brittany	spouse	Petronilla_of_Aragon
_lffl_d_wife_of_Edward_the_Elder	spouse	Isabella_of_Valois_Duchess_of_Bourbon
Eadhild	spouse	Catherine_of_Anhalt_Bernburg
Humbert_II_Count_of_Savoy	spouse	Matthew_Stewart_4th_Earl_of_Lennox
Rozala_of_Italy	spouse	Alfonso_VIII_of_Castile
Adelaide_of_Holland	spouse	William_de_Beauchamp_9th_Earl_of_Warwick
Matilda_of_Saxony_countess_of_Flanders	spouse	Odo_III_Duke_of_Burgundy
Baldwin_III_Count_of_Flanders	spouse	Frederick_II_Margrave_of_Meissen
Alfred_the_Great	spouse	Haziga_of_Diessen
Dorothea_of_Denmark_Duchess_of_Brunswic_L_neburg	spouse	Louis_X_of_France
William_the_Younger_Duke_of_Brunswic_L_neburg	spouse	Guy_IV_Count_of_Saint_Pol
Godfrey_I_Count_of_Louvain	spouse	Maria_Manuela_Princess_of_Portugal
Godfrey_I_Count_of_Louvain	spouse	John_IV_Marquis_of_Montferrat
Isabella_of_France	spouse	Maximilian_II_Holy_Roman_Emperor
Joan_I_of_Navarre	spouse	Raymond_of_Burgundy
Valentina_Visconti_Duchess_of_Orl_ans	spouse	Blanche_of_Navarre_Queen_of_France
Elisabeth_Christine_of_Brunswic_Wolfenb_ttel	spouse	Ermesinde_of_Carcassonne
Sancho_III_of_Castile	spouse	Alfonso_IX_of_Le_n
Berengaria_of_Barcelona	spouse	Urraca_of_Le_n
Conrad_I_Count_of_Auxerre	spouse	Kingdom_of_Navarre
Alys_of_France_Countess_of_Vexin	spouse	Louis_X_of_France
Maria_Manuela_Princess_of_Portugal	spouse	Philip_IV_of_France
Catherine_of_Vend_me	spouse	Rainier_Marquis_of_Montferrat
Charles_Duke_of_Vend_me	spouse	Elisabeth_of_Sicily_Duchess_of_Bavaria
Andrew_II_of_Hungary	spouse	Ramon_Berenguer_I_Count_of_Barcelona
Margaret_of_Foix	spouse	Mary_Queen_of_Scots
Margaret_of_Foix	spouse	Philip_II_of_Spain
Margaret_of_Foix	spouse	Mary_Tudor_Queen_of_France
Prince_Philippe_Count_of_Paris	spouse	Beatriz_Pereira_de_Alvim
Constanza_Manuel	spouse	Henry_the_Lion
Elizabeth_Charlotte_Madame_Palatine	spouse	Peter_I_Duke_of_Bourbon
William_Longsword	spouse	Margaret_of_Bavaria
Elisabeth_Therese_of_Lorraine	spouse	Peter_II_of_Aragon
Agatha_wife_of_Edward_the_Exile	spouse	Maria_of_Aragon_Queen_of_Portugal
Yolande_Duchess_of_Lorraine	spouse	Barbara_Jagiellon
Robert_II_of_France	spouse	Maria_Amalia_of_Saxony
Robert_II_of_France	spouse	William_the_Younger_Duke_of_Brunswic_L_neburg
Robert_II_of_France	spouse	Adolph_I_Duke_of_Cleves
Hugh_IV_Duke_of_Burgundy	spouse	Sancho_IV_of_Castile
Hugh_IV_Duke_of_Burgundy	spouse	Hedwig_of_Formbach
Frederick_IV_Duke_of_Lorraine	spouse	Richeza_of_Poland_Queen_of_Sweden
Elizabeth_of_Luxembourg	spouse	Odoardo_Farnese_Hereditary_Prince_of_Parma
Anna_Eleonore_of_Hesse_Darmstadt	spouse	Humphrey_de_Bohun_7th_Earl_of_Hereford
Simon_I_Duke_of_Lorraine	spouse	Joan_III_Countess_of_Burgundy
Empress_Jos_phine	spouse	Isabella_of_Portugal_Duchess_of_Burgundy
James_Hepburn_4th_Earl_of_Bothwell	spouse	Mar_a_de_Molina
Ludmilla_of_Bohemia	spouse	Francesco_I_Sforza
William_de_Beauchamp_9th_Earl_of_Warwick	spouse	Heilika_of_Lengenfeld
Maud_FitzJohn_Countess_of_Warwick	spouse	Taddea_Visconti
Anna_Maria_of_Mecklenburg_Schwerin	spouse	Theresa_of_Portugal_Countess_of_Flanders
Stephen_II_Duke_of_Bavaria	spouse	John_George_I_Elector_of_Saxony
Agnes_of_France_Duchess_of_Burgundy	spouse	Charles_Brandon_1st_Duke_of_Suffolk
Louis_XVI	spouse	Philippa_of_Luxembourg
Louis_XVI	spouse	Emma_of_Italy
Marie_Th_r_se_of_France	spouse	Adelaide_of_Italy
Sophia_of_Istria	spouse	Odo_I_Duke_of_Burgundy
Henry_VI_of_England	spouse	Mary_of_Avesnes
William_VIII_Duke_of_Aquitaine	spouse	John_of_Montfort
Richard_Count_of__tampes	spouse	Charles_IV_of_France
Richard_Count_of__tampes	spouse	Margaret_of_Brabant
John_VII_Duke_of_Mecklenburg_Schwerin	spouse	Vladimir_the_Great
John_Count_of_Chalon	spouse	John_the_Fearless
Margaret_of_Valois_Angoul_me	spouse	Philip_V_of_Spain
William_IX_Duke_of_Aquitaine	spouse	Charles_Count_of_Angoul_me
William_IX_Duke_of_Aquitaine	spouse	John_II_Duke_of_Bourbon
Hildegarde_of_Burgundy	spouse	Catherine_of_Valois
Herbert_III_of_Omois	spouse	Eleanor_of_Aragon_Queen_of_Castile
Countess_Sophia_Albertine_of_Erbach_Erbach	spouse	Marjorie_Bruce
Francesco_I_de_Medici_Grand_Duke_of_Tuscany	spouse	Henry_X_Duke_of_Bavaria
Matilda_of_Brandenburg_Duchess_of_Brunswic_L_neburg	spouse	William_Duke_of_J_lich_Cleves_Berg
Malusha	spouse	_lisabeth_Charlotte_d_Orl_ans
Helena_of_Denmark	spouse	Margaret_of_Denmark_Queen_of_Scotland
Elizabeth_Gordon_Countess_of_Huntly	spouse	Yolande_of_Dreux_Queen_of_Scotland
Jean_Gordon_Countess_of_Bothwell	spouse	John_King_of_England
Joan_Countess_of_Ponthieu	spouse	James_Hepburn_4th_Earl_of_Bothwell
John_de_Beaumont_2nd_Baron_Beaumont	spouse	Edward_I_of_England
William_V_Duke_of_Aquitaine	spouse	Matthias_I_Duke_of_Lorraine
George_II_Landgrave_of_Hesse_Darmstadt	spouse	Empress_Matilda
John_I_Count_of_Hainaut	spouse	Margaret_of_Burgundy_Queen_of_France
Otto_I_Count_of_Scheyern	spouse	Helie_of_Semur
Henri_Count_of_Chambord	spouse	Hugh_the_Great
Elisabeth_of_Austria_Duchess_of_Lorraine	spouse	Robert_Count_of_Clermont
Louis_IV_Holy_Roman_Emperor	spouse	Francesco_III_d_Este_Duke_of_Modena
Louis_IV_Holy_Roman_Emperor	spouse	Galeazzo_Maria_Sforza
Albert_II_Duke_of_Brunswic_L_neburg	spouse	Eleanor_of_England_Queen_of_Castile
Bolko_I_the_Strict	spouse	Eleanor_of_Castile_died_1244
Philip_VI_of_France	spouse	James_Hepburn_4th_Earl_of_Bothwell
Philip_VI_of_France	spouse	Dorotea_Gonzaga
Margaret_of_Brittany	spouse	John_II_of_Aragon
Maria_Teresa_Felicitas_d_Este	spouse	William_Longsword
Anna_Maria_of_Ostfriesland	spouse	Adelaide_of_Maurienne
John_the_Fearless	spouse	Blanca_of_Navarre_Queen_of_Castile
Afonso_III_of_Portugal	spouse	Frederick_II_Duke_of_Saxe_Gotha_Altenburg
Afonso_III_of_Portugal	spouse	Countess_Caroline_of_Nassau_Saarbr_cken
Haziga_of_Diessen	spouse	Henry_V_of_England
Beatrice_of_Silesia	spouse	Ermengarde_of_Anjou_d._1146
Matthew_Stewart_2nd_Earl_of_Lennox	spouse	Agatha_wife_of_Edward_the_Exile
Blanche_of_Burgundy	spouse	Frederick_II_Count_of_Vaud_mont
Frederick_II_Duke_of_Saxe_Gotha_Altenburg	spouse	Philip_the_Good
Louis_Antoine_Duke_of_Angoul_me	spouse	Henry_II_of_Navarre
Margaret_of_Artois	spouse	Ferdinand_II_of_Aragon
Taddea_Visconti	spouse	Thomas_Count_of_Savoy
Otto_William_Count_of_Burgundy	spouse	Baldwin_II_Count_of_Hainaut
Maria_Beatrice_of_Savoy	spouse	Douce_I_Countess_of_Provence
Henry_IV_of_France	spouse	Louis_the_German
Henry_IV_of_France	spouse	Maria_of_Portugal_Queen_of_Castile
Conrad_I_of_Burgundy	spouse	Alys_of_France_Countess_of_Vexin
Ferdinand_Karl_Archduke_of_Austria_Este	spouse	Louis_Antoine_Duke_of_Angoul_me
Berengaria_of_Castile	spouse	Matilda_of_England_Duchess_of_Saxony
Judith_of_Habsburg	spouse	Louis_VIII_of_France
Margaret_of_Provence	spouse	Marie_Louise_Duchess_of_Parma
Bertha_of_Burgundy	spouse	Louis_Duke_of_Orl_ans_1703_1752
Bertha_of_Burgundy	spouse	Otto_IV_Count_of_Burgundy
Rixa_of_Werle	spouse	Henry_III_of_France
Eleanor_of_Austria	spouse	Elisabeth_of_Austria_Duchess_of_Lorraine
Eleanor_of_Austria	spouse	Isabella_of_Valois
Robert_Count_of_Clermont	spouse	Dulce_of_Aragon
Eadgifu_of_Wessex	spouse	Philippe_I_Duke_of_Orl_ans
Eadgifu_of_Wessex	spouse	Marie_Louise_Duchess_of_Parma
Elisabeth_of_Austria_Queen_of_France	spouse	John_III_Count_of_Auvergne
Francis_I_of_France	spouse	Charles_Duke_of_Orl_ans
Isabella_of_Burgundy_Queen_of_Germany	spouse	Louis_XII
Clementia_of_Z_hringen	spouse	Louis_IX_of_France
Philip_II_of_France	spouse	Louis_Rudolph_Duke_of_Brunswic_L_neburg
Philip_II_of_France	spouse	Victor_Amadeus_III_of_Sardinia
Philip_II_of_France	spouse	Agnes_of_Burgundy_Duchess_of_Aquitaine
Louis_the_Pious	spouse	Bolko_I_the_Strict
Ernest_Duke_of_Austria	spouse	Henry_Stuart_Lord_Darnley
Louis_Philippe_II_Duke_of_Orl_ans	spouse	Charles_Prince_of_Anhalt_Zerbst
Jeanne_d_Albret	spouse	Louis_I_Duke_of_Bourbon
Jeanne_d_Albret	spouse	Eleanor_of_Austria
Catherine_of_Foix_Countess_of_Candale	spouse	Marie_Countess_of_Ponthieu
Wierzchoslawa_Ludmilla_of_Greater_Poland	spouse	Caterina_Sforza
Francesco_III_d_Este_Duke_of_Modena	spouse	Albert_V_Duke_of_Bavaria
Ida_Countess_of_Hainaut	spouse	Francis_Count_of_Vend_me
Marie_of_Brittany_Countess_of_Saint_Pol	spouse	Walter_Stewart_6th_High_Steward_of_Scotland
Yolande_of_Aragon	spouse	Eleanor_of_Viseu
Joan_Fitzalan_Countess_of_Hereford	spouse	Christian_III_Count_Palatine_of_Zweibr_cken
Robert_I_of_France	spouse	Maria_Theresa
Sophie_of_Thuringia_Duchess_of_Brabant	spouse	Archduchess_Maria_Clementina_of_Austria
Claude_of_France_1547_1575	spouse	Maria_Christina_of_the_Two_Sicilies
Philippa_of_Lancaster	spouse	Agnes_of_Merania
John_I_of_Castile	spouse	Catalina_Micaela_of_Spain
John_I_of_Castile	spouse	Philip_V_of_Spain
Albert_Azzo_II_Margrave_of_Milan	spouse	Beatrice_of_Burgundy_Lady_of_Bourbon
Henry_III_of_England	spouse	Dangereuse_de_l_Isle_Bouchard
Louis_VIII_of_France	spouse	Adelaide_of_Burgundy_Duchess_of_Brabant
John_King_of_England	spouse	Berenguer_Ramon_I_Count_of_Barcelona
John_King_of_England	spouse	Augustus_Duke_of_Saxe_Weissenfels
Edward_the_Exile	spouse	Frederick_II_Duke_of_Brunswic_L_neburg
Otto_I_Duke_of_Bavaria	spouse	Henry_I_of_France
Heilika_of_Lengenfeld	spouse	Elisabeth_Christine_of_Brunswic_Wolfenb_ttel
Charles_Duke_of_Orl_ans	spouse	Ferdinand_Karl_Archduke_of_Austria_Este
Charles_Duke_of_Orl_ans	spouse	Edward_the_Elder
Marie_of_Cleves_Duchess_of_Orl_ans	spouse	Francis_I_of_France
Eleanor_of_England_Queen_of_Castile	spouse	Maud_FitzJohn_Countess_of_Warwick
Odoardo_Farnese_Hereditary_Prince_of_Parma	spouse	Conrad_I_Count_of_Auxerre
Louis_Bonaparte	spouse	Mary_of_Guise
Sancho_Alfonso	spouse	Otto_I_Duke_of_Saxony
Isabella_of_Portugal	spouse	Napoleon_III
Manuel_I_of_Portugal	spouse	Henri_Count_of_Chambord
Manuel_I_of_Portugal	spouse	Edward_II_of_England
Cosimo_de_Medici	spouse	Charles_III_of_Spain
Emma_of_Blois	spouse	Dorothea_of_Denmark_Duchess_of_Brunswic_L_neburg
George_III	spouse	Charles_V_Duke_of_Lorraine
Elisabeth_of_Nuremberg	spouse	Urraca_of_Castile_Queen_of_Portugal
Galeazzo_Maria_Sforza	spouse	Godfrey_I_Count_of_Louvain
Galeazzo_Maria_Sforza	spouse	Ernest_Duke_of_Austria
Dorotea_Gonzaga	spouse	Frederick_III_Duke_of_Lorraine
Henry_II_Duke_of_Brabant	spouse	Gerberga_of_Saxony
Anna_of_Austria_Queen_of_Spain	spouse	Cosimo_I_de_Medici_Grand_Duke_of_Tuscany
Jeanne_de_Laval	spouse	Piccarda_Bueri
Hugh_Despenser_the_Elder	spouse	Lothair_of_France
Margaret_of_Denmark_Queen_of_Scotland	spouse	Adelaide_of_Paris
Baldwin_V_Count_of_Hainaut	spouse	Sibylla_of_Anjou
Douce_I_Countess_of_Provence	spouse	Gisela_of_Burgundy_Marchioness_of_Montferrat
Gisela_of_Burgundy_Marchioness_of_Montferrat	spouse	Matilda_of_France
Gisela_of_Burgundy_Marchioness_of_Montferrat	spouse	Philip_the_Good
Germaine_of_Foix	spouse	John_VII_Duke_of_Mecklenburg_Schwerin
Louis_II_of_Anjou	spouse	Gertrude_of_Dagsburg
Louis_II_of_Anjou	spouse	Joanna_of_Flanders
Christine_of_Saxony	spouse	Margaret_of_the_Palatinate
Adam_Albert_von_Neipperg	spouse	Antoine_of_Navarre
Elisabeth_of_Swabia	spouse	James_I_of_Aragon
Yolande_of_Dreux_Duchess_of_Burgundy	spouse	Napoleon
Princess_Augusta_of_Saxe_Gotha	spouse	Jeanne_de_Bourbon_Duchess_of_Bourbon
Francis_I_Duke_of_Lorraine	spouse	Victor_Amadeus_I_Duke_of_Savoy
William_Duke_of_J_lich_Cleves_Berg	spouse	Marie_of_Anjou
William_Duke_of_J_lich_Cleves_Berg	spouse	Polyxena_of_Hesse_Rotenburg
Agnes_of_Beaujeu	spouse	Charles_VIII_of_France
Arnulf_II_Count_of_Flanders	spouse	James_II_of_Scotland
Philip_Duke_of_Parma	spouse	William_of_Winchester_Lord_of_Lunenburg
Lambert_I_Count_of_Louvain	spouse	Anna_of_Glogau
Gerberga_of_Lower_Lorraine	spouse	Marie_of_France_Countess_of_Champagne
Robert_I_Count_of_Flanders	spouse	Adela_of_Milan
Eleanor_of_Toledo	spouse	Louise_of_Lorraine
Philip_of_Artois	spouse	Robert_I_Duke_of_Burgundy
Louise_Henriette_de_Bourbon	spouse	Ernest_Frederick_I_Duke_of_Saxe_Hildburghausen
Mar_a_de_Molina	spouse	Sverker_I_of_Sweden
Elisabeth_of_Meissen	spouse	Alfonsina_Orsini
John_I_of_Aragon	spouse	Louis_V_of_France
John_I_of_Aragon	spouse	Catherine_of_Vend_me
Louis_VI_of_France	spouse	Elisabeth_of_Carinthia_Queen_of_the_Romans
Louis_VI_of_France	spouse	Charles_X
Peter_I_Duke_of_Brittany	spouse	Gerberga_of_Saxony
Henry_3rd_Earl_of_Lancaster	spouse	Louis_II_Duke_of_Bavaria
Matilda_of_Boulogne_Duchess_of_Brabant	spouse	Barbara_of_Cilli
Beatrice_of_Brandenburg	spouse	Baldwin_VI_Count_of_Flanders
Bertrada_of_Laon	spouse	John_Count_of_Chalon
Philip_the_Good	spouse	Marie_Ad_la_de_of_Savoy
Philip_the_Good	spouse	James_I_of_Aragon
Michelle_of_Valois	spouse	Marie_of_France_Duchess_of_Brabant
Henry_the_Middle_Duke_of_Brunswic_L_neburg	spouse	Rudolf_I_of_Germany
Henry_IX_Duke_of_Bavaria	spouse	Beatrice_of_England
John_I_Duke_of_Lorraine	spouse	Alfonso_X_of_Castile
Eleanor_of_Navarre	spouse	Luitgarde_of_Vermandois
Ercole_III_d_Este_Duke_of_Modena	spouse	Margaret_Countess_of_Vertus
Agnes_of_Merania	spouse	Isabella_of_Burgundy_Queen_of_Germany
John_IV_Duke_of_Brittany	spouse	Gersende_of_Maine
Joan_of_France_Duchess_of_Berry	spouse	Philip_William_Elector_Palatine
Henry_V_Holy_Roman_Emperor	spouse	John_King_of_England
Henry_VII_of_England	spouse	Ferdinand_III_of_Castile
Mar_a_Isabella_of_Spain	spouse	Joan_the_Lame
Charles_II_Archduke_of_Austria	spouse	Alice_of_Vergy
Welf_I_Duke_of_Bavaria	spouse	Christine_of_Hesse
William_of_Winchester_Lord_of_Lunenburg	spouse	Frederick_V_Burgrave_of_Nuremberg
Jeanne_de_Bourbon_Duchess_of_Bourbon	spouse	Matilda_of_Habsburg
Jeanne_de_Bourbon_Duchess_of_Bourbon	spouse	Berthold_II_Count_of_Andechs
Catherine_of_Valois	spouse	Louis_VI_of_France
Catherine_of_Valois	spouse	Matilda_of_Boulogne_Duchess_of_Brabant
Margaret_of_the_Palatinate	spouse	Marie_of_Luxembourg_Countess_of_Vend_me
Isabella_Countess_of_Gloucester	spouse	Charlemagne
Piccarda_Bueri	spouse	Richeza_of_Poland_Queen_of_Sweden
Margaret_of_Brieg	spouse	Theobald_III_Count_of_Blois
Sophia_of_Saxe_Weissenfels_Princess_of_Anhalt_Zerbst	spouse	Robert_II_of_Scotland
Princess_Louise_of_Hesse_Darmstadt_1757_1830	spouse	Francis_IV_Duke_of_Modena
Louis_IX_Landgrave_of_Hesse_Darmstadt	spouse	Joanna_of_Bourbon
Eleonore_of_Austria_Queen_of_Poland	spouse	Louis_VI_of_France
Joanna_of_Pfirt	spouse	Leopold_II_Holy_Roman_Emperor
James_V_of_Scotland	spouse	Odo_III_Duke_of_Burgundy
James_V_of_Scotland	spouse	Ogive_of_Luxembourg
Maria_Anna_Victoria_of_Bavaria	spouse	George_Duke_of_Brunswic_Calenberg
Mahaut_Countess_of_Artois	spouse	Gertrude_of_Saxony
Francis_II_Duke_of_Lorraine	spouse	Charles_Duke_of_Vend_me
Alfonso_XI_of_Castile	spouse	Otto_II_Duke_of_Bavaria
Alfonso_XI_of_Castile	spouse	Galeazzo_Maria_Sforza
Alfonso_XI_of_Castile	spouse	Gisela_of_Burgundy_Marchioness_of_Montferrat
Margaret_Douglas	spouse	Louis_XVIII
Margaret_Holland_Duchess_of_Clarence	spouse	Magnus_the_Strong
Bonne_of_Luxembourg	spouse	Francesco_I_de_Medici_Grand_Duke_of_Tuscany
Anne_of_Foix_Candale	spouse	Matilda_of_Saxony_countess_of_Flanders
Antoine_Count_of_Vaud_mont	spouse	Matilda_II_Countess_of_Boulogne
Maria_Luisa_of_Parma	spouse	John_II_of_Aragon
Maria_Theresa_of_Savoy	spouse	Margaret_of_Foix
Isabella_of_Valois	spouse	John_I_Count_of_La_Marche
Henry_VI_Count_of_Luxembourg	spouse	Maria_Luisa_Gabriella_of_Savoy
Matilda_of_Bavaria_Margravine_of_Meissen	spouse	Helena_of_Denmark
Philip_II_of_Spain	spouse	Margaret_Holland_Duchess_of_Clarence
Philip_II_of_Spain	spouse	Isabella_de_Beauchamp
Philip_II_of_Spain	spouse	Emma_of_France
John_II_Duke_of_Brittany	spouse	Yolanda_of_Courtenay
Bertha_of_Holland	spouse	Ermengarde_of_Hesbaye
Margaret_of_Burgundy_Queen_of_France	spouse	Princess_Marie_Isabelle_of_Orl_ans
Margaret_of_Burgundy_Queen_of_France	spouse	Violant_of_Aragon
Valdemar_I_of_Denmark	spouse	Richard_Count_of__tampes
Ingegerd_Olofsdotter_of_Sweden	spouse	Amicie_de_Courtenay
Bonne_of_Armagnac	spouse	Charles_Duke_of_Orl_ans
Marie_of_Luxembourg_Countess_of_Vend_me	spouse	Bianca_Maria_Visconti
Dangereuse_de_l_Isle_Bouchard	spouse	Joan_of_Ponthieu_Dame_of_Epernon
Philippa_of_Bar	spouse	Malcolm_III_of_Scotland
Lady_Margaret_Beaufort	spouse	Berengaria_of_Castile
Napoleon	spouse	Archduchess_Anna_of_Austria
Arnulf_Count_of_Holland	spouse	Guilla_of_Provence
Adelaide_of_Italy	spouse	Charles_I_Duke_of_Bourbon
Isabella_de_Beauchamp	spouse	Stephen_II_Duke_of_Bavaria
Princess_Magdalena_Augusta_of_Anhalt_Zerbst	spouse	Louis_Dauphin_of_France_son_of_Louis_XIV
Elizabeth_Mure	spouse	Blanche_of_Navarre_Countess_of_Champagne
Guy_Count_of_Flanders	spouse	John_of_Bohemia
Gertrude_of_Saxony	spouse	Beatrice_of_Bourbon_Queen_of_Bohemia
John_I_Duke_of_Brittany	spouse	Sophia_of_Holstei_Gottorp
Lothair_of_France	spouse	Fran_oise_Madeleine_d_Orl_ans
Gerloc	spouse	Joan_of_Navarre_Queen_of_England
Alice_of_Vergy	spouse	Charles_V_Holy_Roman_Emperor
Albert_II_Duke_of_Austria	spouse	Karl_August_Grand_Duke_of_Saxe_Weimar_Eisenach
Charles_II_of_Naples	spouse	Otto_William_Count_of_Burgundy
Margaret_Countess_of_Anjou	spouse	Henrietta_of_England
Ramon_Berenguer_II_Count_of_Barcelona	spouse	Beatrice_of_Castile_1242_1303
Joanna_of_Castile	spouse	William_I_Count_of_Hainaut
Albert_Azzo_I_Margrave_of_Milan	spouse	George_Duke_of_Saxony
George_II_of_Great_Britain	spouse	John_IV_Duke_of_Brittany
Marie_of_France_Countess_of_Champagne	spouse	Andrew_II_of_Hungary
Hemma	spouse	Louis_XIII
Judith_of_Bavaria_died_843	spouse	Matilda_of_Savoy_Queen_of_Portugal
Adelaide_Blanche_of_Anjou	spouse	Robert_the_Strong
Enno_III_Count_of_East_Frisia	spouse	Richeza_of_Poland_Queen_of_Sweden
Infanta_Luisa_Fernanda_Duchess_of_Montpensier	spouse	Eleanor_de_Guzm_n
Ren_e_of_Bourbon	spouse	Owen_Tudor
Matilda_of_England_Duchess_of_Saxony	spouse	Manuel_I_of_Portugal
Marie_Louise_Duchess_of_Parma	spouse	Otto_IV_Count_of_Burgundy
Marie_Louise_Duchess_of_Parma	spouse	Maria_of_Swabia
Garsenda_Countess_of_Forcalquier	spouse	Theodoric_II_Duke_of_Lorraine
Melisende_Queen_of_Jerusalem	spouse	Countess_Sophia_Albertine_of_Erbach_Erbach
Sancho_IV_of_Castile	spouse	Matthew_Stewart_2nd_Earl_of_Lennox
Violant_of_Aragon	spouse	Alice_of_Normandy
Isabella_of_Angoul_me	spouse	Sviatoslav_I
Claude_Duke_of_Guise	spouse	Afonso_I_Duke_of_Braganza
Marie__milie_de_Joly_de_Choin	spouse	Charles_VI_Holy_Roman_Emperor
Henry_II_of_Navarre	spouse	Otto_IV_Count_of_Scheyern
Sibylla_of_Burgundy_Duchess_of_Burgundy	spouse	Philip_I_of_France
Almodis_de_la_Marche	spouse	Cosimo_de_Medici
John_of_Bohemia	spouse	Isabella_of_Aragon_Queen_of_France
Olof_Sk_tkonung	spouse	Bona_of_Savoy
Baldwin_IV_Count_of_Flanders	spouse	Mahaut_Countess_of_Artois
Maria_of_Austria_Holy_Roman_Empress	spouse	Elisabeth_of_Valois
Giovanni_delle_Bande_Nere	spouse	Louis_II_Duke_of_Bavaria
Princess_Caroline_Louise_of_Saxe_Weimar_Eisenach	spouse	Afonso_III_of_Portugal
Margaret_of_Geneva	spouse	Fulk_King_of_Jerusalem
Alice_of_Normandy	spouse	Olga_of_Kiev
Berthold_II_Count_of_Andechs	spouse	Margaret_Lyle
Aimery_I_Viscount_of_Ch_tellerault	spouse	Charles_the_Fat
Richard_Duke_of_Burgundy	spouse	Louis_Henri_de_Pardaillan_de_Gondrin
Guisla_de_Llu__	spouse	Joan_I_Countess_of_Auvergne
Constance_of_Portugal	spouse	George_Gordon_4th_Earl_of_Huntly
Louis_I_Duke_of_Bavaria	spouse	Mary_Queen_of_Scots
Theobald_II_Count_of_Champagne	spouse	Yolande_of_Dreux_Duchess_of_Burgundy
Countess_Caroline_of_Nassau_Saarbr_cken	spouse	Blanche_of_Lancaster
Margaret_of_Saxony_Duchess_of_Brunswic_L_neburg	spouse	Charles_IV_of_Spain
Isabella_I_of_Castile	spouse	Elisabeth_of_Swabia
Gertrude_of_Dagsburg	spouse	Contessina_de_Bardi
Ermengarde_of_Anjou_Duchess_of_Burgundy	spouse	Blanche_of_Brittany
Afonso_I_Duke_of_Braganza	spouse	Cosimo_I_de_Medici_Grand_Duke_of_Tuscany
Louis_Jean_Marie_de_Bourbon_Duke_of_Penthi_vre	spouse	Matilda_of_Brandenburg_Duchess_of_Brunswic_L_neburg
Ferdinand_IV_of_Castile	spouse	Ermengarde_of_Anjou_Duchess_of_Burgundy
Beatrice_of_Bourbon_Queen_of_Bohemia	spouse	Theodoric_II_Duke_of_Lorraine
Frederick_III_Duke_of_Lorraine	spouse	Gerloc
Charles_V_Holy_Roman_Emperor	spouse	Blanche_of_Burgundy
Francesco_Farnese_Duke_of_Parma	spouse	Mary_Queen_of_Scots
Charles_Martel_of_Anjou	spouse	Baldwin_V_Count_of_Hainaut
Adolf_Duke_of_Holstei_Gottorp	spouse	Fran_oise_Marie_de_Bourbon
Joan_of_Navarre_Queen_of_England	spouse	Ermentrude_of_Orl_ans
Joan_of_Navarre_Queen_of_England	spouse	Rudolph_I_of_Burgundy
Guy_IV_Count_of_Saint_Pol	spouse	Piero_di_Cosimo_de_Medici
Alfonso_VIII_of_Castile	spouse	Blanche_of_Navarre_Duchess_of_Brittany
Charlotte_Agla__d_Orl_ans	spouse	Stephen_III_Duke_of_Bavaria
Isabelle_de_Beauvau	spouse	Blanche_of_Artois
Peter_II_of_Courtenay	spouse	Violant_of_Bar
Claudine_de_Brosse	spouse	Wulfhilde_of_Saxony
Viridis_Visconti	spouse	Matilda_of_Ringelheim
Blanche_of_Artois	spouse	Boso_Margrave_of_Tuscany
Margaret_of_Savoy_Countess_of_Saint_Pol	spouse	Ludmilla_of_Bohemia
Charles_V_Duke_of_Lorraine	spouse	Judith_of_Flanders
Alix_Duchess_of_Brittany	spouse	Joanna_of_Pfirt
Agnes_of_Loon	spouse	Edmund_Tudor_1st_Earl_of_Richmond
Charles_II_Duke_of_Lorraine	spouse	Stephen_III_Duke_of_Bavaria
Petronilla_of_Aragon	spouse	John_II_Duke_of_Brittany
Engeltrude_de_F_zensac	spouse	Maria_Teresa_Cybo_Malaspina_Duchess_of_Massa
Barbara_Jagiellon	spouse	Anne_Christine_of_Sulzbach_Princess_of_Piedmont
Rupert_King_of_the_Romans	spouse	Claudine_de_Brosse
Peter_II_of_Aragon	spouse	Yaroslav_the_Wise
Sigismund_Holy_Roman_Emperor	spouse	Ren__of_Anjou
Piero_the_Unfortunate	spouse	Pepin_of_Herstal
Clarice_Orsini	spouse	Valentina_Visconti_Duchess_of_Orl_ans
Bona_of_Savoy	spouse	Peter_I_of_Portugal
Eleanor_de_Guzm_n	spouse	Maria_Salviati
Paul_Scarron	spouse	Henry_3rd_Earl_of_Lancaster
Duchess_Helene_of_Mecklenburg_Schwerin	spouse	Henry_VI_of_England
Eleanor_of_Normandy	spouse	William_IX_Duke_of_Aquitaine
Ferdinand_Philippe_Duke_of_Orl_ans	spouse	Maud_of_Apulia
Bouchard_IV_of_Avesnes	spouse	_lfthryth_Countess_of_Flanders
Ermesinde_of_Carcassonne	spouse	Beatrice_of_Albon
Floris_I_Count_of_Holland	spouse	Urraca_of_Portugal
Christian_III_Count_Palatine_of_Zweibr_cken	spouse	Paul_Scarron
Francis_II_Duke_of_Brittany	spouse	Charlotte_Agla__d_Orl_ans
Eleanor_of_Castile_died_1244	spouse	Elisabeth_of_Austria_Queen_of_France
Lorenzo_de_Medici	spouse	Nicholas_Francis_Duke_of_Lorraine
Henry_Stuart_Lord_Darnley	spouse	Anne_of_Brittany
Philip_I_Count_of_Auvergne	spouse	Countess_Palatine_Caroline_of_Zweibr_cken
Geoffrey_II_Count_of_G_tinais	spouse	Charles_X
John_George_I_Elector_of_Saxony	spouse	Rudolph_II_of_Burgundy
Barbara_of_Cilli	spouse	Henry_the_Lion
Joanna_of_Austria_Grand_Duchess_of_Tuscany	spouse	Ferdinand_II_of_Le_n
Robert_II_Count_of_Artois	spouse	Philip_III_of_Spain
Simon_Count_of_Ponthieu	spouse	John_I_of_Aragon
Louis_Philippe_I_Duke_of_Orl_ans	spouse	Gertrude_of_Hohenberg
Louis_Philippe_I_Duke_of_Orl_ans	spouse	Elizabeth_Charlotte_Madame_Palatine
Maria_Antonia_Ferdinanda_of_Spain	spouse	Ramon_Berenguer_II_Count_of_Barcelona
Christine_of_Hesse	spouse	Albert_II_of_Germany
Hugh_de_Courtenay	spouse	Theobald_III_Count_of_Champagne
Victor_Emmanuel_I_of_Sardinia	spouse	Eadgifu_of_Wessex
John_of_Gaunt	spouse	Marie_of_Cleves_Duchess_of_Orl_ans
Marie_of_France_Duchess_of_Brabant	spouse	Philip_II_of_France
Agnes_of_Rochlitz	spouse	Robert_II_of_Scotland
Louise_of_Lorraine	spouse	Marie_Jos_phine_of_Savoy
Adelaide_of_Paris	spouse	Agnes_of_Burgundy_Duchess_of_Bourbon
Francis_I_of_the_Two_Sicilies	spouse	Margaret_II_Countess_of_Hainaut
Francis_I_of_the_Two_Sicilies	spouse	Maria_Carolina_of_Austria
Lucienne_of_Rochefort	spouse	Louis_Philippe_I_Duke_of_Orl_ans
Philip_William_Elector_Palatine	spouse	Margaret_Stewart_Dauphine_of_France
Urraca_of_Le_n	spouse	Louis_XVI
Polyxena_of_Hesse_Rotenburg	spouse	Philip_II_of_Spain
Maria_of_Portugal_Queen_of_Castile	spouse	Philippa_of_Guelders
Matilda_of_Carinthia	spouse	Matilda_of_B_thune
Ernest_Frederick_I_Duke_of_Saxe_Hildburghausen	spouse	Hemma
Jacques_of_Savoy_Count_of_Romont	spouse	Isabella_Duchess_of_Lorraine
Mary_Tudor_Queen_of_France	spouse	William_IV_Count_of_Ponthieu
Mary_Tudor_Queen_of_France	spouse	Janus_of_Cyprus
Fran_oise_Madeleine_d_Orl_ans	spouse	Maria_Christina_of_the_Two_Sicilies
Odo_III_Duke_of_Burgundy	spouse	A_nor_de_Ch_tellerault
Odo_III_Duke_of_Burgundy	spouse	Marie_Antoinette
Maria_Luisa_Gabriella_of_Savoy	spouse	Charles_the_Simple
Adela_of_Champagne	spouse	Princess_Louise_of_Hesse_Darmstadt_1757_1830
Ermengarde_Countess_of_Maine	spouse	Violant_of_Bar
Fulk_IV_Count_of_Anjou	spouse	Margaret_of_Valois
Sophia_of_Holstei_Gottorp	spouse	Philip_II_of_France
Edward_IV_of_England	spouse	Adam_Albert_von_Neipperg
Matilda_of_Savoy_Queen_of_Portugal	spouse	James_V_of_Scotland
Blanca_of_Navarre_Queen_of_Castile	spouse	Frederick_Prince_of_Wales
Robert_II_Duke_of_Burgundy	spouse	Mary_of_Guelders
Bonne_of_Artois	spouse	Alice_of_Namur
Charles_Ren__de_Bombelles	spouse	John_II_of_France
Bertha_Duchess_of_Lorraine	spouse	Mary_of_Waltham
Madame_de_Montesson	spouse	Ferdinand_I_of_Aragon
Sophia_of_Hanover	spouse	Sigismund_Holy_Roman_Emperor
Agust_n_Fernando_Mu_oz_y_S_nchez_1st_Duke_of_Ri_nsares	spouse	Reginald_I_Count_of_Burgundy
Peter_II_Count_of_Saint_Pol	spouse	William_VIII_Duke_of_Aquitaine
Blanche_I_of_Navarre	spouse	Cymburgis_of_Masovia
Hedwig_of_Formbach	spouse	Catherine_I_Latin_Empress
Letizia_Bonaparte	spouse	Constance_of_Portugal
William_III_Duke_of_Aquitaine	spouse	Sophia_of_Istria
Charles_Ferdinand_Duke_of_Berry	spouse	Richardis
Theobald_III_Count_of_Blois	spouse	Anna_Canalis_di_Cumiana
Charles_the_Bold	spouse	Agust_n_Fernando_Mu_oz_y_S_nchez_1st_Duke_of_Ri_nsares
Catherine_I_Latin_Empress	spouse	Alfred_the_Great
Louis_II_d_Orl_ans_Duke_of_Longueville	spouse	Humbert_II_Count_of_Savoy
Elizabeth_Woodville	spouse	Philip_VI_of_France
Archduchess_Maria_Theresa_of_Austria_Este_1817_1886	spouse	Floris_I_Count_of_Holland
Madeleine_of_Valois	spouse	Margaret_of_Artois
Ealhswith	spouse	Sancho_I_of_Portugal
Elisabeth_of_Valois	spouse	Valdemar_I_of_Denmark
John_III_Count_of_Auvergne	spouse	Ansgarde_of_Burgundy
Margaret_of_Flanders_Duchess_of_Brabant	spouse	Rozala_of_Italy
Magdalene_of_Brandenburg_1412_1454	spouse	Richard_Woodville_1st_Earl_Rivers
Charles_Brandon_1st_Duke_of_Suffolk	spouse	Giovanni_delle_Bande_Nere
Dulce_of_Aragon	spouse	Louis_II_of_Anjou
Violant_of_Bar	spouse	Christina_of_Denmark
Violant_of_Bar	spouse	Godfrey_I_Count_of_Verdun
Joan_Holland_Duchess_of_Brittany	spouse	Maria_Beatrice_d_Este_Duchess_of_Massa
Richeza_of_Poland_Queen_of_Sweden	spouse	Lutgardis_of_Luxemburg
Richeza_of_Poland_Queen_of_Sweden	spouse	Ermengarde_of_Anjou_Duchess_of_Burgundy
Richeza_of_Poland_Queen_of_Sweden	spouse	Francis_II_Duke_of_Brittany
Agnes_of_the_Palatinate	spouse	Fulk_King_of_Jerusalem
Margaret_Countess_of_Vertus	spouse	Adelaide_of_Leuven
Margaret_Countess_of_Vertus	spouse	Ferdinand_IV_of_Castile
Auguste_of_Bade_Baden	spouse	Eleanor_of_Lancaster
Odo_I_Count_of_Orl_ans	spouse	Ferdinand_Philippe_Duke_of_Orl_ans
Teresa_Fern_ndez_de_Traba	spouse	Joan_Countess_of_Ponthieu
Gersende_of_Maine	spouse	Henry_II_Duke_of_Brabant
Rotrude_of_Hesbaye	spouse	Charles_III_Duke_of_Lorraine
Matilda_of_B_thune	spouse	Maria_Anna_of_Bavaria_born_1551
Louise__lisabeth_of_France	spouse	Marie_Caroline_of_Bourbo_Two_Sicilies_Duchess_of_Berry
Euphemia_de_Ross	spouse	John_I_Duke_of_Brabant
Richilde_Countess_of_Hainaut	spouse	Adelaide_of_Auxerre_born_c._870
Anna_Porphyrogenita	spouse	Beatrice_of_Silesia
George_Duke_of_Saxony	spouse	Margaret_of_Provence
Eleanor_of_Alburquerque	spouse	Carlo_Buonaparte
Giovanni_di_Bicci_de_Medici	spouse	Edward_the_Exile
Albert_I_Duke_of_Bavaria	spouse	Hugh_IV_Duke_of_Burgundy
Bernab__Visconti	spouse	Philip_IV_of_Spain
Estrid_of_the_Obotrites	spouse	Louis_I_Duke_of_Orl_ans
Otto_II_Count_of_Chiny	spouse	Lorenzo_de_Medici
Maria_Christina_of_the_Two_Sicilies	spouse	Marie_de_Medici
Maria_Christina_of_the_Two_Sicilies	spouse	Sancho_III_of_Castile
Thomas_Count_of_Savoy	spouse	Herbert_III_of_Omois
Ermengarde_of_Anjou_d._1146	spouse	Ermengarde_Countess_of_Maine
Anna_Canalis_di_Cumiana	spouse	Berthold_Duke_of_Merania
Isabella_of_Portugal_Duchess_of_Burgundy	spouse	Elisabeth_of_Nuremberg
Beatrice_of_Burgundy_Lady_of_Bourbon	spouse	Bertrade_of_Montfort
Isabella_of_Bourbon	spouse	Albert_II_Duke_of_Austria
Sverker_I_of_Sweden	spouse	Lucienne_of_Rochefort
Beatrice_of_Castile_1242_1303	spouse	Charles_Martel_of_Anjou
Edmund_Crouchback	spouse	Claude_Duke_of_Guise
Magnus_the_Strong	spouse	Marie_Louise_Duchess_of_Parma
Augustus_Duke_of_Saxe_Weissenfels	spouse	Catherine_of_Valois
Maria_Salviati	spouse	Lothair_II_of_Italy
Fran_oise_d_Alen_on	spouse	Guy_Count_of_Flanders
Christine_of_France	spouse	Ferdinand_II_of_Le_n
Kingdom_of_Navarre	spouse	Peter_I_Duke_of_Brittany
Theresa_of_Portugal_Countess_of_Flanders	spouse	Louis_XII
Otto_V_Duke_of_Brunswic_L_neburg	spouse	John_II_of_France
Margaret_of_France_Queen_of_England	spouse	Odo_II_Count_of_Blois
Maud_of_Normandy	spouse	Albert_Azzo_I_Margrave_of_Milan
Blanche_of_Navarre_Duchess_of_Brittany	spouse	Sibylla_of_Burgundy_Duchess_of_Burgundy
Plectrude	spouse	Ermentrude_de_Roucy
Bertha_of_Swabia	spouse	Giovanni_di_Bicci_de_Medici
Rainier_Marquis_of_Montferrat	spouse	Charles_Count_of_Valois
John_of_Lancaster_1st_Duke_of_Bedford	spouse	Marie__milie_de_Joly_de_Choin
Maud_Chaworth	spouse	Marie_Countess_of_Harcourt
Karl_August_Grand_Duke_of_Saxe_Weimar_Eisenach	spouse	Joan_of_Valois_Countess_of_Hainaut
Ginevra_Cavalcanti	spouse	Sophia_of_Minsk
Gilbert_Duke_of_Lorraine	spouse	Sancho_Alfonso
Louis_Henri_de_Pardaillan_de_Gondrin	spouse	Eugene_Jean_Count_of_Soissons
Clementia_of_Burgundy	spouse	Henry_I_Duke_of_Brabant
Ferdinand_VII_of_Spain	spouse	Charles_Duke_of_Orl_ans
Volodar_Glebovich_Prince_of_Minsk	spouse	Afonso_III_of_Portugal
Ingeborg_of_Denmark_Queen_of_France	spouse	John_Constable_of_Portugal
Adele_of_Valois	spouse	Henry_I_Count_of_Champagne
Joanna_of_Flanders	spouse	Anne_Gonzaga
Anna_of_Glogau	spouse	Philip_VI_of_France
Margaret_Countess_of_Anjou	successor	Alfonso_II_of_Aragon
_thelwulf_King_of_Wessex	child	John_III_Duke_of_Brittany
_thelwulf_King_of_Wessex	child	Ferdinand_I_of_Aragon
_thelwulf_King_of_Wessex	child	Edward_III_Duke_of_Bar
_thelwulf_King_of_Wessex	child	Prince_Vittorio_Amedeo_Teodoro_Duke_of_Aosta
_thelwulf_King_of_Wessex	child	Sigismund_I_the_Old
Robert_II_of_Scotland	child	Claude_of_France
Robert_II_of_Scotland	child	Louis_Philippe_I_Duke_of_Orl_ans
Robert_II_of_Scotland	child	Leopold_I_Duke_of_Austria
Robert_II_of_Scotland	child	Charles_Orlando_Dauphin_of_France
Leopold_Duke_of_Lorraine	child	Margaret_Stewart_Dauphine_of_France
Leopold_Duke_of_Lorraine	child	Charles_X
Leopold_Duke_of_Lorraine	child	Canute_VI_of_Denmark
Leopold_Duke_of_Lorraine	child	George_Gordon_5th_Earl_of_Huntly
Leopold_Duke_of_Lorraine	child	Maximilian_III_Archduke_of_Austria
Afonso_II_of_Portugal	child	Louis_V_of_France
Afonso_II_of_Portugal	child	Elizabeth_of_York
Afonso_II_of_Portugal	child	Archduke_Anton_Victor_of_Austria
Charles_Emmanuel_III_of_Sardinia	child	Maria_Amalia_of_Saxony
Charles_Emmanuel_III_of_Sardinia	child	Prince_Philippe_Count_of_Paris
Charles_Emmanuel_III_of_Sardinia	child	Elisabeth_of_Nuremberg
Charles_Emmanuel_III_of_Sardinia	child	Duke_George_Augustus_of_Mecklenburg
Charles_Emmanuel_III_of_Sardinia	child	Infanta_Luisa_Fernanda_Duchess_of_Montpensier
Charles_Emmanuel_III_of_Sardinia	child	Francis_Count_of_Enghien
Philip_IV_of_Spain	child	Ferdinand_I_of_the_Two_Sicilies
Philip_IV_of_Spain	child	Clemence_of_Austria
Philip_IV_of_Spain	child	John_I_of_France
Philip_IV_of_Spain	child	Catherine_of_Austria_Queen_of_Portugal
Philip_IV_of_Spain	child	David_Stewart_Earl_of_Strathearn
Margaret_of_Austria_Queen_of_Spain	child	Bonne_of_Luxembourg
Margaret_of_Austria_Queen_of_Spain	child	Infante_Carlos_of_Spain_1607_1632
Margaret_of_Austria_Queen_of_Spain	child	Maria_Amalia_Duchess_of_Parma
Margaret_of_Austria_Queen_of_Spain	child	Matthias_Holy_Roman_Emperor
Charles_Count_of_Valois	child	William_Adelin
Charles_Count_of_Valois	child	Eleanor_of_England_Countess_of_Leicester
Charles_Count_of_Valois	child	Margaret_Marchioness_of_Namur
Charles_Count_of_Valois	child	Louis_the_Younger
Isabella_of_Valois_Duchess_of_Bourbon	child	Arthur_II_Duke_of_Brittany
Isabella_of_Valois_Duchess_of_Bourbon	child	Marie_of_Anjou
Isabella_of_Valois_Duchess_of_Bourbon	child	Caroline_Matilda_of_Great_Britain
Isabella_of_Valois_Duchess_of_Bourbon	child	Archduchess_Maria_Anna_of_Austria_born_1738
Philip_III_of_Spain	child	Margaret_of_Valois_Duchess_of_Berry
Philip_III_of_Spain	child	Sanchia_of_Provence
Philip_III_of_Spain	child	Anna_of_Hungary_Byzantine_empress
Philip_III_of_Spain	child	Duchess_Helene_of_Mecklenburg_Schwerin
Philip_III_of_Spain	child	Jacques_of_Savoy_Count_of_Romont
Henry_II_of_Castile	child	Elisabeth_of_France_1602_1644
Albert_I_of_Germany	child	Isabella_of_Valois_Duchess_of_Bourbon
Albert_I_of_Germany	child	Ferdinand_II_of_Aragon
Albert_I_of_Germany	child	Charles_VI_of_France
Albert_I_of_Germany	child	Nicolas_Duke_of_Merc_ur
Albert_I_of_Germany	child	Ferdinand_Karl_Archduke_of_Austria_Este
Albert_I_of_Germany	child	Edward_of_Westminster_Prince_of_Wales
Albert_I_of_Germany	child	Charles_de_Lorraine_de_Vaud_mont
Albert_I_of_Germany	child	Ren_e_of_France
Albert_I_of_Germany	child	Mercedes_of_Orl_ans
Igor_of_Kiev	child	Margaret_of_England
Matthias_I_Duke_of_Lorraine	child	Marie_Antoinette
Matthias_I_Duke_of_Lorraine	child	Victor_Emmanuel_I_of_Sardinia
Wilhelmine_Amalie_of_Brunswick	child	Eleanor_of_Woodstock
Wilhelmine_Amalie_of_Brunswick	child	Sviatoslav_II_of_Kiev
Philippe_II_Duke_of_Orl_ans	child	Henry_III_of_France
Philippe_II_Duke_of_Orl_ans	child	Hedwig_Jagiellon_Duchess_of_Bavaria
Philippe_II_Duke_of_Orl_ans	child	Hugh_V_Duke_of_Burgundy
Philippe_II_Duke_of_Orl_ans	child	Elizabeth_of_Luxembourg
Philippe_II_Duke_of_Orl_ans	child	Jean_Gordon_Countess_of_Bothwell
Philippe_II_Duke_of_Orl_ans	child	Princess_Louise_d_Artois
Philippe_II_Duke_of_Orl_ans	child	Prince_Antonio_Count_of_Lecce
Matthias_II_Duke_of_Lorraine	child	Princess_Catherine_Beatrice_of_Savoy
Frederick_II_Duke_of_Lorraine	child	Eleanor_of_England_Countess_of_Bar
Frederick_II_Duke_of_Lorraine	child	Irmgard_of_Chiemsee
Empress_Matilda	child	Archduchess_Margaret_of_Austria_nun
Empress_Matilda	child	Robert_Count_of_Clermont
Empress_Matilda	child	Alphonse_Count_of_Poitiers
Henry_II_of_England	child	Charles_Emmanuel_III_of_Sardinia
Henry_II_of_England	child	Clotilde_of_France
Henry_II_of_England	child	Infante_Antonio_Duke_of_Galliera
Henry_II_of_England	child	Theobald_II_of_Navarre
Henry_II_of_England	child	John_Duke_of_Berry
Henry_II_of_England	child	Ren_e_of_France
Henry_II_of_England	child	Blanche_of_France_Infanta_of_Castile
Henry_II_of_England	child	Marie_of_Prussia_Margravine_of_Brandenburg_Bayreuth
Frederick_Prince_of_Wales	child	Maria_Theresa_of_Spain
Frederick_Prince_of_Wales	child	Charles_II_of_Navarre
Frederick_Prince_of_Wales	child	Boris_and_Gleb
Frederick_Prince_of_Wales	child	Charles_II_de_Valois_Duke_of_Orl_ans
Frederick_Prince_of_Wales	child	_thelstan_of_Kent
Frederick_Prince_of_Wales	child	Louis_of_France_1264_1276
Maria_Beatrice_d_Este_Duchess_of_Massa	child	Sancho_II_of_Portugal
Maria_Beatrice_d_Este_Duchess_of_Massa	child	Igor_of_Kiev
Maria_Beatrice_d_Este_Duchess_of_Massa	child	Prince_Frederick_of_Great_Britain
Maria_Beatrice_d_Este_Duchess_of_Massa	child	Agnes_of_France_Duchess_of_Burgundy
Maria_Beatrice_d_Este_Duchess_of_Massa	child	Conrad_II_Duke_of_Transjurane_Burgundy
Francis_IV_Duke_of_Modena	child	Elisabeth_of_Lorraine
Francis_IV_Duke_of_Modena	child	Maria_Anna_of_Savoy
Ren__II_Duke_of_Lorraine	child	_thelfl_d
Ren__II_Duke_of_Lorraine	child	Philippe_Emmanuel_Duke_of_Merc_ur
Ren__II_Duke_of_Lorraine	child	Blanche_of_Bourbon
Ren__II_Duke_of_Lorraine	child	Maria_Antonia_Ferdinanda_of_Spain
Antoine_Duke_of_Lorraine	child	Yolanda_of_Courtenay
Antoine_Duke_of_Lorraine	child	Frederick_I_Elector_of_Brandenburg
Antoine_Duke_of_Lorraine	child	Margaret_of_Hohenzoller_Nuremberg
Henry_the_Fowler	child	Maria_Theresa_of_Austria_1767_1827
Henry_the_Fowler	child	Princess_Marie_Isabelle_of_Orl_ans
Henry_the_Fowler	child	Eadhild
Henry_the_Fowler	child	J_r_me_Bonaparte
Henry_the_Fowler	child	James_IV_of_Scotland
Henry_the_Fowler	child	Victor_Emmanuel_I_of_Sardinia
Gerberga_of_Saxony	child	Matilda_of_France
Gerberga_of_Saxony	child	Luisa_of_Naples_and_Sicily
Gerberga_of_Saxony	child	Peter_of_Aragon_Count_of_Alburquerque
Ren__of_Anjou	child	Charles_Ferdinand_Duke_of_Berry
Ren__of_Anjou	child	Catherine_Henriette_de_Bourbon
Ren__of_Anjou	child	Louis_Auguste_Duke_of_Maine
Mary_of_Guise	child	Isabella_of_Castile_Queen_of_Aragon
Mary_of_Guise	child	Archduchess_Maria_Carolina_of_Austria_born_1740
Beatrice_of_England	child	Joanna_of_Austria_Princess_of_Portugal
Beatrice_of_England	child	Joan_of_Valois_Queen_of_Navarre
Arthur_II_Duke_of_Brittany	child	Elizabeth_Woodville
Isabella_Duchess_of_Lorraine	child	Beatrice_of_Luxembourg
Isabella_Duchess_of_Lorraine	child	Elisabeth_of_Courtenay
Isabella_Duchess_of_Lorraine	child	Gertrude_of_Flanders_Countess_of_Savoy
Louis_XV	child	Joan_II_of_Navarre
Louis_XV	child	Charles_IV_of_France
Louis_XV	child	Claude_of_France
Louis_XV	child	Archduke_Charles_Joseph_of_Austria_born_1745
Louis_XV	child	Henri_Count_of_Chambord
Louis_XV	child	Albert_Casimir_Duke_of_Teschen
Louis_XV	child	Robert_I_Count_of_Dreux
Louis_XV	child	Archduchess_Maria_Johanna_Gabriela_of_Austria
Louis_XV	child	Henry_the_Young_King
Louis_Duke_of_Burgundy	child	Ad_la_de_d_Orl_ans
Eleanor_of_Lancaster	child	Landgravine_Elisabeth_Amalie_of_Hesse_Darmstadt
Eleanor_of_Lancaster	child	Duke_Charles_Louis_Frederick_of_Mecklenburg
Eleanor_of_Lancaster	child	Johann_Adolf_I_Duke_of_Saxe_Weissenfels
Eleanor_of_Lancaster	child	Prince_Maurizio_Duke_of_Montferrat
Eleanor_of_Lancaster	child	Nicolas_Henri_Duke_of_Orl_ans
Francis_I_Holy_Roman_Emperor	child	Magdalene_Sibylle_of_Prussia
Francis_I_Holy_Roman_Emperor	child	Emmanuel_Philibert_Duke_of_Savoy
Francis_I_Holy_Roman_Emperor	child	Dirk_IV_Count_of_Holland
Francis_I_Holy_Roman_Emperor	child	Bonne_of_Luxembourg
Francis_I_Holy_Roman_Emperor	child	Maria_Luisa_of_Parma
Francis_I_Holy_Roman_Emperor	child	Helie_of_Burgundy
Francis_I_Holy_Roman_Emperor	child	Francis_II_Duke_of_Brittany
Francis_I_Holy_Roman_Emperor	child	Childebrand_I
Francis_I_Holy_Roman_Emperor	child	Carloman_son_of_Charles_the_Bald
Francis_I_Holy_Roman_Emperor	child	Margaret_I_Countess_of_Burgundy
Francis_I_Holy_Roman_Emperor	child	Amalric_of_Jerusalem
Francis_I_Holy_Roman_Emperor	child	Hucbert
Francis_I_Holy_Roman_Emperor	child	Isabella_of_England
Edward_I_of_England	child	Beatrice_of_England
Edward_I_of_England	child	Charles_VIII_of_France
Edward_I_of_England	child	Frederick_I_Duke_of_Lorraine
Edward_I_of_England	child	Louis_Dauphin_of_France_son_of_Louis_XV
Edward_I_of_England	child	William_of_Winchester_Lord_of_Lunenburg
Edward_I_of_England	child	Philip_Count_of_Longueville
Maria_Teresa_Cybo_Malaspina_Duchess_of_Massa	child	Princess_Maria_Antonia_of_Naples_and_Sicily
Leopold_II_Holy_Roman_Emperor	child	Alphonso_Earl_of_Chester
Leopold_II_Holy_Roman_Emperor	child	Mary_Queen_of_Scots
Leopold_II_Holy_Roman_Emperor	child	Philip_I_Count_of_Flanders
Leopold_II_Holy_Roman_Emperor	child	Eleanor_of_England_Queen_of_Castile
Leopold_II_Holy_Roman_Emperor	child	John_II_Duke_of_Brittany
Leopold_II_Holy_Roman_Emperor	child	Archduke_Charles_Duke_of_Teschen
Leopold_II_Holy_Roman_Emperor	child	Gisela_of_France
Leopold_II_Holy_Roman_Emperor	child	Elizabeth_of_Rhuddlan
Leopold_II_Holy_Roman_Emperor	child	John_of_Eltham_Earl_of_Cornwall
Leopold_II_Holy_Roman_Emperor	child	Urraca_Afonso
Leopold_II_Holy_Roman_Emperor	child	Emma_of_Paris_Duchess_of_Normandy
Marie_Ad_la_de_of_Savoy	child	Carlo_Buonaparte
Princess_Christine_Louise_of_Oettinge_Oettingen	child	Blanche_of_Valois
Princess_Christine_Louise_of_Oettinge_Oettingen	child	Princess_Caroline_Louise_of_Saxe_Weimar_Eisenach
Princess_Christine_Louise_of_Oettinge_Oettingen	child	Agnes_of_France_Byzantine_Empress
Henry_I_of_France	child	Francis_III_Duke_of_Brittany
Philip_I_of_France	child	Isabella_of_Aragon_Queen_of_France
Philip_I_of_France	child	John_II_Duke_of_Bourbon
Giuseppe_Maria_Buonaparte	child	Margaret_of_Nevers
Henry_I_of_Navarre	child	Margaret_of_England_Duchess_of_Brabant
Anne_Marie_d_Orl_ans	child	Joan_of_Valois_Countess_of_Hainaut
Anne_Marie_d_Orl_ans	child	Charles_II_Count_of_Alen_on
Anne_Marie_d_Orl_ans	child	Henriette_of_France_1727_1752
Henrietta_of_England	child	Catherine_of_Lorraine_1573_1648
Henrietta_of_England	child	Pierre_de_Foix_le_jeune
Blanche_of_Navarre_Queen_of_France	child	Charles_Prince_of_Taranto
Philip_III_of_Navarre	child	Charles_Martel
Philip_III_of_Navarre	child	James_I_of_Aragon
Philip_III_of_Navarre	child	Rothilde
Sancho_I_of_Portugal	child	Charles_the_Simple
Sancho_I_of_Portugal	child	Willa_of_Tuscany
Sancho_I_of_Portugal	child	Conrad_I_of_Burgundy
Sancho_I_of_Portugal	child	Catherine_Woodville_Duchess_of_Buckingham
Sancho_I_of_Portugal	child	Joanna_of_Austria_Grand_Duchess_of_Tuscany
Sancho_I_of_Portugal	child	Anne_of_Austria_Margravine_of_Brandenburg
Sancho_I_of_Portugal	child	Violant_of_Castile
Maria_Josepha_of_Austria	child	Charlotte_of_Savoy
Maria_Josepha_of_Austria	child	Agatha_wife_of_Edward_the_Exile
Maria_Josepha_of_Austria	child	Prince_Alfred_of_Great_Britain
Maria_Josepha_of_Austria	child	Adalbert_of_Italy
Maria_Josepha_of_Austria	child	Anna_Sophia_II_Abbess_of_Quedlinburg
Maria_Josepha_of_Austria	child	Fernando_Lord_of_Serpa
Maria_Josepha_of_Austria	child	William_I_Duke_of_Bavaria
Edward_King_of_Portugal	child	Canute_VI_of_Denmark
Edward_King_of_Portugal	child	Patrick_Gordon_of_Auchindoun
Edward_King_of_Portugal	child	Prince_Alberto_of_Naples_and_Sicily
Edward_King_of_Portugal	child	Archduchess_Maria_Carolina_of_Austria_stillborn_1748
Francis_II_Holy_Roman_Emperor	child	Magdalena_Sibylla_of_Saxe_Weissenfels
Francis_II_Holy_Roman_Emperor	child	Charles_Emmanuel_IV_of_Sardinia
Francis_II_Holy_Roman_Emperor	child	Sophia_Jagiellon_Margravine_of_Brandenburg_Ansbach
Francis_II_Holy_Roman_Emperor	child	Constance_of_Burgundy
Francis_II_Holy_Roman_Emperor	child	Louise__lisabeth_Duchess_of_Berry
Francis_II_Holy_Roman_Emperor	child	Sophia_Charlotte_of_Hanover
Louise_of_Savoy	child	Philip_II_of_France
Louise_of_Savoy	child	Alexander_Jagiellon
Philip_II_Duke_of_Savoy	child	Frederica_Louisa_of_Hesse_Darmstadt
Philip_II_Duke_of_Savoy	child	Prince_Ferdinand_Duke_of_Montpensier
Philip_II_Duke_of_Savoy	child	Charles_II_Archduke_of_Austria
Philip_II_Duke_of_Savoy	child	Maria_Leopoldina_of_Austria
John_II_of_France	child	Isabella_of_Austria
John_II_of_France	child	Mary_of_Burgundy
John_II_of_France	child	Maria_of_Austria_Duchess_of_J_lich_Cleves_Berg
John_II_of_France	child	Adalbert_of_Italy
John_II_of_France	child	Beatrice_of_Hungary_Dauphine_of_Viennois
Joan_the_Lame	child	Archduchess_Clementina_of_Austria
Joan_the_Lame	child	Archduke_Ernest_of_Austria
Louis_Dauphin_of_France_son_of_Louis_XIV	child	Francis_Duke_of_Anjou
Louis_Dauphin_of_France_son_of_Louis_XIV	child	Eleanor_of_Scotland
Louis_Dauphin_of_France_son_of_Louis_XIV	child	Constance_of_France_Princess_of_Antioch
Louis_XIV	child	Anne_of_Cyprus
Louis_XIV	child	Charles_I_of_Anjou
Louis_XIV	child	Maria_Anna_of_Savoy_Duchess_of_Chablais
Louis_XIV	child	Alonso_de_Arag_n
Louis_XIV	child	Louis_of_Anjou_Marquis_of_Pont___Mousson
Louis_XIV	child	Anne_of_Bohemia_Duchess_of_Austria
Louis_XIV	child	Joan_of_Valois_Duchess_of_Alen_on
Princess_Marie_Isabelle_of_Orl_ans	child	Charles_IX_of_France
Princess_Marie_Isabelle_of_Orl_ans	child	Isabella_of_France_Queen_of_Navarre
Princess_Marie_Isabelle_of_Orl_ans	child	Charles_V_Holy_Roman_Emperor
Princess_Marie_Isabelle_of_Orl_ans	child	Elisabeth_of_Valois
Antoine_Duke_of_Montpensier	child	Maria_of_Austria_Duchess_of_J_lich_Cleves_Berg
Antoine_Duke_of_Montpensier	child	Louis_Duke_of_Burgundy_1751_1761
Antoine_Duke_of_Montpensier	child	Joan_of_France_Duchess_of_Bourbon
Antoine_Duke_of_Montpensier	child	Charles_Orlando_Dauphin_of_France
Adelaide_of_Tours	child	William_FitzEmpress
Adelaide_of_Tours	child	Catherine_de_Bourbon
Adelaide_of_Tours	child	James_VI_and_I
Adelaide_of_Tours	child	_thelweard_son_of_Alfred
Adelaide_of_Tours	child	Albert_VII_Archduke_of_Austria
Joan_II_of_Navarre	child	Blanche_of_Burgundy_Countess_of_Savoy
Joan_II_of_Navarre	child	Elizabeth_Tudor_1492_1495
Joan_II_of_Navarre	child	Robert_Stewart_1st_Earl_of_Orkney
Joan_II_of_Navarre	child	Princess_Maria_Christina_of_Saxony_1735_1782
Charles_IV_of_France	child	Ernest_II_Duke_of_Brunswic_L_neburg
Marie_Eleonore_of_Cleves	child	Charles_X
Marie_Eleonore_of_Cleves	child	Simon_II_Duke_of_Lorraine
Marie_Eleonore_of_Cleves	child	Maria_of_Aragon_Queen_of_Portugal
Marie_Eleonore_of_Cleves	child	Adam_Gordon_of_Auchindoun
Yaroslav_the_Wise	child	Sviatoslav_I
Yaroslav_the_Wise	child	Louis_XIII
Yaroslav_the_Wise	child	Prince_Louis_Duke_of_Nemours
Yaroslav_the_Wise	child	Henrietta_Maria
Yaroslav_the_Wise	child	Louis_the_Pious
Yaroslav_the_Wise	child	Yolande_of_Valois
Yaroslav_the_Wise	child	Lothair_the_Lame
Yaroslav_the_Wise	child	Berengaria_of_Portugal
Victor_Amadeus_II_of_Sardinia	child	Charles_Count_of_Valois
Victor_Amadeus_II_of_Sardinia	child	Wilhelmine_Amalie_of_Brunswick
Victor_Amadeus_II_of_Sardinia	child	Louis_VI_of_France
Victor_Amadeus_II_of_Sardinia	child	Marie_of_Savoy_Countess_of_Saint_Pol
Victor_Amadeus_II_of_Sardinia	child	Juan_de_Arag_n
Ferdinand_I_of_the_Two_Sicilies	child	Ferdinand_the_Holy_Prince
Ferdinand_I_of_the_Two_Sicilies	child	Archduchess_Anna_of_Austria
Ferdinand_I_of_the_Two_Sicilies	child	Radegonde_of_Valois
Ferdinand_I_of_the_Two_Sicilies	child	Antoine_of_Navarre
Ferdinand_I_of_the_Two_Sicilies	child	John_IV_Duke_of_Brittany
Ferdinand_I_of_the_Two_Sicilies	child	Marie_Z_phyrine_of_France
Ferdinand_I_of_the_Two_Sicilies	child	Beatrice_of_Navarre_Duchess_of_Burgundy
Ferdinand_I_of_the_Two_Sicilies	child	Philip_I_Count_of_Auvergne
Ferdinand_I_of_the_Two_Sicilies	child	John_V_Duke_of_Brittany
Ferdinand_I_of_the_Two_Sicilies	child	Peter_III_of_Aragon
Ferdinand_I_of_the_Two_Sicilies	child	Am_lie_of_Orl_ans
Odo_II_Duke_of_Burgundy	child	Ferdinand_Duke_of_Viseu
Hugh_III_Duke_of_Burgundy	child	Anna_Jagiellon_Duchess_of_Pomerania
Alfonso_II_of_Aragon	child	Richard_of_Shrewsbury_Duke_of_York
Alfonso_II_of_Aragon	child	John_II_of_France
Alfonso_II_of_Aragon	child	Princess_Isabelle_of_Orl_ans_1878_1961
Alfonso_II_of_Aragon	child	Charles_II_Grand_Duke_of_Mecklenburg_Strelitz
Charles_Martel	child	Charles_IV_Duke_of_Lorraine
Charles_Martel	child	Maria_Carolina_of_Austria
Charles_Martel	child	John_Prince_of_Asturias
Charles_Martel	child	Albert_II_Duke_of_Saxony
Charles_Martel	child	Catherine_of_Aragon
Louis_I_Duke_of_Orl_ans	child	John_Duke_of_Touraine
Louis_I_Duke_of_Orl_ans	child	Isabella_of_France_Dauphine_of_Viennois
Louis_I_Duke_of_Orl_ans	child	Childebrand_I
Charles_V_of_France	child	Maria_Theresa_of_Naples_and_Sicily
Charles_V_of_France	child	Blanche_of_Burgundy_Countess_of_Savoy
Charles_V_of_France	child	Elisabeth_of_Hesse_Electress_Palatine
Charles_V_of_France	child	Louis_the_Younger
Eleanor_of_Provence	child	Charles_II_of_Spain
Eleanor_of_Provence	child	Thomas_Francis_Prince_of_Carignano
Eleanor_of_Provence	child	Prince_Gennaro_of_Naples_and_Sicily
Eleanor_of_Provence	child	Maria_Luisa_Gabriella_of_Savoy
Charles_Emmanuel_II_Duke_of_Savoy	child	Catherine_of_France_Countess_of_Montpensier
Joan_II_Countess_of_Burgundy	child	Elisabeth_Christine_of_Brunswic_Wolfenb_ttel
Joan_II_Countess_of_Burgundy	child	Catherine_of_Valois
Joan_II_Countess_of_Burgundy	child	Jehan_de_Braine
John_II_of_Aragon	child	Duchess_Sophie_of_Prussia
John_II_of_Aragon	child	Edwin_son_of_Edward_the_Elder
John_II_of_Aragon	child	Archduchess_Maria_Maddalena_of_Austria
John_II_of_Aragon	child	Joanna_Sophia_of_Bavaria
John_II_of_Aragon	child	Thomas_of_Brotherton_1st_Earl_of_Norfolk
John_II_of_Aragon	child	Charles_II_Grand_Duke_of_Mecklenburg_Strelitz
James_III_of_Scotland	child	Louis_Hereditary_Prince_of_Lorraine
James_III_of_Scotland	child	Baldwin_II_Latin_Emperor
Joan_of_Valois_Countess_of_Hainaut	child	Archduchess_Maria_Josepha_of_Austria
Joan_of_Valois_Countess_of_Hainaut	child	Afonso_I_Duke_of_Braganza
Joan_of_Valois_Countess_of_Hainaut	child	Garzia_de_Medici
Clementia_of_Hungary	child	Teresa_Cristina_of_the_Two_Sicilies
Charles_the_Simple	child	Louis_of_Cyprus
Countess_Palatine_Dorothea_Sophie_of_Neuburg	child	Prince_Francis_Count_of_Trapani
Elisabeth_Farnese	child	Philip_IV_of_France
Elisabeth_Farnese	child	Philip_Duke_of_Nemours
Elisabeth_Farnese	child	Maria_Amalia_Duchess_of_Parma
Elisabeth_Farnese	child	Louis_of_France_1244_1260
Elisabeth_Farnese	child	David_Stewart_Duke_of_Rothesay
Ermentrude_of_Orl_ans	child	Marie_Ad_la_de_of_Savoy
Ermentrude_of_Orl_ans	child	Napoleon_III
Ermentrude_of_Orl_ans	child	Richard_Count_of__tampes
Ermentrude_of_Orl_ans	child	Hugh_II_Duke_of_Burgundy
Alfonso_II_Count_of_Provence	child	Charlotte_Princess_Royal
Rudolf_I_of_Germany	child	Albert_I_of_Germany
Rudolf_I_of_Germany	child	Countess_Palatine_Dorothea_Sophie_of_Neuburg
Rudolf_I_of_Germany	child	Charles_the_Child
Rudolf_I_of_Germany	child	Peter_II_of_Aragon
Rudolf_I_of_Germany	child	Archduchess_Maria_Anna_of_Austria_governor
Rudolf_I_of_Germany	child	Jacques_of_Savoy_Count_of_Romont
Rudolf_I_of_Germany	child	Guy_of_Ivrea
Gertrude_of_Hohenberg	child	Elisabeth_Farnese
Gertrude_of_Hohenberg	child	Beatrice_of_Portugal_died_1381
Gertrude_of_Hohenberg	child	Maria_of_Courtenay
Gertrude_of_Hohenberg	child	Isabella_of_Portugal
Gertrude_of_Hohenberg	child	Eleanor_of_Castile_died_1244
Gertrude_of_Hohenberg	child	Philip_of_Castile
Dirk_II_Count_of_Holland	child	Berengaria_of_Castile_Lady_of_Guadalajara
Dirk_II_Count_of_Holland	child	Eleonore_Magdalene_of_Neuburg
Beatrice_of_Portugal_died_1381	child	Louise__lisabeth_Duchess_of_Berry
Victor_Amadeus_I_Duke_of_Savoy	child	Philip_IV_of_Spain
Victor_Amadeus_I_Duke_of_Savoy	child	Philip_II_Duke_of_Savoy
Victor_Amadeus_I_Duke_of_Savoy	child	Ernest_Augustus_King_of_Hanover
Victor_Amadeus_I_Duke_of_Savoy	child	Patrick_Gordon_of_Auchindoun
Victor_Amadeus_I_Duke_of_Savoy	child	Louis_Charles_Count_of_Beaujolais
Mary_of_Burgundy_Duchess_of_Cleves	child	Louis_Count_of__vreux
Mary_of_Burgundy_Duchess_of_Cleves	child	Magdalena_of_Valois
Mary_of_Burgundy_Duchess_of_Cleves	child	Maria_of_Austria_Holy_Roman_Empress
Mary_of_Burgundy_Duchess_of_Cleves	child	Charles_III_Duke_of_Lorraine
Mary_of_Burgundy_Duchess_of_Cleves	child	Peter_II_Duke_of_Bourbon
Nicholas_Francis_Duke_of_Lorraine	child	Hugh_IV_Duke_of_Burgundy
Nicholas_Francis_Duke_of_Lorraine	child	Prince_Carlo_Francesco_Duke_of_Aosta
Dirk_III_Count_of_Holland	child	Charles_the_Simple
Alfonso_X_of_Castile	child	Berengaria_of_Le_n
Alfonso_X_of_Castile	child	Marguerite_of_Lorraine
Alfonso_X_of_Castile	child	Infante_Carlos_of_Spain_1607_1632
Alfonso_X_of_Castile	child	Frederick_IV_Duke_of_Brunswic_L_neburg
Alfonso_X_of_Castile	child	John_of_Burgundy_1231_68
Alfonso_X_of_Castile	child	Francis_V_Duke_of_Modena
Louis_Duke_of_Orl_ans_1703_1752	child	Archduchess_Maria_Leopoldine_of_Austria_Este
Landgravine_Elisabeth_Amalie_of_Hesse_Darmstadt	child	Lothair_of_France
Landgravine_Elisabeth_Amalie_of_Hesse_Darmstadt	child	Margaret_of_Nevers
Landgravine_Elisabeth_Amalie_of_Hesse_Darmstadt	child	Archduchess_Maria_Amalia_of_Austria_1780_1798
Landgravine_Elisabeth_Amalie_of_Hesse_Darmstadt	child	Sancho_IV_of_Castile
Landgravine_Elisabeth_Amalie_of_Hesse_Darmstadt	child	Hugh_Count_of_Vermandois
Landgravine_Elisabeth_Amalie_of_Hesse_Darmstadt	child	Frederick_Christian_Elector_of_Saxony
Landgravine_Elisabeth_Amalie_of_Hesse_Darmstadt	child	_thelswith
Landgravine_Elisabeth_Amalie_of_Hesse_Darmstadt	child	Edmund_of_Scotland
Landgravine_Elisabeth_Amalie_of_Hesse_Darmstadt	child	Constance_of_France_Countess_of_Toulouse
James_II_of_Scotland	child	Gerberga_of_Saxony
James_II_of_Scotland	child	Hugh_Magnus
James_II_of_Scotland	child	Philip_Count_of_Vertus
Willa_of_Tuscany	child	Charles_Ferdinand_Prince_of_Capua
Willa_of_Tuscany	child	Renata_of_Lorraine
Willa_of_Tuscany	child	Agnes_of_Hesse
Willa_of_Tuscany	child	Prince_Louis_Count_of_Aquila
Maria_Anna_of_Bavaria_born_1551	child	Maria_Theresa_of_Spain
Maria_Anna_of_Bavaria_born_1551	child	Carlo_Duke_of_Calabria
Maria_Anna_of_Bavaria_born_1551	child	Igor_Yaroslavich
Maria_Anna_of_Bavaria_born_1551	child	Charles_de_Valois_Duke_of_Angoul_me
Maria_Anna_of_Bavaria_born_1551	child	Victoire_of_France_1733_1799
Maria_Anna_of_Bavaria_born_1551	child	Joan_of_France_1351_1371
Maria_Anna_of_Bavaria_born_1551	child	Richard_I_of_England
Maria_Anna_of_Bavaria_born_1551	child	_thelberht_King_of_Wessex
Maria_Luisa_of_Spain	child	Grifo_noble
Maria_Luisa_of_Spain	child	John_Joseph_of_Austria
Maria_Luisa_of_Spain	child	Frederick_III_Duke_of_Saxe_Gotha_Altenburg
Maria_Luisa_of_Spain	child	Robert_I_Duke_of_Burgundy
Maria_Luisa_of_Spain	child	Anna_Sforza
Maria_Luisa_of_Spain	child	Agnes_of_France_Duchess_of_Burgundy
Maria_Luisa_of_Spain	child	Judith_of_Habsburg
Maria_Luisa_of_Spain	child	Louis_VIII_of_France
Maria_Luisa_of_Spain	child	Giovanni_de_Medici_cardinal
Maria_Luisa_of_Spain	child	Henri_d_Orl_ans_Duke_of_Aumale
Maria_Theresa_of_Spain	child	_thelstan
Maria_Theresa_of_Spain	child	Philip_of_France_1116_1131
Henry_the_Lion	child	Joan_III_Countess_of_Burgundy
Henry_the_Lion	child	Archduke_John_of_Austria
Henry_the_Lion	child	Ferdinand_I_of_Austria
Beatriz_of_Portugal_Duchess_of_Viseu	child	Francis_II_Holy_Roman_Emperor
Beatriz_of_Portugal_Duchess_of_Viseu	child	Blanche_of_France_nun
Beatriz_of_Portugal_Duchess_of_Viseu	child	Sophie_of_France_1786_1787
Ferdinand_II_of_Aragon	child	Marie_of_Orl_ans_Viscountess_of_Narbonne
Ferdinand_II_of_Aragon	child	Conrad_of_Ivrea
Ferdinand_II_of_Aragon	child	Louis_VIII_of_France
Ferdinand_II_of_Aragon	child	Ferdinand_II_Archduke_of_Austria
Ferdinand_II_of_Aragon	child	Louis_of_Burgundy
Ferdinand_II_of_Aragon	child	Constance_of_Aragon_Lady_of_Villena
Willa_of_Burgundy	child	Gertrude_of_Bavaria
Hugh_of_Italy	child	Sophie_of_France_1734_1782
Rudolph_II_of_Burgundy	child	Louis_Dauphin_of_France_son_of_Louis_XIV
Rudolph_II_of_Burgundy	child	Ferdinand_III_of_Castile
Henry_II_of_France	child	Gian_Galeazzo_Sforza
Henry_II_of_France	child	Margaret_of_Valois_Duchess_of_Berry
Henry_II_of_France	child	Carloman_II
Henry_II_of_France	child	Sancho_III_of_Castile
Henry_II_of_France	child	Louise_of_Great_Britain
Henry_II_of_France	child	_lisabeth_of_France
Henry_II_of_France	child	Margaret_Theresa_of_Spain
Eug_nie_de_Montijo	child	Albrecht_of_Saxe_Weissenfels
Napoleon_III	child	Anne_Henriette_of_Bavaria
Clemence_of_Austria	child	Joanna_of_Castile
Clemence_of_Austria	child	Archduchess_Maria_Anna_of_Austria_born_1770
Charles_VI_of_France	child	Charles_III_of_Spain
Charles_VI_of_France	child	Charles_I_of_Hungary
Charles_VI_of_France	child	Joan_of__vreux
Charles_VI_of_France	child	Maria_Elisabetta_Carlotta_of_Savoy
Charles_VI_of_France	child	Edward_Woodville_Lord_Scales
Charles_VI_of_France	child	Catherine_of_Aragon
Duke_Charles_Louis_Frederick_of_Mecklenburg	child	Francis_II_of_France
Duke_Charles_Louis_Frederick_of_Mecklenburg	child	Maria_of_Portugal_Marchioness_of_Tortosa
Duke_Charles_Louis_Frederick_of_Mecklenburg	child	Charles_II_Duke_of_Lorraine
Duke_Charles_Louis_Frederick_of_Mecklenburg	child	Margaret_of_Cleves_Duchess_of_Bavaria_Munich
Duke_Charles_Louis_Frederick_of_Mecklenburg	child	Anne_of_York_daughter_of_Edward_IV
Joan_I_Countess_of_Auvergne	child	Louis_XV
Henry_V_of_England	child	Alfonso_Fern_ndez_el_Ni_o
Joan_of__vreux	child	Blanche_of_France_Infanta_of_Castile
Louis_Count_of__vreux	child	Marie_of_Luxembourg_Queen_of_France
Louis_Count_of__vreux	child	John_Tristan_Count_of_Valois
Louis_Count_of__vreux	child	Hedwig_of_Habsburg
Claude_of_France	child	Hugh_V_Duke_of_Burgundy
Claude_of_France	child	Eleanor_of_Woodstock
Claude_of_France	child	Nicolas_Henri_Duke_of_Orl_ans
Claude_of_France	child	Elias_II_Count_of_Maine
Claude_of_France	child	James_II_of_Majorca
Louis_I_Duke_of_Bourbon	child	Louis_I_Duke_of_Orl_ans
Louis_I_Duke_of_Bourbon	child	Ferdinand_Prince_of_Asturias
Marie_Antoinette	child	Maximilian_II_Holy_Roman_Emperor
Marie_Antoinette	child	Alphonse_Count_of_Poitiers
Marie_Antoinette	child	Agnes_of_Poland
Charles_X	child	Louis_Duke_of_Burgundy
Charles_X	child	John_Duke_of_Durazzo
Charles_X	child	Henry_Duke_of_Villena
Charles_III_Duke_of_Savoy	child	Maria_Sophia_of_Neuburg
Margaret_of_Bourbon_1438_1483	child	Sudislav
Margaret_of_Bourbon_1438_1483	child	Anne_of_Austria_Queen_of_Poland
Maria_Theresa_of_Austria_Este_Queen_of_Sardinia	child	Beatrice_of_Nuremberg
Maria_Theresa_of_Austria_Este_Queen_of_Sardinia	child	Charles_II_Archduke_of_Austria
Maria_Theresa_of_Austria_Este_Queen_of_Sardinia	child	Francis_II_Duke_of_Lorraine
Maria_Theresa_of_Austria_Este_Queen_of_Sardinia	child	Charles_I_of_Anjou
Vladimir_the_Great	child	Rudolph_II_of_Burgundy
Vladimir_the_Great	child	Louis_de_Bourbon_Bishop_of_Li_ge
Vladimir_the_Great	child	Archduke_Karl_Ambrosius_of_Austria_Este
Vladimir_the_Great	child	Prince_George_William_of_Great_Britain
Vladimir_the_Great	child	Maria_Anna_of_Spain
Sviatoslav_I	child	Beatrice_of_Portugal_Duchess_of_Savoy
Sviatoslav_I	child	Maria_Cristina_of_Savoy
Sviatoslav_I	child	Hortense_de_Beauharnais
John_of_Montfort	child	Violant_of_Hungary
John_of_Montfort	child	Philip_Count_of_Longueville
Fulk_King_of_Jerusalem	child	Louis_IX_of_France
Fulk_King_of_Jerusalem	child	Heinrich_of_Saxe_Weissenfels_Count_of_Barby
Fulk_King_of_Jerusalem	child	Louis_V_Duke_of_Bavaria
Fulk_King_of_Jerusalem	child	George_II_of_Great_Britain
Fulk_King_of_Jerusalem	child	Hedwig_of_France_Countess_of_Mons
Geoffrey_Plantagenet_Count_of_Anjou	child	Pepin_the_Short
Geoffrey_Plantagenet_Count_of_Anjou	child	Louis_XVII
Geoffrey_Plantagenet_Count_of_Anjou	child	Alexander_Stewart_Duke_of_Rothesay
Catherine_de_Medici	child	Princess_Maria_Isabella_of_Naples_and_Sicily
Catherine_de_Medici	child	Alfonso_V_of_Aragon
Catherine_de_Medici	child	Saint_Margaret_of_Scotland
Catherine_de_Medici	child	Charles_IV_Holy_Roman_Emperor
Catherine_de_Medici	child	Saint_Casimir
Catherine_de_Medici	child	Princess_Augusta_Sophia_of_the_United_Kingdom
Emma_of_Italy	child	Ethelred_of_Scotland
Victor_Amadeus_III_of_Sardinia	child	Grimoald_the_Younger
Victor_Amadeus_III_of_Sardinia	child	John_I_of_Portugal
Victor_Amadeus_III_of_Sardinia	child	Ramon_Berenguer_IV_Count_of_Provence
Victor_Amadeus_III_of_Sardinia	child	Ferdinand_of_Castile_born_1238
Victor_Amadeus_III_of_Sardinia	child	Princess_Anne_Charlotte_of_Lorraine
Victor_Amadeus_III_of_Sardinia	child	Louise__lisabeth_d_Orl_ans
Victor_Amadeus_III_of_Sardinia	child	Catherine_of_France_Countess_of_Montpensier
Victor_Amadeus_III_of_Sardinia	child	Alfonso_de_Arag_n_y_Escobar
Louis_XII	child	Archduchess_Eleanor_of_Austria
Louis_XII	child	John_of_Eltham_Earl_of_Cornwall
Philip_I_of_Castile	child	Eleanor_of_Viseu
Philip_I_of_Castile	child	Charlotte_Christine_of_Brunswic_Wolfenb_ttel
Philip_I_of_Castile	child	Elizabeth_Stuart_daughter_of_Charles_I
Philip_I_of_Castile	child	Christine_of_Hesse
Philip_I_of_Castile	child	Philip_I_Count_of_Boulogne
Eleanor_of_Castile	child	Catherine_de_Bourbon
Eleanor_of_Castile	child	Philippa_of_Lancaster
Eleanor_of_Castile	child	Andrew_Duke_of_Slavonia
Eleanor_of_Castile	child	Adolphus_Frederick_IV_Duke_of_Mecklenburg_Strelitz
Alfonso_IX_of_Le_n	child	Bianca_Maria_Sforza
Alfonso_IX_of_Le_n	child	Blanche_of_France_Duchess_of_Orl_ans
Alfonso_IX_of_Le_n	child	Louis_Count_of_Vaud_mont
James_I_of_Scotland	child	John_II_of_Aragon
James_I_of_Scotland	child	Jean_Gordon_Countess_of_Bothwell
James_I_of_Scotland	child	Marie_Z_phyrine_of_France
James_I_of_Scotland	child	Henry_VIII
James_I_of_Scotland	child	Ferdinand_of_Castile_died_1211
James_I_of_Scotland	child	Princess_Amelia_of_Great_Britain
Charles_VIII_of_France	child	Eleanor_of_Portugal_Holy_Roman_Empress
Louis_XI	child	Alphonso_Earl_of_Chester
Louis_XI	child	Eleanor_of_Austria
Louis_XI	child	Judith_of_Poland
Cosimo_I_de_Medici_Grand_Duke_of_Tuscany	child	Margaret_of_Bourbon_1438_1483
Cosimo_I_de_Medici_Grand_Duke_of_Tuscany	child	Louis_XI
Cosimo_I_de_Medici_Grand_Duke_of_Tuscany	child	Mariana_Victoria_of_Spain
Cosimo_I_de_Medici_Grand_Duke_of_Tuscany	child	Isabella_of_Aragon_Queen_of_France
Cosimo_I_de_Medici_Grand_Duke_of_Tuscany	child	Duchess_Charlotte_Felicitas_of_Brunswic_L_neburg
Cosimo_I_de_Medici_Grand_Duke_of_Tuscany	child	Margaret_of_Savoy_Countess_of_Saint_Pol
Cosimo_I_de_Medici_Grand_Duke_of_Tuscany	child	Peter_I_Count_of_Alen_on
Cosimo_I_de_Medici_Grand_Duke_of_Tuscany	child	Mar_a_Cristina_Mu_oz_y_Borb_n_Marquise_of_la_Isabela
Peter_I_of_Portugal	child	Napoleon_III
Peter_I_of_Portugal	child	Archduke_Franz_Karl_of_Austria
Peter_I_of_Portugal	child	Rudolf_II_Holy_Roman_Emperor
Peter_I_of_Portugal	child	Philip_William_August_Count_Palatine_of_Neuburg
Peter_I_of_Portugal	child	Philip_of_France_Archdeacon_of_Paris
Peter_I_of_Portugal	child	Sophie_of_France_1786_1787
Raymond_of_Burgundy	child	James_Stewart_1st_Earl_of_Moray
Raymond_of_Burgundy	child	Natalia_Alexeievna_Wilhelmina_Louisa_of_Hesse_Darmstadt
Lothair_II_of_Italy	child	Prince_William_Duke_of_Cumberland
Jacquetta_of_Luxembourg	child	John_Constable_of_Portugal
Jacquetta_of_Luxembourg	child	Louis_XVI
Jacquetta_of_Luxembourg	child	Eleanor_of_Aragon_Queen_of_Portugal
Jacquetta_of_Luxembourg	child	Princess_Elizabeth_of_the_United_Kingdom
Jacquetta_of_Luxembourg	child	Anne_of_Austria_Landgravine_of_Thuringia
Jacquetta_of_Luxembourg	child	Infante_Gabriel_of_Spain
Jacquetta_of_Luxembourg	child	Dorothea_of_Brunswic_L_neburg
Jacquetta_of_Luxembourg	child	Sibylla_of_Burgundy
George_I_of_Great_Britain	child	Prince_Octavius_of_Great_Britain
Ernest_Augustus_Elector_of_Hanover	child	Eug_ne_de_Beauharnais
Ernest_Augustus_Elector_of_Hanover	child	Anund_Jacob
Ernest_Augustus_Elector_of_Hanover	child	James_of_Castile_Lord_of_Cameros
Ernest_Augustus_Elector_of_Hanover	child	Margaret_of_Valois
Margaret_of_Anjou	child	Margaret_of_Anjou
Charlotte_of_Bourbon_Queen_of_Cyprus	child	Francis_I_of_the_Two_Sicilies
Princess_Elisabeth_Albertine_of_Saxe_Hildburghausen	child	Philip_IV_of_Spain
Princess_Elisabeth_Albertine_of_Saxe_Hildburghausen	child	Anne_of_Austria
Princess_Elisabeth_Albertine_of_Saxe_Hildburghausen	child	Princess_Antoinette_of_Brunswic_Wolfenb_ttel
Princess_Elisabeth_Albertine_of_Saxe_Hildburghausen	child	Vyacheslav_Yaroslavich
Anne_of_Bohemia_and_Hungary	child	Bertha_of_Burgundy
Anne_of_Bohemia_and_Hungary	child	Prince_Robert_Duke_of_Chartres
Anne_of_Bohemia_and_Hungary	child	John_Hereditary_Prince_of_Saxony
Anne_of_Bohemia_and_Hungary	child	Charles_II_Duke_of_Bourbon
Anne_of_Bohemia_and_Hungary	child	Barbara_Jagiellon
Anne_of_Bohemia_and_Hungary	child	Princess_Augusta_of_Great_Britain
Anne_of_Bohemia_and_Hungary	child	Constance_of_Aragon_Lady_of_Villena
Louis_IV_of_France	child	Joan_I_of_Navarre
Louis_IV_of_France	child	Fran_ois_d_Orl_ans_Prince_of_Joinville
Henry_VII_Holy_Roman_Emperor	child	Anne_of_Bohemia_and_Hungary
Henry_VII_Holy_Roman_Emperor	child	Hugh_the_Abbot
Henry_VII_Holy_Roman_Emperor	child	Victor_Amadeus_Prince_of_Piedmont
Saint_Margaret_of_Scotland	child	Edmund_Tudor_Duke_of_Somerset
Saint_Margaret_of_Scotland	child	Louis_III_Elector_Palatine
Saint_Margaret_of_Scotland	child	Archduchess_Eleanor_of_Austria_1582_1620
Saint_Margaret_of_Scotland	child	Margaret_of_France_Duchess_of_Brabant
Louis_XIII	child	Louis_VII_of_France
Marie_de_Medici	child	Louis_II_Elector_of_Brandenburg
Marie_de_Medici	child	Peter_I_of_Portugal
Marie_de_Medici	child	Philip_V_of_Spain
Marie_de_Medici	child	Hugh_the_Great
Marie_de_Medici	child	Isabel_of_Viseu
Marie_de_Medici	child	Hedwig_of_Habsburg
Charles_the_Bald	child	George_IV
Charles_the_Bald	child	Henry_3rd_Earl_of_Lancaster
Charles_the_Bald	child	Archduke_Wenceslaus_of_Austria
Charles_the_Bald	child	Maria_Christina_of_the_Two_Sicilies
Rudolph_Duke_of_Lorraine	child	Princess_Luisa_Cristina_of_Savoy
John_I_of_Portugal	child	Anne_Marie_d_Orl_ans
John_I_of_Portugal	child	Joan_the_Lame
John_I_of_Portugal	child	Margaret_of_Burgundy_Queen_of_France
John_I_of_Portugal	child	Napoleon
John_I_of_Portugal	child	Vsevolod_I_of_Kiev
John_I_of_Portugal	child	Maria_Teresa_Rafaela_of_Spain
John_I_of_Portugal	child	Elizabeth_of_Hungary_Queen_of_Serbia
John_I_of_Portugal	child	Duchess_Christiane_of_Mecklenburg
Odo_IV_Duke_of_Burgundy	child	Alix_of_Brittany_Dame_de_Pontarcy
Joan_III_Countess_of_Burgundy	child	Francis_I_of_France
Elisabeth_of_France_1602_1644	child	Afonso_V_of_Portugal
Elisabeth_of_France_1602_1644	child	Vladimir_of_Novgorod
Yolanda_of_Courtenay	child	Luise_Marie_of_the_Palatinate
Constance_of_Arles	child	John_Woodville
Constance_of_Arles	child	Amadeus_IX_Duke_of_Savoy
Constance_of_Arles	child	Napol_on_Prince_Imperial
Constance_of_Arles	child	Sancho_of_Castile_bishop
James_I_of_Aragon	child	Charles_IX_of_France
James_I_of_Aragon	child	William_IX_Count_of_Poitiers
James_I_of_Aragon	child	Isabella_of_Valois
James_I_of_Aragon	child	Isabella_of_France_Queen_of_Navarre
James_I_of_Aragon	child	Ad_la_de_d_Orl_ans
Maria_Amalia_of_Naples_and_Sicily	child	Edward_King_of_Portugal
Maria_Amalia_of_Naples_and_Sicily	child	Charles_the_Fat
Maria_Amalia_of_Naples_and_Sicily	child	Louis_III_of_France
Maria_Amalia_of_Naples_and_Sicily	child	Catherine_of_Valois_Courtenay
Maria_Amalia_of_Naples_and_Sicily	child	Margaret_of_England
Maria_Amalia_of_Naples_and_Sicily	child	Archduchess_Maria_Amalia_of_Austria_1780_1798
Maria_Amalia_of_Naples_and_Sicily	child	Archduke_Maximilian_Ernest_of_Austria
Maria_Amalia_of_Naples_and_Sicily	child	Anne_of_Orl_ans_Abbess_of_Fontevraud
Maria_Carolina_of_Austria	child	Afonso_III_of_Portugal
Maria_Carolina_of_Austria	child	Claude_of_France_1547_1575
Maria_Carolina_of_Austria	child	Maria_Clotilde_of_Naples_and_Sicily
Maria_Carolina_of_Austria	child	Philip_the_Good
Maria_Carolina_of_Austria	child	Blanche_of_France_Duchess_of_Austria
Maria_Carolina_of_Austria	child	Mary_Tudor_Queen_of_France
Maria_Carolina_of_Austria	child	Denis_of_Portugal
Maria_Carolina_of_Austria	child	Leopold_Prince_of_Salerno
Maria_Carolina_of_Austria	child	Archbishop_of_Cologne
Maria_Carolina_of_Austria	child	Maria_of_Aragon_Queen_of_Castile
Marie_of_Brabant_Queen_of_France	child	Richard_FitzRoy
Marie_of_Brabant_Queen_of_France	child	Louise_of_France_1737_1787
Marie_of_Brabant_Queen_of_France	child	Raymond_Berengar_of_Andria
Matilda_of_Scotland	child	Princess_Maria_Isabella_of_Naples_and_Sicily
Matilda_of_Scotland	child	John_Duke_of_Valencia_de_Campos
Charles_Emmanuel_I_Duke_of_Savoy	child	Nicholas_Francis_Duke_of_Lorraine
Charles_Emmanuel_I_Duke_of_Savoy	child	Judith_of_Habsburg
Charles_Emmanuel_I_Duke_of_Savoy	child	John_I_Duke_of_Brittany
Charles_Emmanuel_I_Duke_of_Savoy	child	Louis_Duke_of_Burgundy_1751_1761
Charles_Emmanuel_I_Duke_of_Savoy	child	Matilda_of_Saxony_1172_1209_10
Maria_Amalia_of_Saxony	child	Archduchess_Catherine_Renata_of_Austria
Maria_Amalia_of_Saxony	child	Cecile_of_France
Maria_Amalia_of_Saxony	child	Alys_of_France_Countess_of_Vexin
Maria_Amalia_of_Saxony	child	Napoleon_II
Maria_Amalia_of_Saxony	child	John_II_Duke_of_Bavaria
Maria_Amalia_of_Saxony	child	Prince_Edward_Duke_of_Kent_and_Strathearn
Maria_Amalia_of_Saxony	child	Ladislaus_IV_of_Hungary
Maria_Amalia_of_Saxony	child	Thomas_Grey_1st_Marquess_of_Dorset
Hedwig_of_Saxony	child	Alfonso_II_Count_of_Provence
Hedwig_of_Saxony	child	Baldwin_VI_Count_of_Flanders
Hedwig_of_Saxony	child	Henry_VI_of_England
Isabella_of_Hainault	child	John_I_Duke_of_Lorraine
Maria_Theresa_of_Naples_and_Sicily	child	Marie_de_Medici
Maria_Theresa_of_Naples_and_Sicily	child	Margaret_of_Bourbon_Lady_of_Albret
Maria_Theresa_of_Naples_and_Sicily	child	Adelaide_of_Burgundy_Duchess_of_Brabant
Maria_Theresa_of_Naples_and_Sicily	child	Eadgifu_of_Wessex
Maria_Theresa_of_Naples_and_Sicily	child	Diogo_Duke_of_Viseu
Maria_Theresa_of_Naples_and_Sicily	child	Louis_VI_Landgrave_of_Hesse_Darmstadt
Maria_Theresa_of_Naples_and_Sicily	child	Louise_of_Orl_ans
Maria_Theresa_of_Naples_and_Sicily	child	Hiltrud
Archduchess_Maria_Clementina_of_Austria	child	Archduke_Joseph_Franz_of_Austria
Charles_VII_of_France	child	William_IX_Count_of_Poitiers
Charles_VII_of_France	child	Conrad_of_Ivrea
Charles_VII_of_France	child	Louis_I_Grand_Duke_of_Hesse
Charles_VII_of_France	child	Charles_of_Valois_Duke_of_Berry
Charles_VII_of_France	child	Auda_of_France
Charles_VII_of_France	child	Charlotte_of_France
Charles_VII_of_France	child	Margaret_of_Brunswic_L_neburg
Charles_IX_of_France	child	Pepin_I_of_Aquitaine
Charles_IX_of_France	child	Archduke_Ferdinand_Karl_Viktor_of_Austria_Este
Margaret_of_Brabant	child	John_of_Charolais
Margaret_of_Brabant	child	Albert_VII_Archduke_of_Austria
Philip_III_of_France	child	Prince_John_August_of_Saxe_Gotha_Altenburg
Philip_III_of_France	child	Louise__lisabeth_d_Orl_ans
Philip_III_of_France	child	Infante_Philip_Duke_of_Calabria
Philip_III_of_France	child	Afonso_of_Portugal_Lord_of_Portalegre
Philip_III_of_France	child	Geoffrey_Count_of_Nantes
Margaret_of_Bavaria	child	Anne_Woodville
Margaret_of_Bavaria	child	Henry_VI_of_England
Margaret_of_Bavaria	child	Alexander_Stewart_Earl_of_Buchan
Margaret_of_Bavaria	child	Elisa_Bonaparte
Louis_IX_of_France	child	Marie_Jos_phine_of_Savoy
Louis_IX_of_France	child	Elisiv_of_Kiev
Louis_IX_of_France	child	Anne_of_Brittany
Louis_IX_of_France	child	Gerberga_of_Burgundy
Louis_IX_of_France	child	Marie_of_France_Countess_of_Champagne
Louis_IX_of_France	child	Marie_Louise_Duchess_of_Parma
Louis_IX_of_France	child	Eleanor_of_Brittany_abbess
Louis_IX_of_France	child	Bonne_of_Bourbon
Violant_of_Hungary	child	Odo_IV_Duke_of_Burgundy
Violant_of_Hungary	child	Hugh_Capet
Violant_of_Hungary	child	Constance_of_France_Princess_of_Antioch
Ferdinand_II_of_Le_n	child	Ferdinand_I_of_Austria
Alfonso_VII_of_Le_n_and_Castile	child	Antoine_Duke_of_Lorraine
Alfonso_VII_of_Le_n_and_Castile	child	Marie_Countess_of_Ponthieu
Alfonso_VII_of_Le_n_and_Castile	child	Alfonso_X_of_Castile
Alfonso_VII_of_Le_n_and_Castile	child	Margaret_of_Anjou
Alfonso_VII_of_Le_n_and_Castile	child	Rudolph_Duke_of_Lorraine
Alfonso_VII_of_Le_n_and_Castile	child	Philippe_Charles_Duke_of_Valois
Isabella_of_Aragon_Queen_of_France	child	Maria_Beatrice_d_Este_Duchess_of_Massa
Isabella_of_Aragon_Queen_of_France	child	Isabelle_de_Bourbon
Ferdinand_I_of_Aragon	child	Archduke_Charles_Joseph_of_Austria_born_1745
Ferdinand_I_of_Aragon	child	Ferdinand_Duke_of_Viseu
Ferdinand_I_of_Aragon	child	Louis_Philippe_II_Duke_of_Orl_ans
Ferdinand_I_of_Aragon	child	Gisela_of_France_Countess_of_Ponthieu
Ferdinand_I_of_Aragon	child	Arthur_III_Duke_of_Brittany
Ferdinand_I_of_Aragon	child	Marie_of_Savoy_Countess_of_Saint_Pol
Robert_I_Duke_of_Burgundy	child	Rudolf_II_Duke_of_Austria
Frederick_I_Duke_of_Lorraine	child	Charles_Martel
Robert_III_of_Scotland	child	Frederick_II_Duke_of_Lorraine
Louis_the_Stammerer	child	C_sar_Duke_of_Vend_me
Louis_the_Stammerer	child	Frederick_III_Duke_of_Austria
Louis_the_Stammerer	child	Carloman_son_of_Charles_the_Bald
Rudolph_I_of_Burgundy	child	Carlo_Duke_of_Calabria
Rudolph_I_of_Burgundy	child	Caroline_Bonaparte
Philippe_I_Duke_of_Orl_ans	child	Joanna_of_Aragon_Queen_of_Naples
Sophia_of_Minsk	child	Anna_de_Medici
Sophia_of_Minsk	child	Edith_of_Polesworth
Sophia_of_Minsk	child	Manuel_of_Castile
Ferdinand_III_of_Castile	child	Geoffrey_Plantagenet_Count_of_Anjou
Ferdinand_III_of_Castile	child	Louise_Marie_Anne_de_Bourbon
Ferdinand_III_of_Castile	child	William_V_Duke_of_Bavaria
Ferdinand_III_of_Castile	child	Archduke_Joseph_of_Austria_Palatine_of_Hungary
Ferdinand_III_of_Castile	child	Henry_Beaufort
Ferdinand_III_of_Castile	child	Louis_Count_of_Vermandois
Maria_of_Aragon_Queen_of_Portugal	child	Louis_X_of_France
Maria_of_Aragon_Queen_of_Portugal	child	Louis_the_German
Maria_of_Aragon_Queen_of_Portugal	child	Marie_Th_r_se_of_France
Maria_of_Aragon_Queen_of_Portugal	child	James_Stewart_Duke_of_Ross
Maria_of_Aragon_Queen_of_Portugal	child	Catherine_of_Lorraine_Margravine_of_Bade_Baden
Maria_of_Aragon_Queen_of_Portugal	child	Louis_II_Duke_of_Bourbon
Elizabeth_of_York	child	Maria_Theresa_of_Austria_Este_Queen_of_Sardinia
Elizabeth_of_York	child	Eleanor_of_England_Queen_of_Castile
Elizabeth_of_York	child	Blanche_of_France_Duchess_of_Austria
Elizabeth_of_York	child	Joan_of_Acre
Adelaide_of_Maurienne	child	Judith_of_Flanders
Adelaide_of_Maurienne	child	Louis_Antoine_Duke_of_Angoul_me
Adelaide_of_Maurienne	child	Frederick_Hereditary_Prince_of_Saxony
Adelaide_of_Maurienne	child	Louise_Diane_Princess_of_Conti
Emmanuel_Philibert_Duke_of_Savoy	child	Prince_William_Henry_Duke_of_Gloucester_and_Edinburgh
Charlotte_of_Mecklenburg_Strelitz	child	Eleanor_of_Castile_Queen_of_Navarre
Charlotte_of_Mecklenburg_Strelitz	child	Joseph_I_Holy_Roman_Emperor
Charlotte_of_Mecklenburg_Strelitz	child	Maria_Amalia_Holy_Roman_Empress
Charlotte_of_Mecklenburg_Strelitz	child	John_King_of_England
Charlotte_of_Mecklenburg_Strelitz	child	Napol_on_Charles_Bonaparte
Charlotte_of_Mecklenburg_Strelitz	child	Louis_Charles_Count_of_Beaujolais
Charlotte_of_Mecklenburg_Strelitz	child	Fran_oise_Marie_de_Bourbon
Charlotte_of_Mecklenburg_Strelitz	child	Marie_of_Luxembourg_Countess_of_Vend_me
Charlotte_of_Mecklenburg_Strelitz	child	Gisela_of_France
Charlotte_of_Mecklenburg_Strelitz	child	Catherine_of_France_Countess_of_Charolais
Charlotte_of_Mecklenburg_Strelitz	child	Sancha_of_Castile_Queen_of_Navarre
Charlotte_of_Mecklenburg_Strelitz	child	Louis_of_Toulouse
Blanche_of_Castile	child	Louis_XIII
Blanche_of_Castile	child	John_Prince_of_Asturias
Blanche_of_Castile	child	Charlotte_de_Br_z_
Blanche_of_Castile	child	Napoleon_II
Maximilian_I_Holy_Roman_Emperor	child	Archduke_Joseph_of_Austria_Palatine_of_Hungary
Maximilian_I_Holy_Roman_Emperor	child	August_of_Saxe_Weissenfels_1650_1674
Eleanor_of_Viseu	child	Maria_of_Naples
John_II_of_Portugal	child	Anne_Marie_d_Orl_ans
Odo_I_Duke_of_Burgundy	child	Sancho_Alfonso
Odo_I_Duke_of_Burgundy	child	Archduchess_Marie_Anne_of_Austria
Odo_I_Duke_of_Burgundy	child	Charlotte_Agla__d_Orl_ans
Antoinette_of_Bourbon	child	Dirk_III_Count_of_Holland
Antoinette_of_Bourbon	child	John_III_Duke_of_Bavaria
Antoinette_of_Bourbon	child	Francis_II_Duke_of_Brittany
Antoinette_of_Bourbon	child	Henri_de_Lorraine_Chaligny
Antoinette_of_Bourbon	child	Geoffrey_Count_of_Nantes
Maria_Josepha_of_Saxony_Dauphine_of_France	child	_thelwulf_King_of_Wessex
Maria_Josepha_of_Saxony_Dauphine_of_France	child	Alfonso_IX_of_Le_n
Maria_Josepha_of_Saxony_Dauphine_of_France	child	David_Stewart_Earl_of_Moray
Maria_Josepha_of_Saxony_Dauphine_of_France	child	Ren__Marquis_of_Elbeuf
Maria_Josepha_of_Saxony_Dauphine_of_France	child	Alix_of_France
Henrietta_Maria	child	Louis_XVIII
Henrietta_Maria	child	Prince_Philippe_Count_of_Paris
Henrietta_Maria	child	Richard_Woodville_3rd_Earl_Rivers
Louis_the_German	child	Eleanor_de_Medici
Louis_the_German	child	Blanche_of_Castile
Louis_the_German	child	Marie_Caroline_of_Bourbo_Two_Sicilies_Duchess_of_Berry
Charles_the_Fat	child	Afonso_Prince_of_Portugal
Hugh_Capet	child	Prince_Christian_of_Hesse_Darmstadt
Theodoric_II_Duke_of_Lorraine	child	John_III_Burgrave_of_Nuremberg
Ferdinand_I_Holy_Roman_Emperor	child	Matthias_II_Duke_of_Lorraine
Ferdinand_I_Holy_Roman_Emperor	child	Charlotte_of_Mecklenburg_Strelitz
Ferdinand_I_Holy_Roman_Emperor	child	Rozala_of_Italy
Ferdinand_I_Holy_Roman_Emperor	child	Prince_Henry_Duke_of_Cumberland_and_Strathearn
Ferdinand_I_Holy_Roman_Emperor	child	Princess_Maria_Antonia_of_the_Two_Sicilies
Ferdinand_I_Holy_Roman_Emperor	child	Henry_of_France_Archbishop_of_Reims
Ferdinand_I_Holy_Roman_Emperor	child	Princess_Maria_Fortunata_d_Este
Ferdinand_I_Holy_Roman_Emperor	child	Count_of_Boulogne
Louis_Dauphin_of_France_son_of_Louis_XV	child	George_Duke_of_Brunswic_Calenberg
Louis_Dauphin_of_France_son_of_Louis_XV	child	Yolande_of_Aragon
Louis_Dauphin_of_France_son_of_Louis_XV	child	Maria_Henrietta_of_Naples_and_Sicily
Louis_Dauphin_of_France_son_of_Louis_XV	child	John_of_Foix_Viscount_of_Narbonne
Louis_Dauphin_of_France_son_of_Louis_XV	child	Princess_Amelia_of_the_United_Kingdom
Louis_Dauphin_of_France_son_of_Louis_XV	child	Prince_Giuseppe_of_Naples_and_Sicily
Theobald_I_of_Navarre	child	Princess_Maria_Carolina_of_Savoy
Theobald_I_of_Navarre	child	Odo_of_France
Theobald_I_of_Navarre	child	Louis_Antoine_Duke_of_Angoul_me
Marie_Caroline_of_Bourbo_Two_Sicilies_Duchess_of_Berry	child	Alice_Holland_Countess_of_Kent
Marie_Caroline_of_Bourbo_Two_Sicilies_Duchess_of_Berry	child	William_Longesp_e_3rd_Earl_of_Salisbury
Agnes_of_Burgundy_Duchess_of_Bourbon	child	Ferdinand_Karl_Archduke_of_Austria_Este
Agnes_of_Burgundy_Duchess_of_Bourbon	child	John_King_of_England
Agnes_of_Burgundy_Duchess_of_Bourbon	child	Maximiliana_Maria_of_Bavaria
Agnes_of_Burgundy_Duchess_of_Bourbon	child	Otto_Duke_of_Austria
Agnes_of_Burgundy_Duchess_of_Bourbon	child	Pauline_Bonaparte
Archduchess_Anna_of_Austria	child	Isabella_of_France
Archduchess_Anna_of_Austria	child	Cristina_daughter_of_Edward_the_Exile
Archduchess_Anna_of_Austria	child	Berengaria_of_Castile
Archduchess_Anna_of_Austria	child	Margaret_of_France_Queen_of_England_and_Hungary
Archduchess_Anna_of_Austria	child	Joan_of_Acre
Louis_I_of_Anjou	child	Emma_of_Italy
Louis_I_of_Anjou	child	Marie_Louise_of_France_1728_1733
Charlotte_of_Savoy	child	Henry_II_of_England
Eleanor_of_Aquitaine	child	Eleanor_of_Castile
Eleanor_of_Aquitaine	child	Isabel_of_Viseu
Eleanor_of_Aquitaine	child	Christine_of_Saxony
Eleanor_of_Aquitaine	child	Philip_the_Good
Eleanor_of_Aquitaine	child	Prince_Philippe_Duke_of_Orl_ans_1869_1926
Eleanor_of_Aquitaine	child	Princess_Sophia_of_the_United_Kingdom
Eleanor_of_Aquitaine	child	Archduke_Rainer_Joseph_of_Austria
Eleanor_of_Aquitaine	child	Constance_of_Castile
Eleanor_of_Aquitaine	child	Archduchess_Maria_Anna_of_Austria_born_1738
Eleanor_of_Aquitaine	child	Jean_Marie_Duke_of_Ch_teauvillain
Benedicta_Henrietta_of_the_Palatinate	child	Victor_Amadeus_II_of_Sardinia
Benedicta_Henrietta_of_the_Palatinate	child	Louis_XII
Mary_Queen_of_Scots	child	James_II_of_Majorca
Anne_of_Brittany	child	Maria_Amalia_of_Naples_and_Sicily
Anne_of_Brittany	child	Francis_II_of_France
Anne_of_Brittany	child	Rudolf_IV_Duke_of_Austria
_lffl_d_wife_of_Edward_the_Elder	child	Ferdinand_Philippe_Duke_of_Orl_ans
_lffl_d_wife_of_Edward_the_Elder	child	Johann_Wilhelm_Elector_Palatine
_lffl_d_wife_of_Edward_the_Elder	child	Louis_of_France_1244_1260
_lffl_d_wife_of_Edward_the_Elder	child	Adela_of_France
Pepin_the_Short	child	Alfonso_XI_of_Castile
Pepin_the_Short	child	Isabelle_of_France_saint
Berengar_II_of_Italy	child	Princess_Elizabeth_of_Great_Britain
Berengar_II_of_Italy	child	Catherine_of_Austria_Queen_of_Poland
Berengar_II_of_Italy	child	Princess_Augusta_of_Great_Britain
Berengar_II_of_Italy	child	Edmund_Crouchback
Rozala_of_Italy	child	Anne_of_Kiev
Alfred_the_Great	child	Archduke_Rudolf_of_Austria
Alfred_the_Great	child	Adam_FitzRoy
Alfred_the_Great	child	Peter_Duke_of_Coimbra
William_the_Younger_Duke_of_Brunswic_L_neburg	child	Theodoric_II_Duke_of_Lorraine
William_the_Younger_Duke_of_Brunswic_L_neburg	child	Eleanor_of_Austria
William_the_Younger_Duke_of_Brunswic_L_neburg	child	Agnes_of_Austria_1281_1364
William_the_Younger_Duke_of_Brunswic_L_neburg	child	Charles_V_Duke_of_Lorraine
William_the_Younger_Duke_of_Brunswic_L_neburg	child	Philippine__lisabeth_d_Orl_ans
William_the_Younger_Duke_of_Brunswic_L_neburg	child	Blanche_of_Navarre_Duchess_of_Brittany
William_the_Younger_Duke_of_Brunswic_L_neburg	child	Mary_of_Hungary_governor_of_the_Netherlands
Isabella_of_France	child	Marie_of_Luxembourg_Queen_of_France
Isabella_of_France	child	James_VI_and_I
Isabella_of_France	child	Charles_of_Austria_Bishop_of_Wroclaw
Isabella_of_France	child	Eleanor_of_Castile_1307_1359
Joan_I_of_Navarre	child	Isabella_Duchess_of_Lorraine
Joan_I_of_Navarre	child	Henry_I_of_France
Joan_I_of_Navarre	child	Frederick_IV_Duke_of_Lorraine
Joan_I_of_Navarre	child	Madame_Ad_la_de
Elisabeth_Christine_of_Brunswic_Wolfenb_ttel	child	Edmund_Crouchback
Elisabeth_Christine_of_Brunswic_Wolfenb_ttel	child	Adolphus_Frederick_III_Duke_of_Mecklenburg_Strelitz
Sancho_III_of_Castile	child	Afonso_V_of_Portugal
Alys_of_France_Countess_of_Vexin	child	Radegonde_of_Valois
Charles_Duke_of_Vend_me	child	Philip_II_Duke_of_Savoy
Charles_Duke_of_Vend_me	child	Sanchia_of_Provence
Charles_Duke_of_Vend_me	child	Margaret_of_Burgundy_Queen_of_France
Charles_Duke_of_Vend_me	child	Princess_Amelia_of_the_United_Kingdom
Charles_Duke_of_Vend_me	child	Charles_IV_of_Spain
Margaret_of_Foix	child	Robert_Stewart_Duke_of_Albany
Margaret_of_Foix	child	Geoffrey_archbishop_of_York
Prince_Philippe_Count_of_Paris	child	Joan_III_Countess_of_Burgundy
Prince_Philippe_Count_of_Paris	child	Philip_VI_of_France
Prince_Philippe_Count_of_Paris	child	Charles_II_de_Valois_Duke_of_Orl_ans
Prince_Philippe_Count_of_Paris	child	Louise_Ad_la_de_d_Orl_ans
George_Gordon_4th_Earl_of_Huntly	child	Joan_of_Portugal
George_Gordon_4th_Earl_of_Huntly	child	Napol_on_Charles_Bonaparte
George_Gordon_4th_Earl_of_Huntly	child	Beatrice_Countess_of_Arundel
George_Gordon_4th_Earl_of_Huntly	child	Adam_Gordon_of_Auchindoun
George_Gordon_4th_Earl_of_Huntly	child	Canute_V_of_Denmark
Agatha_wife_of_Edward_the_Exile	child	John_II_Duke_of_Lorraine
Agatha_wife_of_Edward_the_Exile	child	Emanuele_Filiberto_Duke_of_Aosta_1731_1735
Agatha_wife_of_Edward_the_Exile	child	Princess_Maria_Vittoria_Margherita_of_Savoy
Robert_II_of_France	child	Maria_of_Aragon_Queen_of_Portugal
Robert_II_of_France	child	Albert_II_Duke_of_Bavaria
Robert_II_of_France	child	Archduchess_Gregoria_Maximiliana_of_Austria
Robert_II_of_France	child	Fadrique_Alfonso
Hugh_IV_Duke_of_Burgundy	child	Anna_of_Lorraine
Hugh_IV_Duke_of_Burgundy	child	Philip_I_Count_of_Auvergne
Frederick_IV_Duke_of_Lorraine	child	Peter_I_of_Courtenay
Elizabeth_of_Luxembourg	child	Henry_of_Bar
Simon_I_Duke_of_Lorraine	child	Baldwin_of_Luxembourg
Empress_Jos_phine	child	George_Gordon_5th_Earl_of_Huntly
Empress_Jos_phine	child	Adolphus_Frederick_IV_Duke_of_Mecklenburg_Strelitz
Maximilian_II_Holy_Roman_Emperor	child	Anne_of_Kiev
Maximilian_II_Holy_Roman_Emperor	child	Charles_IV_Holy_Roman_Emperor
Maximilian_II_Holy_Roman_Emperor	child	Bona_of_Savoy
Maximilian_II_Holy_Roman_Emperor	child	Archduchess_Maria_Theresa_of_Austria_Este_1817_1886
Maximilian_II_Holy_Roman_Emperor	child	Philip_Duke_of_Orl_ans
Maximilian_II_Holy_Roman_Emperor	child	Louis_Duke_of_Guyenne
Maximilian_II_Holy_Roman_Emperor	child	Marie_Th_r_se_of_France_1667_1672
Baldwin_V_Count_of_Flanders	child	Gaston_Duke_of_Orl_ans
Baldwin_V_Count_of_Flanders	child	Welf_I
Baldwin_V_Count_of_Flanders	child	Egbert_archbishop_of_Trier
Anne_Gonzaga	child	Margaret_of_Bavaria
Anne_Gonzaga	child	Charles_of_Valois_Duke_of_Berry
Anne_Gonzaga	child	Elisabeth_of_Valois
Anna_Maria_of_Mecklenburg_Schwerin	child	Charles_III_Duke_of_Savoy
Anna_Maria_of_Mecklenburg_Schwerin	child	Arthur_Prince_of_Wales
Anna_Maria_of_Mecklenburg_Schwerin	child	Charles_Felix_of_Sardinia
Anna_Maria_of_Mecklenburg_Schwerin	child	Marie_of_Valois_Prioress_of_Poissy
Anna_Maria_of_Mecklenburg_Schwerin	child	Sophie_of_France_1776_1783
Anna_Maria_of_Mecklenburg_Schwerin	child	Edward_V_of_England
Ramon_Berenguer_IV_Count_of_Provence	child	Francis_Louis_of_Palatinate_Neuburg
Ramon_Berenguer_IV_Count_of_Provence	child	Charles_Duke_of_Lower_Lorraine
Ramon_Berenguer_IV_Count_of_Provence	child	Pepin_I_of_Aquitaine
Ramon_Berenguer_IV_Count_of_Provence	child	Ferdinand_of_Bavaria_soldier
Stephen_II_Duke_of_Bavaria	child	Marie_Hedwig_of_Hesse_Darmstadt
Stephen_II_Duke_of_Bavaria	child	Sophia_of_Minsk
Stephen_II_Duke_of_Bavaria	child	Bona_of_Savoy
Agnes_of_France_Duchess_of_Burgundy	child	Louis_Duke_of_Durazzo
Agnes_of_France_Duchess_of_Burgundy	child	Adela_of_France
Agnes_of_France_Duchess_of_Burgundy	child	Mercedes_of_Orl_ans
Louis_XVI	child	Alfred_the_Great
Louis_XVI	child	Baldwin_IV_Count_of_Flanders
Louis_XVI	child	Charles_Martel_of_Anjou
Henry_VI_of_England	child	Gerberga_of_Burgundy
Mary_of_Hungary_Queen_of_Naples	child	Louis_Philippe_I
Mary_of_Hungary_Queen_of_Naples	child	Afonso_I_of_Portugal
Mary_of_Hungary_Queen_of_Naples	child	Charles_III_of_Spain
Mary_of_Hungary_Queen_of_Naples	child	Archduchess_Maria_Clementina_of_Austria
Mary_of_Hungary_Queen_of_Naples	child	Alys_of_France_Countess_of_Vexin
Mary_of_Hungary_Queen_of_Naples	child	Margaret_of_Foix
Mary_of_Hungary_Queen_of_Naples	child	Eleanor_of_Aragon_Queen_of_Portugal
Mary_of_Hungary_Queen_of_Naples	child	John_of_Castile_Lord_of_Valencia_de_Campos
Mary_of_Hungary_Queen_of_Naples	child	Eleanor_of_Portugal_Holy_Roman_Empress
Mary_of_Hungary_Queen_of_Naples	child	Frederick_Duke_of_Bavaria
Richard_Count_of__tampes	child	Sancha_Lady_of_Alenquer
Margaret_of_Valois_Angoul_me	child	Eleanor_of_Provence
Pepin_of_Herstal	child	Charles_Frederick_Grand_Duke_of_Saxe_Weimar_Eisenach
Pepin_of_Herstal	child	Marie_of_France_Duchess_of_Bar
Pepin_of_Herstal	child	Charlotte_Princess_Royal
Francesco_I_de_Medici_Grand_Duke_of_Tuscany	child	Joan_of_the_Tower
Francesco_I_de_Medici_Grand_Duke_of_Tuscany	child	Dobroniega_Ludgarda_of_Poland
Francesco_I_de_Medici_Grand_Duke_of_Tuscany	child	Anne_of_Bohemia_1290_1313
Francesco_I_de_Medici_Grand_Duke_of_Tuscany	child	Maria_Teresa_of_Savoy_1803_1879
Elizabeth_Gordon_Countess_of_Huntly	child	Rozala_of_Italy
Elizabeth_Gordon_Countess_of_Huntly	child	Geoffrey_IV_Count_of_Anjou
Elizabeth_Gordon_Countess_of_Huntly	child	Archduchess_Maria_Carolina_of_Austria_born_1740
Elizabeth_Gordon_Countess_of_Huntly	child	Prince_Leopold_Count_of_Syracuse
Joan_Countess_of_Ponthieu	child	John_of_Bohemia
Sophia_Eleonore_of_Saxony	child	Prince_Henry_the_Navigator
Sophia_Eleonore_of_Saxony	child	Henry_II_of_France
Sophia_Eleonore_of_Saxony	child	Eleanor_of_Navarre
Sophia_Eleonore_of_Saxony	child	Baldwin_III_of_Jerusalem
Sophia_Eleonore_of_Saxony	child	Lothair_I
Louis_IV_Holy_Roman_Emperor	child	James_II_of_Scotland
Louis_IV_Holy_Roman_Emperor	child	Igor_Yaroslavich
Louis_IV_Holy_Roman_Emperor	child	Jean_de_Montagu
Louis_IV_Holy_Roman_Emperor	child	Joan_of_England_Queen_of_Sicily
Louis_IV_Holy_Roman_Emperor	child	Mstislav_of_Chernigov
Louis_IV_Holy_Roman_Emperor	child	Thomas_2nd_Earl_of_Lancaster
Henry_Count_of_Portugal	child	Charles_de_Morny_Duke_of_Morny
James_IV_of_Scotland	child	Leopold_II_Holy_Roman_Emperor
Ermengarde_of_Hesbaye	child	Alix_of_France
Ermengarde_of_Hesbaye	child	Charles_Count_of_Maine
Maria_Teresa_Felicitas_d_Este	child	Matilda_of_Anjou
Maria_Teresa_Felicitas_d_Este	child	Joan_of_France_Duchess_of_Berry
Maria_Teresa_Felicitas_d_Este	child	William_II_Count_of_Hainaut
Louise_Marie_Ad_la_de_de_Bourbon_Duchess_of_Orl_ans	child	Infante_Antonio_Duke_of_Galliera
Louise_Marie_Ad_la_de_de_Bourbon_Duchess_of_Orl_ans	child	Rudolph_III_of_Burgundy
Louise_Marie_Ad_la_de_de_Bourbon_Duchess_of_Orl_ans	child	Archduke_Wenceslaus_of_Austria
John_the_Fearless	child	Wenceslaus_III_of_Bohemia
John_the_Fearless	child	Alfonso_VIII_of_Castile
John_the_Fearless	child	Urraca_of_Castile_Queen_of_Navarre
Eleanor_of_Aragon_Queen_of_Portugal	child	Princess_Mar_a_Cristina_of_Orl_ans
Eleanor_of_Aragon_Queen_of_Portugal	child	John_FitzAlan_1st_Baron_Arundel
Eleanor_of_Aragon_Queen_of_Portugal	child	Madeleine_of_Valois
Eleanor_of_Aragon_Queen_of_Portugal	child	Otto_Duke_of_Burgundy
Afonso_III_of_Portugal	child	Beatrice_of_England
Afonso_III_of_Portugal	child	John_II_Duke_of_Lorraine
Afonso_III_of_Portugal	child	Theobald_I_Duke_of_Lorraine
Afonso_III_of_Portugal	child	Henry_son_of_Edward_I
Afonso_III_of_Portugal	child	Nicolaus_of_Luxemburg
Afonso_III_of_Portugal	child	Matilda_of_Flanders
Afonso_III_of_Portugal	child	Eleanor_Clifford_Countess_of_Cumberland
Yolanda_Latin_Empress	child	John_Beaufort_1st_Earl_of_Somerset
Yolanda_Latin_Empress	child	Margaret_of_Provence
Yolanda_Latin_Empress	child	Charles_d_vreux
Yolanda_Latin_Empress	child	Maria_Theresa_of_Savoy
Yolanda_Latin_Empress	child	Isabella_of_Aragon_Queen_of_Portugal
Yolanda_Latin_Empress	child	Prince_Charles_Alexander_of_Lorraine
Nicolas_Duke_of_Merc_ur	child	Albert_I_of_Germany
Nicolas_Duke_of_Merc_ur	child	Prince_Alfred_of_Great_Britain
Nicolas_Duke_of_Merc_ur	child	Charles_Emmanuel_IV_of_Sardinia
Bertrade_of_Montfort	child	Agust_n_Mar_a_Mu_oz_y_Borb_n_1st_Duke_of_Taranc_n
Bertrade_of_Montfort	child	John_III_of_Portugal
Beatrice_of_Silesia	child	Louis_I_Duke_of_Bourbon
Ferdinand_Duke_of_Viseu	child	Princess_Maria_Carolina_of_Savoy
Ferdinand_Duke_of_Viseu	child	Henry_IV_of_France
Ferdinand_Duke_of_Viseu	child	Marie_Elisabeth_of_France
Antoine_of_Navarre	child	Marie_of_France_Duchess_of_Brabant
Maria_Beatrice_of_Savoy	child	Archduke_Maximilian_Francis_of_Austria
Maria_Beatrice_of_Savoy	child	Sophia_Eleonore_of_Hesse_Darmstadt
Maria_Beatrice_of_Savoy	child	Constance_of_France_Countess_of_Toulouse
Henry_IV_of_France	child	Henry_I_of_France
Henry_IV_of_France	child	Philip_I_of_Castile
Henry_IV_of_France	child	Henri_Count_of_Chambord
Henry_IV_of_France	child	Archduke_Rudolf_of_Austria
Henry_IV_of_France	child	George_I_Landgrave_of_Hesse_Darmstadt
Henry_IV_of_France	child	Princess_Caroline_Elizabeth_of_Great_Britain
Henry_IV_of_France	child	Eleanor_of_Portugal_Queen_of_Aragon
Conrad_I_of_Burgundy	child	Anne_of_Brittany
Conrad_I_of_Burgundy	child	Sophia_of_Saxe_Weissenfels_Princess_of_Anhalt_Zerbst
Conrad_I_of_Burgundy	child	Princess_Mary_Duchess_of_Gloucester_and_Edinburgh
Ferdinand_Karl_Archduke_of_Austria_Este	child	Charles_Emmanuel_I_Duke_of_Savoy
Ferdinand_Karl_Archduke_of_Austria_Este	child	Frederick_I_Count_of_Vaud_mont
Ferdinand_Karl_Archduke_of_Austria_Este	child	Ingeborg_of_Denmark_Queen_of_France
Judith_of_Habsburg	child	Amadeus_IX_Duke_of_Savoy
Judith_of_Habsburg	child	Archduchess_Clementina_of_Austria
Margaret_of_Provence	child	Marie_Antoinette
Margaret_of_Provence	child	Bertha_of_Burgundy
Margaret_of_Provence	child	Carloman_I
Margaret_of_Provence	child	Philibert_II_Duke_of_Savoy
Margaret_of_Provence	child	Agnes_of_France_Byzantine_Empress
Margaret_of_Provence	child	Augustus_the_Elder_Duke_of_Brunswic_L_neburg
Margaret_of_Provence	child	William_II_Duke_of_Bavaria
Margaret_of_Provence	child	Prince_Adolphus_Duke_of_Cambridge
Eleanor_of_Austria	child	Rudolph_III_of_Burgundy
Robert_Count_of_Clermont	child	Matilda_of_France
Robert_Count_of_Clermont	child	John_Count_Palatine_of_Neumarkt
Robert_Count_of_Clermont	child	Matilda_of_England_Duchess_of_Saxony
Eadgifu_of_Wessex	child	Henry_II_of_France
Elisabeth_of_Austria_Queen_of_France	child	Bertha_of_Holland
Francis_I_of_France	child	Margaret_of_Valois_Angoul_me
Francis_I_of_France	child	Anastasia_of_Kiev
Francis_I_of_France	child	Archduchess_Marie_Caroline_of_Austria
Francis_I_of_France	child	Marie_Th_r_se_of_France_1667_1672
Francis_I_of_France	child	Florine_of_Burgundy
Frederuna	child	Countess_Palatine_Hedwig_Elisabeth_of_Neuburg
Philip_II_of_France	child	Charles_Felix_of_Sardinia
Philip_II_of_France	child	_lfweard_of_Wessex
Philip_II_of_France	child	Carlos_Prince_of_Asturias
Charlemagne	child	Clemence_of_Austria
Charlemagne	child	Princess_Elizabeth_of_Great_Britain
Charlemagne	child	Joan_of_Portugal
Charlemagne	child	Princess_Mar_a_Cristina_of_Orl_ans
Louis_the_Pious	child	Ren__of_Anjou
Louis_the_Pious	child	Archduchess_Barbara_of_Austria
Louis_the_Pious	child	Louis_II_of_Hungary
Louis_the_Pious	child	Joanna_of_Bavaria
Robert_II_Count_of_Dreux	child	Willa_of_Burgundy
Robert_II_Count_of_Dreux	child	Ferdinand_II_of_Le_n
Robert_II_Count_of_Dreux	child	Yolande_of_Aragon
Robert_II_Count_of_Dreux	child	Charles_Duke_of_Berry_1686_1714
Louis_Philippe_II_Duke_of_Orl_ans	child	Sancha_Raim_ndez
Louis_Philippe_II_Duke_of_Orl_ans	child	Louis_Joseph_Dauphin_of_France
Louis_Philippe_II_Duke_of_Orl_ans	child	Afonso_Prince_of_Portugal
Jeanne_d_Albret	child	Katherine_of_Bavaria
Jeanne_d_Albret	child	Philippe_Duke_of_Anjou
Elizabeth_the_Cuman	child	Charles_Emmanuel_III_of_Sardinia
Elizabeth_the_Cuman	child	Dirk_II_Count_of_Holland
Elizabeth_the_Cuman	child	Marie_of_Brittany_Countess_of_Saint_Pol
Elizabeth_the_Cuman	child	Claude_of_France_1547_1575
Elizabeth_the_Cuman	child	Countess_of_Pembroke
Elizabeth_the_Cuman	child	John_I_Duke_of_Cleves
Philip_V_of_France	child	Louis_II_of_Anjou
Philip_V_of_France	child	Eadburh_of_Winchester
Philip_V_of_France	child	Thankmar
Salomea_of_Berg	child	Pepin_the_Hunchback
Salomea_of_Berg	child	Claude_Duke_of_Aumale
Salomea_of_Berg	child	Maria_Beatrice_of_Savoy
Salomea_of_Berg	child	George_III
Salomea_of_Berg	child	Adolph_of_Cleves_Lord_of_Ravenstein
Salomea_of_Berg	child	John_Henry_Margrave_of_Moravia
Marie_of_Anjou	child	Empress_Matilda
Marie_of_Anjou	child	Fulk_King_of_Jerusalem
Marie_of_Anjou	child	Valdemar_II_of_Denmark
Marie_of_Anjou	child	Louis_I_of_Anjou
Marie_of_Anjou	child	Oleg_of_Drelinia
Marie_of_Anjou	child	Maria_Vittoria_of_Savoy
Marie_of_Anjou	child	Thomas_Beaufort_Duke_of_Exeter
Yolande_of_Aragon	child	Joan_of_Brittany_Baroness_of_Drayton
Yolande_of_Aragon	child	Princess_Mary_Duchess_of_Gloucester_and_Edinburgh
Yolande_of_Aragon	child	Maria_Anna_of_Spain
Robert_I_of_France	child	Prince_Bernhard_of_Saxe_Weimar_Eisenach_1792_1862
Robert_I_of_France	child	Princess_Louisa_of_Great_Britain
John_I_of_Castile	child	Archduke_John_of_Austria
John_I_of_Castile	child	Louis_of_France_1264_1276
Henry_III_of_England	child	Otto_I_Holy_Roman_Emperor
Henry_III_of_England	child	Edmund_Tudor_Duke_of_Somerset
Henry_III_of_England	child	_lfweard_of_Wessex
Henry_III_of_England	child	Christine_of_France
Elizabeth_of_Austria_1436_1505	child	Victor_Amadeus_I_Duke_of_Savoy
Elizabeth_of_Austria_1436_1505	child	Valdemar_II_of_Denmark
Elizabeth_of_Austria_1436_1505	child	William_FitzEmpress
Elizabeth_of_Austria_1436_1505	child	Princess_Elizabeth_of_the_United_Kingdom
Elizabeth_of_Austria_1436_1505	child	Matilda_of_Bavaria_Margravine_of_Meissen
Elizabeth_of_Austria_1436_1505	child	Princess_H_l_ne_of_Orl_ans
Elizabeth_of_Austria_1436_1505	child	Maria_of_Aragon_Queen_of_Castile
Hortense_de_Beauharnais	child	Charles_d_Orl_ans_Duke_of_Penthi_vre
Hortense_de_Beauharnais	child	Gisela_of_France_Countess_of_Ponthieu
Hortense_de_Beauharnais	child	Guigues_VI_of_Viennois
Anne_of_Kiev	child	Louis_of_Valois
Louis_VIII_of_France	child	Maria_of_Portugal_Duchess_of_Viseu
Louis_VIII_of_France	child	Louise__lisabeth_of_France
Louis_VIII_of_France	child	Princess_Mary_of_Great_Britain
Louis_VIII_of_France	child	Victor_Amadeus_Prince_of_Piedmont
John_King_of_England	child	Edward_III_of_England
John_King_of_England	child	Victor_Amadeus_III_of_Sardinia
John_King_of_England	child	Lucrezia_de_Medici_Duchess_of_Ferrara
John_King_of_England	child	_thelbald_King_of_Wessex
John_King_of_England	child	Mafalda_of_Portugal
John_King_of_England	child	Anne_Stuart_born_1637
Charles_Duke_of_Orl_ans	child	Francis_II_Holy_Roman_Emperor
Charles_Duke_of_Orl_ans	child	Antonia_of_Savoy
Charles_Duke_of_Orl_ans	child	John_Count_of_Soissons_and_Enghien
Charles_Duke_of_Orl_ans	child	Ren__of_Savoy
Marie_of_Cleves_Duchess_of_Orl_ans	child	Antoine_Duke_of_Montpensier
Marie_of_Cleves_Duchess_of_Orl_ans	child	Louis_Duke_of_Orl_ans_1703_1752
Marie_of_Cleves_Duchess_of_Orl_ans	child	Elisabeth_of_Austria_Queen_of_France
Eleanor_of_England_Queen_of_Castile	child	Maria_Theresa_of_Savoy
Eleanor_of_England_Queen_of_Castile	child	Princess_Maria_Carolina_of_Bourbo_Two_Sicilies_1820_1861
Eleanor_of_England_Queen_of_Castile	child	Violant_of_Bar
Edward_the_Elder	child	Ren__of_Anjou
Edward_the_Elder	child	Louis_Bonaparte
Edward_the_Elder	child	Hugh_Magnus
Edward_the_Elder	child	Anne_of_Burgundy
Edward_the_Elder	child	Duchess_Gustave_Caroline_of_Mecklenburg_Strelitz
Edward_the_Elder	child	Anna_of_Hesse
Maria_Theresa	child	Afonso_II_of_Portugal
Maria_Theresa	child	Margaret_II_Countess_of_Hainaut
Maria_Theresa	child	Charles_V_of_France
Maria_Theresa	child	Roman_Catholic_Archdiocese_of_Cambrai
Maria_Theresa	child	Thomas_Arundel
Maria_Theresa	child	Rudolf_II_Holy_Roman_Emperor
Maria_Theresa	child	Infanta_Maria_Josefa_of_Spain
Maria_Theresa	child	Archduchess_Maria_Leopoldine_of_Austria_Este
Maria_Theresa	child	Margaret_of_Austria_Duchess_of_Savoy
Maria_Theresa	child	Vladimir_of_Novgorod
Louis_Bonaparte	child	Louis_Philippe_I
Louis_Bonaparte	child	Vladimir_the_Great
Louis_Bonaparte	child	Robert_I_Count_of_Artois
Isabella_of_Portugal	child	Mary_of_Hungary_Queen_of_Naples
Isabella_of_Portugal	child	Louise_Ad_la_de_d_Orl_ans
Edward_II_of_England	child	Louis_of_Cyprus
Edward_II_of_England	child	Carloman_of_Bavaria
Edward_II_of_England	child	Robert_I_Count_of_Flanders
Edward_II_of_England	child	Marie_Louise_Duchess_of_Parma
George_III	child	Alfonso_V_of_Aragon
George_III	child	Marie_of_Valois_Duchess_of_Calabria
George_III	child	Anne_of_France
George_III	child	Jean_Cardinal_of_Lorraine
George_III	child	Catherine_of_Foix_Countess_of_Candale
George_III	child	Anna_de_Medici
George_III	child	Emma_of_France
George_III	child	Richard_of_Cornwall
George_III	child	Christine_of_France
George_III	child	Archduke_Ernest_of_Austria
George_III	child	Ferdinando_I_de_Medici_Grand_Duke_of_Tuscany
George_III	child	Charles_II_of_England
Elisabeth_of_Nuremberg	child	Louis_Dauphin_of_France_son_of_Louis_XIV
Elisabeth_of_Nuremberg	child	Archbishop_of_Canterbury
Elisabeth_of_Nuremberg	child	Sophie_of_Brunswic_L_neburg
Elisabeth_of_Nuremberg	child	David_I_of_Scotland
Louis_II_of_Anjou	child	Fran_ois_de_Lorraine
Louis_II_of_Anjou	child	Richard_I_of_England
Louis_II_of_Anjou	child	Francis_Duke_of_Guise
Louis_II_of_Anjou	child	Ferdinand_Duke_of_Parma
Christine_of_Saxony	child	Arthur_II_Duke_of_Brittany
Christine_of_Saxony	child	Fulk_King_of_Jerusalem
Christine_of_Saxony	child	George_I_of_Great_Britain
Christine_of_Saxony	child	Blanche_of_Castile
Christine_of_Saxony	child	Charles_Duke_of_Orl_ans
Christine_of_Saxony	child	Sancha_of_Portugal_born_1264
Christine_of_Saxony	child	Cecily_of_York
Christine_of_Saxony	child	Am_lie_of_Orl_ans
Alpaida	child	Isabella_of_Austria
Alpaida	child	Archduchess_Maria_Elisabeth_of_Austria_born_1743
Princess_Augusta_of_Saxe_Gotha	child	Henry_III_of_England
Princess_Augusta_of_Saxe_Gotha	child	Gaston_Duke_of_Orl_ans
Princess_Augusta_of_Saxe_Gotha	child	Beatrice_of_Bavaria
Princess_Augusta_of_Saxe_Gotha	child	Maria_Leopoldina_of_Austria
Princess_Augusta_of_Saxe_Gotha	child	Henry_Duke_of_Villena
Princess_Augusta_of_Saxe_Gotha	child	Peter_of_Castile_Lord_of_Cameros
Francis_I_Duke_of_Lorraine	child	Charles_the_Bald
Francis_I_Duke_of_Lorraine	child	Elisabeth_of_Austria_Duchess_of_Lorraine
Louis_VII_of_France	child	Francis_I_Holy_Roman_Emperor
Louis_VII_of_France	child	Emanuel_Filibert_of_Savoy
Louis_VII_of_France	child	Archduchess_Maria_Elisabeth_of_Austria_born_1737
Louis_VII_of_France	child	Princess_H_l_ne_of_Orl_ans
Matilda_of_France	child	John_Count_of_Angoul_me
Matilda_of_France	child	Theobald_II_Duke_of_Lorraine
Matilda_of_France	child	Margaret_of_France_Queen_of_England
Elisabeth_of_Meissen	child	Princess_Marie_Isabelle_of_Orl_ans
Elisabeth_of_Meissen	child	Alexander_Stewart_Duke_of_Albany
Elisabeth_of_Meissen	child	Marie_of_France_Duchess_of_Brabant
Elisabeth_of_Meissen	child	Catherine_of_Hungary_Queen_of_Serbia
Elisabeth_of_Meissen	child	Princess_Caroline_of_Hesse_Darmstadt
Louis_VI_of_France	child	Ernest_Augustus_King_of_Hanover
Louis_VI_of_France	child	Maria_Josepha_of_Saxony_Dauphine_of_France
Louis_VI_of_France	child	Denis_Lord_of_Cifuentes
Louis_VI_of_France	child	Beatrice_of_Bourbon_Queen_of_Bohemia
Louis_VI_of_France	child	Charles_Count_of_Maine
Peter_I_Duke_of_Brittany	child	Marie_of_Cleves_Duchess_of_Orl_ans
Afonso_IV_of_Portugal	child	Maria_Kunigunde_of_Saxony
Afonso_IV_of_Portugal	child	Napol_on_Louis_Bonaparte
Afonso_IV_of_Portugal	child	Napol_on_Prince_Imperial
John_I_Duke_of_Lorraine	child	Joan_I_of_Navarre
John_I_Duke_of_Lorraine	child	Fredericka_of_Saxe_Gotha_Altenburg
Theobald_II_Duke_of_Lorraine	child	Princess_Eleonora_of_Savoy
Eleanor_of_Navarre	child	Benedicta_Henrietta_of_the_Palatinate
Eleanor_of_Navarre	child	Luisa_Carlotta_of_the_Two_Sicilies
Eleanor_of_Navarre	child	Princess_Louise_of_Hesse_Darmstadt_1757_1830
Eleanor_of_Navarre	child	Maria_Luisa_Gabriella_of_Savoy
Agnes_of_Merania	child	Henry_II_of_Namur
John_IV_Duke_of_Brittany	child	Robert_I_of_France
John_IV_Duke_of_Brittany	child	Joanna_of_Hainaut
John_IV_Duke_of_Brittany	child	Henry_King_of_Portugal
Henry_VII_of_England	child	Charlotte_of_Savoy
Henry_VII_of_England	child	Margaret_of_the_Palatinate
Henry_VII_of_England	child	Marie_of_France_Duchess_of_Bar
Henry_VII_of_England	child	Hugh_Count_of_Vermandois
Henry_VII_of_England	child	Beatrice_of_Provence
Mar_a_Isabella_of_Spain	child	Henry_II_of_Castile
Mar_a_Isabella_of_Spain	child	Hugh_III_Duke_of_Burgundy
Mar_a_Isabella_of_Spain	child	Archduke_Franz_Karl_of_Austria
Mar_a_Isabella_of_Spain	child	Henri_de_Dreux
Mar_a_Isabella_of_Spain	child	Francis_Hyacinth_Duke_of_Savoy
Mar_a_Isabella_of_Spain	child	Prince_Alberto_of_Naples_and_Sicily
Mar_a_Isabella_of_Spain	child	Anne_of_Bohemia_Duchess_of_Austria
Mar_a_Isabella_of_Spain	child	Prince_Frederick_Duke_of_York_and_Albany
Mar_a_Isabella_of_Spain	child	Eleanor_of_Anjou
Mar_a_Isabella_of_Spain	child	Geoffrey_II_Duke_of_Brittany
Catherine_of_Valois	child	Agatha_wife_of_Edward_the_Exile
Catherine_of_Valois	child	Edgar__theling
Catherine_of_Valois	child	Joan_of_Valois_Queen_of_Navarre
Margaret_of_the_Palatinate	child	Ferdinand_II_Holy_Roman_Emperor
Margaret_of_the_Palatinate	child	Robert_III_Count_of_Dreux
Margaret_of_Brieg	child	Francis_IV_Duke_of_Modena
Margaret_of_Brieg	child	Marie_Elisabeth_of_France
Margaret_of_Brieg	child	Arnulf_Count_of_Holland
Margaret_of_Brieg	child	Charlotte_Agla__d_Orl_ans
Margaret_of_Brieg	child	Isabelle_of_France_saint
Margaret_of_Brieg	child	Blanche_of_Portugal_1259_1321
Margaret_of_Brieg	child	Princess_Marie_of_Orl_ans_1813_1839
Sibylla_of_Anjou	child	Matilda_of_Habsburg
Sibylla_of_Anjou	child	Princess_Louise_d_Artois
Sibylla_of_Anjou	child	George_IV
Sibylla_of_Anjou	child	Blanche_of_France_Duchess_of_Orl_ans
Sibylla_of_Anjou	child	Maria_Cristina_of_Naples_and_Sicily
Princess_Louise_of_Hesse_Darmstadt_1757_1830	child	Manuel_I_of_Portugal
Princess_Louise_of_Hesse_Darmstadt_1757_1830	child	John_Duke_of_Berry
Princess_Louise_of_Hesse_Darmstadt_1757_1830	child	Stephanie_Alfonso_of_Castile
James_V_of_Scotland	child	Francis_I_Duke_of_Lorraine
James_V_of_Scotland	child	Archduchess_Maria_Johanna_Gabriela_of_Austria
James_V_of_Scotland	child	Peter_I_Count_of_Alen_on
Francis_II_Duke_of_Lorraine	child	Louis_XV
Francis_II_Duke_of_Lorraine	child	Beatrice_of_Luxembourg
Francis_II_Duke_of_Lorraine	child	Margaret_of_Provence
Anne_of_Cyprus	child	Anne_of_Austria
Anne_of_Cyprus	child	Anne_of_France
Anne_of_Cyprus	child	Cardinal_Infante_Ferdinand_of_Austria
Anne_of_Cyprus	child	Ferdinand_III_Grand_Duke_of_Tuscany
Anne_of_Cyprus	child	John_Tristan_Count_of_Valois
Anne_of_Cyprus	child	Louis_Alexandre_Prince_of_Lamballe
Anne_of_Cyprus	child	Charles_de_Bourbon_cardinal
Anne_of_Cyprus	child	Catherine_of_Austria_Duchess_of_Calabria
Louis_Duke_of_Savoy	child	Archduke_Joseph_Franz_of_Austria
Louis_Duke_of_Savoy	child	Margaret_I_Countess_of_Flanders
Louis_Duke_of_Savoy	child	Eleanor_of_Viseu
Louis_Duke_of_Savoy	child	Malusha
Louis_Duke_of_Savoy	child	Edwin_son_of_Edward_the_Elder
Louis_Duke_of_Savoy	child	Albert_II_Duke_of_Austria
Louis_Duke_of_Savoy	child	Margaret_of_Savoy_Vicereine_of_Portugal
Louis_Duke_of_Savoy	child	Philip_of_Castile_Lord_of_Cabrera_and_Ribera
Alfonso_XI_of_Castile	child	Simon_I_Duke_of_Lorraine
Alfonso_XI_of_Castile	child	Catherine_of_Cleves_1417_1479
Alfonso_XI_of_Castile	child	Mary_of_Hungary_governor_of_the_Netherlands
Adolphus_Frederick_II_Duke_of_Mecklenburg_Strelitz	child	Richeza_of_Denmark
Adolphus_Frederick_II_Duke_of_Mecklenburg_Strelitz	child	Prince_Philippe_Duke_of_Orl_ans_1869_1926
Adolphus_Frederick_II_Duke_of_Mecklenburg_Strelitz	child	Casimir_II_the_Just
Bonne_of_Luxembourg	child	Marie_of_Brittany_Countess_of_Saint_Pol
Bonne_of_Luxembourg	child	Carloman_of_Bavaria
Bonne_of_Luxembourg	child	Maria_Ludovika_of_Austria_Este
Bonne_of_Luxembourg	child	Louise_Diane_Princess_of_Conti
Bonne_of_Luxembourg	child	Philippa_of_Dreux
Bonne_of_Luxembourg	child	Prince_Maurice_of_Savoy
Anne_of_Foix_Candale	child	John_I_Count_of_La_Marche
Anne_of_Foix_Candale	child	Archduke_Rainer_Joseph_of_Austria
Fran_oise_Marie_de_Bourbon	child	John_II_of_Aragon
Fran_oise_Marie_de_Bourbon	child	Berengaria_of_Castile
Fran_oise_Marie_de_Bourbon	child	Marie_of_France_Countess_of_Champagne
Fran_oise_Marie_de_Bourbon	child	Louis_Joseph_Dauphin_of_France
Fran_oise_Marie_de_Bourbon	child	Anne_Marie_Th_r_se_de_Lorraine
Fran_oise_Marie_de_Bourbon	child	Isabella_of_Scotland_Duchess_of_Brittany
Maria_Theresa_of_Savoy	child	Antonio_de_Medici
Maria_Theresa_of_Savoy	child	Mieszko_III_the_Old
Elizabeth_of_Bohemia_1292_1330	child	Archduke_Alexander_Leopold_of_Austria
Elizabeth_of_Bohemia_1292_1330	child	Princess_Margaret_Yolande_of_Savoy
Elizabeth_of_Bohemia_1292_1330	child	Margaret_of_Valois_Countess_of_Blois
Henry_VI_Count_of_Luxembourg	child	Philip_III_of_Navarre
Henry_VI_Count_of_Luxembourg	child	Madeleine_of_Valois
Philip_II_of_Spain	child	Odo_II_Duke_of_Burgundy
Philip_II_of_Spain	child	Cecile_of_France
Philip_II_of_Spain	child	Charles_the_Child
Philip_II_of_Spain	child	Maria_de_Medici_1540_1557
Philip_II_of_Spain	child	Blanche_of_Anjou
John_II_Duke_of_Brittany	child	Henry_III_of_France
John_II_Duke_of_Brittany	child	Michelle_of_Valois
John_II_Duke_of_Brittany	child	Edmund_Tudor_1st_Earl_of_Richmond
John_II_Duke_of_Brittany	child	Rudolf_I_of_Bohemia
Bertha_of_Holland	child	Jeanne_d_Albret
Bertha_of_Holland	child	Infanta_Branca_Lady_of_Guadalajara
Margaret_of_Burgundy_Queen_of_France	child	Beatrice_of_Provence
Valdemar_I_of_Denmark	child	Charles_V_of_France
Valdemar_I_of_Denmark	child	Isabelle_Duchess_of_Brittany
Valdemar_I_of_Denmark	child	Bathilde_d_Orl_ans
Valdemar_I_of_Denmark	child	James_I_Count_of_La_Marche
Ingegerd_Olofsdotter_of_Sweden	child	Catalina_Micaela_of_Spain
Ingegerd_Olofsdotter_of_Sweden	child	Charlotte_of_Mecklenburg_Strelitz
Ingegerd_Olofsdotter_of_Sweden	child	Richeza_of_Denmark
Ingegerd_Olofsdotter_of_Sweden	child	Blanche_of_France_nun
Ingegerd_Olofsdotter_of_Sweden	child	Louis_C_sar_Count_of_Vexin
Ingegerd_Olofsdotter_of_Sweden	child	Cardinal_Infante_Afonso_of_Portugal
Ingegerd_Olofsdotter_of_Sweden	child	Archduchess_Maria_Theresa_of_Austria_Este_1817_1886
Ingegerd_Olofsdotter_of_Sweden	child	Joseph_Bonaparte
Napoleon	child	Philip_III_of_France
Arnulf_Count_of_Holland	child	Louis_XI
Dirk_I_Count_of_Holland	child	Prince_Adolphus_Duke_of_Cambridge
Princess_Magdalena_Augusta_of_Anhalt_Zerbst	child	Henry_Brandon_1st_Earl_of_Lincoln
Princess_Magdalena_Augusta_of_Anhalt_Zerbst	child	Isabella_of_Portugal_Duchess_of_Burgundy
Princess_Magdalena_Augusta_of_Anhalt_Zerbst	child	Eleanor_of_Aragon_Countess_of_Toulouse
John_I_Duke_of_Brittany	child	Blanche_II_of_Navarre
John_I_Duke_of_Brittany	child	Anne_Princess_Royal_and_Princess_of_Orange
Lothair_of_France	child	Maria_of_Portugal_Queen_of_Castile
Marie_of_France_Duchess_of_Bar	child	Louis_Count_of__vreux
Marie_of_France_Duchess_of_Bar	child	Lothair_II_of_Italy
Marie_of_France_Duchess_of_Bar	child	Maria_Anna_of_Savoy_Duchess_of_Chablais
Adelaide_of_Aquitaine	child	Archduchess_Magdalena_of_Austria
Adelaide_of_Aquitaine	child	Ferdinand_I_Holy_Roman_Emperor
Adelaide_of_Aquitaine	child	Prince_Edward_Duke_of_York_and_Albany
Albert_II_Duke_of_Austria	child	Henry_Beaumont_3rd_Baron_Beaumont
Albert_II_Duke_of_Austria	child	Catherine_of_France_Countess_of_Charolais
Albert_II_Duke_of_Austria	child	Catherine_of_Austria_Queen_of_Portugal
Margaret_Countess_of_Anjou	child	Agnes_of_Burgundy_Duchess_of_Bourbon
Margaret_Countess_of_Anjou	child	Francesco_I_de_Medici_Grand_Duke_of_Tuscany
Margaret_Countess_of_Anjou	child	Princess_Sophia_of_the_United_Kingdom
Margaret_Countess_of_Anjou	child	William_IV_Landgrave_of_Hesse_Kassel
Margaret_Countess_of_Anjou	child	Frances_Grey_Duchess_of_Suffolk
Joanna_of_Castile	child	Charles_Duke_of_Lower_Lorraine
Joanna_of_Castile	child	Maria_Luisa_of_Spain
Joanna_of_Castile	child	Sancha_of_Aragon_Countess_of_Toulouse
Joanna_of_Castile	child	Margaret_Countess_of_Anjou
Joanna_of_Castile	child	Francis_I_of_the_Two_Sicilies
Joanna_of_Castile	child	Prince_Frederick_Duke_of_York_and_Albany
George_II_of_Great_Britain	child	Maria_Theresa
George_II_of_Great_Britain	child	Louis_III_of_Anjou
George_II_of_Great_Britain	child	Princess_Maria_Antonia_of_Naples_and_Sicily
George_II_of_Great_Britain	child	Prince_Robert_Duke_of_Chartres
George_II_of_Great_Britain	child	Archduchess_Maria_Elisabeth_of_Austria_born_1737
George_II_of_Great_Britain	child	Magdalena_of_Saxony
George_II_of_Great_Britain	child	Matthias_Holy_Roman_Emperor
Hemma	child	Virginia_de_Medici
Hemma	child	Alfonso_de_Castilla_y_Molina
Hemma	child	Eleanor_of_Alburquerque
Infanta_Luisa_Fernanda_Duchess_of_Montpensier	child	Otto_V_Duke_of_Bavaria
Infanta_Luisa_Fernanda_Duchess_of_Montpensier	child	Louis_Prince_of_Cond__1530_1569
Infanta_Luisa_Fernanda_Duchess_of_Montpensier	child	Violant_of_Aragon
Infanta_Luisa_Fernanda_Duchess_of_Montpensier	child	James_Gordon_Jesuit
Marie_Louise_Duchess_of_Parma	child	Joseph_II_Holy_Roman_Emperor
Sancho_IV_of_Castile	child	Louis_Duke_of_Orl_ans_1703_1752
Sancho_IV_of_Castile	child	Edward_of_Westminster_Prince_of_Wales
Sancho_IV_of_Castile	child	Richeza_of_Poland_Queen_of_Sweden
Sancho_IV_of_Castile	child	Alexander_I_of_Scotland
Ecgberht_King_of_Wessex	child	Peter_II_Count_of_La_Marche
John_of_Bohemia	child	Anna_of_Austria_Queen_of_Spain
John_of_Bohemia	child	Louis_IV_Landgrave_of_Hesse_Marburg
John_of_Bohemia	child	Margaret_Tudor
John_of_Bohemia	child	Afonso_IV_of_Portugal
John_of_Bohemia	child	Albert_III_Duke_of_Austria
Rurik	child	Gisela_Abbess_of_Chelles
Maria_of_Austria_Holy_Roman_Empress	child	Blanche_of_Navarre_Queen_of_France
Maria_of_Austria_Holy_Roman_Empress	child	Archduchess_Barbara_of_Austria
Maria_of_Austria_Holy_Roman_Empress	child	James_V_of_Scotland
Maria_of_Austria_Holy_Roman_Empress	child	Guy_of_Ivrea
Maria_of_Austria_Holy_Roman_Empress	child	Robert_King_of_Naples
Maria_of_Austria_Holy_Roman_Empress	child	Joan_of_England_Queen_of_Scotland
Princess_Caroline_Louise_of_Saxe_Weimar_Eisenach	child	Arnulf_archbishop_of_Reims
Boso_the_Elder	child	Pepin_of_Italy
Beatrice_of_Savoy	child	Louis_the_Stammerer
Beatrice_of_Savoy	child	Robert_II_of_France
Beatrice_of_Savoy	child	Matthew_Count_of_Boulogne
Charles_III_Duke_of_Lorraine	child	Prince_Octavius_of_Great_Britain
Charles_III_Duke_of_Lorraine	child	Louis_XVI
Charles_III_Duke_of_Lorraine	child	Sviatoslav_II_of_Kiev
Charles_III_Duke_of_Lorraine	child	Lionel_Woodville
Isabella_I_of_Castile	child	Edward_III_of_England
Isabella_I_of_Castile	child	Arthur_Prince_of_Wales
Isabella_I_of_Castile	child	Anne_of_Orl_ans_Abbess_of_Fontevraud
Ferdinand_IV_of_Castile	child	Martim_Afonso_Chichorro
Ferdinand_IV_of_Castile	child	Bernard_son_of_Charles_the_Fat
Frederick_III_Duke_of_Lorraine	child	Philip_the_Bold
Constance_of_Castile	child	Alfonso_VII_of_Le_n_and_Castile
Constance_of_Castile	child	Peter_Tempesta
Alfonso_VIII_of_Castile	child	Stephen_III_Duke_of_Bavaria
Alfonso_VIII_of_Castile	child	Maria_Anna_of_Bavaria_born_1551
Alfonso_VIII_of_Castile	child	Agatha_wife_of_Edward_the_Exile
Alfonso_VIII_of_Castile	child	Agatha_of_Lorraine
Alfonso_VIII_of_Castile	child	John_Stewart_Earl_of_Mar_died_1479
Charlotte_Agla__d_Orl_ans	child	Henry_I_of_Castile
Charlotte_Agla__d_Orl_ans	child	Diego_Prince_of_Asturias
Hugh_II_Duke_of_Burgundy	child	Robert_I_Duke_of_Burgundy
Hugh_II_Duke_of_Burgundy	child	Archduchess_Anna_of_Austria
Blanche_of_Artois	child	Blanche_of_Navarre_Queen_of_France
Blanche_of_Artois	child	Ermengarde_of_Anjou_d._1146
Blanche_of_Artois	child	Philip_of_France_Archdeacon_of_Paris
Margaret_of_Savoy_Countess_of_Saint_Pol	child	Frederick_the_Fair
Barbara_Jagiellon	child	Philip_V_of_France
Barbara_Jagiellon	child	Izyaslav_of_Polotsk
Barbara_Jagiellon	child	Portrait_of_Bia_de_Medici
Barbara_Jagiellon	child	Emma_of_Anjou
Peter_II_of_Aragon	child	Agnes_of_Navarre
Bona_of_Savoy	child	Charles_the_Younger
Bona_of_Savoy	child	Maria_Henrietta_of_Naples_and_Sicily
Bona_of_Savoy	child	Margaret_of_Savoy_Countess_of_Saint_Pol
Duchess_Helene_of_Mecklenburg_Schwerin	child	Jasper_Tudor
Duchess_Helene_of_Mecklenburg_Schwerin	child	Otto_I_Count_Palatine_of_Mosbach
Ferdinand_Philippe_Duke_of_Orl_ans	child	Blanche_of_Brittany
Ferdinand_Philippe_Duke_of_Orl_ans	child	Catherine_of_Lancaster
Floris_I_Count_of_Holland	child	Antonia_of_Lorraine
Francis_II_Duke_of_Brittany	child	Frederick_III_Duke_of_Lorraine
Henry_Stuart_Lord_Darnley	child	Theresa_of_Portugal_Queen_of_Le_n
Joanna_of_Bourbon	child	Mary_of_Guise
Joanna_of_Bourbon	child	Ferdinand_Count_of_Flanders
Joanna_of_Bourbon	child	Charles_III_Philip_Elector_Palatine
Barbara_of_Cilli	child	Edward_I_of_England
Joanna_of_Austria_Grand_Duchess_of_Tuscany	child	Charles_VI_of_France
Joanna_of_Austria_Grand_Duchess_of_Tuscany	child	Archduke_Louis_of_Austria
Louis_Philippe_I_Duke_of_Orl_ans	child	Archduke_Ferdinand_Karl_Viktor_of_Austria_Este
Louis_Philippe_I_Duke_of_Orl_ans	child	Fran_ois_III_d_Orl_ans_Duke_of_Longueville
Maria_Antonia_Ferdinanda_of_Spain	child	Elisabeth_Therese_of_Lorraine
Maria_Antonia_Ferdinanda_of_Spain	child	Rudolf_II_Duke_of_Austria
Maria_Antonia_Ferdinanda_of_Spain	child	Caroline_Matilda_of_Great_Britain
Maria_Antonia_Ferdinanda_of_Spain	child	Lothair_I
Maria_Antonia_Ferdinanda_of_Spain	child	Maria_Ludovika_of_Austria_Este
Maria_Antonia_Ferdinanda_of_Spain	child	Duchess_Anna_of_Prussia
Maria_Antonia_Ferdinanda_of_Spain	child	Philip_I_Duke_of_Burgundy
Maria_Antonia_Ferdinanda_of_Spain	child	Charles_Cardinal_of_Lorraine
John_of_Gaunt	child	Louis_XII
John_of_Gaunt	child	Infante_Antonio_Pascual_of_Spain
John_of_Gaunt	child	Adelaide_of_Italy
John_of_Gaunt	child	Mary_Tudor_Queen_of_France
John_of_Gaunt	child	Philip_de_Medici
Adelaide_of_Paris	child	Prince_Maurizio_Duke_of_Montferrat
Countess_Palatine_Caroline_of_Zweibr_cken	child	Henry_III_of_Castile
Countess_Palatine_Caroline_of_Zweibr_cken	child	Remigius_of_Rouen
Countess_Palatine_Caroline_of_Zweibr_cken	child	Alexander_Sigismund_von_der_Pfalz_Neuburg
Countess_Palatine_Caroline_of_Zweibr_cken	child	Albert_I_Duke_of_Bavaria
Countess_Palatine_Caroline_of_Zweibr_cken	child	Isabella_Clara_Eugenia
Countess_Palatine_Caroline_of_Zweibr_cken	child	Ferdinand_I_of_Portugal
Mary_Tudor_Queen_of_France	child	Louis_I_Duke_of_Orl_ans
Mary_Tudor_Queen_of_France	child	Ercole_III_d_Este_Duke_of_Modena
Mary_Tudor_Queen_of_France	child	Balthasar_Charles_Prince_of_Asturias
Odo_III_Duke_of_Burgundy	child	Katherine_of_England
Adela_of_Champagne	child	Iziaslav_I_of_Kiev
Adela_of_Champagne	child	Joan_of_France_Duchess_of_Bourbon
Fulk_IV_Count_of_Anjou	child	Louis_XIV
Fulk_IV_Count_of_Anjou	child	Peter_of_Aragon_Count_of_Alburquerque
Fulk_IV_Count_of_Anjou	child	Maria_Elisabeth_of_Saxony_1736_1818
Robert_II_Duke_of_Burgundy	child	Henry_I_Duke_of_Bavaria
Robert_II_Duke_of_Burgundy	child	Edmund_of_Woodstock_1st_Earl_of_Kent
Robert_II_Duke_of_Burgundy	child	Otto_III_Duke_of_Bavaria
Robert_II_Duke_of_Burgundy	child	Hedwig_of_Saxony
Robert_II_Duke_of_Burgundy	child	Duke_George_Augustus_of_Mecklenburg
Robert_II_Duke_of_Burgundy	child	Maria_of_Portugal_nun
James_I_Count_of_La_Marche	child	Philip_Duke_of_Parma
James_I_Count_of_La_Marche	child	Balthasar_Charles_Prince_of_Asturias
James_I_Count_of_La_Marche	child	James_Duke_of_Rothesay_born_1540
Letizia_Bonaparte	child	Francis_IV_Duke_of_Modena
Letizia_Bonaparte	child	Isabella_Countess_of_Vertus
Letizia_Bonaparte	child	Archduke_Charles_Duke_of_Teschen
Letizia_Bonaparte	child	Vsevolod_I_of_Kiev
Letizia_Bonaparte	child	Frederick_of_Castile
Letizia_Bonaparte	child	Joan_of_England_Queen_of_Sicily
Letizia_Bonaparte	child	Walter_Stewart_Lord_of_Fife
Letizia_Bonaparte	child	Geoffrey_II_Duke_of_Brittany
Charles_Ferdinand_Duke_of_Berry	child	Alfonso_of_Molina
Charles_Ferdinand_Duke_of_Berry	child	Barbara_of_Hesse
Charles_the_Bold	child	Charles_Emmanuel_II_Duke_of_Savoy
Elizabeth_Woodville	child	Mary_of_Burgundy
Elizabeth_Woodville	child	Ernest_Augustus_Duke_of_York_and_Albany
Elizabeth_Woodville	child	Eleanor_of_Castile_died_1244
Elizabeth_Woodville	child	Charles_Ferdinand_Duke_of_Berry
Elizabeth_Woodville	child	Lucien_Bonaparte
Elizabeth_Woodville	child	Maximilian_William_of_Brunswic_L_neburg
Denis_of_Portugal	child	Louis_IV_of_France
Violant_of_Bar	child	Ferdinand_I_Holy_Roman_Emperor
Richeza_of_Poland_Queen_of_Sweden	child	Edward_the_Elder
Richeza_of_Poland_Queen_of_Sweden	child	Margaret_of_France_Queen_of_England
Louise__lisabeth_of_France	child	Yolande_of_Valois
Louise__lisabeth_of_France	child	Duarte_Duke_of_Guimar_es_1515_1540
Eleanor_of_Alburquerque	child	Henry_VII_Holy_Roman_Emperor
Eleanor_of_Alburquerque	child	Maria_Amalia_of_Naples_and_Sicily
Eleanor_of_Alburquerque	child	Marie_of_Orl_ans_Viscountess_of_Narbonne
Eleanor_of_Alburquerque	child	Eadgifu_of_Wessex
Eleanor_of_Alburquerque	child	Louis_of_Anjou_Marquis_of_Pont___Mousson
Eleanor_of_Alburquerque	child	Ernest_of_Bavaria
Gerard_Duke_of_Lorraine	child	Mary_Stewart_Countess_of_Buchan
Estrid_of_the_Obotrites	child	Robert_Count_of_Clermont
Maria_Christina_of_the_Two_Sicilies	child	Henrietta_Maria
Maria_Christina_of_the_Two_Sicilies	child	Agnes_of_Burgundy_Duchess_of_Bourbon
Maria_Christina_of_the_Two_Sicilies	child	Louise_Marie_Ad_la_de_de_Bourbon_Duchess_of_Orl_ans
Isabella_of_Bourbon	child	Louise_of_Savoy
Theobald_I_Count_of_Blois	mother	Mar_a_de_Molina
Leopold_Duke_of_Lorraine	mother	Isabella_of_Aragon_Queen_of_France
Afonso_II_of_Portugal	mother	Jeanne_de_Bourbon_Duchess_of_Bourbon
Charles_Emmanuel_III_of_Sardinia	mother	Elisabeth_of_France_1602_1644
Philip_IV_of_Spain	mother	Anna_Maria_of_Mecklenburg_Schwerin
Margaret_of_Austria_Queen_of_Spain	mother	Beatrice_of_Vermandois
Charles_Count_of_Valois	mother	Maria_Beatrice_d_Este_Duchess_of_Massa
Isabella_of_Valois_Duchess_of_Bourbon	mother	Margaret_Countess_of_Anjou
Henry_II_of_Castile	mother	Rotrude_of_Hesbaye
Albert_I_of_Germany	mother	Catherine_de_Medici
Matthias_I_Duke_of_Lorraine	mother	Adelaide_of_Burgundy_Duchess_of_Brabant
Frederick_II_Duke_of_Lorraine	mother	Heilika_of_Lengenfeld
Henry_II_of_England	mother	Adelaide_of_Tours
Frederick_Prince_of_Wales	mother	Ogive_of_Luxembourg
Maria_Beatrice_d_Este_Duchess_of_Massa	mother	Isabella_of_Valois_Duchess_of_Bourbon
Rudolph_of_France	mother	Polyxena_of_Hesse_Rotenburg
Ren__II_Duke_of_Lorraine	mother	Beatrice_of_Portugal_Duchess_of_Savoy
Antoine_Duke_of_Lorraine	mother	Constance_of_Castile
Henry_the_Fowler	mother	Maria_of_Austria_Holy_Roman_Empress
Gerberga_of_Saxony	mother	Anne_of_Cyprus
Mary_of_Guise	mother	Matilda_of_Saxony_countess_of_Flanders
Isabella_Duchess_of_Lorraine	mother	Alice_Holland_Countess_of_Kent
Louis_XV	mother	Berengaria_of_Barcelona
Louis_Duke_of_Burgundy	mother	Hedwig_of_Formbach
Alice_Holland_Countess_of_Kent	mother	Joan_II_of_Navarre
Eleanor_of_Lancaster	mother	Richende_De_Bourges
Berenguer_Ramon_I_Count_of_Barcelona	mother	Princess_Louise_of_Hesse_Darmstadt_1757_1830
Margaret_Stewart_Dauphine_of_France	mother	Constance_of_Portugal
Francis_I_Holy_Roman_Emperor	mother	Sophia_of_Saxe_Weissenfels_Princess_of_Anhalt_Zerbst
Edward_I_of_England	mother	Ingegerd_Olofsdotter_of_Sweden
Leopold_II_Holy_Roman_Emperor	mother	Gertrude_of_Saxony
Marie_Ad_la_de_of_Savoy	mother	Maria_of_Swabia
Odo_of_France	mother	Isabel_of_Barcelos
Henry_I_Count_of_Champagne	mother	Margaret_Countess_of_Vertus
Louis_Philippe_I	mother	Princess_Caroline_Louise_of_Saxe_Weimar_Eisenach
Philip_I_of_France	mother	Bertha_daughter_of_Lothair_II
Henrietta_of_England	mother	Douce_I_Countess_of_Provence
Lorenzo_de_Medici_Duke_of_Urbino	mother	Matilda_of_France
Blanche_of_Navarre_Queen_of_France	mother	Waldrada_of_Worms
Philip_III_of_Navarre	mother	Isabeau_of_Bavaria
Sancho_I_of_Portugal	mother	Osburh
Maria_Josepha_of_Austria	mother	Maria_Christina_of_the_Two_Sicilies
Ramon_Berenguer_IV_Count_of_Barcelona	mother	Engeltrude_de_F_zensac
Ramon_Berenguer_III_Count_of_Barcelona	mother	Marie_de_Medici
Afonso_V_of_Portugal	mother	Countess_Caroline_of_Nassau_Saarbr_cken
Edward_King_of_Portugal	mother	Maria_Luisa_of_Spain
Francis_II_Holy_Roman_Emperor	mother	Joan_II_Countess_of_Burgundy
Philip_II_Duke_of_Savoy	mother	Maud_Chaworth
John_II_of_France	mother	In_s_de_Castro
Joan_the_Lame	mother	Hedwig_of_Babenberg
Louis_Dauphin_of_France_son_of_Louis_XIV	mother	Lucrezia_Tornabuoni
Princess_Marie_Isabelle_of_Orl_ans	mother	Elizabeth_of_Portugal
Antoine_Duke_of_Montpensier	mother	Clementia_of_Hungary
Joan_II_of_Navarre	mother	Valentina_Visconti_Duchess_of_Orl_ans
Charles_IV_of_France	mother	Helie_of_Semur
Magdalene_Sibylle_of_Prussia	mother	Marie_Louise_Duchess_of_Parma
Marie_Eleonore_of_Cleves	mother	Marie_of_Cleves_Duchess_of_Orl_ans
Victor_Amadeus_II_of_Sardinia	mother	Alpaida
Ferdinand_I_of_the_Two_Sicilies	mother	Yolande_of_Dreux_Duchess_of_Burgundy
Alfonso_II_of_Aragon	mother	Margaret_Countess_of_Anjou
Charles_Martel	mother	Sophia_Dorothea_of_Celle
Marie_Countess_of_Ponthieu	mother	Joan_of_Valois_Countess_of_Hainaut
Louis_I_Duke_of_Orl_ans	mother	Maria_Amalia_of_Saxony
Charles_V_of_France	mother	Agnes_of_Loon
William_X_Duke_of_Aquitaine	mother	Viridis_Visconti
Eleanor_of_Provence	mother	Maria_Theresa_of_Austria_Este_Queen_of_Sardinia
Charles_Emmanuel_II_Duke_of_Savoy	mother	Maria_Josepha_of_Saxony_Dauphine_of_France
John_II_of_Aragon	mother	Sibylla_of_Anjou
James_III_of_Scotland	mother	Margaret_of_Burgundy_Queen_of_France
Philippa_of_Hainault	mother	Agnes_of_France_Duchess_of_Burgundy
Joan_of_Valois_Countess_of_Hainaut	mother	Ermengarde_Countess_of_Maine
Liudolf_Margrave_of_Frisia	mother	Joan_I_of_Navarre
Clementia_of_Hungary	mother	Alys_of_France_Countess_of_Vexin
Charles_the_Simple	mother	Hemma
Countess_Palatine_Dorothea_Sophie_of_Neuburg	mother	Urraca_of_Castile_Queen_of_Portugal
Elisabeth_Farnese	mother	Maria_Teresa_Felicitas_d_Este
Ermentrude_of_Orl_ans	mother	Dangereuse_de_l_Isle_Bouchard
Magnus_II_Duke_of_Brunswic_L_neburg	mother	Elizabeth_of_York
Beatrice_of_Portugal_died_1381	mother	Bertha_of_Swabia
Victor_Amadeus_I_Duke_of_Savoy	mother	Eilika_of_Schweinfurt
Mary_of_Burgundy_Duchess_of_Cleves	mother	Princess_Christine_Louise_of_Oettinge_Oettingen
Dirk_III_Count_of_Holland	mother	Countess_Amalia_Katharina_of_Waldeck
Alfonso_X_of_Castile	mother	Hedwig_of_Bavaria
Louis_Duke_of_Orl_ans_1703_1752	mother	Maria_Amalia_of_Saxony
Landgravine_Elisabeth_Amalie_of_Hesse_Darmstadt	mother	Anne_Marie_d_Orl_ans
James_II_of_Scotland	mother	Adela_of_Milan
Willa_of_Tuscany	mother	Maria_Anna_Victoria_of_Bavaria
Frederick_III_Holy_Roman_Emperor	mother	Adelaide_of_Aquitaine
Maria_Luisa_of_Spain	mother	Eleanor_of_Toledo
Charles_III_of_Spain	mother	Agatha_wife_of_Edward_the_Exile
Maria_Theresa_of_Spain	mother	Bertha_Duchess_of_Lorraine
Henry_the_Lion	mother	Joanna_of_Bourbon
Otto_IV_Count_of_Burgundy	mother	Petronilla_of_Aragon
Isabel_of_Barcelos	mother	Urraca_of_Portugal
Ferdinand_II_of_Aragon	mother	Alice_of_Namur
Hugh_of_Italy	mother	Eleanor_of_Castile
Rudolph_II_of_Burgundy	mother	Adelaide_of_Leuven
Eug_nie_de_Montijo	mother	Eleonore_of_Austria_Queen_of_Poland
Clemence_of_Austria	mother	Countess_Palatine_Caroline_of_Zweibr_cken
Peter_I_Duke_of_Bourbon	mother	Margaret_of_Flanders_Duchess_of_Brabant
Charles_VI_of_France	mother	Elisabeth_of_Nuremberg
Henry_V_of_England	mother	Marie_of_Blois_Duchess_of_Anjou
Joan_of__vreux	mother	Eleanor_of_Aquitaine
Louis_Count_of__vreux	mother	Agnes_de_Baudemont_Countess_of_Braine
Otto_I_Duke_of_Brunswic_L_neburg	mother	Charlotte_of_Bourbon_Queen_of_Cyprus
A_nor_de_Ch_tellerault	mother	Mary_of_Burgundy
Claude_of_France	mother	Gerloc
Louis_I_Duke_of_Bourbon	mother	Elizabeth_the_Cuman
Marie_Antoinette	mother	Christine_of_Hesse
Charles_X	mother	Jeanne_d_Albret
Margaret_of_Bourbon_1438_1483	mother	Madeleine_de_La_Tour_d_Auvergne
Maria_Theresa_of_Austria_Este_Queen_of_Sardinia	mother	Margaret_Tudor
Fulk_King_of_Jerusalem	mother	Margaret_of_the_Palatinate
Geoffrey_Plantagenet_Count_of_Anjou	mother	Anne_of_Cyprus
Catherine_de_Medici	mother	Charlotte_Agla__d_Orl_ans
Henry_III_of_France	mother	Marie_Ad_la_de_of_Savoy
Edward_III_of_England	mother	Margaret_Douglas
Victor_Amadeus_III_of_Sardinia	mother	Catalina_Micaela_of_Spain
Louis_XII	mother	Joan_Beaufort_Queen_of_Scots
Philip_I_of_Castile	mother	Richeza_of_Poland_Queen_of_Sweden
Frederick_II_Count_of_Vaud_mont	mother	Landgravine_Elisabeth_Amalie_of_Hesse_Darmstadt
Alfonso_IX_of_Le_n	mother	Joan_the_Lame
James_I_of_Scotland	mother	Margaret_of_Provence
Louis_XI	mother	Beatrice_of_Savoy
Henry_IV_of_England	mother	Anabella_Drummond
Mary_de_Bohun	mother	Adela_of_Champagne
Peter_I_of_Portugal	mother	Maria_Josepha_of_Saxony_Dauphine_of_France
Jacquetta_of_Luxembourg	mother	Gerberga_of_Saxony
Ernest_Augustus_Elector_of_Hanover	mother	Anne_of_Cyprus
Margaret_of_Anjou	mother	Joan_of_Navarre_Queen_of_England
Charlotte_of_Bourbon_Queen_of_Cyprus	mother	Beatrice_of_Burgundy_Lady_of_Bourbon
Anne_of_Bohemia_and_Hungary	mother	Archduchess_Maria_Clementina_of_Austria
Louis_IV_of_France	mother	Philippa_of_Lancaster
Saint_Margaret_of_Scotland	mother	Anne_Marie_d_Orl_ans
Arnulf_I_Count_of_Flanders	mother	Anne_of_Foix_Candale
Charles_the_Bald	mother	Duchess_Helene_of_Mecklenburg_Schwerin
Rudolph_Duke_of_Lorraine	mother	Mar_a_Manuela_Kirkpatrick_de_Grevign_e
John_I_of_Portugal	mother	Judith_of_Bavaria_died_843
Odo_IV_Duke_of_Burgundy	mother	_lisabeth_Charlotte_d_Orl_ans
Joan_III_Countess_of_Burgundy	mother	Yolanda_of_Courtenay
Isabeau_of_Bavaria	mother	Marie_of_France_Countess_of_Champagne
Elisabeth_of_France_1602_1644	mother	Alice_of_Normandy
William_I_Count_of_Hainaut	mother	Douce_I_Countess_of_Provence
Yolanda_of_Courtenay	mother	Matilda_of_Bavaria_Margravine_of_Meissen
Baldwin_II_Count_of_Hainaut	mother	Agnes_of_Burgundy_Duchess_of_Bourbon
Adelaide_of_Auxerre_born_c._870	mother	Empress_Matilda
Maria_Amalia_of_Naples_and_Sicily	mother	Isabella_Duchess_of_Lorraine
Marie_of_Brabant_Queen_of_France	mother	Louise_of_Savoy
Charles_Emmanuel_I_Duke_of_Savoy	mother	Maria_of_Swabia
Maria_Amalia_of_Saxony	mother	Elisabeth_of_Meissen
Isabella_of_Hainault	mother	Eleanor_of_Aragon_Queen_of_Portugal
Margaret_I_Countess_of_Flanders	mother	Anne_of_Brittany
Maria_Theresa_of_Naples_and_Sicily	mother	Anne_of_Bohemia_and_Hungary
Charles_VII_of_France	mother	Margaret_of_Valois_Duchess_of_Berry
Charles_IX_of_France	mother	Countess_Palatine_Dorothea_Sophie_of_Neuburg
Francis_II_of_France	mother	Isabella_of_Portugal_Duchess_of_Burgundy
Margaret_of_Brabant	mother	Catherine_of_Foix_Countess_of_Candale
Philip_III_of_France	mother	Mary_of_Guelders
Baldwin_II_Margrave_of_Flanders	mother	Anna_Eleonore_of_Hesse_Darmstadt
Margaret_of_Bavaria	mother	Marie_Antoinette
Violant_of_Hungary	mother	Mary_of_Hungary_Queen_of_Naples
Ferdinand_II_of_Le_n	mother	Anne_of_Kiev
Isabella_of_Aragon_Queen_of_France	mother	Elizabeth_of_Austria_1436_1505
Reginald_I_Count_of_Burgundy	mother	Gertrude_of_Hohenberg
Ferdinand_I_of_Aragon	mother	Christine_of_Saxony
Robert_I_Duke_of_Burgundy	mother	Maria_Theresa
Frederick_I_Duke_of_Lorraine	mother	Bonne_of_Luxembourg
Robert_III_of_Scotland	mother	Ermengarde_of_Auvergne
Louis_the_Stammerer	mother	Christina_of_Denmark
Rudolph_I_of_Burgundy	mother	Maud_of_Apulia
Philippe_I_Duke_of_Orl_ans	mother	Ermengarde_of_Anjou_Duchess_of_Burgundy
Sophia_of_Minsk	mother	Sophia_Eleonore_of_Saxony
Ferdinand_III_of_Castile	mother	Bianca_Maria_Visconti
Maria_of_Aragon_Queen_of_Portugal	mother	Matilda_of_Ringelheim
Adolphus_Frederick_I_Duke_of_Mecklenburg_Schwerin	mother	Maria_Amalia_of_Naples_and_Sicily
Henry_III_Duke_of_Brabant	mother	Catherine_of_Valois
Adelaide_of_Maurienne	mother	Marie_Eleonore_of_Cleves
Madeleine_de_La_Tour_d_Auvergne	mother	Blanche_of_Navarre_Countess_of_Champagne
Emmanuel_Philibert_Duke_of_Savoy	mother	Isabelle_de_Beauvau
Philip_V_of_Spain	mother	Claude_Fran_oise_de_Lorraine
Charlotte_of_Mecklenburg_Strelitz	mother	Infanta_Luisa_Fernanda_Duchess_of_Montpensier
Blanche_of_Castile	mother	Beatrice_Regina_della_Scala
Maximilian_I_Holy_Roman_Emperor	mother	Ermesinde_of_Carcassonne
Theobald_III_Count_of_Champagne	mother	Juana_Manuel
Louis_XVIII	mother	Isabella_of_Hainault
Maria_Josepha_of_Saxony_Dauphine_of_France	mother	Maria_Josepha_of_Saxony_Dauphine_of_France
Henrietta_Maria	mother	Margaret_III_Countess_of_Flanders
Hugh_the_Great	mother	Emma_of_Blois
Louis_the_German	mother	Eleanor_of_Alburquerque
Charles_the_Fat	mother	Margaret_of_Provence
Hugh_Capet	mother	Mary_of_Burgundy_Duchess_of_Savoy
Theobald_I_of_Navarre	mother	Constance_of_Arles
Marie_Caroline_of_Bourbo_Two_Sicilies_Duchess_of_Berry	mother	Mary_of_Avesnes
Archduchess_Anna_of_Austria	mother	Maria_Theresa_of_Spain
Louis_I_of_Anjou	mother	Clarice_Orsini
Charlotte_of_Savoy	mother	Wierzchoslawa_Ludmilla_of_Greater_Poland
Eleanor_of_Aquitaine	mother	Henrietta_Maria
Benedicta_Henrietta_of_the_Palatinate	mother	_lfthryth_Countess_of_Flanders
Mary_Queen_of_Scots	mother	Barbara_of_Cilli
Anne_of_Brittany	mother	Adela_of_France
Humbert_II_Count_of_Savoy	mother	Anne_of_Bohemia_and_Hungary
Pepin_the_Short	mother	Mary_of_Guise
Rozala_of_Italy	mother	Helena_of_Denmark
Baldwin_III_Count_of_Flanders	mother	Margaret_of_Geneva
Alfred_the_Great	mother	Margaret_of_Austria_Queen_of_Spain
Baldwin_VI_Count_of_Flanders	mother	Eadgifu_of_Wessex
Isabella_of_France	mother	Marie_Jeanne_Baptiste_of_Savoy_Nemours
Joan_I_of_Navarre	mother	Sophia_of_Brandenburg
Elisabeth_Christine_of_Brunswic_Wolfenb_ttel	mother	Louise_Marie_Ad_la_de_de_Bourbon_Duchess_of_Orl_ans
Berengaria_of_Barcelona	mother	Anna_Maria_of_Ostfriesland
Alys_of_France_Countess_of_Vexin	mother	Adelaide_of_Maurienne
Catherine_of_Vend_me	mother	Margaret_of_Denmark_Queen_of_Scotland
Charles_Duke_of_Vend_me	mother	Bonne_of_Luxembourg
Margaret_of_Foix	mother	Maria_Carolina_of_Austria
Prince_Philippe_Count_of_Paris	mother	Anne_of_Bohemia_and_Hungary
Robert_II_of_France	mother	Gerberga_of_M_con
Adelaide_of_Burgundy_Duchess_of_Brabant	mother	Gisela_of_Burgundy_Marchioness_of_Montferrat
Hugh_IV_Duke_of_Burgundy	mother	Maria_Beatrice_of_Savoy
Elizabeth_of_Luxembourg	mother	Elizabeth_Mure
George_Duke_of_Brunswic_Calenberg	mother	Sibylla_of_Burgundy_Duchess_of_Burgundy
Simon_I_Duke_of_Lorraine	mother	Marie_of_Anjou
Maximilian_II_Holy_Roman_Emperor	mother	Hedwig_of_Saxony
Baldwin_V_Count_of_Flanders	mother	Amicie_de_Courtenay
Anna_of_Holstei_Gottorp	mother	_lffl_d_wife_of_Edward_the_Elder
Anne_Gonzaga	mother	Eleanor_of_Aragon_Queen_of_Castile
Otto_II_Duke_of_Bavaria	mother	Maria_of_Austria_Duchess_of_J_lich_Cleves_Berg
Anna_Maria_of_Mecklenburg_Schwerin	mother	Lady_Margaret_Beaufort
Ramon_Berenguer_IV_Count_of_Provence	mother	Willa_of_Burgundy
Stephen_II_Duke_of_Bavaria	mother	Isabella_I_of_Castile
Louis_XVI	mother	Maria_Theresa
Marie_Th_r_se_of_France	mother	Violant_of_Bar
Henry_VI_of_England	mother	Agnes_of_Burgundy_Duchess_of_Bourbon
Mary_of_Hungary_Queen_of_Naples	mother	Maria_Theresa_of_Naples_and_Sicily
William_VIII_Duke_of_Aquitaine	mother	Richilde_Countess_of_Hainaut
Richard_Count_of__tampes	mother	Joan_I_of_Navarre
John_VII_Duke_of_Mecklenburg_Schwerin	mother	Beatrice_of_Savoy
Margaret_of_Valois_Angoul_me	mother	Maud_FitzJohn_Countess_of_Warwick
Countess_Sophia_Albertine_of_Erbach_Erbach	mother	Catherine_de_Medici
Pepin_of_Herstal	mother	Margaret_of_Saxony_Duchess_of_Brunswic_L_neburg
Francesco_I_de_Medici_Grand_Duke_of_Tuscany	mother	Ren_e_of_Bourbon
Joan_Countess_of_Ponthieu	mother	Sophia_of_Holstei_Gottorp
William_V_Duke_of_Aquitaine	mother	Kunigunde_of_Altdorf
Sophia_Eleonore_of_Saxony	mother	Louise__lisabeth_of_France
John_I_Count_of_Hainaut	mother	Beatriz_Pereira_de_Alvim
Louis_III_of_France	mother	Isabella_of_Portugal
Albert_I_Duke_of_Brunswic_L_neburg	mother	Philippa_of_Hainault
James_IV_of_Scotland	mother	Auguste_of_Bade_Baden
Philip_VI_of_France	mother	Mary_de_Bohun
Maria_Teresa_Felicitas_d_Este	mother	Maria_Theresa_of_Savoy
Louise_Marie_Ad_la_de_de_Bourbon_Duchess_of_Orl_ans	mother	Blanche_of_Lancaster
John_the_Fearless	mother	Joanna_of_Bourbon
Eleanor_of_Aragon_Queen_of_Portugal	mother	Joan_Beaufort_Queen_of_Scots
Afonso_III_of_Portugal	mother	Philippa_Countess_of_Toulouse
Yolanda_Latin_Empress	mother	Margaret_of_Foix
Nicolas_Duke_of_Merc_ur	mother	Mahaut_Countess_of_Artois
Matthew_Stewart_2nd_Earl_of_Lennox	mother	Taddea_Visconti
Blanche_of_Burgundy	mother	Marie_of_Luxembourg_Countess_of_Vend_me
William_IV_Duke_of_Aquitaine	mother	Eleanor_of_Lancaster
Ferdinand_Duke_of_Viseu	mother	Salomea_of_Berg
Margaret_of_Artois	mother	Maria_Josepha_of_Austria
Taddea_Visconti	mother	Princess_Magdalena_Augusta_of_Anhalt_Zerbst
Otto_William_Count_of_Burgundy	mother	Yolanda_Latin_Empress
Maria_Beatrice_of_Savoy	mother	Maria_Luisa_of_Parma
Henry_IV_of_France	mother	Bertha_of_Holland
Conrad_I_of_Burgundy	mother	Beatrice_of_Castile_1293_1359
Baldwin_III_Count_of_Hainaut	mother	Marie_de_Medici
Ferdinand_Karl_Archduke_of_Austria_Este	mother	Eleanor_of_Aquitaine
Judith_of_Habsburg	mother	Magdalene_Sibylle_of_Prussia
Margaret_of_Provence	mother	Margaret_of_Joinville
Odo_I_Count_of_Blois	mother	Willa_of_Tuscany
Bertha_of_Burgundy	mother	Alfonsina_Orsini
Eleanor_of_Austria	mother	Matilda_of_Brandenburg_Duchess_of_Brunswic_L_neburg
Robert_Count_of_Clermont	mother	Eleanor_of_Provence
Eadgifu_of_Wessex	mother	Isabella_of_Portugal_Queen_of_Castile
Elisabeth_of_Austria_Queen_of_France	mother	Matilda_of_B_thune
Philip_II_of_France	mother	Claude_of_France_1547_1575
Ernest_Duke_of_Austria	mother	Beatrice_of_Silesia
Robert_II_Count_of_Dreux	mother	Princess_Elisabeth_Albertine_of_Saxe_Hildburghausen
Catherine_of_Foix_Countess_of_Candale	mother	Judith_of_Flanders
Yolande_of_Aragon	mother	Isabella_of_France
John_I_of_Castile	mother	Begga
Albert_Azzo_II_Margrave_of_Milan	mother	Elisabeth_Farnese
Henry_III_of_England	mother	Ermengarde_of_Hesbaye
Elizabeth_of_Austria_1436_1505	mother	Elizabeth_of_Luxembourg
Anne_of_Kiev	mother	Margaret_of_Brieg
Louis_VIII_of_France	mother	Mary_of_Avesnes
John_King_of_England	mother	Catherine_de_Medici
Otto_I_Duke_of_Bavaria	mother	Sancha_of_Castile_Queen_of_Aragon
Louis_XVII	mother	Alice_of_Vergy
Charles_Duke_of_Orl_ans	mother	Lutgardis_of_Luxemburg
Marie_of_Cleves_Duchess_of_Orl_ans	mother	Elisabeth_Farnese
Eleanor_of_England_Queen_of_Castile	mother	Margaret_II_Countess_of_Flanders
Maria_Theresa	mother	Eleanor_of_Alburquerque
Isabella_of_Portugal	mother	Dulce_of_Aragon
Edward_II_of_England	mother	Matilda_of_Carinthia
George_III	mother	Ansgarde_of_Burgundy
Elisabeth_of_Nuremberg	mother	Anne_Gonzaga
Galeazzo_Maria_Sforza	mother	Isabeau_of_Bavaria
Henry_II_Duke_of_Brabant	mother	Gertrude_of_Hohenberg
Baldwin_V_Count_of_Hainaut	mother	Ermentrude_de_Roucy
Maria_of_Austria_Duchess_of_J_lich_Cleves_Berg	mother	Margaret_I_Countess_of_Flanders
Louis_II_of_Anjou	mother	Gertrude_of_S_pplingenburg
Christine_of_Saxony	mother	Ida_Countess_of_Hainaut
Hugh_Magnus	mother	Eleanor_of_Portugal_Holy_Roman_Empress
Princess_Augusta_of_Saxe_Gotha	mother	Isabella_of_Portugal
Francis_I_Duke_of_Lorraine	mother	Maria_of_Aragon_Queen_of_Portugal
Arnulf_II_Count_of_Flanders	mother	Fran_oise_Marie_de_Bourbon
Matilda_of_France	mother	Yolande_Duchess_of_Lorraine
Elisabeth_of_Meissen	mother	Gisela_of_Swabia
Louis_VI_of_France	mother	Margaret_of_Artois
Henry_the_Middle_Duke_of_Brunswic_L_neburg	mother	Antoinette_of_Bourbon
Henry_IX_Duke_of_Bavaria	mother	Adelaide_of_Auxerre_born_c._870
Afonso_IV_of_Portugal	mother	Ermentrude_of_Orl_ans
John_I_Duke_of_Lorraine	mother	Matilda_of_Boulogne_Duchess_of_Brabant
Henry_VII_of_England	mother	Maria_Teresa_Cybo_Malaspina_Duchess_of_Massa
Mar_a_Isabella_of_Spain	mother	Ren_e_of_Bourbon
Welf_I_Duke_of_Bavaria	mother	Violant_of_Hungary
Napoleon_II	mother	Adelaide_Countess_of_Burgundy
William_of_Winchester_Lord_of_Lunenburg	mother	Gerloc
Jeanne_de_Bourbon_Duchess_of_Bourbon	mother	Eleanor_de_Guzm_n
Catherine_of_Valois	mother	Matilda_of_Savoy_Queen_of_Portugal
Margaret_of_the_Palatinate	mother	Mary_of_Burgundy_Duchess_of_Cleves
Sibylla_of_Anjou	mother	Gertrude_of_Hohenberg
Sophia_of_Saxe_Weissenfels_Princess_of_Anhalt_Zerbst	mother	Marie_Antoinette
Princess_Louise_of_Hesse_Darmstadt_1757_1830	mother	Elisabeth_Christine_of_Brunswic_Wolfenb_ttel
James_V_of_Scotland	mother	Adelaide_of_Maurienne
Mahaut_Countess_of_Artois	mother	Margaret_of_Artois
Francis_II_Duke_of_Lorraine	mother	Margaret_of_Savoy_Countess_of_Saint_Pol
Anne_of_Cyprus	mother	Maria_Carolina_of_Austria
Louis_Duke_of_Savoy	mother	Catherine_of_Vend_me
Alfonso_XI_of_Castile	mother	Cymburgis_of_Masovia
Margaret_Holland_Duchess_of_Clarence	mother	Eleanor_of_Aragon_Queen_of_Portugal
Anne_of_Foix_Candale	mother	Maria_Josepha_of_Austria
Antoine_Count_of_Vaud_mont	mother	Maria_Theresa
Maria_Luisa_of_Parma	mother	Dorothea_of_Denmark_Duchess_of_Brunswic_L_neburg
Maria_Theresa_of_Savoy	mother	Agnes_of_Burgundy_Duchess_of_Aquitaine
Elizabeth_of_Bohemia_1292_1330	mother	Joan_Fitzalan_Countess_of_Hereford
Henry_VI_Count_of_Luxembourg	mother	Adelaide_of_Paris
Philip_II_of_Spain	mother	Mar_a_Isabella_of_Spain
Bertha_of_Holland	mother	Maria_Antonia_Ferdinanda_of_Spain
Ingegerd_Olofsdotter_of_Sweden	mother	Marie_of_Brabant_Queen_of_France
Marie_of_Luxembourg_Countess_of_Vend_me	mother	Alix_Duchess_of_Brittany
Robert_I_Count_of_Dreux	mother	Agnes_of_France_Duchess_of_Burgundy
Isabella_de_Beauchamp	mother	Blanche_of_Brittany
Princess_Magdalena_Augusta_of_Anhalt_Zerbst	mother	Judith_of_Flanders_died_1095
Gertrude_of_Saxony	mother	Teresa_Louren_o
John_I_Duke_of_Brittany	mother	Isabella_de_Beauchamp
Lothair_of_France	mother	Isabella_of_Angoul_me
Marie_of_France_Duchess_of_Bar	mother	Caroline_of_Ansbach
Adelaide_of_Aquitaine	mother	Almodis_de_la_Marche
Margaret_Countess_of_Anjou	mother	Wilhelmine_Amalie_of_Brunswick
Ramon_Berenguer_II_Count_of_Barcelona	mother	Princess_Augusta_of_Saxe_Gotha
Ernest_I_Duke_of_Brunswic_L_neburg	mother	Fran_oise_Marie_de_Bourbon
John_I_of_France	mother	Adele_of_Vermandois
George_II_of_Great_Britain	mother	Luitgarde_of_Vermandois
Hemma	mother	Estrid_of_the_Obotrites
Judith_of_Bavaria_died_843	mother	Garsenda_Countess_of_Forcalquier
Infanta_Luisa_Fernanda_Duchess_of_Montpensier	mother	Anna_of_Nassau_Dillenburg
Marie_Louise_Duchess_of_Parma	mother	Eleanor_of_England_Queen_of_Castile
Baldwin_IV_Count_of_Flanders	mother	Marie_Countess_of_Harcourt
Maria_of_Austria_Holy_Roman_Empress	mother	Margaret_of_Bar
Princess_Caroline_Louise_of_Saxe_Weimar_Eisenach	mother	Marie_Countess_of_Ponthieu
Beatrice_of_Savoy	mother	Juana_Enr_quez
Charles_III_Duke_of_Lorraine	mother	Berengaria_of_Castile
Louis_I_Duke_of_Bavaria	mother	Margaret_of_Bavaria
Isabella_I_of_Castile	mother	Margaret_Boswell
Ferdinand_IV_of_Castile	mother	Anna_Sophia_of_Prussia
Charles_V_Holy_Roman_Emperor	mother	Matilda_of_England_Duchess_of_Saxony
Isabella_of_Portugal_Queen_of_Castile	mother	Eleanor_of_Navarre
Alfonso_VIII_of_Castile	mother	Hedwig_of_Bavaria
Charlotte_Agla__d_Orl_ans	mother	Elisabeth_of_Austria_Duchess_of_Lorraine
Hugh_II_Duke_of_Burgundy	mother	Marie_de_Ch_tillon_1323_1363
Margaret_of_Savoy_Countess_of_Saint_Pol	mother	Blanche_of_Artois
Charles_V_Duke_of_Lorraine	mother	Beatrice_of_Castile_1242_1303
Barbara_Jagiellon	mother	Elisabeth_of_Swabia
Peter_II_of_Aragon	mother	Margaret_of_Baux
Piero_the_Unfortunate	mother	Ermengarde_Countess_of_Maine
Duchess_Helene_of_Mecklenburg_Schwerin	mother	Mahaut_of_Ch_tillon
Philip_of_France_1116_1131	mother	Jacquetta_of_Luxembourg
Matilda_of_Brabant_Countess_of_Artois	mother	Anne_of_Bohemia_and_Hungary
Francis_II_Duke_of_Brittany	mother	Bonne_of_Luxembourg
Lorenzo_de_Medici	mother	A_nor_de_Ch_tellerault
Henry_Stuart_Lord_Darnley	mother	Constance_of_Arles
Joanna_of_Bourbon	mother	Margaret_I_Countess_of_Flanders
Joanna_of_Austria_Grand_Duchess_of_Tuscany	mother	Joan_of_Ponthieu_Dame_of_Epernon
Louis_Philippe_I_Duke_of_Orl_ans	mother	Philippa_of_Luxembourg
Maria_Antonia_Ferdinanda_of_Spain	mother	Rozala_of_Italy
Christine_of_Hesse	mother	Waldrada_of_Worms
John_of_Gaunt	mother	Joanna_of_Castile
Countess_Palatine_Caroline_of_Zweibr_cken	mother	Maria_Anna_of_Bavaria_born_1551
Mary_Tudor_Queen_of_France	mother	Barbara_Jagiellon
Henry_son_of_Robert_I_of_Burgundy	mother	Ludmilla_of_Bohemia
Fulk_IV_Count_of_Anjou	mother	Judith_of_Habsburg
James_I_Count_of_La_Marche	mother	Anne_of_Austria
Leopold_III_Duke_of_Austria	mother	Eleanor_of_Navarre
Charles_Ferdinand_Duke_of_Berry	mother	Guilla_of_Provence
Theobald_III_Count_of_Blois	mother	Bertrade_of_Montfort
Charles_the_Bold	mother	Catherine_of_Mayenne
Elizabeth_Woodville	mother	Gerberga_of_Saxony
Archduchess_Maria_Theresa_of_Austria_Este_1817_1886	mother	Philippa_of_Guelders
William_I_Count_of_Burgundy	mother	Christine_of_France
Margaret_of_Flanders_Duchess_of_Brabant	mother	Joan_of_Geneva
Denis_of_Portugal	mother	Blanca_of_Navarre_Queen_of_Castile
Richeza_of_Poland_Queen_of_Sweden	mother	Catherine_de_Medici
Maria_Christina_of_the_Two_Sicilies	mother	Joanna_of_Pfirt
Isabella_of_Bourbon	mother	Joanna_of_Castile
Margaret_of_Valois	mother	Clemence_of_Austria
Maud_Chaworth	mother	Maria_Anna_Victoria_of_Bavaria
Pierfrancesco_the_Elder	parent	Frederick_Prince_of_Wales
_thelwulf_King_of_Wessex	parent	Clemence_of_Austria
Robert_II_of_Scotland	parent	Matilda_of_France
Robert_II_of_Scotland	parent	Thomas_Count_of_Savoy
Theobald_I_Count_of_Blois	parent	Radbot_of_Klettgau
Theobald_I_Count_of_Blois	parent	Count_of_Montijo
Leopold_Duke_of_Lorraine	parent	Elisabeth_of_Sicily_Duchess_of_Bavaria
Afonso_II_of_Portugal	parent	Matthew_Stewart_4th_Earl_of_Lennox
Afonso_II_of_Portugal	parent	Louis_Crato_Count_of_Nassau_Saarbr_cken
Amicie_de_Courtenay	parent	Louis_Dauphin_of_France_son_of_Louis_XIV
Charles_Emmanuel_III_of_Sardinia	parent	Adelaide_of_Aquitaine
Margaret_of_Austria_Queen_of_Spain	parent	Pepin_of_Herstal
Margaret_of_Austria_Queen_of_Spain	parent	Ermengarde_Countess_of_Maine
Charles_Count_of_Valois	parent	Philip_IV_of_France
Charles_Count_of_Valois	parent	Mar_a_de_Molina
Isabella_of_Valois_Duchess_of_Bourbon	parent	Margaret_of_Geneva
Isabella_of_Valois_Duchess_of_Bourbon	parent	Gerard_de_Bouzonville
Anne_of_Austria	parent	Eilika_of_Schweinfurt
Philip_III_of_Spain	parent	Charles_the_Simple
Philip_III_of_Spain	parent	Christine_of_Hesse
Henry_II_of_Castile	parent	In_s_de_Castro
Henry_II_of_Castile	parent	Godfrey_II_Count_of_Louvain
Stephen_III_Duke_of_Bavaria	parent	Louis_I_Duke_of_Orl_ans
Stephen_III_Duke_of_Bavaria	parent	Enno_III_Count_of_East_Frisia
Albert_I_of_Germany	parent	Maria_Theresa
Albert_I_of_Germany	parent	Margaret_of_Baux
Igor_of_Kiev	parent	Theobald_the_Elder
Matthias_I_Duke_of_Lorraine	parent	Beatrice_of_England
Matthias_I_Duke_of_Lorraine	parent	Charles_the_Bald
Wilhelmine_Amalie_of_Brunswick	parent	Walter_I_Lord_of_Avesnes
Wilhelmine_Amalie_of_Brunswick	parent	James_I_Count_of_La_Marche
Philippe_II_Duke_of_Orl_ans	parent	Edward_King_of_Portugal
Philippe_II_Duke_of_Orl_ans	parent	Charles_III_Duke_of_Savoy
Frederick_II_Duke_of_Lorraine	parent	Isabel_of_Barcelos
Frederick_II_Duke_of_Lorraine	parent	William_I_Count_of_Burgundy
Henry_II_of_England	parent	Catherine_de_Medici
Henry_II_of_England	parent	Guilla_of_Provence
John_II_Count_of_Holland	parent	Alfonso_XI_of_Castile
John_II_Count_of_Holland	parent	Ferdinand_VII_of_Spain
Frederick_Prince_of_Wales	parent	Charles_Martel
Frederick_Prince_of_Wales	parent	Charles_V_of_France
Maria_Beatrice_d_Este_Duchess_of_Massa	parent	William_I_of_Geneva
Francis_IV_Duke_of_Modena	parent	Otto_IV_Count_of_Burgundy
Rudolph_of_France	parent	Maria_Beatrice_d_Este_Duchess_of_Massa
Rudolph_of_France	parent	Louis_IV_of_France
Ren__II_Duke_of_Lorraine	parent	Philip_III_of_France
Antoine_Duke_of_Lorraine	parent	Ramon_Berenguer_III_Count_of_Barcelona
Antoine_Duke_of_Lorraine	parent	Louis_I_Duke_of_Bourbon
Magnus_I_Duke_of_Brunswic_L_neburg	parent	Alfonso_II_of_Aragon
Henry_the_Fowler	parent	Albert_Azzo_I_Margrave_of_Milan
Gerberga_of_Saxony	parent	Mar_a_Manuela_Kirkpatrick_de_Grevign_e
Gerberga_of_Saxony	parent	Mahaut_Countess_of_Artois
Ren__of_Anjou	parent	Polyxena_of_Hesse_Rotenburg
Ren__of_Anjou	parent	Ealhswith
Mary_of_Guise	parent	Margaret_ferch_Dafydd
Joan_of_Ponthieu_Dame_of_Epernon	parent	Edward_II_of_England
Beatrice_of_England	parent	Jeanne_d_Albret
Arthur_II_Duke_of_Brittany	parent	Ermentrude_de_Roucy
Arthur_II_Duke_of_Brittany	parent	Peter_II_of_Aragon
Isabella_Duchess_of_Lorraine	parent	Maria_Teresa_Cybo_Malaspina_Duchess_of_Massa
Isabella_Duchess_of_Lorraine	parent	Leopold_III_Duke_of_Austria
Louis_XV	parent	Welf_I_Duke_of_Bavaria
Louis_Duke_of_Burgundy	parent	Mary_of_Avesnes
Louis_Duke_of_Burgundy	parent	Baldwin_V_Count_of_Flanders
Louis_II_Duke_of_Bavaria	parent	Ernest_Duke_of_Austria
Louis_II_Duke_of_Bavaria	parent	Beatrice_of_Savoy_Lady_of_Villena
Alice_Holland_Countess_of_Kent	parent	Henry_III_Duke_of_Brabant
Eleanor_of_Lancaster	parent	Maria_Theresa_of_Austria_Este_Queen_of_Sardinia
Eleanor_of_Lancaster	parent	Adelaide_of_Burgundy_Duchess_of_Brabant
Blanche_of_Brittany	parent	Elisabeth_Farnese
Berenguer_Ramon_I_Count_of_Barcelona	parent	Frederick_I_Count_of_Vaud_mont
Margaret_Stewart_Dauphine_of_France	parent	Louis_VI_of_France
Margaret_Stewart_Dauphine_of_France	parent	Blanche_of_Artois
Francis_I_Holy_Roman_Emperor	parent	Empress_Matilda
Francis_I_Holy_Roman_Emperor	parent	Philip_II_of_France
Edward_I_of_England	parent	Bonne_of_Luxembourg
Edward_I_of_England	parent	Margaret_Countess_of_Vertus
Leopold_II_Holy_Roman_Emperor	parent	John_Count_of_Chalon
Leopold_II_Holy_Roman_Emperor	parent	Beatrice_of_Avesnes
Marie_Ad_la_de_of_Savoy	parent	Francis_II_Duke_of_Lorraine
Odo_of_France	parent	Borrell_II_Count_of_Barcelona
Henry_I_Count_of_Champagne	parent	Odo_I_Count_of_Blois
Louis_Philippe_I	parent	Francis_I_Holy_Roman_Emperor
Louis_Philippe_I	parent	Mary_of_Avesnes
Henry_I_of_France	parent	Otto_IV_Count_of_Burgundy
Henry_I_of_France	parent	Robert_I_of_France
Philip_I_of_France	parent	Marie_Countess_of_Harcourt
Philip_I_of_France	parent	Margaret_of_Brieg
Henry_I_of_Navarre	parent	Charlotte_of_Savoy
Beatriz_Pereira_de_Alvim	parent	Margaret_of_Artois
Beatriz_Pereira_de_Alvim	parent	Letizia_Bonaparte
Henrietta_of_England	parent	Maria_Luisa_of_Spain
Henrietta_of_England	parent	George_II_of_Great_Britain
Lorenzo_de_Medici_Duke_of_Urbino	parent	Louis_IX_Landgrave_of_Hesse_Darmstadt
Lorenzo_de_Medici_Duke_of_Urbino	parent	John_of_Bohemia
Blanche_of_Navarre_Queen_of_France	parent	Charles_VI_Holy_Roman_Emperor
Blanche_of_Navarre_Queen_of_France	parent	Margaret_of_Bavaria
Philip_III_of_Navarre	parent	Henry_I_Count_of_Champagne
Reginar_III_Count_of_Hainaut	parent	Maria_Josepha_of_Austria
Reginar_III_Count_of_Hainaut	parent	John_I_Count_of_Hainaut
Sancho_I_of_Portugal	parent	Wenceslaus_II_of_Bohemia
Sancho_I_of_Portugal	parent	Charlotte_Agla__d_Orl_ans
Afonso_I_of_Portugal	parent	Henry_II_of_France
Afonso_I_of_Portugal	parent	Christina_of_Salm
Maria_Josepha_of_Austria	parent	Isabella_of_Aragon_Queen_of_France
Maria_Josepha_of_Austria	parent	Guy_Count_of_Flanders
Ramon_Berenguer_IV_Count_of_Barcelona	parent	Simon_I_Duke_of_Lorraine
Ramon_Berenguer_III_Count_of_Barcelona	parent	Bouchard_IV_of_Avesnes
Afonso_V_of_Portugal	parent	Leopold_II_Holy_Roman_Emperor
Afonso_V_of_Portugal	parent	Louise_Marie_Ad_la_de_de_Bourbon_Duchess_of_Orl_ans
Edward_King_of_Portugal	parent	Otto_II_Duke_of_Bavaria
Francis_II_Holy_Roman_Emperor	parent	Ramon_Berenguer_I_Count_of_Barcelona
Louise_of_Savoy	parent	Peter_I_Duke_of_Bourbon
Philip_II_Duke_of_Savoy	parent	Maria_Josepha_of_Saxony_Dauphine_of_France
Philip_II_Duke_of_Savoy	parent	Agnes_of_France_Duchess_of_Burgundy
John_II_of_France	parent	K_ten
John_II_of_France	parent	John_IV_Duke_of_Brittany
Joan_the_Lame	parent	Frederick_V_Burgrave_of_Nuremberg
Baldwin_IV_Count_of_Hainaut	parent	Margaret_I_Countess_of_Flanders
Louis_Dauphin_of_France_son_of_Louis_XIV	parent	Afonso_III_of_Portugal
Louis_Dauphin_of_France_son_of_Louis_XIV	parent	Canute_Lavard
Louis_XIV	parent	Victor_Amadeus_I_Duke_of_Savoy
Louis_XIV	parent	William_III_of_M_con
Princess_Marie_Isabelle_of_Orl_ans	parent	Alfonso_VII_of_Le_n_and_Castile
Princess_Marie_Isabelle_of_Orl_ans	parent	Richard_Fitzalan_3rd_Earl_of_Arundel
Antoine_Duke_of_Montpensier	parent	Eleanor_of_Aragon_Queen_of_Portugal
Antoine_Duke_of_Montpensier	parent	Baldwin_V_Count_of_Hainaut
John_Stewart_1st_Earl_of_Lennox	parent	Hugh_the_Great
Alan_Stewart_of_Darnley	parent	Augustus_III_of_Poland
Adelaide_of_Tours	parent	Gertrude_of_Saxony
Joan_II_of_Navarre	parent	Antoinette_of_Bourbon
Joan_II_of_Navarre	parent	Anne_of_Cyprus
Charles_IV_of_France	parent	William_VIII_Duke_of_Aquitaine
Charles_IV_of_France	parent	Francis_of_Baux
Magdalene_Sibylle_of_Prussia	parent	Louis_Philippe_II_Duke_of_Orl_ans
Marie_Eleonore_of_Cleves	parent	Louis_X_of_France
Yaroslav_the_Wise	parent	Edward_the_Elder
Yaroslav_the_Wise	parent	Elisabeth_of_Swabia
Yaroslav_the_Wise	parent	John_II_Duke_of_Brittany
Victor_Amadeus_II_of_Sardinia	parent	Louis_IX_of_France
Victor_Amadeus_II_of_Sardinia	parent	Maria_Salviati
Odo_II_Duke_of_Burgundy	parent	Osburh
Hugh_III_Duke_of_Burgundy	parent	Odo_I_Count_of_Orl_ans
Alfonso_II_of_Aragon	parent	Yolanda_Latin_Empress
Charles_Martel	parent	Nicolas_Duke_of_Merc_ur
Charles_Martel	parent	Alexandre_de_Beauharnais
Marie_Countess_of_Ponthieu	parent	John_Count_of_Angoul_me
Marie_Countess_of_Ponthieu	parent	Agnes_of_the_Palatinate
Louis_I_Duke_of_Orl_ans	parent	Louis_Dauphin_of_France_son_of_Louis_XV
Louis_I_Duke_of_Orl_ans	parent	Berthold_I_of_Istria
Charles_V_of_France	parent	Maria_Josepha_of_Austria
William_X_Duke_of_Aquitaine	parent	Yolande_of_Dreux_Duchess_of_Burgundy
William_X_Duke_of_Aquitaine	parent	Cumans
John_VIII_Count_of_Vend_me	parent	Adela_of_Champagne
Eleanor_of_Provence	parent	Frederick_II_Duke_of_Brunswic_L_neburg
Eleanor_of_Provence	parent	Matilda_of_Bavaria_Margravine_of_Meissen
Charles_Emmanuel_II_Duke_of_Savoy	parent	Sophia_of_Hanover
Charles_Emmanuel_II_Duke_of_Savoy	parent	Denis_of_Portugal
Joan_II_Countess_of_Burgundy	parent	Louis_XIV
Joan_II_Countess_of_Burgundy	parent	John_Stewart_1st_Earl_of_Lennox
John_II_of_Aragon	parent	Arnulf_II_Count_of_Flanders
James_III_of_Scotland	parent	Charles_Prince_of_Anhalt_Zerbst
Joan_of_Valois_Countess_of_Hainaut	parent	Henrietta_Maria
Joan_of_Valois_Countess_of_Hainaut	parent	Maria_of_Swabia
Matilda_of_Frisia	parent	Henry_the_Lion
Liudolf_Margrave_of_Frisia	parent	Ferdinand_I_of_the_Two_Sicilies
Clementia_of_Hungary	parent	Louis_X_of_France
Clementia_of_Hungary	parent	Charles_Martel_of_Anjou
Louis_X_of_France	parent	Bolko_I_the_Strict
Louis_X_of_France	parent	Margaret_of_Provence
Charles_the_Simple	parent	Louis_XV
Charles_the_Simple	parent	Edmund_Tudor_1st_Earl_of_Richmond
Countess_Palatine_Dorothea_Sophie_of_Neuburg	parent	Edward_III_of_England
Elisabeth_Farnese	parent	Philip_V_of_Spain
Elisabeth_Farnese	parent	Sancho_Alfonso
Ermentrude_of_Orl_ans	parent	Louis_XII
Ermentrude_of_Orl_ans	parent	Marie_Louise_Duchess_of_Parma
Magnus_II_Duke_of_Brunswic_L_neburg	parent	Philip_I_of_Castile
Magnus_II_Duke_of_Brunswic_L_neburg	parent	Liudolf_Duke_of_Saxony
Alfonso_II_Count_of_Provence	parent	Hedwig_of_Bavaria
Alfonso_II_Count_of_Provence	parent	Fulk_I_Count_of_Anjou
Rudolf_I_of_Germany	parent	Walter_Stewart_6th_High_Steward_of_Scotland
Gertrude_of_Hohenberg	parent	Berengaria_of_Castile
Beatrice_of_Portugal_died_1381	parent	John_II_Count_of_Holland
Beatrice_of_Portugal_died_1381	parent	Louis_XV
Victor_Amadeus_I_Duke_of_Savoy	parent	Louis_VII_of_France
Mary_of_Burgundy_Duchess_of_Cleves	parent	Sophia_of_Minsk
Mary_of_Burgundy_Duchess_of_Cleves	parent	Giovanni_di_Bicci_de_Medici
Nicholas_Francis_Duke_of_Lorraine	parent	Anne_of_Austria
Nicholas_Francis_Duke_of_Lorraine	parent	Alfonso_VIII_of_Castile
Dirk_III_Count_of_Holland	parent	Louis_the_Stammerer
Dirk_III_Count_of_Holland	parent	Lambert_II_Count_of_Louvain
Otto_I_Duke_of_Saxony	parent	Joan_of_Geneva
Alfonso_X_of_Castile	parent	Arnulf_I_Count_of_Flanders
Louis_Duke_of_Orl_ans_1703_1752	parent	Humphrey_de_Bohun_7th_Earl_of_Hereford
Louis_Duke_of_Orl_ans_1703_1752	parent	Hemma
Landgravine_Elisabeth_Amalie_of_Hesse_Darmstadt	parent	Kingdom_of_Navarre
James_II_of_Scotland	parent	Francesco_I_Sforza
Frederick_III_Holy_Roman_Emperor	parent	John_Constable_of_Portugal
Maria_Anna_of_Bavaria_born_1551	parent	Gisela_of_Friuli
Maria_Luisa_of_Spain	parent	Louis_Philippe_I
Maria_Luisa_of_Spain	parent	Margaret_of_Flanders_Duchess_of_Brabant
Charles_III_of_Spain	parent	Otto_II_Count_of_Habsburg
Maria_Theresa_of_Spain	parent	Henry_II_of_Castile
Henry_the_Lion	parent	Maria_Antonia_Ferdinanda_of_Spain
Otto_IV_Count_of_Burgundy	parent	Alan_Stewart_of_Darnley
Otto_IV_Count_of_Burgundy	parent	Princess_Augusta_of_Saxe_Gotha
Beatriz_of_Portugal_Duchess_of_Viseu	parent	Mar_a_Isabella_of_Spain
Beatriz_of_Portugal_Duchess_of_Viseu	parent	Gaston_de_Foix_Count_of_Candale
Ferdinand_II_of_Aragon	parent	Frederick_I_Duke_of_Lorraine
Ferdinand_II_of_Aragon	parent	Elizabeth_Woodville
Willa_of_Burgundy	parent	Giovanni_delle_Bande_Nere
Hugh_of_Italy	parent	Eleanor_of_Lancaster
Hugh_of_Italy	parent	Margaret_II_Countess_of_Flanders
Rudolph_II_of_Burgundy	parent	Antoine_Count_of_Vaud_mont
Henry_II_of_France	parent	Catherine_of_Vend_me
Mahaut_of_Ch_tillon	parent	William_I_Count_of_Burgundy
Eug_nie_de_Montijo	parent	Ramon_Borrell_Count_of_Barcelona
Eug_nie_de_Montijo	parent	Edward_the_Exile
Eug_nie_de_Montijo	parent	Robert_II_Count_of_Hesbaye
Napoleon_III	parent	Ida_Countess_of_Hainaut
Napoleon_III	parent	John_II_Duke_of_Brittany
Clemence_of_Austria	parent	Eleanor_of_Aquitaine
Clemence_of_Austria	parent	John_II_Duke_of_Brittany
Peter_I_Duke_of_Bourbon	parent	Verdun
Peter_I_Duke_of_Bourbon	parent	Joan_I_of_Navarre
Charles_VI_of_France	parent	Ferdinand_I_Holy_Roman_Emperor
Charles_VI_of_France	parent	Ingeborg_of_Kiev
Duke_Charles_Louis_Frederick_of_Mecklenburg	parent	Beatrice_of_Castile_1242_1303
Joan_I_Countess_of_Auvergne	parent	Anne_of_Cyprus
Henry_V_of_England	parent	Marie_Eleonore_of_Cleves
Henry_V_of_England	parent	Rudolf_I_of_Germany
Joan_of__vreux	parent	Louis_IV_Holy_Roman_Emperor
Louis_Count_of__vreux	parent	Henry_IV_of_France
Otto_I_Duke_of_Brunswic_L_neburg	parent	Philip_I_of_Castile
Otto_I_Duke_of_Brunswic_L_neburg	parent	Ogive_of_Luxembourg
A_nor_de_Ch_tellerault	parent	Ermengarde_of_Anjou_Duchess_of_Burgundy
A_nor_de_Ch_tellerault	parent	Beatrice_of_Burgundy_Lady_of_Bourbon
Claude_of_France	parent	Hugh_IV_Duke_of_Burgundy
Louis_I_Duke_of_Bourbon	parent	Anne_of_Austria
Louis_I_Duke_of_Bourbon	parent	Alice_of_Vergy
Marie_Antoinette	parent	James_III_of_Scotland
Marie_Antoinette	parent	Adelaide_of_Maurienne
Charles_X	parent	Emma_of_Italy
Charles_X	parent	Ermengarde_of_Auvergne
Charles_III_Duke_of_Savoy	parent	Louis_Duke_of_Savoy
Margaret_of_Bourbon_1438_1483	parent	Humbert_II_Count_of_Savoy
Margaret_of_Bourbon_1438_1483	parent	Alix_Duchess_of_Brittany
Maria_Theresa_of_Austria_Este_Queen_of_Sardinia	parent	Henry_VII_of_England
Maria_Theresa_of_Austria_Este_Queen_of_Sardinia	parent	Blanche_of_Lancaster
Vladimir_the_Great	parent	_thelwulf_King_of_Wessex
Vladimir_the_Great	parent	Margaret_of_Bavaria
Sviatoslav_I	parent	Ingelger
John_of_Montfort	parent	Isabella_of_Portugal
Fulk_King_of_Jerusalem	parent	Alexander_Stewart_4th_High_Steward_of_Scotland
Geoffrey_Plantagenet_Count_of_Anjou	parent	Anne_of_Bohemia_and_Hungary
Geoffrey_Plantagenet_Count_of_Anjou	parent	Isabella_of_Portugal
Francis_Duke_of_Anjou	parent	Philip_V_of_Spain
Francis_Duke_of_Anjou	parent	Charles_I_of_England
Catherine_de_Medici	parent	Eleanor_of_Portugal_Holy_Roman_Empress
Henry_III_of_France	parent	Agnes_of_France_Duchess_of_Burgundy
Edward_III_of_England	parent	Louis_XIV
Edward_III_of_England	parent	Henry_II_Count_of_Louvain
Louis_Count_of_Vend_me	parent	Robert_II_of_France
Louis_Count_of_Vend_me	parent	Anne_of_Kiev
Emma_of_Italy	parent	Robert_the_Strong
Emma_of_Italy	parent	Ernest_Augustus_Elector_of_Hanover
Marie_Jos_phine_of_Savoy	parent	Wilhelmine_Amalie_of_Brunswick
Marie_Jos_phine_of_Savoy	parent	Elias_I_Count_of_Maine
Victor_Amadeus_III_of_Sardinia	parent	Giovanni_il_Popolano
Victor_Amadeus_III_of_Sardinia	parent	Frederick_III_Duke_of_Lorraine
Louis_XII	parent	Berenguer_Ramon_I_Count_of_Barcelona
Louis_XII	parent	Amaury_I_de_Montfort
Philip_I_of_Castile	parent	Theobald_I_Count_of_Blois
Philip_I_of_Castile	parent	Margaret_of_Bourbon_Queen_of_Navarre
Ramon_Borrell_Count_of_Barcelona	parent	Joanna_of_Austria_Grand_Duchess_of_Tuscany
Frederick_II_Count_of_Vaud_mont	parent	Ren_e_of_Bourbon
Frederick_II_Count_of_Vaud_mont	parent	Louis_I_Duke_of_Bavaria
Eleanor_of_Castile	parent	Alfonso_II_of_Aragon
Alfonso_IX_of_Le_n	parent	Rudolph_I_of_Burgundy
Alfonso_IX_of_Le_n	parent	Philippa_of_Guelders
James_I_of_Scotland	parent	Antoine_Duke_of_Lorraine
James_I_of_Scotland	parent	Hildegarde_of_Burgundy
Charles_VIII_of_France	parent	Henry_I_Duke_of_Brabant
Louis_XI	parent	Ferdinand_I_Holy_Roman_Emperor
Louis_XI	parent	Baldwin_III_Count_of_Hainaut
Henry_IV_of_England	parent	Theodoric_II_Duke_of_Lorraine
Henry_IV_of_England	parent	Bernard_I_Duke_of_Brunswic_L_neburg
Mary_de_Bohun	parent	_lisabeth_Charlotte_d_Orl_ans
Mary_de_Bohun	parent	Charles_II_Archduke_of_Austria
Stephen_Count_of_Blois	parent	James_I_of_Scotland
Cosimo_I_de_Medici_Grand_Duke_of_Tuscany	parent	Mary_of_Burgundy
Cosimo_I_de_Medici_Grand_Duke_of_Tuscany	parent	William_of_Winchester_Lord_of_Lunenburg
Peter_I_of_Portugal	parent	Robert_Count_of_Clermont
Peter_I_of_Portugal	parent	Philip_II_of_Spain
Raymond_of_Burgundy	parent	Marie_of_Cleves_Duchess_of_Orl_ans
Jacquetta_of_Luxembourg	parent	Baldwin_II_Margrave_of_Flanders
Jacquetta_of_Luxembourg	parent	Taddea_Visconti
George_I_of_Great_Britain	parent	Countess_Caroline_of_Nassau_Saarbr_cken
George_I_of_Great_Britain	parent	Anna_Porphyrogenita
Ernest_Augustus_Elector_of_Hanover	parent	Peter_I_Duke_of_Brittany
Margaret_of_Anjou	parent	Constant_d_Aubign_
Margaret_of_Anjou	parent	Sunyer_Count_of_Barcelona
Charlotte_of_Bourbon_Queen_of_Cyprus	parent	Isabella_Duchess_of_Lorraine
Charlotte_of_Bourbon_Queen_of_Cyprus	parent	Princess_Magdalena_Augusta_of_Anhalt_Zerbst
John_I_Count_of_La_Marche	parent	Sancha_of_Castile_Queen_of_Aragon
Princess_Elisabeth_Albertine_of_Saxe_Hildburghausen	parent	Leopold_Duke_of_Lorraine
Anne_of_Bohemia_and_Hungary	parent	Jeanne_de_Bourbon_Duchess_of_Bourbon
Louis_IV_of_France	parent	Stephen_II_Duke_of_Bavaria
Louis_IV_of_France	parent	Maredudd_ap_Tudur
William_III_of_M_con	parent	Otto_IV_Count_of_Scheyern
Louis_V_of_France	parent	Theobald_III_Count_of_Champagne
Marie_of_Luxembourg_Queen_of_France	parent	Albert_III_Count_of_Habsburg
Henry_VII_Holy_Roman_Emperor	parent	Claudine_de_Brosse
Saint_Margaret_of_Scotland	parent	Maria_Amalia_of_Naples_and_Sicily
Arnulf_I_Count_of_Flanders	parent	Margaret_of_Valois_Angoul_me
Arnulf_I_Count_of_Flanders	parent	Louis_VII_of_France
Louis_XIII	parent	Alfonso_VII_of_Le_n_and_Castile
Louis_XIII	parent	Louis_Bonaparte
Marie_de_Medici	parent	Claude_Fran_oise_de_Lorraine
Charles_the_Bald	parent	Albert_II_of_Germany
Charles_the_Bald	parent	Odoardo_Farnese_Hereditary_Prince_of_Parma
Rudolph_Duke_of_Lorraine	parent	Thomas_Holland_2nd_Earl_of_Kent
Rudolph_Duke_of_Lorraine	parent	Sophia_of_Holstei_Gottorp
John_I_of_Portugal	parent	Francis_I_Holy_Roman_Emperor
John_I_of_Portugal	parent	Charibert_of_Laon
Eckhard_I_Count_of_Scheyern	parent	Peter_I_Count_of_Saint_Pol
Piero_di_Cosimo_de_Medici	parent	Agnes_of_Burgundy_Duchess_of_Bourbon
Piero_di_Cosimo_de_Medici	parent	Frederick_II_Duke_of_Saxe_Gotha_Altenburg
Odo_IV_Duke_of_Burgundy	parent	Judith_of_Flanders
Joan_III_Countess_of_Burgundy	parent	Mary_of_Hungary_Queen_of_Naples
Isabeau_of_Bavaria	parent	Charles_II_of_Naples
Isabeau_of_Bavaria	parent	Gerberga_of_M_con
Elisabeth_of_France_1602_1644	parent	Adelaide_of_Maurienne
Elisabeth_of_France_1602_1644	parent	Catherine_of_Foix_Countess_of_Candale
William_I_Count_of_Hainaut	parent	Lucia_da_Torsano
William_I_Count_of_Hainaut	parent	Christine_of_France
Yolanda_of_Courtenay	parent	Baldwin_II_Count_of_Hainaut
Yolanda_of_Courtenay	parent	Rixa_of_Werle
Baldwin_II_Count_of_Hainaut	parent	Joan_Beaufort_Queen_of_Scots
Baldwin_II_Count_of_Hainaut	parent	Christine_of_Saxony
Constance_of_Arles	parent	Fran_oise_Ath_na_s_de_Rochechouart_Marquise_de_Montespan
Constance_of_Arles	parent	Catherine_of_Valois
Adelaide_of_Auxerre_born_c._870	parent	Joseph_I_Holy_Roman_Emperor
James_I_of_Aragon	parent	John_Fitzgeoffrey
Fran_oise_d_Aubign__Marquise_de_Maintenon	parent	James_V_of_Scotland
Maria_Amalia_of_Naples_and_Sicily	parent	Amicie_de_Courtenay
Maria_Amalia_of_Naples_and_Sicily	parent	Philip_Duke_of_Parma
Maria_Carolina_of_Austria	parent	John_II_of_Aragon
Maria_Carolina_of_Austria	parent	Margaret_of_Bavaria
Marie_of_Brabant_Queen_of_France	parent	Frederick_II_Margrave_of_Meissen
Marie_of_Brabant_Queen_of_France	parent	Janus_of_Cyprus
Matilda_of_Scotland	parent	Maria_Anna_of_Bavaria_born_1551
Charles_Emmanuel_I_Duke_of_Savoy	parent	Ramon_Berenguer_III_Count_of_Barcelona
Charles_Emmanuel_I_Duke_of_Savoy	parent	Gertrude_of_Hohenberg
Maria_Amalia_of_Saxony	parent	John_VI_of_Vend_me
Maria_Amalia_of_Saxony	parent	Ernest_Frederick_I_Duke_of_Saxe_Hildburghausen
Hedwig_of_Saxony	parent	John_VIII_Count_of_Vend_me
Henry_I_Duke_of_Brabant	parent	Margaret_Douglas
Isabella_of_Hainault	parent	Charles_Duke_of_Orl_ans
Isabella_of_Hainault	parent	John_I_of_Aragon
Maria_Theresa_of_Naples_and_Sicily	parent	Charles_I_Duke_of_Bourbon
Archduchess_Maria_Clementina_of_Austria	parent	Arthur_II_Duke_of_Brittany
Charles_VII_of_France	parent	Marie_Jeanne_Baptiste_of_Savoy_Nemours
Charles_IX_of_France	parent	Theresa_Countess_of_Portugal
Charles_IX_of_France	parent	Ernest_I_Duke_of_Brunswic_L_neburg
Margaret_of_Brabant	parent	Marie_Countess_of_Ponthieu
Margaret_of_Brabant	parent	Leonor_de_Alvim
Philip_IV_of_France	parent	Margaret_I_Countess_of_Flanders
Philip_IV_of_France	parent	Mary_of_Burgundy_Duchess_of_Savoy
Philip_III_of_France	parent	William_IV_Count_of_Ponthieu
Philip_III_of_France	parent	Constance_of_Castile
Baldwin_II_Margrave_of_Flanders	parent	Piccarda_Bueri
Margaret_of_Bavaria	parent	Princess_Elisabeth_Albertine_of_Saxe_Hildburghausen
Louis_IX_of_France	parent	Brun_I_Count_of_Brunswick
Violant_of_Hungary	parent	Anabella_Drummond
Ferdinand_II_of_Le_n	parent	Maud_FitzJohn_Countess_of_Warwick
Alfonso_VII_of_Le_n_and_Castile	parent	Marie_Antoinette
Alfonso_VII_of_Le_n_and_Castile	parent	Sunifred_Count_of_Barcelona
Reginald_I_Count_of_Burgundy	parent	Catherine_de_Medici
Reginald_I_Count_of_Burgundy	parent	Alpaida
Ferdinand_I_of_Aragon	parent	Richard_Woodville_1st_Earl_Rivers
Robert_I_Duke_of_Burgundy	parent	Agnes_of_Loon
Robert_I_Duke_of_Burgundy	parent	Joanna_of_Bourbon
Frederick_I_Duke_of_Lorraine	parent	Beatrice_of_Savoy
Robert_III_of_Scotland	parent	Peter_II_of_Courtenay
Louis_the_Stammerer	parent	Marjorie_Bruce
Louis_the_Stammerer	parent	Louise__lisabeth_of_France
Rudolph_I_of_Burgundy	parent	Eleanor_of_Castile
Rudolph_I_of_Burgundy	parent	Emmanuel_Philibert_Duke_of_Savoy
Philippe_I_Duke_of_Orl_ans	parent	Lucrezia_Tornabuoni
Sophia_of_Minsk	parent	Charles_III_of_Spain
Ferdinand_III_of_Castile	parent	Francis_I_Holy_Roman_Emperor
Maria_of_Aragon_Queen_of_Portugal	parent	Rudolph_Duke_of_Lorraine
Adolphus_Frederick_I_Duke_of_Mecklenburg_Schwerin	parent	Gerberga_of_Saxony
Adolphus_Frederick_I_Duke_of_Mecklenburg_Schwerin	parent	Philip_IV_of_France
Fran_oise_Ath_na_s_de_Rochechouart_Marquise_de_Montespan	parent	Margaret_of_Denmark_Queen_of_Scotland
Henry_III_Duke_of_Brabant	parent	Louis_the_Pious
Henry_III_Duke_of_Brabant	parent	Maria_Anna_Victoria_of_Bavaria
Elizabeth_of_York	parent	Teresa_Louren_o
Adelaide_of_Maurienne	parent	Elisabeth_of_Meissen
Adelaide_of_Maurienne	parent	Giovanni_di_Bicci_de_Medici
Madeleine_de_La_Tour_d_Auvergne	parent	Joan_I_of_Navarre
Emmanuel_Philibert_Duke_of_Savoy	parent	Philippa_of_Lancaster
Emmanuel_Philibert_Duke_of_Savoy	parent	Anna_of_Nassau_Dillenburg
Owen_Tudor	parent	Rudolf_I_of_Germany
Owen_Tudor	parent	Matilda_of_B_thune
Philip_V_of_Spain	parent	Charlemagne
Philip_V_of_Spain	parent	Henry_3rd_Earl_of_Lancaster
Charlotte_of_Mecklenburg_Strelitz	parent	Philippe_II_Duke_of_Orl_ans
Charlotte_of_Mecklenburg_Strelitz	parent	Elizabeth_Charlotte_Madame_Palatine
Blanche_of_Castile	parent	Adelaide_Countess_of_Burgundy
Maximilian_I_Holy_Roman_Emperor	parent	Dirk_II_Count_of_Holland
Maximilian_I_Holy_Roman_Emperor	parent	Piero_the_Unfortunate
Eleanor_of_Viseu	parent	Philip_III_of_Navarre
Eleanor_of_Viseu	parent	Louis_IX_of_France
John_II_of_Portugal	parent	Igor_of_Kiev
John_II_of_Portugal	parent	Matilda_of_Saxony_countess_of_Flanders
Theobald_III_Count_of_Champagne	parent	Isabella_of_Hainault
Theobald_III_Count_of_Champagne	parent	Kunigunde_of_Altdorf
Antoinette_of_Bourbon	parent	Duchess_Helene_of_Mecklenburg_Schwerin
John_Count_of_Angoul_me	parent	Isabella_I_of_Castile
Louis_XVIII	parent	Ferdinand_I_Holy_Roman_Emperor
Maria_Josepha_of_Saxony_Dauphine_of_France	parent	Catherine_de_Medici
Joan_Beaufort_Queen_of_Scots	parent	Charles_I_Duke_of_Bourbon
Joan_Beaufort_Queen_of_Scots	parent	William_I_Count_of_Burgundy
Henrietta_Maria	parent	William_X_Duke_of_Aquitaine
Henrietta_Maria	parent	Maria_Josepha_of_Saxony_Dauphine_of_France
Hugh_the_Great	parent	George_Duke_of_Saxony
Louis_the_German	parent	Charles_Count_of_Valois
Louis_the_German	parent	Reginar_II_Count_of_Hainaut
Charles_the_Fat	parent	Helie_of_Semur
Charles_the_Fat	parent	Margaret_of_Provence
Hugh_Capet	parent	Valdemar_I_of_Denmark
Theodoric_II_Duke_of_Lorraine	parent	Bertha_of_Burgundy
Carloman_II	parent	Elisabeth_of_Carinthia_Queen_of_the_Romans
Ferdinand_I_Holy_Roman_Emperor	parent	Reginar_III_Count_of_Hainaut
Ferdinand_I_Holy_Roman_Emperor	parent	Maria_Theresa
Louis_Dauphin_of_France_son_of_Louis_XV	parent	Liudolf_Margrave_of_Frisia
Theobald_I_of_Navarre	parent	Douce_I_Countess_of_Provence
Marie_Caroline_of_Bourbo_Two_Sicilies_Duchess_of_Berry	parent	Isabella_de_Beauchamp
Agnes_of_Burgundy_Duchess_of_Bourbon	parent	Louis_XVI
Francesco_I_Sforza	parent	Juana_Manuel
Francesco_I_Sforza	parent	Joanna_of_Flanders
Archduchess_Anna_of_Austria	parent	Marie_of_Blois_Duchess_of_Anjou
Archduchess_Anna_of_Austria	parent	Margaret_of_Savoy_Countess_of_Saint_Pol
Charlotte_of_Savoy	parent	Henry_IV_of_France
Charlotte_of_Savoy	parent	Welf_father_of_Judith
Eleanor_of_Aquitaine	parent	Joanna_of_Bourbon
Benedicta_Henrietta_of_the_Palatinate	parent	Muzio_Attendolo_Sforza
Benedicta_Henrietta_of_the_Palatinate	parent	Oberto_II_Margrave_of_Milan
Mary_Queen_of_Scots	parent	Joan_the_Lame
Hildegard_of_the_Vinzgau	parent	Adelaide_of_Italy
_lffl_d_wife_of_Edward_the_Elder	parent	Henry_II_of_France
Humbert_II_Count_of_Savoy	parent	Philip_I_Landgrave_of_Hesse
Humbert_II_Count_of_Savoy	parent	Yaroslav_the_Wise
Pepin_the_Short	parent	Poppa_of_Bayeux
Pepin_the_Short	parent	Amadeus_VIII_Duke_of_Savoy
Berengar_II_of_Italy	parent	Henry_II_of_France
Berengar_II_of_Italy	parent	Maria_Theresa
Rozala_of_Italy	parent	Ecgberht_King_of_Wessex
Rozala_of_Italy	parent	Odo_III_Duke_of_Burgundy
Matilda_of_Saxony_countess_of_Flanders	parent	Marie_de_Ch_tillon_1323_1363
Baldwin_III_Count_of_Flanders	parent	Richende_De_Bourges
Baldwin_III_Count_of_Flanders	parent	Schwerin
Alfred_the_Great	parent	Beatrice_of_Silesia
Alfred_the_Great	parent	Joanna_of_Castile
William_the_Younger_Duke_of_Brunswic_L_neburg	parent	Henry_III_of_England
Baldwin_VI_Count_of_Flanders	parent	Hortense_de_Beauharnais
Baldwin_VI_Count_of_Flanders	parent	Fran_oise_Marie_de_Bourbon
Godfrey_I_Count_of_Louvain	parent	Matthew_Stewart_2nd_Earl_of_Lennox
Godfrey_I_Count_of_Louvain	parent	Alfonsina_Orsini
Isabella_of_France	parent	Francis_Count_of_Vend_me
Isabella_of_France	parent	Archduchess_Maria_Clementina_of_Austria
Joan_I_of_Navarre	parent	Henry_the_Middle_Duke_of_Brunswic_L_neburg
Joan_I_of_Navarre	parent	Adalbert_of_Italy
Sancho_III_of_Castile	parent	Anne_of_Bohemia_and_Hungary
Sancho_III_of_Castile	parent	Robert_I_Duke_of_Burgundy
Berengaria_of_Barcelona	parent	Christina_of_Denmark
Berengaria_of_Barcelona	parent	Eleanor_of_Alburquerque
Alys_of_France_Countess_of_Vexin	parent	Adele_of_Vermandois
Alys_of_France_Countess_of_Vexin	parent	Odo_I_Duke_of_Burgundy
Catherine_of_Vend_me	parent	Beatrice_of_Castile_1293_1359
Catherine_of_Vend_me	parent	Anne_of_Cyprus
James_Stewart_5th_High_Steward_of_Scotland	parent	Aimery_I_Viscount_of_Ch_tellerault
Charles_Duke_of_Vend_me	parent	Contessina_de_Bardi
Charles_Duke_of_Vend_me	parent	Louis_Dauphin_of_France_son_of_Louis_XV
Rudolf_II_Count_of_Habsburg	parent	Isabella_of_France
Margaret_of_Foix	parent	Fulk_King_of_Jerusalem
Margaret_of_Foix	parent	Albert_IV_Count_of_Habsburg
Prince_Philippe_Count_of_Paris	parent	Agnes_of_Burgundy_Duchess_of_Aquitaine
George_Gordon_4th_Earl_of_Huntly	parent	Sophia_of_Brandenburg
George_Gordon_4th_Earl_of_Huntly	parent	Maria_Carolina_of_Austria
Robert_II_of_France	parent	Casimir_IV_Jagiellon
Adelaide_of_Burgundy_Duchess_of_Brabant	parent	Maria_of_Aragon_Queen_of_Portugal
Adelaide_of_Burgundy_Duchess_of_Brabant	parent	Louis_II_of_Anjou
Hugh_IV_Duke_of_Burgundy	parent	John_Constable_of_Portugal
Hugh_IV_Duke_of_Burgundy	parent	Ramon_Berenguer_IV_Count_of_Provence
Elizabeth_of_Luxembourg	parent	Otto_V_Duke_of_Brunswic_L_neburg
George_Duke_of_Brunswic_Calenberg	parent	Louis_the_Stammerer
George_Duke_of_Brunswic_Calenberg	parent	Helena_of_Denmark
Simon_I_Duke_of_Lorraine	parent	Louis_XIII
Maximilian_II_Holy_Roman_Emperor	parent	Rupert_King_of_the_Romans
Maximilian_II_Holy_Roman_Emperor	parent	Maria_Christina_of_the_Two_Sicilies
Baldwin_V_Count_of_Flanders	parent	Charles_Emmanuel_III_of_Sardinia
James_Hepburn_4th_Earl_of_Bothwell	parent	Mary_de_Bohun
Anna_of_Holstei_Gottorp	parent	Henry_the_Fowler
Anna_of_Holstei_Gottorp	parent	Peter_I_of_Portugal
Anne_Gonzaga	parent	Bertha_daughter_of_Lothair_II
Otto_II_Duke_of_Bavaria	parent	Dulce_of_Aragon
Maud_FitzJohn_Countess_of_Warwick	parent	Henry_II_Duke_of_Brabant
Anna_Maria_of_Mecklenburg_Schwerin	parent	Gertrude_of_Hohenberg
Anna_Maria_of_Mecklenburg_Schwerin	parent	William_Duke_of_J_lich_Cleves_Berg
Ramon_Berenguer_IV_Count_of_Provence	parent	Simon_I_de_Montfort
Ramon_Berenguer_IV_Count_of_Provence	parent	John_I_Duke_of_Lorraine
Stephen_II_Duke_of_Bavaria	parent	John_I_Count_of_La_Marche
Stephen_II_Duke_of_Bavaria	parent	William_III_Duke_of_Aquitaine
Agnes_of_France_Duchess_of_Burgundy	parent	Benedicta_Henrietta_of_the_Palatinate
Agnes_of_France_Duchess_of_Burgundy	parent	Eleanor_of_Navarre
Stephen_I_Count_of_Burgundy	parent	Maria_Theresa_of_Spain
Louis_XVI	parent	John_the_Fearless
Marie_Th_r_se_of_France	parent	Vladimir_the_Great
Marie_Th_r_se_of_France	parent	Adalard_of_Paris
Henry_VI_of_England	parent	Edward_King_of_Portugal
Henry_VI_of_England	parent	Stephen_I_Count_of_Burgundy
William_VIII_Duke_of_Aquitaine	parent	John_Stewart_of_Darnley
William_VIII_Duke_of_Aquitaine	parent	Christian_III_Count_Palatine_of_Zweibr_cken
Richard_Count_of__tampes	parent	Frederick_IV_Duke_of_Lorraine
Richard_Count_of__tampes	parent	Otto_I_Count_of_Scheyern
John_VII_Duke_of_Mecklenburg_Schwerin	parent	Albert_I_of_Germany
John_VII_Duke_of_Mecklenburg_Schwerin	parent	Rudolph_II_of_Burgundy
John_Count_of_Chalon	parent	Afonso_I_of_Portugal
John_Count_of_Chalon	parent	Matilda_of_Habsburg
Robert_III_of_Worms	parent	Francis_I_Holy_Roman_Emperor
Margaret_of_Valois_Angoul_me	parent	Joan_Beaufort_Queen_of_Scots
Margaret_of_Valois_Angoul_me	parent	Sibylla_of_Burgundy_Duchess_of_Burgundy
Charles_Count_of_Angoul_me	parent	Frederick_III_Holy_Roman_Emperor
William_IX_Duke_of_Aquitaine	parent	Margaret_of_Brabant
William_IX_Duke_of_Aquitaine	parent	Anna_Maria_of_Ostfriesland
Countess_Sophia_Albertine_of_Erbach_Erbach	parent	Philippe_II_Duke_of_Orl_ans
Pepin_of_Herstal	parent	Beatrice_of_Portugal_died_1381
Pepin_of_Herstal	parent	Joan_Fitzalan_Countess_of_Hereford
Francesco_I_de_Medici_Grand_Duke_of_Tuscany	parent	Gertrude_of_Hohenberg
Joan_Countess_of_Ponthieu	parent	Alys_of_France_Countess_of_Vexin
William_V_Duke_of_Aquitaine	parent	Beatrice_of_Brandenburg
John_Stewart_3rd_Earl_of_Lennox	parent	Urraca_of_Portugal
Sophia_Eleonore_of_Saxony	parent	Maria_Theresa_of_Savoy
Sophia_Eleonore_of_Saxony	parent	Viridis_Visconti
John_I_Count_of_Hainaut	parent	Otto_I_Duke_of_Brunswic_L_neburg
John_I_Count_of_Hainaut	parent	Hugh_of_Tours
Louis_IV_Holy_Roman_Emperor	parent	Clementia_of_Hungary
Louis_IV_Holy_Roman_Emperor	parent	Beatrice_of_Silesia
Louis_III_of_France	parent	Piero_di_Cosimo_de_Medici
Louis_III_of_France	parent	Philip_VI_of_France
Albert_II_Duke_of_Brunswic_L_neburg	parent	Richilde_Countess_of_Hainaut
Albert_I_Duke_of_Brunswic_L_neburg	parent	Anne_Marie_d_Orl_ans
James_of_Avesnes	parent	Amadeus_II_Count_of_Savoy
Nicholas_d_Oisy_Lord_of_Avesnes	parent	Louis_I_of_Anjou
Henry_Count_of_Portugal	parent	Maria_Anna_Victoria_of_Bavaria
James_IV_of_Scotland	parent	Ren__II_Duke_of_Lorraine
James_IV_of_Scotland	parent	Marie_of_Brittany_Countess_of_Saint_Pol
Philip_VI_of_France	parent	Violant_of_Aragon
Ermengarde_of_Hesbaye	parent	Anna_of_Holstei_Gottorp
Maria_Teresa_Felicitas_d_Este	parent	Baldwin_VI_Count_of_Flanders
Maria_Teresa_Felicitas_d_Este	parent	Reginar_Longneck
Louise_Marie_Ad_la_de_de_Bourbon_Duchess_of_Orl_ans	parent	Robert_II_of_France
Anna_Maria_of_Ostfriesland	parent	Louis_the_Pious
Anna_Maria_of_Ostfriesland	parent	William_XII_Count_of_Auvergne
John_the_Fearless	parent	Constance_of_Arles
Eleanor_of_Aragon_Queen_of_Portugal	parent	Gerloc
Afonso_III_of_Portugal	parent	Margaret_of_Brabant
Yolanda_Latin_Empress	parent	Gerold_of_Vinzgau
Nicolas_Duke_of_Merc_ur	parent	Anne_of_Cyprus
Nicolas_Duke_of_Merc_ur	parent	Adela_of_France
Bertrade_of_Montfort	parent	Anne_Marie_d_Orl_ans
Simon_I_de_Montfort	parent	Louis_I_Duke_of_Bourbon
Beatrice_of_Silesia	parent	Cosimo_de_Medici
Beatrice_of_Silesia	parent	John_George_I_Elector_of_Saxony
Matthew_Stewart_2nd_Earl_of_Lennox	parent	Waldrada_of_Worms
Blanche_of_Burgundy	parent	Francis_I_of_France
Blanche_of_Burgundy	parent	Wilfred_the_Hairy
William_IV_Duke_of_Aquitaine	parent	Empress_Jos_phine
William_IV_Duke_of_Aquitaine	parent	John_I_Duke_of_Brabant
Ferdinand_Duke_of_Viseu	parent	Philip_of_Artois
Ferdinand_Duke_of_Viseu	parent	Ramon_Berenguer_II_Count_of_Barcelona
Margaret_of_Artois	parent	Elizabeth_of_Portugal
Margaret_of_Artois	parent	Anna_Sophia_of_Prussia
Taddea_Visconti	parent	Ren__of_Anjou
Taddea_Visconti	parent	Ranulf_II_of_Aquitaine
Beatrice_Regina_della_Scala	parent	Nicholas_Francis_Duke_of_Lorraine
Otto_William_Count_of_Burgundy	parent	Lothair_II_of_Italy
Otto_William_Count_of_Burgundy	parent	Matilda_of_Brabant_Countess_of_Artois
Antoine_of_Navarre	parent	Henry_I_of_France
Antoine_of_Navarre	parent	Willa_of_Tuscany
Maria_Beatrice_of_Savoy	parent	Conrad_I_of_Burgundy
Maria_Beatrice_of_Savoy	parent	Elisabeth_of_Nuremberg
Henry_IV_of_France	parent	Cosimo_I_de_Medici_Grand_Duke_of_Tuscany
Conrad_I_of_Burgundy	parent	Begga
Baldwin_III_Count_of_Hainaut	parent	Henry_II_of_Navarre
Baldwin_III_Count_of_Hainaut	parent	Charles_II_Duke_of_Lorraine
Ferdinand_Karl_Archduke_of_Austria_Este	parent	Henry_the_Fowler
Ferdinand_Karl_Archduke_of_Austria_Este	parent	Henry_I_Count_of_Berg
Judith_of_Habsburg	parent	Stephen_Count_of_Blois
Margaret_of_Provence	parent	Robert_II_Count_of_Artois
Margaret_of_Provence	parent	Letizia_Bonaparte
Odo_I_Count_of_Blois	parent	Beatrice_of_England
Odo_I_Count_of_Blois	parent	Louis_IV_of_France
Bertha_of_Burgundy	parent	Philip_III_of_Spain
Bertha_of_Burgundy	parent	Adelaide_of_Leuven
Eleanor_of_Austria	parent	James_of_Avesnes
Robert_Count_of_Clermont	parent	Louis_Duke_of_Burgundy
Eadgifu_of_Wessex	parent	Albert_V_Duke_of_Bavaria
Eadgifu_of_Wessex	parent	Stephen_III_of_Auxonne
Elisabeth_of_Austria_Queen_of_France	parent	Raymond_of_Burgundy
Francis_I_of_France	parent	Ansegisel
Francis_I_of_France	parent	Hugh_Count_of_Burgundy
Philip_II_of_France	parent	Isabella_of_Angoul_me
Philip_II_of_France	parent	John_Gordon_Lord_Gordon
Charlemagne	parent	Margaret_of_the_Palatinate
Louis_the_Pious	parent	Elizabeth_of_Bohemia_1292_1330
Ernest_Duke_of_Austria	parent	Fulk_King_of_Jerusalem
Ernest_Duke_of_Austria	parent	Patrick_de_Chaworth_Lord_of_Kidwelly
Robert_II_Count_of_Dreux	parent	Charles_V_of_France
Robert_II_Count_of_Dreux	parent	Elisabeth_of_France_1602_1644
Louis_Philippe_II_Duke_of_Orl_ans	parent	Beatrice_of_Savoy
Louis_Philippe_II_Duke_of_Orl_ans	parent	Richeza_of_Poland_Queen_of_Sweden
Jeanne_d_Albret	parent	Blanche_of_Castile
Jeanne_d_Albret	parent	Ermengarde_Countess_of_Maine
Elizabeth_the_Cuman	parent	Charles_Count_of_Angoul_me
Elizabeth_the_Cuman	parent	Manuel_I_of_Portugal
Catherine_of_Foix_Countess_of_Candale	parent	Isabella_of_Aragon_Queen_of_France
Philip_V_of_France	parent	Magdalene_Sibylle_of_Prussia
Philip_V_of_France	parent	Marie_of_Brabant_Queen_of_France
Salomea_of_Berg	parent	Ealhmund_of_Kent
Marie_of_Brittany_Countess_of_Saint_Pol	parent	Yolande_of_Dreux_Duchess_of_Burgundy
Marie_of_Brittany_Countess_of_Saint_Pol	parent	Fulk_III_Count_of_Anjou
Marie_of_Anjou	parent	Philippa_of_Luxembourg
Marie_of_Anjou	parent	Pepin_the_Short
Yolande_of_Aragon	parent	Maximilian_II_Holy_Roman_Emperor
Joan_Fitzalan_Countess_of_Hereford	parent	Eleanor_of_Aragon_Queen_of_Portugal
John_I_of_Castile	parent	Louis_Count_of_Vend_me
John_I_of_Castile	parent	John_VII_Duke_of_Mecklenburg_Schwerin
Albert_Azzo_II_Margrave_of_Milan	parent	Afonso_IV_of_Portugal
Henry_III_of_England	parent	William_III_Duke_of_Aquitaine
Elizabeth_of_Austria_1436_1505	parent	Godfrey_III_Count_of_Louvain
Elizabeth_of_Austria_1436_1505	parent	Lorenzo_de_Medici
Hortense_de_Beauharnais	parent	Gertrude_of_S_pplingenburg
Hortense_de_Beauharnais	parent	Louis_II_of_Anjou
Anne_of_Kiev	parent	Stephen_III_Duke_of_Bavaria
Anne_of_Kiev	parent	Matilda_of_Ringelheim
Louis_VIII_of_France	parent	William_I_of_Provence
Louis_VIII_of_France	parent	Constance_of_Portugal
John_King_of_England	parent	_lfthryth_Countess_of_Flanders
Otto_I_Duke_of_Bavaria	parent	Sviatoslav_I
Louis_XVII	parent	Boso_II_of_Italy
Charles_Duke_of_Orl_ans	parent	Mary_of_Guelders
Marie_of_Cleves_Duchess_of_Orl_ans	parent	Sophia_Eleonore_of_Saxony
Marie_of_Cleves_Duchess_of_Orl_ans	parent	Emma_of_Blois
Eleanor_of_England_Queen_of_Castile	parent	Ferdinand_I_of_Aragon
Edward_the_Elder	parent	Louis_Dauphin_of_France_son_of_Louis_XIV
Edward_the_Elder	parent	Garsenda_Countess_of_Forcalquier
Maria_Theresa	parent	Francis_IV_Duke_of_Modena
Maria_Theresa	parent	Charles_I_Gonzaga_Duke_of_Mantua
Louis_Bonaparte	parent	Tribal_chief
Louis_Bonaparte	parent	Augustus_Duke_of_Saxe_Weissenfels
Amaury_I_de_Montfort	parent	Rozala_of_Italy
Isabella_of_Portugal	parent	Otto_William_Count_of_Burgundy
Isabella_of_Portugal	parent	Engelbert_Duke_of_Carinthia
Edward_II_of_England	parent	Dorothea_of_Denmark_Duchess_of_Brunswic_L_neburg
Cosimo_de_Medici	parent	Adolf_Duke_of_Holstei_Gottorp
George_III	parent	Ermentrude_of_Orl_ans
George_III	parent	Louis_I_of_Brzeg
Elisabeth_of_Nuremberg	parent	Catalina_Micaela_of_Spain
Elisabeth_of_Nuremberg	parent	Henry_son_of_Robert_I_of_Burgundy
Reginar_II_Count_of_Hainaut	parent	Eleonore_of_Austria_Queen_of_Poland
Galeazzo_Maria_Sforza	parent	Victor_Amadeus_III_of_Sardinia
Galeazzo_Maria_Sforza	parent	Richard_Duke_of_Burgundy
Henry_II_Duke_of_Brabant	parent	Catherine_of_Vend_me
Ramon_Berenguer_I_Count_of_Barcelona	parent	Louis_VI_of_France
Godfrey_III_Count_of_Louvain	parent	Ferdinand_I_of_the_Two_Sicilies
Baldwin_V_Count_of_Hainaut	parent	Yolande_of_Aragon
Gisela_of_Burgundy_Marchioness_of_Montferrat	parent	Yolanda_of_Courtenay
Maria_of_Austria_Duchess_of_J_lich_Cleves_Berg	parent	Louis_Count_of__vreux
Maria_of_Austria_Duchess_of_J_lich_Cleves_Berg	parent	Robert_II_Duke_of_Burgundy
Louis_II_of_Anjou	parent	Mary_of_Burgundy_Duchess_of_Cleves
Louis_II_of_Anjou	parent	Marie_of_Anjou
Christine_of_Saxony	parent	Richard_Count_of__tampes
Hugh_Magnus	parent	Louis_IX_of_France
Princess_Augusta_of_Saxe_Gotha	parent	Malusha
Princess_Augusta_of_Saxe_Gotha	parent	Bonne_of_Luxembourg
Francis_I_Duke_of_Lorraine	parent	Otto_I_Duke_of_Bavaria
Francis_I_Duke_of_Lorraine	parent	Magdalene_of_Brandenburg_1412_1454
Arnulf_II_Count_of_Flanders	parent	Nuno__lvares_Pereira
Arnulf_II_Count_of_Flanders	parent	Marie_of_France_Countess_of_Champagne
Louis_VII_of_France	parent	George_Louis_I_Count_of_Erbach_Erbach
Louis_VII_of_France	parent	Sigismund_Holy_Roman_Emperor
Lambert_I_Count_of_Louvain	parent	Berthold_Duke_of_Merania
Matilda_of_France	parent	Mahaut_Countess_of_Artois
Matilda_of_France	parent	Berthold_II_Count_of_Andechs
Elisabeth_of_Meissen	parent	Albert_Azzo_II_Margrave_of_Milan
Elisabeth_of_Meissen	parent	Arnulf_Count_of_Holland
Odo_II_Count_of_Blois	parent	John_I_Count_of_La_Marche
Odo_II_Count_of_Blois	parent	Carlo_Buonaparte
Louis_VI_of_France	parent	Alfred_the_Great
Bertrada_of_Laon	parent	Elisabeth_Christine_of_Brunswic_Wolfenb_ttel
Philip_the_Good	parent	Charles_Count_of_Valois
Philip_the_Good	parent	Guillaume_de_Montfort_of_Hainaut
Henry_the_Middle_Duke_of_Brunswic_L_neburg	parent	Elizabeth_of_Luxembourg
Henry_the_Middle_Duke_of_Brunswic_L_neburg	parent	Cipriano_de_Palafox_8th_Count_of_Montijo
Henry_IX_Duke_of_Bavaria	parent	Maria_Theresa_of_Naples_and_Sicily
Henry_IX_Duke_of_Bavaria	parent	Marie_of_Luxembourg_Countess_of_Vend_me
Afonso_IV_of_Portugal	parent	Philippe_I_Duke_of_Orl_ans
Afonso_IV_of_Portugal	parent	Philip_the_Bold
John_I_Duke_of_Lorraine	parent	Ansgarde_of_Burgundy
John_I_Duke_of_Lorraine	parent	Eleanor_de_Guzm_n
Poppa_of_Bayeux	parent	Charles_Emmanuel_II_Duke_of_Savoy
Theobald_II_Duke_of_Lorraine	parent	Ferdinand_II_of_Le_n
Theobald_II_Duke_of_Lorraine	parent	Burkhard_V_Count_of_Hohenberg
Agnes_of_Merania	parent	Alfonso_II_Count_of_Provence
Agnes_of_Merania	parent	Louise_Henriette_de_Bourbon
Berthold_Duke_of_Merania	parent	Afonso_V_of_Portugal
John_IV_Duke_of_Brittany	parent	Henry_I_of_Navarre
John_IV_Duke_of_Brittany	parent	Adalbert_I_of_Ivrea
Henry_VII_of_England	parent	Yolande_of_Aragon
Henry_VII_of_England	parent	Eleanor_of_Aragon_Queen_of_Castile
Frederick_II_Duke_of_Brunswic_L_neburg	parent	Blanche_of_Brittany
Welf_I_Duke_of_Bavaria	parent	Counts_and_dukes_of_Aumale
Welf_I_Duke_of_Bavaria	parent	Gaston_IV_Count_of_Foix
Philip_the_Bold	parent	Hugh_II_Duke_of_Burgundy
Napoleon_II	parent	Mahaut_of_Ch_tillon
Napoleon_II	parent	Ingerman_Count_of_Hesbaye
Hugh_Count_of_Burgundy	parent	Marie_de_Medici
William_of_Winchester_Lord_of_Lunenburg	parent	Margaret_of_Joinville
Jeanne_de_Bourbon_Duchess_of_Bourbon	parent	Beatrice_Regina_della_Scala
Jeanne_de_Bourbon_Duchess_of_Bourbon	parent	Margaret_Countess_of_Anjou
Margaret_of_the_Palatinate	parent	Albert_I_Duke_of_Brunswic_L_neburg
Margaret_of_the_Palatinate	parent	Adelaide_of_Paris
Lorenzo_the_Elder	parent	Bertrade_of_Montfort
Lorenzo_the_Elder	parent	Henry_II_Duke_of_Brabant
Margaret_of_Brieg	parent	Averardo_de_Medici
Sibylla_of_Anjou	parent	Adela_of_Normandy
Sibylla_of_Anjou	parent	Hedwig_of_Bavaria
Sophia_of_Saxe_Weissenfels_Princess_of_Anhalt_Zerbst	parent	Ermengarde_of_Hesbaye
Princess_Louise_of_Hesse_Darmstadt_1757_1830	parent	Louis_II_Duke_of_Bavaria
James_V_of_Scotland	parent	Jacquetta_of_Luxembourg
James_V_of_Scotland	parent	Charles_VII_of_France
Mahaut_Countess_of_Artois	parent	Lorenzo_de_Medici_Duke_of_Urbino
Mahaut_Countess_of_Artois	parent	Alfonso_X_of_Castile
Anne_of_Cyprus	parent	Isabel_of_Coimbra
Anne_of_Cyprus	parent	Welf_father_of_Judith
Louis_Duke_of_Savoy	parent	Louise_of_Savoy
Louis_Duke_of_Savoy	parent	Maria_Amalia_of_Naples_and_Sicily
Alfonso_XI_of_Castile	parent	Margaret_Countess_of_Anjou
Margaret_Holland_Duchess_of_Clarence	parent	Juana_Enr_quez
Adolphus_Frederick_II_Duke_of_Mecklenburg_Strelitz	parent	Edward_Count_Palatine_of_Simmern
Bonne_of_Luxembourg	parent	Adelaide_of_Burgundy_born_c._896
Bonne_of_Luxembourg	parent	Estrid_of_the_Obotrites
Anne_of_Foix_Candale	parent	John_of_Montfort
Anne_of_Foix_Candale	parent	John_the_Fearless
Antoine_Count_of_Vaud_mont	parent	Joan_I_of_Navarre
Antoine_Count_of_Vaud_mont	parent	Agnes_of_Rochlitz
Fran_oise_Marie_de_Bourbon	parent	Ferdinand_II_of_Aragon
Fran_oise_Marie_de_Bourbon	parent	Ferdinand_Karl_Archduke_of_Austria_Este
Maria_Luisa_of_Parma	parent	Odo_II_Duke_of_Burgundy
Maria_Luisa_of_Parma	parent	Charles_Count_of_Angoul_me
Maria_Theresa_of_Savoy	parent	Adelaide_Blanche_of_Anjou
Elizabeth_of_Bohemia_1292_1330	parent	Ferdinand_I_Holy_Roman_Emperor
Elizabeth_of_Bohemia_1292_1330	parent	Valentina_Visconti_Duchess_of_Orl_ans
Henry_VI_Count_of_Luxembourg	parent	Elizabeth_Mure
Matilda_of_Bavaria_Margravine_of_Meissen	parent	Louis_XVI
Philip_II_of_Spain	parent	Otto_I_Duke_of_Saxony
Philip_II_of_Spain	parent	Berengar_II_of_Italy
Werner_II_Count_of_Habsburg	parent	Rotrude_of_Hesbaye
Bertha_of_Holland	parent	Beatrice_of_Portugal_Duchess_of_Savoy
Bertha_of_Holland	parent	Isambart
Margaret_of_Burgundy_Queen_of_France	parent	Countess_Palatine_Dorothea_Sophie_of_Neuburg
Valdemar_I_of_Denmark	parent	Waldrada_of_Worms
Valdemar_I_of_Denmark	parent	Theobald_III_Count_of_Blois
Ingegerd_Olofsdotter_of_Sweden	parent	Philip_I_of_Castile
Ingegerd_Olofsdotter_of_Sweden	parent	Rogneda_of_Polotsk
Marie_of_Luxembourg_Countess_of_Vend_me	parent	Philip_IV_of_France
Napoleon	parent	Charles_X
Napoleon	parent	Rudolf_II_Count_of_Habsburg
Arnulf_Count_of_Holland	parent	Conrad_II_Duke_of_Transjurane_Burgundy
Robert_I_Count_of_Dreux	parent	Carlo_Buonaparte
Dirk_I_Count_of_Holland	parent	Karl_August_Grand_Duke_of_Saxe_Weimar_Eisenach
Isabella_de_Beauchamp	parent	Margaret_of_Valois_Duchess_of_Berry
Princess_Magdalena_Augusta_of_Anhalt_Zerbst	parent	Louis_Philippe_I_Duke_of_Orl_ans
Gertrude_of_Saxony	parent	Patrick_Hepburn_3rd_Earl_of_Bothwell
John_I_Duke_of_Brittany	parent	Joan_of_Ponthieu_Dame_of_Epernon
John_I_Duke_of_Brittany	parent	Peter_I_of_Portugal
Lothair_of_France	parent	Isabel_of_Barcelos
Lothair_of_France	parent	Louis_the_German
Marie_of_France_Duchess_of_Bar	parent	Nicholas_d_Oisy_Lord_of_Avesnes
Adelaide_of_Aquitaine	parent	Joan_II_Countess_of_Burgundy
Gerloc	parent	Philip_III_of_France
Albert_II_Duke_of_Austria	parent	Frederick_II_Count_of_Vaud_mont
Albert_II_Duke_of_Austria	parent	Marie_de_Medici
Margaret_Countess_of_Anjou	parent	Henry_II_of_England
Margaret_Countess_of_Anjou	parent	Henry_IV_of_England
Ramon_Berenguer_II_Count_of_Barcelona	parent	Robert_III_of_Scotland
Stephen_II_of_Auxonne	parent	Victor_Amadeus_III_of_Sardinia
Joanna_of_Castile	parent	William_V_Duke_of_Aquitaine
Ernest_I_Duke_of_Brunswic_L_neburg	parent	Alice_of_Normandy
Ernest_I_Duke_of_Brunswic_L_neburg	parent	Charles_V_Holy_Roman_Emperor
Albert_Azzo_I_Margrave_of_Milan	parent	Rurik
John_I_of_France	parent	Louis_Philippe_I
John_I_of_France	parent	Bernab__Visconti
George_II_of_Great_Britain	parent	Matilda_of_Carinthia
Hemma	parent	Robert_I_Count_of_Dreux
Hemma	parent	Bivin_of_Gorze
Judith_of_Bavaria_died_843	parent	Gerberga_of_Saxony
Judith_of_Bavaria_died_843	parent	Gaston_IV_Count_of_Foix
Adelaide_Blanche_of_Anjou	parent	Gisela_of_Burgundy_Marchioness_of_Montferrat
Fulk_II_Count_of_Anjou	parent	Princess_Caroline_Louise_of_Saxe_Weimar_Eisenach
Infanta_Luisa_Fernanda_Duchess_of_Montpensier	parent	Adolphus_Frederick_I_Duke_of_Mecklenburg_Schwerin
Infanta_Luisa_Fernanda_Duchess_of_Montpensier	parent	George_Duke_of_Brunswic_Calenberg
Marie_Louise_Duchess_of_Parma	parent	Henry_V_of_England
Sancho_IV_of_Castile	parent	Louise_of_Savoy
Sancho_IV_of_Castile	parent	Maria_Amalia_of_Saxony
Margaret_of_Baux	parent	Adelaide_of_Holland
Ecgberht_King_of_Wessex	parent	Gerard_Duke_of_Lorraine
Henry_II_Count_of_Louvain	parent	Theobald_of_Arles
Wilfred_the_Hairy	parent	Charles_Duke_of_Vend_me
John_of_Bohemia	parent	Adelaide_of_Auxerre_born_c._870
Baldwin_IV_Count_of_Flanders	parent	Eadgifu_of_Wessex
Baldwin_IV_Count_of_Flanders	parent	Urraca_of_Le_n
Maria_of_Austria_Holy_Roman_Empress	parent	Dangereuse_de_l_Isle_Bouchard
Giovanni_delle_Bande_Nere	parent	Lorenzo_the_Elder
Princess_Caroline_Louise_of_Saxe_Weimar_Eisenach	parent	Henry_III_of_England
Boso_the_Elder	parent	Bianca_Maria_Visconti
Beatrice_of_Savoy	parent	Philippa_of_Hainault
Beatrice_of_Savoy	parent	Infanta_Luisa_Fernanda_Duchess_of_Montpensier
Margaret_of_Geneva	parent	Alfonso_VII_of_Le_n_and_Castile
Charles_III_Duke_of_Lorraine	parent	Lady_Margaret_Beaufort
Richard_Duke_of_Burgundy	parent	Sancho_I_of_Portugal
Louis_I_Duke_of_Bavaria	parent	George_I_of_Great_Britain
Louis_I_Duke_of_Bavaria	parent	Henry_IV_of_France
Theobald_II_Count_of_Champagne	parent	Henry_Count_of_Portugal
Theobald_II_Count_of_Champagne	parent	Berengar_II_of_Neustria
Countess_Caroline_of_Nassau_Saarbr_cken	parent	March_of_Friuli
Isabella_I_of_Castile	parent	Lutgardis_of_Luxemburg
Ermengarde_of_Anjou_Duchess_of_Burgundy	parent	Joan_of_Navarre_Queen_of_England
Ferdinand_IV_of_Castile	parent	James_IV_of_Scotland
Frederick_III_Duke_of_Lorraine	parent	Margaret_Tudor
Charles_V_Holy_Roman_Emperor	parent	Francesco_III_d_Este_Duke_of_Modena
Isabella_of_Portugal_Queen_of_Castile	parent	Olof_Sk_tkonung
Isabella_of_Portugal_Queen_of_Castile	parent	Adolph_I_Duke_of_Cleves
Constance_of_Castile	parent	Sancho_III_of_Castile
Alfonso_VIII_of_Castile	parent	Maria_Beatrice_of_Savoy
Charlotte_Agla__d_Orl_ans	parent	Saint_Margaret_of_Scotland
Hugh_II_Duke_of_Burgundy	parent	Agnes_de_Baudemont_Countess_of_Braine
Hugh_II_Duke_of_Burgundy	parent	Mastino_II_della_Scala
Borrell_II_Count_of_Barcelona	parent	Margaret_of_Saxony_Duchess_of_Brunswic_L_neburg
Blanche_of_Artois	parent	Floris_I_Count_of_Holland
Margaret_of_Savoy_Countess_of_Saint_Pol	parent	Antoine_Duke_of_Lorraine
Charles_V_Duke_of_Lorraine	parent	Hermann_Billung
Charles_V_Duke_of_Lorraine	parent	Robert_of_Courtenay_Lord_of_Champignelles
Barbara_Jagiellon	parent	Charlotte_of_Bourbon_Queen_of_Cyprus
Barbara_Jagiellon	parent	Judith_of_Bavaria_died_843
Frederick_I_Count_of_Vaud_mont	parent	Vladislaus_II_of_Hungary
Peter_II_of_Aragon	parent	Beatriz_of_Portugal_Duchess_of_Viseu
Peter_II_of_Aragon	parent	Elizabeth_of_Austria_1436_1505
Piero_the_Unfortunate	parent	Philip_IV_of_France
Bona_of_Savoy	parent	Francis_I_of_the_Two_Sicilies
Duchess_Helene_of_Mecklenburg_Schwerin	parent	John_II_of_Castile
Ferdinand_Philippe_Duke_of_Orl_ans	parent	Baldwin_IV_Count_of_Hainaut
Ferdinand_Philippe_Duke_of_Orl_ans	parent	Engeltrude_de_F_zensac
Philip_of_France_1116_1131	parent	John_Beaufort_1st_Earl_of_Somerset
Bouchard_IV_of_Avesnes	parent	Luitgarde_of_Vermandois
Floris_I_Count_of_Holland	parent	Duke_Charles_Louis_Frederick_of_Mecklenburg
Matilda_of_Brabant_Countess_of_Artois	parent	William_IX_Duke_of_Aquitaine
Matilda_of_Brabant_Countess_of_Artois	parent	Margaret_Holland_Duchess_of_Clarence
Francis_II_Duke_of_Brittany	parent	_lffl_d_wife_of_Edward_the_Elder
Francis_II_Duke_of_Brittany	parent	Wierzchoslawa_Ludmilla_of_Greater_Poland
Lorenzo_de_Medici	parent	Catherine_de_Medici
Lorenzo_de_Medici	parent	Adolphus_Frederick_I_Duke_of_Mecklenburg_Schwerin
Henry_Stuart_Lord_Darnley	parent	Elisabeth_of_Austria_Duchess_of_Lorraine
Henry_Stuart_Lord_Darnley	parent	Ferdinand_Duke_of_Viseu
Joanna_of_Bourbon	parent	Anne_Gonzaga
Joanna_of_Austria_Grand_Duchess_of_Tuscany	parent	Eleanor_of_Aragon_Queen_of_Portugal
Louis_Philippe_I_Duke_of_Orl_ans	parent	Maud_Chaworth
Maria_Antonia_Ferdinanda_of_Spain	parent	Margaret_of_Bourbon_1438_1483
Maria_Antonia_Ferdinanda_of_Spain	parent	_thelhelm
Christine_of_Hesse	parent	Hugh_IV_Duke_of_Burgundy
Christine_of_Hesse	parent	Marged_ferch_Tomos
John_of_Gaunt	parent	Joan_II_of_Navarre
John_of_Gaunt	parent	Constance_of_Arles
Agnes_of_Rochlitz	parent	Victor_Emmanuel_I_of_Sardinia
Louise_of_Lorraine	parent	Dirk_III_Count_of_Holland
Adelaide_of_Paris	parent	Philippa_Countess_of_Toulouse
Adelaide_of_Paris	parent	Maximilian_I_Holy_Roman_Emperor
Countess_Palatine_Caroline_of_Zweibr_cken	parent	Anne_of_Bohemia_and_Hungary
Countess_Palatine_Caroline_of_Zweibr_cken	parent	Dedi_III_Margrave_of_Lusatia
Matilda_of_Carinthia	parent	William_the_Younger_Duke_of_Brunswic_L_neburg
Mary_Tudor_Queen_of_France	parent	Petronilla_of_Aragon
Henry_son_of_Robert_I_of_Burgundy	parent	Marie_de_Medici
Henry_son_of_Robert_I_of_Burgundy	parent	Fran_oise_d_Alen_on
Ermengarde_Countess_of_Maine	parent	Margaret_Stewart_Lady_Gordon
Fulk_IV_Count_of_Anjou	parent	Agnes_of_Burgundy_Duchess_of_Bourbon
Robert_II_Duke_of_Burgundy	parent	Philip_of_Swabia
Robert_II_Duke_of_Burgundy	parent	Margaret_of_Bar
Amadeus_VIII_Duke_of_Savoy	parent	Maria_Beatrice_d_Este_Duchess_of_Massa
James_I_Count_of_La_Marche	parent	Judith_of_Flanders_died_1095
James_I_Count_of_La_Marche	parent	Napoleon
Eleanor_of_Portugal_Holy_Roman_Empress	parent	Ren_e_of_Bourbon
Charles_Ferdinand_Duke_of_Berry	parent	Ingegerd_Olofsdotter_of_Sweden
Charles_Ferdinand_Duke_of_Berry	parent	Matilda_of_Savoy_Queen_of_Portugal
Theobald_III_Count_of_Blois	parent	Eleanor_of_Provence
Elizabeth_Woodville	parent	Antoine_Duke_of_Montpensier
Elizabeth_Woodville	parent	Maria_of_Swabia
Archduchess_Maria_Theresa_of_Austria_Este_1817_1886	parent	Sancha_of_Castile_Queen_of_Aragon
Archduchess_Maria_Theresa_of_Austria_Este_1817_1886	parent	Gerolf_of_Holland
William_I_Count_of_Burgundy	parent	Theobald_I_of_Navarre
Margaret_of_Flanders_Duchess_of_Brabant	parent	Matthias_II_Duke_of_Lorraine
Margaret_of_Flanders_Duchess_of_Brabant	parent	Baldwin_III_Count_of_Flanders
Denis_of_Portugal	parent	Bonne_of_Luxembourg
Denis_of_Portugal	parent	Marie_of_Luxembourg_Countess_of_Vend_me
Maria_of_Swabia	parent	Geoffrey_Plantagenet_Count_of_Anjou
Maredudd_ap_Tudur	parent	Isabeau_of_Bavaria
Berthold_I_of_Istria	parent	Louis_Jean_Marie_de_Bourbon_Duke_of_Penthi_vre
Peter_of_Courtenay_Lord_of_Conches	parent	Judith_of_Habsburg
Louise__lisabeth_of_France	parent	Caroline_of_Ansbach
Eleanor_of_Alburquerque	parent	Anna_of_Austria_Queen_of_Spain
Eleanor_of_Alburquerque	parent	Bonne_of_Berry
Gerard_Duke_of_Lorraine	parent	Philip_I_of_France
Giovanni_di_Bicci_de_Medici	parent	Louis_Duke_of_Savoy
Albert_IV_Count_of_Habsburg	parent	Joan_Countess_of_Ponthieu
Ebalus_Duke_of_Aquitaine	parent	Louis_the_Stammerer
Estrid_of_the_Obotrites	parent	Matthias_I_Duke_of_Lorraine
Maria_Christina_of_the_Two_Sicilies	parent	Adolphus_Frederick_II_Duke_of_Mecklenburg_Strelitz
Maria_Christina_of_the_Two_Sicilies	parent	Philip_William_Elector_Palatine
Isabella_of_Bourbon	parent	Maria_Theresa
Isabella_of_Bourbon	parent	John_of_Gaunt
Hedwig_of_Bavaria	parent	Louis_Duke_of_Orl_ans_1703_1752
Fulk_I_Count_of_Anjou	parent	Gabriel_de_Rochechouart_de_Mortemart
Margaret_of_Valois	parent	Berengaria_of_Barcelona
Margaret_of_Valois	parent	Isabelle_de_Beauvau
Otto_V_Duke_of_Brunswic_L_neburg	parent	Afonso_II_of_Portugal
Otto_V_Duke_of_Brunswic_L_neburg	parent	John_Frederick_Duke_of_Brunswic_Calenberg
Sunyer_Count_of_Barcelona	parent	Ramon_Berenguer_IV_Count_of_Provence
Werner_I_Count_of_Klettgau	parent	Magnus_I_Duke_of_Brunswic_L_neburg
Maud_Chaworth	parent	Joan_I_of_Navarre
Maud_Chaworth	parent	Fulk_II_Count_of_Anjou
Ingeborg_of_Denmark_Queen_of_France	parent	Robert_II_of_France
Ingeborg_of_Denmark_Queen_of_France	parent	Peter_of_Courtenay_Lord_of_Conches
Alfonso_II_of_Aragon	predecessor	Margaret_Countess_of_Anjou
